timestamp,actual,prediction,season,day
2025-01-31 00:00:00,2419.7136,2478.143,winter,day1
2025-01-31 00:05:00,2421.2076,2471.9766,winter,day1
2025-01-31 00:10:00,2406.2376,2467.368,winter,day1
2025-01-31 00:15:00,2448.138,2462.5295,winter,day1
2025-01-31 00:20:00,2446.1592,2456.901,winter,day1
2025-01-31 00:25:00,2429.3184,2453.2676,winter,day1
2025-01-31 00:30:00,2415.4271999999996,2447.1206,winter,day1
2025-01-31 00:35:00,2436.0756,2443.6592,winter,day1
2025-01-31 00:40:00,2442.5879999999997,2440.0205,winter,day1
2025-01-31 00:45:00,2489.8392,2438.7659,winter,day1
2025-01-31 00:50:00,2574.8892000000005,2439.3777,winter,day1
2025-01-31 00:55:00,2494.1771999999996,2439.3235,winter,day1
2025-01-31 01:00:00,2460.7032,2451.119,winter,day1
2025-01-31 01:05:00,2478.7308000000003,2452.514,winter,day1
2025-01-31 01:10:00,2655.1824,2456.2024,winter,day1
2025-01-31 01:15:00,2623.8792000000003,2459.5417,winter,day1
2025-01-31 01:20:00,2643.6804,2461.9014,winter,day1
2025-01-31 01:25:00,2677.7496,2465.3125,winter,day1
2025-01-31 01:30:00,2612.2164000000002,2465.8323,winter,day1
2025-01-31 01:35:00,2576.718,2468.8818,winter,day1
2025-01-31 01:40:00,2567.16,2470.3293,winter,day1
2025-01-31 01:45:00,2857.2072,2472.1392,winter,day1
2025-01-31 01:50:00,3233.2403999999997,2475.5845,winter,day1
2025-01-31 01:55:00,2634.7596,2478.1958,winter,day1
2025-01-31 02:00:00,3291.1416,2513.7512,winter,day1
2025-01-31 02:05:00,2764.3464,2518.0112,winter,day1
2025-01-31 02:10:00,3136.0596,2523.9243,winter,day1
2025-01-31 02:15:00,3107.1648,2529.912,winter,day1
2025-01-31 02:20:00,2950.0908,2534.311,winter,day1
2025-01-31 02:25:00,3388.2504,2540.3235,winter,day1
2025-01-31 02:30:00,2792.6447999999996,2544.4102,winter,day1
2025-01-31 02:35:00,3416.9544,2550.4153,winter,day1
2025-01-31 02:40:00,3290.1672,2553.9648,winter,day1
2025-01-31 02:45:00,3310.4148,2555.5984,winter,day1
2025-01-31 02:50:00,3021.81,2557.3179,winter,day1
2025-01-31 02:55:00,3089.8908,2558.1003,winter,day1
2025-01-31 03:00:00,3474.132,2631.0151,winter,day1
2025-01-31 03:05:00,3120.5652,2631.3164,winter,day1
2025-01-31 03:10:00,2604.7464,2631.8584,winter,day1
2025-01-31 03:15:00,3252.3288000000002,2635.051,winter,day1
2025-01-31 03:20:00,3162.252,2635.8774,winter,day1
2025-01-31 03:25:00,2431.2168,2638.1702,winter,day1
2025-01-31 03:30:00,2432.5091999999995,2637.438,winter,day1
2025-01-31 03:35:00,2455.344,2637.392,winter,day1
2025-01-31 03:40:00,2557.572,2635.4685,winter,day1
2025-01-31 03:45:00,2469.3948,2631.191,winter,day1
2025-01-31 03:50:00,2462.4528,2628.002,winter,day1
2025-01-31 03:55:00,2547.384,2624.4866,winter,day1
2025-01-31 04:00:00,2612.8884,2684.911,winter,day1
2025-01-31 04:05:00,2651.478,2680.689,winter,day1
2025-01-31 04:10:00,2652.9564,2677.1606,winter,day1
2025-01-31 04:15:00,2611.4268,2676.2896,winter,day1
2025-01-31 04:20:00,2538.81,2673.7112,winter,day1
2025-01-31 04:25:00,2501.904,2673.5735,winter,day1
2025-01-31 04:30:00,2600.8464,2671.399,winter,day1
2025-01-31 04:35:00,2704.0416,2671.579,winter,day1
2025-01-31 04:40:00,2662.4568,2671.301,winter,day1
2025-01-31 04:45:00,2502.9612,2669.7778,winter,day1
2025-01-31 04:50:00,2486.8968,2669.5916,winter,day1
2025-01-31 04:55:00,2481.2088,2668.0022,winter,day1
2025-01-31 05:00:00,2460.0216,2620.609,winter,day1
2025-01-31 05:05:00,2467.8156,2621.0725,winter,day1
2025-01-31 05:10:00,2625.0348,2623.0405,winter,day1
2025-01-31 05:15:00,2701.698,2625.7458,winter,day1
2025-01-31 05:20:00,2665.6584,2626.7188,winter,day1
2025-01-31 05:25:00,2646.3732,2628.1328,winter,day1
2025-01-31 05:30:00,2630.1696,2626.305,winter,day1
2025-01-31 05:35:00,2554.8923999999997,2626.04,winter,day1
2025-01-31 05:40:00,2540.9676,2624.4958,winter,day1
2025-01-31 05:45:00,2553.3516,2622.0342,winter,day1
2025-01-31 05:50:00,2523.4356,2621.2595,winter,day1
2025-01-31 05:55:00,2493.5436,2620.0906,winter,day1
2025-01-31 06:00:00,2469.4991999999997,2649.9097,winter,day1
2025-01-31 06:05:00,2479.0164,2649.2468,winter,day1
2025-01-31 06:10:00,2474.82,2649.2227,winter,day1
2025-01-31 06:15:00,2475.942,2650.0469,winter,day1
2025-01-31 06:20:00,2560.44,2650.26,winter,day1
2025-01-31 06:25:00,2689.5407999999998,2650.6746,winter,day1
2025-01-31 06:30:00,2691.576,2648.3916,winter,day1
2025-01-31 06:35:00,2586.3576000000003,2647.7102,winter,day1
2025-01-31 06:40:00,2574.9108,2647.9194,winter,day1
2025-01-31 06:45:00,2593.9031999999997,2650.2444,winter,day1
2025-01-31 06:50:00,2597.6484,2656.8027,winter,day1
2025-01-31 06:55:00,2657.052,2665.4814,winter,day1
2025-01-31 07:00:00,2503.29,2866.6113,winter,day1
2025-01-31 07:05:00,2399.8536,2900.148,winter,day1
2025-01-31 07:10:00,2796.7475999999997,2932.3381,winter,day1
2025-01-31 07:15:00,3094.368,2970.2327,winter,day1
2025-01-31 07:20:00,1062.0948,3005.8674,winter,day1
2025-01-31 07:25:00,0.0,3044.1702,winter,day1
2025-01-31 07:30:00,329.8464,3092.0137,winter,day1
2025-01-31 07:35:00,4469.830800000001,3139.6353,winter,day1
2025-01-31 07:40:00,3195.8712,3190.0388,winter,day1
2025-01-31 07:45:00,3173.7912,3235.8308,winter,day1
2025-01-31 07:50:00,3154.2168,3279.9321,winter,day1
2025-01-31 07:55:00,3164.3784,3328.14,winter,day1
2025-01-31 08:00:00,3110.9256,3473.6902,winter,day1
2025-01-31 08:05:00,3053.4204,3521.2837,winter,day1
2025-01-31 08:10:00,2941.5024000000003,3552.068,winter,day1
2025-01-31 08:15:00,2826.8436,3594.9448,winter,day1
2025-01-31 08:20:00,2778.8831999999998,3633.0007,winter,day1
2025-01-31 08:25:00,2879.9292,3670.9072,winter,day1
2025-01-31 08:30:00,2893.1904,3727.111,winter,day1
2025-01-31 08:35:00,2838.2712,3782.3796,winter,day1
2025-01-31 08:40:00,2864.5692,3838.8313,winter,day1
2025-01-31 08:45:00,3146.5944,3870.0364,winter,day1
2025-01-31 08:50:00,3818.0771999999997,3886.7,winter,day1
2025-01-31 08:55:00,2896.1760000000004,3916.4841,winter,day1
2025-01-31 09:00:00,3146.4948,3879.7786,winter,day1
2025-01-31 09:05:00,3097.1639999999998,3907.6084,winter,day1
2025-01-31 09:10:00,2852.1804,3918.3784,winter,day1
2025-01-31 09:15:00,2902.47,3939.05,winter,day1
2025-01-31 09:20:00,2858.8464,3953.7183,winter,day1
2025-01-31 09:25:00,2969.58,3968.1597,winter,day1
2025-01-31 09:30:00,3069.2843999999996,3996.1182,winter,day1
2025-01-31 09:35:00,2776.5600000000004,4017.6016,winter,day1
2025-01-31 09:40:00,2763.0828,4046.2231,winter,day1
2025-01-31 09:45:00,2781.0827999999997,4066.715,winter,day1
2025-01-31 09:50:00,2815.8372000000004,4075.4507,winter,day1
2025-01-31 09:55:00,2843.6519999999996,4082.9773,winter,day1
2025-01-31 10:00:00,3068.1444,4261.733,winter,day1
2025-01-31 10:05:00,3093.9936000000002,4266.0835,winter,day1
2025-01-31 10:10:00,2814.2316,4256.6436,winter,day1
2025-01-31 10:15:00,2781.3828,4255.5625,winter,day1
2025-01-31 10:20:00,2811.6984,4248.593,winter,day1
2025-01-31 10:25:00,2800.0080000000003,4246.3247,winter,day1
2025-01-31 10:30:00,2792.0843999999997,4260.334,winter,day1
2025-01-31 10:35:00,2786.0892,4268.705,winter,day1
2025-01-31 10:40:00,3025.9536,4278.325,winter,day1
2025-01-31 10:45:00,3129.0924,4275.654,winter,day1
2025-01-31 10:50:00,11905.8276,4262.616,winter,day1
2025-01-31 10:55:00,7211.2044,4248.8843,winter,day1
2025-01-31 11:00:00,5106.3192,4248.824,winter,day1
2025-01-31 11:05:00,5155.3848,4237.359,winter,day1
2025-01-31 11:10:00,4274.8716,4215.965,winter,day1
2025-01-31 11:15:00,2854.3284,4203.707,winter,day1
2025-01-31 11:20:00,2956.7388,4187.712,winter,day1
2025-01-31 11:25:00,3654.8784,4172.2188,winter,day1
2025-01-31 11:30:00,2839.4579999999996,4164.198,winter,day1
2025-01-31 11:35:00,2797.7952,4150.6807,winter,day1
2025-01-31 11:40:00,2320.0860000000002,4142.048,winter,day1
2025-01-31 11:45:00,3245.9795999999997,4127.643,winter,day1
2025-01-31 11:50:00,1997.8655999999999,4110.9634,winter,day1
2025-01-31 11:55:00,1985.4227999999998,4095.43,winter,day1
2025-01-31 12:00:00,2112.2736,4109.518,winter,day1
2025-01-31 12:05:00,2531.1336,4095.8389,winter,day1
2025-01-31 12:10:00,2235.1668,4073.721,winter,day1
2025-01-31 12:15:00,2350.9752,4061.4922,winter,day1
2025-01-31 12:20:00,2110.1243999999997,4046.1223,winter,day1
2025-01-31 12:25:00,2110.1736,4032.701,winter,day1
2025-01-31 12:30:00,2318.832,4025.9993,winter,day1
2025-01-31 12:35:00,2952.972,4016.7776,winter,day1
2025-01-31 12:40:00,2047.9656,4016.0469,winter,day1
2025-01-31 12:45:00,2041.5672,4014.817,winter,day1
2025-01-31 12:50:00,2436.7619999999997,4013.7402,winter,day1
2025-01-31 12:55:00,2047.6128,4010.2468,winter,day1
2025-01-31 13:00:00,2608.8540000000003,3979.7905,winter,day1
2025-01-31 13:05:00,3095.1996,3972.0479,winter,day1
2025-01-31 13:10:00,2278.9164,3954.7236,winter,day1
2025-01-31 13:15:00,2230.1351999999997,3946.5906,winter,day1
2025-01-31 13:20:00,3371.2248,3935.8108,winter,day1
2025-01-31 13:25:00,2222.0628,3926.912,winter,day1
2025-01-31 13:30:00,3055.6488,3925.851,winter,day1
2025-01-31 13:35:00,2325.1392,3921.804,winter,day1
2025-01-31 13:40:00,2361.2112,3922.4976,winter,day1
2025-01-31 13:45:00,2338.8456,3919.1685,winter,day1
2025-01-31 13:50:00,2381.0556,3913.572,winter,day1
2025-01-31 13:55:00,2489.7996,3908.737,winter,day1
2025-01-31 14:00:00,2614.1279999999997,3799.1316,winter,day1
2025-01-31 14:05:00,4218.2844,3794.9648,winter,day1
2025-01-31 14:10:00,3829.068,3781.04,winter,day1
2025-01-31 14:15:00,2993.958,3773.9634,winter,day1
2025-01-31 14:20:00,2935.1256000000003,3765.6724,winter,day1
2025-01-31 14:25:00,3198.9996,3755.271,winter,day1
2025-01-31 14:30:00,3069.672,3745.9507,winter,day1
2025-01-31 14:35:00,3663.1524000000004,3732.782,winter,day1
2025-01-31 14:40:00,3035.2788,3739.642,winter,day1
2025-01-31 14:45:00,2981.6124,3770.668,winter,day1
2025-01-31 14:50:00,3319.7892,3820.5332,winter,day1
2025-01-31 14:55:00,4121.4744,3876.488,winter,day1
2025-01-31 15:00:00,3289.0932000000003,4075.143,winter,day1
2025-01-31 15:05:00,3411.0696,4127.163,winter,day1
2025-01-31 15:10:00,3320.6339999999996,4164.278,winter,day1
2025-01-31 15:15:00,3538.6992,4205.706,winter,day1
2025-01-31 15:20:00,3681.6839999999997,4242.4785,winter,day1
2025-01-31 15:25:00,3798.6876,4282.8438,winter,day1
2025-01-31 15:30:00,6839.639999999999,4337.6167,winter,day1
2025-01-31 15:35:00,5204.9928,4391.883,winter,day1
2025-01-31 15:40:00,4172.244000000001,4452.2495,winter,day1
2025-01-31 15:45:00,3777.9048000000003,4508.963,winter,day1
2025-01-31 15:50:00,3975.4968,4563.7295,winter,day1
2025-01-31 15:55:00,3809.7635999999998,4622.98,winter,day1
2025-01-31 16:00:00,4072.4808000000003,4875.6113,winter,day1
2025-01-31 16:05:00,5101.509599999999,4936.736,winter,day1
2025-01-31 16:10:00,5849.4348,4979.2593,winter,day1
2025-01-31 16:15:00,4265.634,5030.4204,winter,day1
2025-01-31 16:20:00,6059.244000000001,5075.0713,winter,day1
2025-01-31 16:25:00,6108.861599999999,5118.0117,winter,day1
2025-01-31 16:30:00,3822.9264000000003,5173.917,winter,day1
2025-01-31 16:35:00,4368.2699999999995,5229.827,winter,day1
2025-01-31 16:40:00,5444.748,5281.981,winter,day1
2025-01-31 16:45:00,5331.2519999999995,5313.7437,winter,day1
2025-01-31 16:50:00,4275.2411999999995,5334.0522,winter,day1
2025-01-31 16:55:00,4357.412399999999,5360.601,winter,day1
2025-01-31 17:00:00,4463.323200000001,5449.602,winter,day1
2025-01-31 17:05:00,4956.6804,5471.4507,winter,day1
2025-01-31 17:10:00,7434.4644,5466.4863,winter,day1
2025-01-31 17:15:00,5788.616400000001,5462.763,winter,day1
2025-01-31 17:20:00,4697.286,5452.913,winter,day1
2025-01-31 17:25:00,4403.4888,5439.365,winter,day1
2025-01-31 17:30:00,4285.9548,5443.561,winter,day1
2025-01-31 17:35:00,5213.6352,5447.7256,winter,day1
2025-01-31 17:40:00,6172.1292,5461.7207,winter,day1
2025-01-31 17:45:00,4718.4672,5473.0986,winter,day1
2025-01-31 17:50:00,5186.240400000001,5472.5684,winter,day1
2025-01-31 17:55:00,4587.0491999999995,5474.9507,winter,day1
2025-01-31 18:00:00,5823.6876,5478.812,winter,day1
2025-01-31 18:05:00,8507.269199999999,5477.157,winter,day1
2025-01-31 18:10:00,11902.4772,5448.5244,winter,day1
2025-01-31 18:15:00,11655.633600000001,5414.1426,winter,day1
2025-01-31 18:20:00,5160.3396,5371.7173,winter,day1
2025-01-31 18:25:00,3717.7248,5327.675,winter,day1
2025-01-31 18:30:00,5269.1724,5311.3794,winter,day1
2025-01-31 18:35:00,4856.976000000001,5290.278,winter,day1
2025-01-31 18:40:00,4008.9468,5272.7393,winter,day1
2025-01-31 18:45:00,4800.2136,5248.5024,winter,day1
2025-01-31 18:50:00,3721.53,5206.0073,winter,day1
2025-01-31 18:55:00,3683.9592,5163.974,winter,day1
2025-01-31 19:00:00,3895.4376,4526.0635,winter,day1
2025-01-31 19:05:00,3802.4256,4482.8257,winter,day1
2025-01-31 19:10:00,3494.0424,4418.9214,winter,day1
2025-01-31 19:15:00,3520.9271999999996,4361.9624,winter,day1
2025-01-31 19:20:00,3634.2239999999997,4302.872,winter,day1
2025-01-31 19:25:00,3646.3836,4243.221,winter,day1
2025-01-31 19:30:00,3716.0195999999996,4198.938,winter,day1
2025-01-31 19:35:00,3563.6051999999995,4152.4893,winter,day1
2025-01-31 19:40:00,3467.5968000000003,4115.5435,winter,day1
2025-01-31 19:45:00,3381.3479999999995,4080.5293,winter,day1
2025-01-31 19:50:00,3352.4472,4040.2698,winter,day1
2025-01-31 19:55:00,3341.6771999999996,4007.7969,winter,day1
2025-01-31 20:00:00,3418.7784,3377.476,winter,day1
2025-01-31 20:05:00,3528.0816,3348.7458,winter,day1
2025-01-31 20:10:00,3441.972,3311.0317,winter,day1
2025-01-31 20:15:00,3466.8540000000003,3277.312,winter,day1
2025-01-31 20:20:00,3511.7148,3244.9067,winter,day1
2025-01-31 20:25:00,3541.2408000000005,3212.0742,winter,day1
2025-01-31 20:30:00,3458.8896,3187.1802,winter,day1
2025-01-31 20:35:00,3527.4875999999995,3164.42,winter,day1
2025-01-31 20:40:00,3652.4676,3148.062,winter,day1
2025-01-31 20:45:00,3501.528,3135.4065,winter,day1
2025-01-31 20:50:00,3391.0944000000004,3122.263,winter,day1
2025-01-31 20:55:00,3383.6675999999998,3111.914,winter,day1
2025-01-31 21:00:00,3351.6288,2796.87,winter,day1
2025-01-31 21:05:00,3343.6224,2789.0637,winter,day1
2025-01-31 21:10:00,3418.3812000000007,2780.3655,winter,day1
2025-01-31 21:15:00,3300.8892,2771.7178,winter,day1
2025-01-31 21:20:00,3487.3992,2763.0156,winter,day1
2025-01-31 21:25:00,3316.2119999999995,2752.1328,winter,day1
2025-01-31 21:30:00,2800.2096,2740.335,winter,day1
2025-01-31 21:35:00,2635.6800000000003,2727.9346,winter,day1
2025-01-31 21:40:00,2649.3432000000003,2715.2085,winter,day1
2025-01-31 21:45:00,2659.1639999999998,2703.0146,winter,day1
2025-01-31 21:50:00,2892.5184,2691.8289,winter,day1
2025-01-31 21:55:00,2654.2968,2681.8037,winter,day1
2025-01-31 22:00:00,2338.524,2586.333,winter,day1
2025-01-31 22:05:00,2304.9372,2581.4053,winter,day1
2025-01-31 22:10:00,2355.42,2578.0874,winter,day1
2025-01-31 22:15:00,2420.1408,2575.3574,winter,day1
2025-01-31 22:20:00,2454.942,2573.129,winter,day1
2025-01-31 22:25:00,2469.5027999999998,2571.5156,winter,day1
2025-01-31 22:30:00,2496.9192,2567.6597,winter,day1
2025-01-31 22:35:00,2502.054,2565.2444,winter,day1
2025-01-31 22:40:00,2451.114,2561.9202,winter,day1
2025-01-31 22:45:00,2420.7167999999997,2558.749,winter,day1
2025-01-31 22:50:00,2386.6548,2556.535,winter,day1
2025-01-31 22:55:00,2656.3896,2553.9387,winter,day1
2025-01-31 23:00:00,2482.7052,2527.018,winter,day1
2025-01-31 23:05:00,2367.366,2525.5957,winter,day1
2025-01-31 23:10:00,2323.6728,2526.3865,winter,day1
2025-01-31 23:15:00,2325.3540000000003,2528.094,winter,day1
2025-01-31 23:20:00,2334.3468000000003,2528.6555,winter,day1
2025-01-31 23:25:00,2387.064,2530.0679,winter,day1
2025-01-31 23:30:00,2426.784,2528.4097,winter,day1
2025-01-31 23:35:00,2455.0416,2528.4373,winter,day1
2025-01-31 23:40:00,2426.13,2526.821,winter,day1
2025-01-31 23:45:00,2358.9696,2525.321,winter,day1
2025-01-31 23:50:00,2372.2799999999997,2525.1233,winter,day1
2025-01-31 23:55:00,2386.9379999999996,2524.0342,winter,day1
2025-02-15 00:00:00,2488.5384,2560.6025,winter,day2
2025-02-15 00:05:00,2497.0703999999996,2568.1848,winter,day2
2025-02-15 00:10:00,2762.6688,2567.7158,winter,day2
2025-02-15 00:15:00,2761.0692,2565.0862,winter,day2
2025-02-15 00:20:00,2593.7484,2563.5542,winter,day2
2025-02-15 00:25:00,2635.5971999999997,2563.284,winter,day2
2025-02-15 00:30:00,2626.2876,2564.2974,winter,day2
2025-02-15 00:35:00,2579.4564,2562.6587,winter,day2
2025-02-15 00:40:00,2572.9091999999996,2558.107,winter,day2
2025-02-15 00:45:00,2528.3172,2552.092,winter,day2
2025-02-15 00:50:00,2526.468,2550.937,winter,day2
2025-02-15 00:55:00,2652.132,2554.8293,winter,day2
2025-02-15 01:00:00,2831.778,2609.2358,winter,day2
2025-02-15 01:05:00,2576.6052,2607.4663,winter,day2
2025-02-15 01:10:00,2568.846,2601.9395,winter,day2
2025-02-15 01:15:00,2563.6367999999998,2608.2402,winter,day2
2025-02-15 01:20:00,2620.032,2630.7676,winter,day2
2025-02-15 01:25:00,2629.7076,2654.7524,winter,day2
2025-02-15 01:30:00,2632.2468,2670.022,winter,day2
2025-02-15 01:35:00,2596.05,2676.452,winter,day2
2025-02-15 01:40:00,2657.7996,2680.8533,winter,day2
2025-02-15 01:45:00,2699.7708,2691.2607,winter,day2
2025-02-15 01:50:00,3088.3104,2706.9502,winter,day2
2025-02-15 01:55:00,2952.6648,2719.372,winter,day2
2025-02-15 02:00:00,3365.6771999999996,2762.4783,winter,day2
2025-02-15 02:05:00,2748.9912,2773.014,winter,day2
2025-02-15 02:10:00,3425.2812,2782.8071,winter,day2
2025-02-15 02:15:00,3386.4096,2804.21,winter,day2
2025-02-15 02:20:00,2955.0828,2836.3428,winter,day2
2025-02-15 02:25:00,3455.4984000000004,2874.6802,winter,day2
2025-02-15 02:30:00,3340.5888,2908.9177,winter,day2
2025-02-15 02:35:00,3299.0520000000006,2936.1118,winter,day2
2025-02-15 02:40:00,3295.6968,2950.0454,winter,day2
2025-02-15 02:45:00,3496.2048000000004,2953.2449,winter,day2
2025-02-15 02:50:00,3678.81,2956.2207,winter,day2
2025-02-15 02:55:00,3431.8212,2960.1912,winter,day2
2025-02-15 03:00:00,2997.8568,3002.1445,winter,day2
2025-02-15 03:05:00,3494.8248,2992.5808,winter,day2
2025-02-15 03:10:00,3501.9,2973.202,winter,day2
2025-02-15 03:15:00,3167.2776,2957.4497,winter,day2
2025-02-15 03:20:00,3507.2136,2943.7153,winter,day2
2025-02-15 03:25:00,3349.2144,2926.7441,winter,day2
2025-02-15 03:30:00,3250.1916,2903.1846,winter,day2
2025-02-15 03:35:00,3390.924,2876.6816,winter,day2
2025-02-15 03:40:00,2922.5028,2842.4124,winter,day2
2025-02-15 03:45:00,2559.2904000000003,2808.0593,winter,day2
2025-02-15 03:50:00,2797.6764,2785.6572,winter,day2
2025-02-15 03:55:00,2562.6192,2767.6995,winter,day2
2025-02-15 04:00:00,2540.7732,2696.1428,winter,day2
2025-02-15 04:05:00,2542.0536,2685.9717,winter,day2
2025-02-15 04:10:00,2665.9128,2675.6863,winter,day2
2025-02-15 04:15:00,2718.2088,2670.611,winter,day2
2025-02-15 04:20:00,2717.5116,2665.274,winter,day2
2025-02-15 04:25:00,2653.6296,2660.7512,winter,day2
2025-02-15 04:30:00,2697.8544,2655.4219,winter,day2
2025-02-15 04:35:00,2711.3399999999997,2649.739,winter,day2
2025-02-15 04:40:00,2700.6528,2641.5535,winter,day2
2025-02-15 04:45:00,2799.0384000000004,2634.5955,winter,day2
2025-02-15 04:50:00,2976.3599999999997,2635.8843,winter,day2
2025-02-15 04:55:00,2617.7652000000003,2639.1653,winter,day2
2025-02-15 05:00:00,2624.0424,2626.0193,winter,day2
2025-02-15 05:05:00,2733.1187999999997,2637.2004,winter,day2
2025-02-15 05:10:00,2724.3563999999997,2647.3225,winter,day2
2025-02-15 05:15:00,2746.314,2658.891,winter,day2
2025-02-15 05:20:00,2761.5456,2668.062,winter,day2
2025-02-15 05:25:00,2770.9211999999998,2679.8975,winter,day2
2025-02-15 05:30:00,2778.6492,2679.6729,winter,day2
2025-02-15 05:35:00,2719.5144,2670.7468,winter,day2
2025-02-15 05:40:00,2715.99,2653.9077,winter,day2
2025-02-15 05:45:00,2973.078,2635.9155,winter,day2
2025-02-15 05:50:00,2825.2788,2626.1736,winter,day2
2025-02-15 05:55:00,2689.6044,2618.9814,winter,day2
2025-02-15 06:00:00,2615.4156000000003,2611.4856,winter,day2
2025-02-15 06:05:00,2624.5080000000003,2596.3386,winter,day2
2025-02-15 06:10:00,2611.782,2588.9412,winter,day2
2025-02-15 06:15:00,2592.9468,2588.2195,winter,day2
2025-02-15 06:20:00,2628.9048000000003,2591.328,winter,day2
2025-02-15 06:25:00,2613.1932,2602.815,winter,day2
2025-02-15 06:30:00,2612.5775999999996,2613.0613,winter,day2
2025-02-15 06:35:00,2545.6056,2619.6187,winter,day2
2025-02-15 06:40:00,2487.6396,2616.496,winter,day2
2025-02-15 06:45:00,2432.4816,2607.4285,winter,day2
2025-02-15 06:50:00,2675.988,2596.719,winter,day2
2025-02-15 06:55:00,2424.3216,2582.9253,winter,day2
2025-02-15 07:00:00,2442.4272,2520.9087,winter,day2
2025-02-15 07:05:00,2382.3648000000003,2552.7236,winter,day2
2025-02-15 07:10:00,2677.4316,2615.6057,winter,day2
2025-02-15 07:15:00,3024.7824,2723.0488,winter,day2
2025-02-15 07:20:00,3020.04,2898.6963,winter,day2
2025-02-15 07:25:00,3081.3347999999996,3270.4302,winter,day2
2025-02-15 07:30:00,4056.6732,4150.3584,winter,day2
2025-02-15 07:35:00,11292.3996,8234.266,winter,day2
2025-02-15 07:40:00,11048.544,13325.899,winter,day2
2025-02-15 07:45:00,5957.1264,13591.396,winter,day2
2025-02-15 07:50:00,4076.0915999999997,11524.609,winter,day2
2025-02-15 07:55:00,3772.0080000000003,8161.9043,winter,day2
2025-02-15 08:00:00,3840.4620000000004,4818.1494,winter,day2
2025-02-15 08:05:00,5717.4936,4756.953,winter,day2
2025-02-15 08:10:00,7114.7555999999995,4743.9844,winter,day2
2025-02-15 08:15:00,6988.9128,4741.1265,winter,day2
2025-02-15 08:20:00,6578.6772,4746.5464,winter,day2
2025-02-15 08:25:00,4691.0856,4786.333,winter,day2
2025-02-15 08:30:00,4353.1416,4828.089,winter,day2
2025-02-15 08:35:00,4543.8528,4886.723,winter,day2
2025-02-15 08:40:00,4814.4108,4923.366,winter,day2
2025-02-15 08:45:00,4399.854,4972.2886,winter,day2
2025-02-15 08:50:00,4330.0428,5048.842,winter,day2
2025-02-15 08:55:00,5953.8024,5088.1123,winter,day2
2025-02-15 09:00:00,5415.3864,5033.613,winter,day2
2025-02-15 09:05:00,5265.3576,5084.502,winter,day2
2025-02-15 09:10:00,4289.6376,5136.8145,winter,day2
2025-02-15 09:15:00,4193.6844,5198.4424,winter,day2
2025-02-15 09:20:00,4645.1424,5257.8506,winter,day2
2025-02-15 09:25:00,4191.9552,5304.365,winter,day2
2025-02-15 09:30:00,4246.309200000001,5313.225,winter,day2
2025-02-15 09:35:00,4949.8524,5336.6045,winter,day2
2025-02-15 09:40:00,4334.73,5337.1396,winter,day2
2025-02-15 09:45:00,4737.3204,5305.105,winter,day2
2025-02-15 09:50:00,5548.7832,5289.57,winter,day2
2025-02-15 09:55:00,5322.1932,5269.8574,winter,day2
2025-02-15 10:00:00,4632.3588,5272.626,winter,day2
2025-02-15 10:05:00,5411.0076,5266.84,winter,day2
2025-02-15 10:10:00,6348.6888,5225.341,winter,day2
2025-02-15 10:15:00,5285.1144,5126.818,winter,day2
2025-02-15 10:20:00,4419.2328,4995.896,winter,day2
2025-02-15 10:25:00,4396.9956,4898.033,winter,day2
2025-02-15 10:30:00,4392.759599999999,4847.019,winter,day2
2025-02-15 10:35:00,6185.994000000001,4828.656,winter,day2
2025-02-15 10:40:00,5201.3652,4807.0547,winter,day2
2025-02-15 10:45:00,4983.3252,4779.963,winter,day2
2025-02-15 10:50:00,6062.6004,4750.8506,winter,day2
2025-02-15 10:55:00,4482.6528,4703.77,winter,day2
2025-02-15 11:00:00,4369.5996,4588.881,winter,day2
2025-02-15 11:05:00,4604.948399999999,4585.8564,winter,day2
2025-02-15 11:10:00,4555.5,4586.4946,winter,day2
2025-02-15 11:15:00,5872.7052,4581.592,winter,day2
2025-02-15 11:20:00,4895.9856,4555.6143,winter,day2
2025-02-15 11:25:00,6677.3724,4514.685,winter,day2
2025-02-15 11:30:00,5196.2928,4473.466,winter,day2
2025-02-15 11:35:00,4449.2304,4451.536,winter,day2
2025-02-15 11:40:00,4519.8348,4457.383,winter,day2
2025-02-15 11:45:00,4362.051600000001,4454.431,winter,day2
2025-02-15 11:50:00,5688.996,4441.7935,winter,day2
2025-02-15 11:55:00,6641.567999999999,4396.752,winter,day2
2025-02-15 12:00:00,4780.4544000000005,4234.097,winter,day2
2025-02-15 12:05:00,4838.2955999999995,4234.2046,winter,day2
2025-02-15 12:10:00,6261.8604,4234.5967,winter,day2
2025-02-15 12:15:00,4966.3068,4227.486,winter,day2
2025-02-15 12:20:00,4915.3116,4211.009,winter,day2
2025-02-15 12:25:00,6678.210000000001,4185.78,winter,day2
2025-02-15 12:30:00,5226.5712,4151.289,winter,day2
2025-02-15 12:35:00,4141.104,4119.3003,winter,day2
2025-02-15 12:40:00,3603.4008000000003,4084.3486,winter,day2
2025-02-15 12:45:00,3644.2043999999996,4060.0374,winter,day2
2025-02-15 12:50:00,2812.5912,4070.4153,winter,day2
2025-02-15 12:55:00,2937.4548000000004,4068.5298,winter,day2
2025-02-15 13:00:00,3804.3947999999996,4106.423,winter,day2
2025-02-15 13:05:00,2557.9824,4122.837,winter,day2
2025-02-15 13:10:00,3793.4616,4116.3423,winter,day2
2025-02-15 13:15:00,3430.7484000000004,4082.2632,winter,day2
2025-02-15 13:20:00,3147.3372,4046.0876,winter,day2
2025-02-15 13:25:00,2454.6096000000002,4021.0476,winter,day2
2025-02-15 13:30:00,10347.3852,4008.908,winter,day2
2025-02-15 13:35:00,12404.5884,4032.611,winter,day2
2025-02-15 13:40:00,11947.5432,4055.6885,winter,day2
2025-02-15 13:45:00,12035.5848,4062.4458,winter,day2
2025-02-15 13:50:00,12659.388,4093.8254,winter,day2
2025-02-15 13:55:00,12770.053199999998,4108.8857,winter,day2
2025-02-15 14:00:00,13642.8648,4194.5645,winter,day2
2025-02-15 14:05:00,5633.1012,4322.1235,winter,day2
2025-02-15 14:10:00,4914.022800000001,4431.169,winter,day2
2025-02-15 14:15:00,4696.9056,4526.452,winter,day2
2025-02-15 14:20:00,4501.5779999999995,4631.5273,winter,day2
2025-02-15 14:25:00,5893.4148,4805.616,winter,day2
2025-02-15 14:30:00,7143.294,5009.9375,winter,day2
2025-02-15 14:35:00,6570.2508,5344.743,winter,day2
2025-02-15 14:40:00,6067.0908,5744.8843,winter,day2
2025-02-15 14:45:00,7256.6952,6241.7827,winter,day2
2025-02-15 14:50:00,8559.5208,6963.1724,winter,day2
2025-02-15 14:55:00,8953.0584,7591.202,winter,day2
2025-02-15 15:00:00,6538.944,10728.322,winter,day2
2025-02-15 15:05:00,4598.980799999999,11844.486,winter,day2
2025-02-15 15:10:00,5760.027599999999,11934.36,winter,day2
2025-02-15 15:15:00,6697.352400000001,11052.015,winter,day2
2025-02-15 15:20:00,5173.7568,9769.274,winter,day2
2025-02-15 15:25:00,4370.5908,9005.879,winter,day2
2025-02-15 15:30:00,4713.4812,8725.077,winter,day2
2025-02-15 15:35:00,4968.6468,9079.71,winter,day2
2025-02-15 15:40:00,7555.3356,9193.338,winter,day2
2025-02-15 15:45:00,7059.3864,8787.069,winter,day2
2025-02-15 15:50:00,8549.5824,8277.363,winter,day2
2025-02-15 15:55:00,8541.6696,7689.849,winter,day2
2025-02-15 16:00:00,8092.132799999999,9230.813,winter,day2
2025-02-15 16:05:00,6996.906,9087.529,winter,day2
2025-02-15 16:10:00,6957.266399999999,9019.721,winter,day2
2025-02-15 16:15:00,6731.3724,8844.63,winter,day2
2025-02-15 16:20:00,7061.8008,8565.047,winter,day2
2025-02-15 16:25:00,7746.345600000001,8424.627,winter,day2
2025-02-15 16:30:00,7681.7352,8328.321,winter,day2
2025-02-15 16:35:00,7173.738,8399.395,winter,day2
2025-02-15 16:40:00,6496.0092,8473.872,winter,day2
2025-02-15 16:45:00,5636.995199999999,8548.8,winter,day2
2025-02-15 16:50:00,5181.9924,8590.174,winter,day2
2025-02-15 16:55:00,5061.844800000001,8364.561,winter,day2
2025-02-15 17:00:00,5736.4704,7356.624,winter,day2
2025-02-15 17:05:00,5347.518,7167.6426,winter,day2
2025-02-15 17:10:00,6278.236800000001,6996.3203,winter,day2
2025-02-15 17:15:00,7073.215200000001,6846.592,winter,day2
2025-02-15 17:20:00,6359.3148,6731.1055,winter,day2
2025-02-15 17:25:00,6632.8032,6703.147,winter,day2
2025-02-15 17:30:00,6291.6108,6664.204,winter,day2
2025-02-15 17:35:00,6996.260399999999,6630.6743,winter,day2
2025-02-15 17:40:00,6293.794800000001,6534.3013,winter,day2
2025-02-15 17:45:00,7691.7444000000005,6423.137,winter,day2
2025-02-15 17:50:00,6314.8584,6465.9805,winter,day2
2025-02-15 17:55:00,6229.6524,6764.632,winter,day2
2025-02-15 18:00:00,6089.13,7976.424,winter,day2
2025-02-15 18:05:00,9879.4008,9837.694,winter,day2
2025-02-15 18:10:00,11469.4416,11185.297,winter,day2
2025-02-15 18:15:00,11986.0548,10900.93,winter,day2
2025-02-15 18:20:00,7759.8924,9261.443,winter,day2
2025-02-15 18:25:00,7490.6772,8091.4204,winter,day2
2025-02-15 18:30:00,7945.158,7492.5757,winter,day2
2025-02-15 18:35:00,9408.1236,7146.131,winter,day2
2025-02-15 18:40:00,7508.767199999999,6889.0,winter,day2
2025-02-15 18:45:00,6825.6216,6696.262,winter,day2
2025-02-15 18:50:00,5278.8432,6552.8457,winter,day2
2025-02-15 18:55:00,4547.1072,6428.2793,winter,day2
2025-02-15 19:00:00,4536.4968,6004.582,winter,day2
2025-02-15 19:05:00,4995.2388,5998.585,winter,day2
2025-02-15 19:10:00,7088.988,6019.119,winter,day2
2025-02-15 19:15:00,5754.777599999999,5988.747,winter,day2
2025-02-15 19:20:00,5796.762000000001,5810.5933,winter,day2
2025-02-15 19:25:00,4289.941199999999,5576.2505,winter,day2
2025-02-15 19:30:00,4289.2919999999995,5411.5527,winter,day2
2025-02-15 19:35:00,4805.046,5365.4995,winter,day2
2025-02-15 19:40:00,4305.5568,5305.218,winter,day2
2025-02-15 19:45:00,4204.6836,5111.295,winter,day2
2025-02-15 19:50:00,4491.5136,4908.1543,winter,day2
2025-02-15 19:55:00,4038.1008,4759.9224,winter,day2
2025-02-15 20:00:00,4228.7088,4428.195,winter,day2
2025-02-15 20:05:00,4548.522,4389.9185,winter,day2
2025-02-15 20:10:00,5616.1008,4339.055,winter,day2
2025-02-15 20:15:00,5732.5608,4272.04,winter,day2
2025-02-15 20:20:00,3872.2488,4201.0737,winter,day2
2025-02-15 20:25:00,3953.9892,4139.7617,winter,day2
2025-02-15 20:30:00,3924.7884,4074.3955,winter,day2
2025-02-15 20:35:00,4385.402400000001,4027.1245,winter,day2
2025-02-15 20:40:00,4002.9119999999994,3984.261,winter,day2
2025-02-15 20:45:00,6012.9672,3961.3416,winter,day2
2025-02-15 20:50:00,5836.6644,3965.5713,winter,day2
2025-02-15 20:55:00,4751.3016,3945.7563,winter,day2
2025-02-15 21:00:00,4026.8196,4028.4346,winter,day2
2025-02-15 21:05:00,3470.2619999999997,4080.0334,winter,day2
2025-02-15 21:10:00,3234.0612,4104.3486,winter,day2
2025-02-15 21:15:00,2808.1104,4053.7244,winter,day2
2025-02-15 21:20:00,2842.9559999999997,3944.265,winter,day2
2025-02-15 21:25:00,2899.9248,3829.2822,winter,day2
2025-02-15 21:30:00,2940.126,3717.4429,winter,day2
2025-02-15 21:35:00,3015.5256,3628.037,winter,day2
2025-02-15 21:40:00,2942.934,3520.3806,winter,day2
2025-02-15 21:45:00,3243.2904,3395.6252,winter,day2
2025-02-15 21:50:00,3078.7044,3282.9106,winter,day2
2025-02-15 21:55:00,2939.5775999999996,3174.667,winter,day2
2025-02-15 22:00:00,2648.214,2936.2854,winter,day2
2025-02-15 22:05:00,2525.3544,2851.7634,winter,day2
2025-02-15 22:10:00,2470.1268,2779.6865,winter,day2
2025-02-15 22:15:00,2454.642,2732.7273,winter,day2
2025-02-15 22:20:00,3749.8032,2708.5986,winter,day2
2025-02-15 22:25:00,3233.868,2703.818,winter,day2
2025-02-15 22:30:00,2614.3848,2706.3677,winter,day2
2025-02-15 22:35:00,2474.7624,2713.9226,winter,day2
2025-02-15 22:40:00,2493.3743999999997,2714.748,winter,day2
2025-02-15 22:45:00,2640.4103999999998,2710.3267,winter,day2
2025-02-15 22:50:00,2646.7583999999997,2703.2278,winter,day2
2025-02-15 22:55:00,2626.6344,2690.7634,winter,day2
2025-02-15 23:00:00,2640.1115999999997,2607.3406,winter,day2
2025-02-15 23:05:00,2685.4056,2592.4268,winter,day2
2025-02-15 23:10:00,2946.2928,2580.9294,winter,day2
2025-02-15 23:15:00,2753.5404000000003,2580.2507,winter,day2
2025-02-15 23:20:00,2502.9816,2588.7988,winter,day2
2025-02-15 23:25:00,2548.0272,2599.38,winter,day2
2025-02-15 23:30:00,2540.3940000000002,2603.295,winter,day2
2025-02-15 23:35:00,2539.1664,2593.8308,winter,day2
2025-02-15 23:40:00,2457.7032,2572.915,winter,day2
2025-02-15 23:45:00,2438.4072,2560.795,winter,day2
2025-02-15 23:50:00,2441.1,2563.645,winter,day2
2025-02-15 23:55:00,2596.3404,2572.7166,winter,day2
2025-12-02 00:00:00,2584.6764,2580.2595,winter,day3
2025-12-02 00:05:00,2585.208,2585.3281,winter,day3
2025-12-02 00:10:00,2589.12,2589.974,winter,day3
2025-12-02 00:15:00,2559.282,2597.7285,winter,day3
2025-12-02 00:20:00,2531.1192,2605.347,winter,day3
2025-12-02 00:25:00,2496.3887999999997,2615.2039,winter,day3
2025-12-02 00:30:00,2486.3280000000004,2621.916,winter,day3
2025-12-02 00:35:00,2690.9939999999997,2629.2764,winter,day3
2025-12-02 00:40:00,2574.9252,2631.3762,winter,day3
2025-12-02 00:45:00,2494.8108,2629.9136,winter,day3
2025-12-02 00:50:00,2455.4892,2629.2878,winter,day3
2025-12-02 00:55:00,2462.4516,2626.3796,winter,day3
2025-12-02 01:00:00,2447.6135999999997,2595.5068,winter,day3
2025-12-02 01:05:00,2474.5703999999996,2590.5603,winter,day3
2025-12-02 01:10:00,2497.134,2584.919,winter,day3
2025-12-02 01:15:00,2529.6516,2583.383,winter,day3
2025-12-02 01:20:00,2571.4692000000005,2586.7373,winter,day3
2025-12-02 01:25:00,2593.9512,2589.9016,winter,day3
2025-12-02 01:30:00,2562.9576,2592.713,winter,day3
2025-12-02 01:35:00,2498.9148,2596.744,winter,day3
2025-12-02 01:40:00,2532.2592,2597.9788,winter,day3
2025-12-02 01:45:00,2671.7832,2597.821,winter,day3
2025-12-02 01:50:00,2719.0872,2601.183,winter,day3
2025-12-02 01:55:00,2499.786,2603.5015,winter,day3
2025-12-02 02:00:00,2475.3660000000004,2611.3638,winter,day3
2025-12-02 02:05:00,2435.1972,2615.1084,winter,day3
2025-12-02 02:10:00,2416.3512,2616.615,winter,day3
2025-12-02 02:15:00,2404.0716,2622.793,winter,day3
2025-12-02 02:20:00,2407.6464,2623.2043,winter,day3
2025-12-02 02:25:00,2513.4552,2626.3452,winter,day3
2025-12-02 02:30:00,2573.7744,2627.3904,winter,day3
2025-12-02 02:35:00,2593.4412,2630.469,winter,day3
2025-12-02 02:40:00,2579.1264,2633.7327,winter,day3
2025-12-02 02:45:00,2561.5332000000003,2632.5754,winter,day3
2025-12-02 02:50:00,2554.6704,2637.9941,winter,day3
2025-12-02 02:55:00,2680.9188000000004,2643.9004,winter,day3
2025-12-02 03:00:00,2821.9284,2667.6074,winter,day3
2025-12-02 03:05:00,2529.4788,2671.7751,winter,day3
2025-12-02 03:10:00,2450.1108,2671.0134,winter,day3
2025-12-02 03:15:00,2541.4308,2673.2246,winter,day3
2025-12-02 03:20:00,2563.3116,2670.8694,winter,day3
2025-12-02 03:25:00,2546.5824000000002,2673.5405,winter,day3
2025-12-02 03:30:00,2570.7768,2677.144,winter,day3
2025-12-02 03:35:00,2608.5348,2681.6616,winter,day3
2025-12-02 03:40:00,2459.814,2683.8232,winter,day3
2025-12-02 03:45:00,2487.6552,2684.8633,winter,day3
2025-12-02 03:50:00,2492.58,2687.1616,winter,day3
2025-12-02 03:55:00,2491.2708,2688.2034,winter,day3
2025-12-02 04:00:00,2595.0984,2684.7915,winter,day3
2025-12-02 04:05:00,2754.0708,2679.95,winter,day3
2025-12-02 04:10:00,2676.1644,2674.727,winter,day3
2025-12-02 04:15:00,2469.6984,2674.0044,winter,day3
2025-12-02 04:20:00,2466.5412,2671.8533,winter,day3
2025-12-02 04:25:00,2462.928,2675.975,winter,day3
2025-12-02 04:30:00,2440.3848000000003,2682.102,winter,day3
2025-12-02 04:35:00,2441.0292,2690.1226,winter,day3
2025-12-02 04:40:00,2483.6016,2695.5872,winter,day3
2025-12-02 04:45:00,2476.2864,2697.5476,winter,day3
2025-12-02 04:50:00,2476.3128,2701.2935,winter,day3
2025-12-02 04:55:00,2498.7888,2705.5994,winter,day3
2025-12-02 05:00:00,2523.3660000000004,2732.848,winter,day3
2025-12-02 05:05:00,2492.9892,2727.7947,winter,day3
2025-12-02 05:10:00,2602.7760000000003,2716.218,winter,day3
2025-12-02 05:15:00,2801.0388,2708.503,winter,day3
2025-12-02 05:20:00,2673.4776,2701.7598,winter,day3
2025-12-02 05:25:00,2574.0732,2697.8604,winter,day3
2025-12-02 05:30:00,2596.2648,2697.936,winter,day3
2025-12-02 05:35:00,2568.6384,2701.7961,winter,day3
2025-12-02 05:40:00,2539.674,2704.1924,winter,day3
2025-12-02 05:45:00,2670.9276,2710.2983,winter,day3
2025-12-02 05:50:00,2813.7347999999997,2725.131,winter,day3
2025-12-02 05:55:00,2841.3156,2746.6318,winter,day3
2025-12-02 06:00:00,2828.9052,2979.3645,winter,day3
2025-12-02 06:05:00,3314.8008,3058.6345,winter,day3
2025-12-02 06:10:00,3381.696,3121.7483,winter,day3
2025-12-02 06:15:00,3469.9020000000005,3170.3523,winter,day3
2025-12-02 06:20:00,3127.2312,3218.968,winter,day3
2025-12-02 06:25:00,3247.2599999999998,3267.2053,winter,day3
2025-12-02 06:30:00,3546.2699999999995,3312.535,winter,day3
2025-12-02 06:35:00,3619.1964,3361.5872,winter,day3
2025-12-02 06:40:00,3879.7032,3402.0088,winter,day3
2025-12-02 06:45:00,3268.986,3421.9832,winter,day3
2025-12-02 06:50:00,3886.7904000000003,3468.9336,winter,day3
2025-12-02 06:55:00,3782.0352,3501.518,winter,day3
2025-12-02 07:00:00,3783.4752,3823.6465,winter,day3
2025-12-02 07:05:00,3802.332,3839.991,winter,day3
2025-12-02 07:10:00,3549.6432,3849.4233,winter,day3
2025-12-02 07:15:00,4389.8184,3876.073,winter,day3
2025-12-02 07:20:00,3724.4375999999997,3915.333,winter,day3
2025-12-02 07:25:00,3420.7776,3968.3704,winter,day3
2025-12-02 07:30:00,3205.5792,4024.423,winter,day3
2025-12-02 07:35:00,10705.3956,4107.946,winter,day3
2025-12-02 07:40:00,10067.283599999999,4199.562,winter,day3
2025-12-02 07:45:00,7560.3408,4220.9375,winter,day3
2025-12-02 07:50:00,4807.704,4196.365,winter,day3
2025-12-02 07:55:00,4616.5488,4148.253,winter,day3
2025-12-02 08:00:00,4571.3387999999995,3867.836,winter,day3
2025-12-02 08:05:00,4221.3384,3879.2544,winter,day3
2025-12-02 08:10:00,4044.636,3868.6123,winter,day3
2025-12-02 08:15:00,4346.2464,3867.8186,winter,day3
2025-12-02 08:20:00,4628.1012,3865.6655,winter,day3
2025-12-02 08:25:00,3938.0112,3879.8386,winter,day3
2025-12-02 08:30:00,4449.6516,3899.388,winter,day3
2025-12-02 08:35:00,4098.3972,3938.5454,winter,day3
2025-12-02 08:40:00,4391.9016,3958.75,winter,day3
2025-12-02 08:45:00,4145.3616,3968.7507,winter,day3
2025-12-02 08:50:00,4601.3772,4001.858,winter,day3
2025-12-02 08:55:00,3736.4676,4027.7998,winter,day3
2025-12-02 09:00:00,3649.4195999999997,4256.06,winter,day3
2025-12-02 09:05:00,3287.7876000000006,4244.39,winter,day3
2025-12-02 09:10:00,3704.5728000000004,4222.643,winter,day3
2025-12-02 09:15:00,3636.1944000000003,4206.198,winter,day3
2025-12-02 09:20:00,3402.618,4190.7603,winter,day3
2025-12-02 09:25:00,3828.1452,4185.8716,winter,day3
2025-12-02 09:30:00,4100.364,4187.678,winter,day3
2025-12-02 09:35:00,5915.7228000000005,4192.9385,winter,day3
2025-12-02 09:40:00,5611.8984,4202.2734,winter,day3
2025-12-02 09:45:00,6284.7444000000005,4212.903,winter,day3
2025-12-02 09:50:00,5128.0464,4243.4634,winter,day3
2025-12-02 09:55:00,3856.9595999999997,4273.1216,winter,day3
2025-12-02 10:00:00,3329.1684,4466.6665,winter,day3
2025-12-02 10:05:00,3522.4547999999995,4515.3804,winter,day3
2025-12-02 10:10:00,4173.559200000001,4549.327,winter,day3
2025-12-02 10:15:00,3471.6612,4576.71,winter,day3
2025-12-02 10:20:00,3522.942,4595.1646,winter,day3
2025-12-02 10:25:00,4584.6348,4608.624,winter,day3
2025-12-02 10:30:00,3909.4919999999997,4613.68,winter,day3
2025-12-02 10:35:00,3484.4916,4625.4756,winter,day3
2025-12-02 10:40:00,3428.1732,4636.081,winter,day3
2025-12-02 10:45:00,3359.4804000000004,4632.9487,winter,day3
2025-12-02 10:50:00,3126.1104,4639.2397,winter,day3
2025-12-02 10:55:00,3711.8604,4639.23,winter,day3
2025-12-02 11:00:00,5273.270399999999,4507.405,winter,day3
2025-12-02 11:05:00,4952.9976,4482.448,winter,day3
2025-12-02 11:10:00,5216.586,4442.0986,winter,day3
2025-12-02 11:15:00,3273.0155999999997,4394.1265,winter,day3
2025-12-02 11:20:00,3135.8532,4337.9487,winter,day3
2025-12-02 11:25:00,3062.5092,4284.4624,winter,day3
2025-12-02 11:30:00,3240.69,4246.349,winter,day3
2025-12-02 11:35:00,3230.982,4225.601,winter,day3
2025-12-02 11:40:00,3260.3904,4205.107,winter,day3
2025-12-02 11:45:00,3225.2184,4171.957,winter,day3
2025-12-02 11:50:00,3921.918,4157.2,winter,day3
2025-12-02 11:55:00,3512.7203999999997,4129.3726,winter,day3
2025-12-02 12:00:00,4808.245199999999,4150.0874,winter,day3
2025-12-02 12:05:00,3658.2396,4113.871,winter,day3
2025-12-02 12:10:00,2711.4744,4062.8293,winter,day3
2025-12-02 12:15:00,2604.3948,4020.3618,winter,day3
2025-12-02 12:20:00,2801.2212,3988.0566,winter,day3
2025-12-02 12:25:00,2865.6012,3968.834,winter,day3
2025-12-02 12:30:00,2542.9548000000004,3972.5698,winter,day3
2025-12-02 12:35:00,2481.0984,4002.2834,winter,day3
2025-12-02 12:40:00,2771.0076,4035.9353,winter,day3
2025-12-02 12:45:00,2348.0148,4060.523,winter,day3
2025-12-02 12:50:00,2308.3548,4096.403,winter,day3
2025-12-02 12:55:00,3027.4595999999997,4126.063,winter,day3
2025-12-02 13:00:00,3510.2940000000003,4906.8027,winter,day3
2025-12-02 13:05:00,2609.2752,4983.8477,winter,day3
2025-12-02 13:10:00,2433.036,4997.774,winter,day3
2025-12-02 13:15:00,2345.9052,5013.4946,winter,day3
2025-12-02 13:20:00,2655.876,4993.753,winter,day3
2025-12-02 13:25:00,2783.5164,4955.8574,winter,day3
2025-12-02 13:30:00,2350.638,4967.657,winter,day3
2025-12-02 13:35:00,2416.8804,4997.3125,winter,day3
2025-12-02 13:40:00,2738.5032,5009.716,winter,day3
2025-12-02 13:45:00,2698.3332,4991.9644,winter,day3
2025-12-02 13:50:00,3171.6468,4982.3237,winter,day3
2025-12-02 13:55:00,2537.556,4938.051,winter,day3
2025-12-02 14:00:00,3734.082,4786.564,winter,day3
2025-12-02 14:05:00,3048.7907999999998,4737.1216,winter,day3
2025-12-02 14:10:00,2487.3120000000004,4661.373,winter,day3
2025-12-02 14:15:00,2934.0072,4597.7275,winter,day3
2025-12-02 14:20:00,2624.2871999999998,4527.2876,winter,day3
2025-12-02 14:25:00,2740.02,4461.2114,winter,day3
2025-12-02 14:30:00,4219.794,4421.08,winter,day3
2025-12-02 14:35:00,2654.328,4405.3433,winter,day3
2025-12-02 14:40:00,2405.3988,4413.058,winter,day3
2025-12-02 14:45:00,2550.5124,4440.027,winter,day3
2025-12-02 14:50:00,2943.7871999999998,4512.274,winter,day3
2025-12-02 14:55:00,3097.4543999999996,4594.7256,winter,day3
2025-12-02 15:00:00,3536.3184,4923.583,winter,day3
2025-12-02 15:05:00,3761.1816,4993.047,winter,day3
2025-12-02 15:10:00,5736.9144,5045.8696,winter,day3
2025-12-02 15:15:00,3531.6684,5114.932,winter,day3
2025-12-02 15:20:00,3434.8368,5158.1357,winter,day3
2025-12-02 15:25:00,4197.5772,5195.691,winter,day3
2025-12-02 15:30:00,3837.726,5240.7383,winter,day3
2025-12-02 15:35:00,3723.4392,5289.4023,winter,day3
2025-12-02 15:40:00,4281.906,5343.927,winter,day3
2025-12-02 15:45:00,4808.8788,5363.6797,winter,day3
2025-12-02 15:50:00,8003.0748,5386.209,winter,day3
2025-12-02 15:55:00,10921.180799999998,5427.33,winter,day3
2025-12-02 16:00:00,7045.9512,6398.824,winter,day3
2025-12-02 16:05:00,5442.3348,6608.1533,winter,day3
2025-12-02 16:10:00,4902.6432,6891.175,winter,day3
2025-12-02 16:15:00,5564.142,7265.4224,winter,day3
2025-12-02 16:20:00,5172.030000000001,7453.6514,winter,day3
2025-12-02 16:25:00,4569.3876,7486.748,winter,day3
2025-12-02 16:30:00,6030.306,7602.3945,winter,day3
2025-12-02 16:35:00,4963.482,7521.95,winter,day3
2025-12-02 16:40:00,4907.358,7459.688,winter,day3
2025-12-02 16:45:00,4758.9276,7240.746,winter,day3
2025-12-02 16:50:00,5014.9980000000005,6965.65,winter,day3
2025-12-02 16:55:00,4404.9828,6816.3467,winter,day3
2025-12-02 17:00:00,4670.3988,6668.629,winter,day3
2025-12-02 17:05:00,5168.3315999999995,6711.159,winter,day3
2025-12-02 17:10:00,5390.0964,6666.4336,winter,day3
2025-12-02 17:15:00,6159.0216,6602.8145,winter,day3
2025-12-02 17:20:00,4260.8243999999995,6430.5854,winter,day3
2025-12-02 17:25:00,5884.4256000000005,6234.4004,winter,day3
2025-12-02 17:30:00,4307.7312,6131.684,winter,day3
2025-12-02 17:35:00,4909.2768,6064.4272,winter,day3
2025-12-02 17:40:00,4737.6744,6036.646,winter,day3
2025-12-02 17:45:00,4368.9684,6040.002,winter,day3
2025-12-02 17:50:00,4411.5156,6121.8853,winter,day3
2025-12-02 17:55:00,5227.368,6342.6816,winter,day3
2025-12-02 18:00:00,5888.1816,8243.211,winter,day3
2025-12-02 18:05:00,9812.7636,9057.177,winter,day3
2025-12-02 18:10:00,11284.710000000001,9765.743,winter,day3
2025-12-02 18:15:00,11618.9928,9926.867,winter,day3
2025-12-02 18:20:00,10094.826,9531.885,winter,day3
2025-12-02 18:25:00,10502.1132,9014.9375,winter,day3
2025-12-02 18:30:00,12101.6124,8688.578,winter,day3
2025-12-02 18:35:00,9531.9984,8490.411,winter,day3
2025-12-02 18:40:00,10680.1812,8376.133,winter,day3
2025-12-02 18:45:00,12144.138,8114.043,winter,day3
2025-12-02 18:50:00,7109.723999999999,7916.671,winter,day3
2025-12-02 18:55:00,7418.1972000000005,7788.229,winter,day3
2025-12-02 19:00:00,7708.2648,6456.0957,winter,day3
2025-12-02 19:05:00,9314.2776,6140.224,winter,day3
2025-12-02 19:10:00,9864.9504,5771.678,winter,day3
2025-12-02 19:15:00,8999.8596,5362.622,winter,day3
2025-12-02 19:20:00,6535.7339999999995,4981.001,winter,day3
2025-12-02 19:25:00,4100.412,4704.0317,winter,day3
2025-12-02 19:30:00,4550.5188,4550.547,winter,day3
2025-12-02 19:35:00,4494.7788,4474.0947,winter,day3
2025-12-02 19:40:00,3748.4796,4438.997,winter,day3
2025-12-02 19:45:00,5512.9872000000005,4416.9673,winter,day3
2025-12-02 19:50:00,3661.0932000000003,4410.3823,winter,day3
2025-12-02 19:55:00,3563.4252,4400.937,winter,day3
2025-12-02 20:00:00,3712.278,4370.214,winter,day3
2025-12-02 20:05:00,3904.3032,4330.701,winter,day3
2025-12-02 20:10:00,4927.479600000001,4277.094,winter,day3
2025-12-02 20:15:00,3493.1376000000005,4229.2993,winter,day3
2025-12-02 20:20:00,3690.5063999999998,4174.381,winter,day3
2025-12-02 20:25:00,5000.07,4116.25,winter,day3
2025-12-02 20:30:00,3994.9392,4065.8315,winter,day3
2025-12-02 20:35:00,3530.514,4027.567,winter,day3
2025-12-02 20:40:00,4586.4767999999995,3997.5608,winter,day3
2025-12-02 20:45:00,3391.0656000000004,3961.1147,winter,day3
2025-12-02 20:50:00,3483.6696,3930.769,winter,day3
2025-12-02 20:55:00,3330.3588000000004,3889.9504,winter,day3
2025-12-02 21:00:00,3306.4811999999997,3167.8086,winter,day3
2025-12-02 21:05:00,3287.6268000000005,3075.7605,winter,day3
2025-12-02 21:10:00,3172.2275999999997,2964.5125,winter,day3
2025-12-02 21:15:00,3150.8544,2871.7751,winter,day3
2025-12-02 21:20:00,3292.8588000000004,2793.8464,winter,day3
2025-12-02 21:25:00,3413.5824000000002,2735.045,winter,day3
2025-12-02 21:30:00,3162.7932,2692.2444,winter,day3
2025-12-02 21:35:00,2532.1032,2666.4358,winter,day3
2025-12-02 21:40:00,2470.866,2647.918,winter,day3
2025-12-02 21:45:00,2432.8896,2634.2126,winter,day3
2025-12-02 21:50:00,2435.016,2630.5195,winter,day3
2025-12-02 21:55:00,2388.636,2631.0005,winter,day3
2025-12-02 22:00:00,2384.8104,2610.4167,winter,day3
2025-12-02 22:05:00,2335.4088,2606.5886,winter,day3
2025-12-02 22:10:00,2418.3408,2598.4177,winter,day3
2025-12-02 22:15:00,2474.7095999999997,2593.174,winter,day3
2025-12-02 22:20:00,2393.5464,2590.1724,winter,day3
2025-12-02 22:25:00,2419.8024,2591.3535,winter,day3
2025-12-02 22:30:00,2450.4492,2590.5059,winter,day3
2025-12-02 22:35:00,2568.1416,2588.178,winter,day3
2025-12-02 22:40:00,2598.1284,2586.3418,winter,day3
2025-12-02 22:45:00,2508.744,2583.9556,winter,day3
2025-12-02 22:50:00,2466.5652,2586.9797,winter,day3
2025-12-02 22:55:00,2458.7472,2588.1113,winter,day3
2025-12-02 23:00:00,2433.3815999999997,2572.028,winter,day3
2025-12-02 23:05:00,2410.7076,2571.599,winter,day3
2025-12-02 23:10:00,2413.4472,2570.1157,winter,day3
2025-12-02 23:15:00,2412.6312000000003,2573.3574,winter,day3
2025-12-02 23:20:00,2454.2844,2578.3782,winter,day3
2025-12-02 23:25:00,2464.9236,2587.088,winter,day3
2025-12-02 23:30:00,2458.1592,2594.176,winter,day3
2025-12-02 23:35:00,2471.8356,2604.5232,winter,day3
2025-12-02 23:40:00,2516.2943999999998,2613.0925,winter,day3
2025-12-02 23:45:00,2607.6972,2619.543,winter,day3
2025-12-02 23:50:00,2705.5236,2627.9922,winter,day3
2025-12-02 23:55:00,2556.8328,2634.5708,winter,day3
2025-12-16 00:00:00,2537.6531999999997,2525.1272,winter,day4
2025-12-16 00:05:00,2463.0612,2526.6238,winter,day4
2025-12-16 00:10:00,2478.9552,2531.2986,winter,day4
2025-12-16 00:15:00,2475.5952,2533.8699,winter,day4
2025-12-16 00:20:00,2526.93,2544.1565,winter,day4
2025-12-16 00:25:00,2661.3804,2554.0034,winter,day4
2025-12-16 00:30:00,2497.9211999999998,2562.056,winter,day4
2025-12-16 00:35:00,2512.8108,2566.735,winter,day4
2025-12-16 00:40:00,2480.7372,2568.9602,winter,day4
2025-12-16 00:45:00,2447.2524,2571.5303,winter,day4
2025-12-16 00:50:00,2428.0188000000003,2573.2493,winter,day4
2025-12-16 00:55:00,2469.3876,2572.9707,winter,day4
2025-12-16 01:00:00,2464.098,2567.1868,winter,day4
2025-12-16 01:05:00,2487.9096,2571.8206,winter,day4
2025-12-16 01:10:00,2482.6068,2581.2566,winter,day4
2025-12-16 01:15:00,2474.6244,2592.9097,winter,day4
2025-12-16 01:20:00,2426.1996,2615.2676,winter,day4
2025-12-16 01:25:00,2422.1484,2633.0232,winter,day4
2025-12-16 01:30:00,2423.5595999999996,2648.468,winter,day4
2025-12-16 01:35:00,2611.6068000000005,2662.6736,winter,day4
2025-12-16 01:40:00,2671.5756,2677.762,winter,day4
2025-12-16 01:45:00,2519.8584,2689.868,winter,day4
2025-12-16 01:50:00,2502.0,2705.711,winter,day4
2025-12-16 01:55:00,2512.4988,2721.22,winter,day4
2025-12-16 02:00:00,2486.046,2841.913,winter,day4
2025-12-16 02:05:00,2490.7403999999997,2849.2075,winter,day4
2025-12-16 02:10:00,2474.5836,2837.695,winter,day4
2025-12-16 02:15:00,2457.4428,2821.7915,winter,day4
2025-12-16 02:20:00,2506.3812,2817.1301,winter,day4
2025-12-16 02:25:00,2499.4668,2814.5183,winter,day4
2025-12-16 02:30:00,2483.6232,2816.876,winter,day4
2025-12-16 02:35:00,2487.9108,2814.753,winter,day4
2025-12-16 02:40:00,2523.3455999999996,2810.8386,winter,day4
2025-12-16 02:45:00,2520.9156000000003,2809.0625,winter,day4
2025-12-16 02:50:00,2706.6036,2815.3193,winter,day4
2025-12-16 02:55:00,2766.4248,2822.872,winter,day4
2025-12-16 03:00:00,2290.1076000000003,2765.9912,winter,day4
2025-12-16 03:05:00,2421.8496,2782.6143,winter,day4
2025-12-16 03:10:00,2512.548,2789.3013,winter,day4
2025-12-16 03:15:00,2539.3104,2788.353,winter,day4
2025-12-16 03:20:00,2553.546,2774.1606,winter,day4
2025-12-16 03:25:00,2564.2932,2757.0889,winter,day4
2025-12-16 03:30:00,2555.55,2740.5723,winter,day4
2025-12-16 03:35:00,2529.3684000000003,2729.6765,winter,day4
2025-12-16 03:40:00,2524.3296,2718.4714,winter,day4
2025-12-16 03:45:00,2553.1776,2706.026,winter,day4
2025-12-16 03:50:00,2598.0492,2692.8567,winter,day4
2025-12-16 03:55:00,2610.4031999999997,2678.689,winter,day4
2025-12-16 04:00:00,2672.9664000000002,2691.3784,winter,day4
2025-12-16 04:05:00,2769.1476,2684.4685,winter,day4
2025-12-16 04:10:00,2510.9796,2676.6384,winter,day4
2025-12-16 04:15:00,2513.3496,2670.7222,winter,day4
2025-12-16 04:20:00,2461.6572,2664.082,winter,day4
2025-12-16 04:25:00,2454.2832000000003,2660.691,winter,day4
2025-12-16 04:30:00,2431.9415999999997,2658.1724,winter,day4
2025-12-16 04:35:00,2428.5168000000003,2656.3655,winter,day4
2025-12-16 04:40:00,2429.9412,2654.445,winter,day4
2025-12-16 04:45:00,2432.2812,2656.8303,winter,day4
2025-12-16 04:50:00,2449.4688,2658.6636,winter,day4
2025-12-16 04:55:00,2473.9968,2664.4077,winter,day4
2025-12-16 05:00:00,2527.7064,2688.5806,winter,day4
2025-12-16 05:05:00,2551.5227999999997,2695.8704,winter,day4
2025-12-16 05:10:00,2566.3548,2701.5605,winter,day4
2025-12-16 05:15:00,2722.0716,2708.1377,winter,day4
2025-12-16 05:20:00,2673.9900000000002,2711.245,winter,day4
2025-12-16 05:25:00,2507.898,2713.6936,winter,day4
2025-12-16 05:30:00,2523.1512000000002,2712.8894,winter,day4
2025-12-16 05:35:00,2549.0676,2710.342,winter,day4
2025-12-16 05:40:00,2525.4012,2707.2317,winter,day4
2025-12-16 05:45:00,2511.8568,2710.4963,winter,day4
2025-12-16 05:50:00,2513.7456,2714.944,winter,day4
2025-12-16 05:55:00,2576.892,2730.259,winter,day4
2025-12-16 06:00:00,3618.0396,2925.4756,winter,day4
2025-12-16 06:05:00,3193.9272,2993.748,winter,day4
2025-12-16 06:10:00,3056.322,3052.6733,winter,day4
2025-12-16 06:15:00,3188.802,3112.2695,winter,day4
2025-12-16 06:20:00,3320.8584,3158.1184,winter,day4
2025-12-16 06:25:00,3678.6936,3210.9556,winter,day4
2025-12-16 06:30:00,3141.4139999999998,3258.6501,winter,day4
2025-12-16 06:35:00,3588.9756,3318.0242,winter,day4
2025-12-16 06:40:00,3585.9936000000002,3347.5723,winter,day4
2025-12-16 06:45:00,3242.9543999999996,3349.403,winter,day4
2025-12-16 06:50:00,3911.3903999999993,3336.9126,winter,day4
2025-12-16 06:55:00,3752.6135999999997,3321.6904,winter,day4
2025-12-16 07:00:00,3536.4792,3473.897,winter,day4
2025-12-16 07:05:00,3213.9744,3550.1597,winter,day4
2025-12-16 07:10:00,3840.2915999999996,3642.0818,winter,day4
2025-12-16 07:15:00,3452.256,3749.6992,winter,day4
2025-12-16 07:20:00,4289.8572,3867.2542,winter,day4
2025-12-16 07:25:00,3764.9388,4014.9429,winter,day4
2025-12-16 07:30:00,3594.4968,4166.676,winter,day4
2025-12-16 07:35:00,8889.6912,4348.9937,winter,day4
2025-12-16 07:40:00,13350.6684,4506.6377,winter,day4
2025-12-16 07:45:00,8135.238,4564.0913,winter,day4
2025-12-16 07:50:00,7084.504800000001,4609.516,winter,day4
2025-12-16 07:55:00,7205.719200000001,4592.283,winter,day4
2025-12-16 08:00:00,5879.8068,4459.573,winter,day4
2025-12-16 08:05:00,4666.3068,4502.5566,winter,day4
2025-12-16 08:10:00,4394.0808,4496.882,winter,day4
2025-12-16 08:15:00,5070.0396,4500.2544,winter,day4
2025-12-16 08:20:00,5125.4232,4514.358,winter,day4
2025-12-16 08:25:00,4303.0656,4517.215,winter,day4
2025-12-16 08:30:00,4704.1788,4528.0005,winter,day4
2025-12-16 08:35:00,4075.7591999999995,4530.278,winter,day4
2025-12-16 08:40:00,5405.31,4541.7637,winter,day4
2025-12-16 08:45:00,4404.897599999999,4534.319,winter,day4
2025-12-16 08:50:00,4950.6528,4555.1523,winter,day4
2025-12-16 08:55:00,6181.3092,4547.6343,winter,day4
2025-12-16 09:00:00,7122.306,4546.1606,winter,day4
2025-12-16 09:05:00,6685.9908,4549.545,winter,day4
2025-12-16 09:10:00,5233.7771999999995,4516.831,winter,day4
2025-12-16 09:15:00,4153.1268,4502.328,winter,day4
2025-12-16 09:20:00,4161.3144,4508.322,winter,day4
2025-12-16 09:25:00,4026.3971999999994,4521.6113,winter,day4
2025-12-16 09:30:00,5052.306,4545.3022,winter,day4
2025-12-16 09:35:00,4094.2668,4555.5303,winter,day4
2025-12-16 09:40:00,4127.8476,4569.989,winter,day4
2025-12-16 09:45:00,4505.4204,4570.9644,winter,day4
2025-12-16 09:50:00,4041.7356,4589.854,winter,day4
2025-12-16 09:55:00,4273.462799999999,4589.3916,winter,day4
2025-12-16 10:00:00,4452.0552,4578.496,winter,day4
2025-12-16 10:05:00,4339.7004,4583.287,winter,day4
2025-12-16 10:10:00,4576.8612,4551.68,winter,day4
2025-12-16 10:15:00,4096.518,4532.7905,winter,day4
2025-12-16 10:20:00,4990.0284,4521.3867,winter,day4
2025-12-16 10:25:00,4283.2356,4506.6665,winter,day4
2025-12-16 10:30:00,4198.0848,4510.3506,winter,day4
2025-12-16 10:35:00,4275.766799999999,4499.226,winter,day4
2025-12-16 10:40:00,4266.4704,4506.8193,winter,day4
2025-12-16 10:45:00,4146.7356,4508.4062,winter,day4
2025-12-16 10:50:00,4051.476,4538.743,winter,day4
2025-12-16 10:55:00,4008.6924,4548.729,winter,day4
2025-12-16 11:00:00,3833.4636,4559.8193,winter,day4
2025-12-16 11:05:00,3885.5519999999997,4557.6855,winter,day4
2025-12-16 11:10:00,4982.191199999999,4500.491,winter,day4
2025-12-16 11:15:00,4509.4524,4438.592,winter,day4
2025-12-16 11:20:00,5283.576,4360.7104,winter,day4
2025-12-16 11:25:00,5901.5736,4279.6177,winter,day4
2025-12-16 11:30:00,4369.2048,4240.079,winter,day4
2025-12-16 11:35:00,3914.8235999999997,4200.0776,winter,day4
2025-12-16 11:40:00,3608.1084,4196.657,winter,day4
2025-12-16 11:45:00,3877.2612,4190.23,winter,day4
2025-12-16 11:50:00,4029.2700000000004,4225.3965,winter,day4
2025-12-16 11:55:00,3742.668,4224.5537,winter,day4
2025-12-16 12:00:00,6038.3544,4151.6855,winter,day4
2025-12-16 12:05:00,4067.7383999999997,4142.4297,winter,day4
2025-12-16 12:10:00,4482.716399999999,4093.4546,winter,day4
2025-12-16 12:15:00,3729.8424,4056.025,winter,day4
2025-12-16 12:20:00,3680.1672,4022.4316,winter,day4
2025-12-16 12:25:00,3748.7160000000003,3990.4443,winter,day4
2025-12-16 12:30:00,4284.1068,3986.343,winter,day4
2025-12-16 12:35:00,3777.2724000000003,3971.95,winter,day4
2025-12-16 12:40:00,4806.6084,3975.1833,winter,day4
2025-12-16 12:45:00,4121.4264,3962.8809,winter,day4
2025-12-16 12:50:00,3663.7932,3983.1194,winter,day4
2025-12-16 12:55:00,3641.1803999999997,3971.4766,winter,day4
2025-12-16 13:00:00,4079.0616,3953.2612,winter,day4
2025-12-16 13:05:00,5389.7448,3913.4873,winter,day4
2025-12-16 13:10:00,4180.530000000001,3822.415,winter,day4
2025-12-16 13:15:00,3867.5292,3740.5483,winter,day4
2025-12-16 13:20:00,3947.0832,3673.7625,winter,day4
2025-12-16 13:25:00,4291.2084,3610.379,winter,day4
2025-12-16 13:30:00,3750.8556,3577.0923,winter,day4
2025-12-16 13:35:00,3951.222,3531.4583,winter,day4
2025-12-16 13:40:00,3920.4024,3516.4177,winter,day4
2025-12-16 13:45:00,3324.2484000000004,3524.417,winter,day4
2025-12-16 13:50:00,3828.1944000000003,3581.5144,winter,day4
2025-12-16 13:55:00,3311.3136,3642.8945,winter,day4
2025-12-16 14:00:00,3627.4115999999995,3983.1213,winter,day4
2025-12-16 14:05:00,3714.8712,4077.187,winter,day4
2025-12-16 14:10:00,4166.5199999999995,4116.9697,winter,day4
2025-12-16 14:15:00,3917.3808000000004,4147.0317,winter,day4
2025-12-16 14:20:00,5278.9044,4152.5244,winter,day4
2025-12-16 14:25:00,3564.9252,4175.501,winter,day4
2025-12-16 14:30:00,3410.8896,4218.986,winter,day4
2025-12-16 14:35:00,3794.142,4273.663,winter,day4
2025-12-16 14:40:00,4064.0759999999996,4332.2646,winter,day4
2025-12-16 14:45:00,4060.0187999999994,4384.865,winter,day4
2025-12-16 14:50:00,5638.8264,4458.047,winter,day4
2025-12-16 14:55:00,4045.8311999999996,4515.0654,winter,day4
2025-12-16 15:00:00,5577.5988,4869.4736,winter,day4
2025-12-16 15:05:00,5338.7663999999995,4967.2324,winter,day4
2025-12-16 15:10:00,4601.8332,5042.744,winter,day4
2025-12-16 15:15:00,4514.3004,5130.556,winter,day4
2025-12-16 15:20:00,4651.674000000001,5180.0063,winter,day4
2025-12-16 15:25:00,4688.780400000001,5255.113,winter,day4
2025-12-16 15:30:00,5018.646,5338.897,winter,day4
2025-12-16 15:35:00,4649.3124,5433.048,winter,day4
2025-12-16 15:40:00,5036.8956,5502.3135,winter,day4
2025-12-16 15:45:00,6101.222400000001,5553.2383,winter,day4
2025-12-16 15:50:00,5310.1344,5604.743,winter,day4
2025-12-16 15:55:00,5578.8444,5640.715,winter,day4
2025-12-16 16:00:00,6418.926,6583.597,winter,day4
2025-12-16 16:05:00,6934.9872000000005,6862.4395,winter,day4
2025-12-16 16:10:00,5723.4084,7201.6133,winter,day4
2025-12-16 16:15:00,6220.02,7575.8403,winter,day4
2025-12-16 16:20:00,6189.9816,7693.082,winter,day4
2025-12-16 16:25:00,8523.5976,7798.688,winter,day4
2025-12-16 16:30:00,6921.2136,7891.623,winter,day4
2025-12-16 16:35:00,6369.4176,8045.634,winter,day4
2025-12-16 16:40:00,5543.4936,8163.4873,winter,day4
2025-12-16 16:45:00,5541.312,8215.672,winter,day4
2025-12-16 16:50:00,6021.54,8162.4424,winter,day4
2025-12-16 16:55:00,5594.2212,8093.8604,winter,day4
2025-12-16 17:00:00,5404.383599999999,7971.365,winter,day4
2025-12-16 17:05:00,5644.6044,7981.7354,winter,day4
2025-12-16 17:10:00,5346.6396,7810.206,winter,day4
2025-12-16 17:15:00,5382.9756,7485.824,winter,day4
2025-12-16 17:20:00,5437.419599999999,6900.637,winter,day4
2025-12-16 17:25:00,5168.364,6479.578,winter,day4
2025-12-16 17:30:00,4849.17,6272.5073,winter,day4
2025-12-16 17:35:00,4824.846,6180.0903,winter,day4
2025-12-16 17:40:00,4795.218,6180.0283,winter,day4
2025-12-16 17:45:00,4838.4264,6165.8325,winter,day4
2025-12-16 17:50:00,5375.1948,6229.956,winter,day4
2025-12-16 17:55:00,6129.4152,6380.728,winter,day4
2025-12-16 18:00:00,7022.948399999999,6960.8276,winter,day4
2025-12-16 18:05:00,9322.598399999999,7270.7334,winter,day4
2025-12-16 18:10:00,12304.332,7405.9844,winter,day4
2025-12-16 18:15:00,13883.9892,7450.6978,winter,day4
2025-12-16 18:20:00,10606.9176,7169.4688,winter,day4
2025-12-16 18:25:00,11033.883600000001,6866.134,winter,day4
2025-12-16 18:30:00,10770.066,6691.898,winter,day4
2025-12-16 18:35:00,10817.2656,6519.762,winter,day4
2025-12-16 18:40:00,10768.5732,6406.6763,winter,day4
2025-12-16 18:45:00,11083.158,6255.3906,winter,day4
2025-12-16 18:50:00,10502.316,6254.6514,winter,day4
2025-12-16 18:55:00,11726.8764,6298.0776,winter,day4
2025-12-16 19:00:00,9362.4708,5774.062,winter,day4
2025-12-16 19:05:00,8939.4012,5784.8965,winter,day4
2025-12-16 19:10:00,9068.5296,5604.882,winter,day4
2025-12-16 19:15:00,10369.382399999999,5354.035,winter,day4
2025-12-16 19:20:00,4406.4276,5013.6475,winter,day4
2025-12-16 19:25:00,4186.9980000000005,4821.7354,winter,day4
2025-12-16 19:30:00,3759.4103999999998,4766.7124,winter,day4
2025-12-16 19:35:00,3591.4980000000005,4732.57,winter,day4
2025-12-16 19:40:00,3997.8432000000003,4745.2915,winter,day4
2025-12-16 19:45:00,4548.5256,4742.0938,winter,day4
2025-12-16 19:50:00,3994.7388,4787.463,winter,day4
2025-12-16 19:55:00,3709.2588000000005,4795.8296,winter,day4
2025-12-16 20:00:00,3851.6184000000003,4438.9272,winter,day4
2025-12-16 20:05:00,3718.47,4441.8745,winter,day4
2025-12-16 20:10:00,3542.9483999999998,4386.165,winter,day4
2025-12-16 20:15:00,3521.2992,4357.0415,winter,day4
2025-12-16 20:20:00,3372.9900000000002,4326.921,winter,day4
2025-12-16 20:25:00,3389.2332,4296.3877,winter,day4
2025-12-16 20:30:00,3283.4328,4281.3794,winter,day4
2025-12-16 20:35:00,3479.4120000000003,4241.2607,winter,day4
2025-12-16 20:40:00,3745.8095999999996,4221.785,winter,day4
2025-12-16 20:45:00,3636.8256,4180.49,winter,day4
2025-12-16 20:50:00,3511.9475999999995,4175.194,winter,day4
2025-12-16 20:55:00,3160.8300000000004,4134.072,winter,day4
2025-12-16 21:00:00,2850.8544,3875.278,winter,day4
2025-12-16 21:05:00,3042.5196,3827.496,winter,day4
2025-12-16 21:10:00,2641.8276,3727.0442,winter,day4
2025-12-16 21:15:00,2519.262,3652.4834,winter,day4
2025-12-16 21:20:00,2553.0744,3595.382,winter,day4
2025-12-16 21:25:00,2424.522,3537.8726,winter,day4
2025-12-16 21:30:00,2406.6228,3482.8577,winter,day4
2025-12-16 21:35:00,2408.4168,3402.712,winter,day4
2025-12-16 21:40:00,2452.5396,3345.5027,winter,day4
2025-12-16 21:45:00,2527.0487999999996,3292.195,winter,day4
2025-12-16 21:50:00,2566.5407999999998,3298.0837,winter,day4
2025-12-16 21:55:00,2691.1824,3305.4165,winter,day4
2025-12-16 22:00:00,2636.7324,3056.4116,winter,day4
2025-12-16 22:05:00,2519.8163999999997,3117.2993,winter,day4
2025-12-16 22:10:00,2459.0063999999998,3118.3667,winter,day4
2025-12-16 22:15:00,2469.444,3128.1077,winter,day4
2025-12-16 22:20:00,2629.8804,3156.2698,winter,day4
2025-12-16 22:25:00,2411.6412,3182.9492,winter,day4
2025-12-16 22:30:00,2404.7952,3206.1506,winter,day4
2025-12-16 22:35:00,2386.5227999999997,3211.4548,winter,day4
2025-12-16 22:40:00,2356.6524,3237.645,winter,day4
2025-12-16 22:45:00,2410.1699999999996,3254.9985,winter,day4
2025-12-16 22:50:00,2458.6308,3303.0325,winter,day4
2025-12-16 22:55:00,2457.5592,3320.443,winter,day4
2025-12-16 23:00:00,2356.7484,3170.042,winter,day4
2025-12-16 23:05:00,2337.0996,3196.2397,winter,day4
2025-12-16 23:10:00,2441.2511999999997,3190.4517,winter,day4
2025-12-16 23:15:00,2482.1556,3212.3674,winter,day4
2025-12-16 23:20:00,2489.8968,3264.383,winter,day4
2025-12-16 23:25:00,2577.7008,3323.0225,winter,day4
2025-12-16 23:30:00,2728.6416,3411.3152,winter,day4
2025-12-16 23:35:00,2683.764,3507.5146,winter,day4
2025-12-16 23:40:00,2471.9808000000003,3612.8748,winter,day4
2025-12-16 23:45:00,2458.0584,3678.9834,winter,day4
2025-12-16 23:50:00,2508.2268,3739.1,winter,day4
2025-12-16 23:55:00,2562.8736,3784.0623,winter,day4
2025-12-31 00:00:00,3338.9136,2874.405,winter,day5
2025-12-31 00:05:00,3319.3343999999997,2920.9402,winter,day5
2025-12-31 00:10:00,2794.9272,2958.0105,winter,day5
2025-12-31 00:15:00,3241.1208,2985.7605,winter,day5
2025-12-31 00:20:00,2992.0703999999996,3005.7034,winter,day5
2025-12-31 00:25:00,3351.4127999999996,3014.0588,winter,day5
2025-12-31 00:30:00,3351.6444,3029.9866,winter,day5
2025-12-31 00:35:00,2985.12,3044.461,winter,day5
2025-12-31 00:40:00,3308.274,3060.4248,winter,day5
2025-12-31 00:45:00,3283.6752,3062.576,winter,day5
2025-12-31 00:50:00,3266.0256,3063.5107,winter,day5
2025-12-31 00:55:00,3306.7512,3061.3792,winter,day5
2025-12-31 01:00:00,2924.0676,3011.368,winter,day5
2025-12-31 01:05:00,3583.3644,2985.6038,winter,day5
2025-12-31 01:10:00,3572.2008,2936.537,winter,day5
2025-12-31 01:15:00,3407.7563999999998,2878.0667,winter,day5
2025-12-31 01:20:00,3333.2388,2822.8455,winter,day5
2025-12-31 01:25:00,3103.6272,2772.5122,winter,day5
2025-12-31 01:30:00,3114.5016,2741.9873,winter,day5
2025-12-31 01:35:00,2717.7156,2715.687,winter,day5
2025-12-31 01:40:00,2677.3104,2702.0952,winter,day5
2025-12-31 01:45:00,2759.4504,2689.8137,winter,day5
2025-12-31 01:50:00,2732.4624,2684.3586,winter,day5
2025-12-31 01:55:00,2525.8248,2678.1987,winter,day5
2025-12-31 02:00:00,2513.3172,2680.0435,winter,day5
2025-12-31 02:05:00,2507.8452,2678.0083,winter,day5
2025-12-31 02:10:00,2518.17,2671.8313,winter,day5
2025-12-31 02:15:00,2575.4700000000003,2664.2305,winter,day5
2025-12-31 02:20:00,2600.076,2657.214,winter,day5
2025-12-31 02:25:00,2733.7608,2647.2822,winter,day5
2025-12-31 02:30:00,2878.1268,2642.214,winter,day5
2025-12-31 02:35:00,2681.0556,2636.7334,winter,day5
2025-12-31 02:40:00,2654.16,2634.8987,winter,day5
2025-12-31 02:45:00,2642.2284,2632.541,winter,day5
2025-12-31 02:50:00,2643.522,2632.9956,winter,day5
2025-12-31 02:55:00,2711.7408000000005,2630.9824,winter,day5
2025-12-31 03:00:00,2456.0964,2649.8977,winter,day5
2025-12-31 03:05:00,2610.2784,2646.98,winter,day5
2025-12-31 03:10:00,2780.85,2642.7473,winter,day5
2025-12-31 03:15:00,2629.2455999999997,2638.2004,winter,day5
2025-12-31 03:20:00,2558.4924,2635.5874,winter,day5
2025-12-31 03:25:00,2607.1164,2633.7705,winter,day5
2025-12-31 03:30:00,2624.0988,2634.0564,winter,day5
2025-12-31 03:35:00,2653.4604,2634.299,winter,day5
2025-12-31 03:40:00,2596.5335999999998,2635.3018,winter,day5
2025-12-31 03:45:00,2587.9199999999996,2635.318,winter,day5
2025-12-31 03:50:00,2564.3892,2636.4197,winter,day5
2025-12-31 03:55:00,2620.44,2635.1003,winter,day5
2025-12-31 04:00:00,2676.4896,2664.4104,winter,day5
2025-12-31 04:05:00,2725.3512,2661.2944,winter,day5
2025-12-31 04:10:00,2698.3068,2658.2249,winter,day5
2025-12-31 04:15:00,2618.6076000000003,2654.6047,winter,day5
2025-12-31 04:20:00,2582.802,2651.621,winter,day5
2025-12-31 04:25:00,2585.6232,2647.8088,winter,day5
2025-12-31 04:30:00,2729.1276,2645.585,winter,day5
2025-12-31 04:35:00,2707.9440000000004,2643.5461,winter,day5
2025-12-31 04:40:00,2614.2036,2642.3984,winter,day5
2025-12-31 04:45:00,2609.3724,2641.5066,winter,day5
2025-12-31 04:50:00,2532.6348,2642.0486,winter,day5
2025-12-31 04:55:00,2524.2924,2641.2886,winter,day5
2025-12-31 05:00:00,2552.7192,2666.821,winter,day5
2025-12-31 05:05:00,2590.962,2665.548,winter,day5
2025-12-31 05:10:00,2662.6608,2664.2378,winter,day5
2025-12-31 05:15:00,2660.9856,2662.5178,winter,day5
2025-12-31 05:20:00,2644.1448,2662.0166,winter,day5
2025-12-31 05:25:00,2650.6716,2660.4922,winter,day5
2025-12-31 05:30:00,2610.084,2660.7659,winter,day5
2025-12-31 05:35:00,2720.0328,2660.3247,winter,day5
2025-12-31 05:40:00,2779.6992,2662.0344,winter,day5
2025-12-31 05:45:00,2879.2716,2664.1406,winter,day5
2025-12-31 05:50:00,2901.7116,2668.2285,winter,day5
2025-12-31 05:55:00,2602.9991999999997,2671.8684,winter,day5
2025-12-31 06:00:00,2562.9984,2706.6848,winter,day5
2025-12-31 06:05:00,2562.6924,2709.4849,winter,day5
2025-12-31 06:10:00,2514.3912,2712.2927,winter,day5
2025-12-31 06:15:00,2505.2196,2716.52,winter,day5
2025-12-31 06:20:00,2627.9424,2724.2214,winter,day5
2025-12-31 06:25:00,2631.9516,2731.4968,winter,day5
2025-12-31 06:30:00,2570.6196,2743.3403,winter,day5
2025-12-31 06:35:00,2528.904,2753.6768,winter,day5
2025-12-31 06:40:00,2597.9376,2764.6616,winter,day5
2025-12-31 06:45:00,3277.6716,2772.4536,winter,day5
2025-12-31 06:50:00,2724.3419999999996,2784.5266,winter,day5
2025-12-31 06:55:00,3794.3148,2797.391,winter,day5
2025-12-31 07:00:00,3542.3412,3106.7812,winter,day5
2025-12-31 07:05:00,3736.728,3152.3555,winter,day5
2025-12-31 07:10:00,3571.6476000000002,3186.2617,winter,day5
2025-12-31 07:15:00,3651.3527999999997,3234.5625,winter,day5
2025-12-31 07:20:00,3699.6192,3294.9834,winter,day5
2025-12-31 07:25:00,3630.0996,3358.6147,winter,day5
2025-12-31 07:30:00,3662.142,3449.5032,winter,day5
2025-12-31 07:35:00,3685.2119999999995,3541.7922,winter,day5
2025-12-31 07:40:00,3743.3592,3631.8677,winter,day5
2025-12-31 07:45:00,3919.9871999999996,3681.2378,winter,day5
2025-12-31 07:50:00,4016.8248,3755.8682,winter,day5
2025-12-31 07:55:00,3773.514,3818.462,winter,day5
2025-12-31 08:00:00,3514.1724000000004,3802.2837,winter,day5
2025-12-31 08:05:00,3398.4924,3838.1602,winter,day5
2025-12-31 08:10:00,3332.1804,3826.0247,winter,day5
2025-12-31 08:15:00,3295.9188000000004,3834.7383,winter,day5
2025-12-31 08:20:00,3875.2344,3860.7483,winter,day5
2025-12-31 08:25:00,4055.7504,3873.5083,winter,day5
2025-12-31 08:30:00,4329.8328,3937.401,winter,day5
2025-12-31 08:35:00,3847.4483999999998,3990.4834,winter,day5
2025-12-31 08:40:00,3638.88,4056.1619,winter,day5
2025-12-31 08:45:00,4250.6004,4063.2715,winter,day5
2025-12-31 08:50:00,5217.933599999999,4083.3413,winter,day5
2025-12-31 08:55:00,5401.4208,4108.891,winter,day5
2025-12-31 09:00:00,5468.3712,4238.651,winter,day5
2025-12-31 09:05:00,6148.494000000001,4257.7,winter,day5
2025-12-31 09:10:00,5363.1864000000005,4213.7754,winter,day5
2025-12-31 09:15:00,5088.996,4194.148,winter,day5
2025-12-31 09:20:00,4635.3804,4192.6724,winter,day5
2025-12-31 09:25:00,4231.6344,4176.3125,winter,day5
2025-12-31 09:30:00,4401.9384,4197.6763,winter,day5
2025-12-31 09:35:00,4285.6488,4184.336,winter,day5
2025-12-31 09:40:00,4400.7660000000005,4192.97,winter,day5
2025-12-31 09:45:00,10283.52,4176.702,winter,day5
2025-12-31 09:50:00,9461.2608,4185.843,winter,day5
2025-12-31 09:55:00,6320.339999999999,4198.5146,winter,day5
2025-12-31 10:00:00,5219.9544000000005,4132.453,winter,day5
2025-12-31 10:05:00,6990.068399999999,4141.3203,winter,day5
2025-12-31 10:10:00,7397.634000000001,4110.0034,winter,day5
2025-12-31 10:15:00,6904.8912,4098.13,winter,day5
2025-12-31 10:20:00,7039.7004,4106.315,winter,day5
2025-12-31 10:25:00,5734.6788,4095.1016,winter,day5
2025-12-31 10:30:00,4595.825999999999,4123.203,winter,day5
2025-12-31 10:35:00,4877.7708,4123.08,winter,day5
2025-12-31 10:40:00,4928.214,4140.8,winter,day5
2025-12-31 10:45:00,4913.7684,4135.758,winter,day5
2025-12-31 10:50:00,4863.794400000001,4143.6455,winter,day5
2025-12-31 10:55:00,4884.3576,4154.955,winter,day5
2025-12-31 11:00:00,6113.4084,4196.243,winter,day5
2025-12-31 11:05:00,6825.190799999999,4214.3613,winter,day5
2025-12-31 11:10:00,4889.0424,4198.0674,winter,day5
2025-12-31 11:15:00,4561.323600000001,4190.127,winter,day5
2025-12-31 11:20:00,4379.131200000001,4184.453,winter,day5
2025-12-31 11:25:00,4388.6124,4155.008,winter,day5
2025-12-31 11:30:00,4846.6488,4147.9116,winter,day5
2025-12-31 11:35:00,4757.1408,4115.924,winter,day5
2025-12-31 11:40:00,4462.3944,4104.0483,winter,day5
2025-12-31 11:45:00,4755.7464,4087.704,winter,day5
2025-12-31 11:50:00,4390.89,4087.5483,winter,day5
2025-12-31 11:55:00,4404.8412,4089.0334,winter,day5
2025-12-31 12:00:00,5794.1556,4134.485,winter,day5
2025-12-31 12:05:00,4418.346,4139.481,winter,day5
2025-12-31 12:10:00,5056.236,4114.836,winter,day5
2025-12-31 12:15:00,5098.2708,4098.0244,winter,day5
2025-12-31 12:20:00,4206.414,4081.2554,winter,day5
2025-12-31 12:25:00,3740.4792,4053.1982,winter,day5
2025-12-31 12:30:00,4270.369199999999,4053.7993,winter,day5
2025-12-31 12:35:00,3738.846,4037.8677,winter,day5
2025-12-31 12:40:00,3676.3055999999997,4033.016,winter,day5
2025-12-31 12:45:00,3983.2188,4022.7644,winter,day5
2025-12-31 12:50:00,4142.532,4016.0286,winter,day5
2025-12-31 12:55:00,4682.7924,4007.9949,winter,day5
2025-12-31 13:00:00,3651.5472,3899.064,winter,day5
2025-12-31 13:05:00,3380.8475999999996,3883.3428,winter,day5
2025-12-31 13:10:00,3235.3272,3839.4905,winter,day5
2025-12-31 13:15:00,3393.5544,3803.7095,winter,day5
2025-12-31 13:20:00,3722.7455999999997,3771.0898,winter,day5
2025-12-31 13:25:00,3094.4916,3734.3394,winter,day5
2025-12-31 13:30:00,3354.0228,3728.284,winter,day5
2025-12-31 13:35:00,3534.4464,3717.1216,winter,day5
2025-12-31 13:40:00,4910.742,3723.2886,winter,day5
2025-12-31 13:45:00,3182.7648,3730.6006,winter,day5
2025-12-31 13:50:00,3054.1944,3749.6614,winter,day5
2025-12-31 13:55:00,3002.3016000000002,3770.6829,winter,day5
2025-12-31 14:00:00,2984.1696,3771.621,winter,day5
2025-12-31 14:05:00,3174.0047999999997,3796.4946,winter,day5
2025-12-31 14:10:00,3060.2676,3795.553,winter,day5
2025-12-31 14:15:00,3016.8,3806.385,winter,day5
2025-12-31 14:20:00,3024.552,3821.4263,winter,day5
2025-12-31 14:25:00,3008.0016,3832.2205,winter,day5
2025-12-31 14:30:00,2977.5504,3877.1035,winter,day5
2025-12-31 14:35:00,2995.1868,3911.1553,winter,day5
2025-12-31 14:40:00,3277.6440000000002,3961.7969,winter,day5
2025-12-31 14:45:00,3150.348,4007.3696,winter,day5
2025-12-31 14:50:00,3066.4632,4068.7388,winter,day5
2025-12-31 14:55:00,3065.202,4136.5337,winter,day5
2025-12-31 15:00:00,3021.1884,4401.228,winter,day5
2025-12-31 15:05:00,2968.5,4462.5107,winter,day5
2025-12-31 15:10:00,2935.4376,4490.3784,winter,day5
2025-12-31 15:15:00,3112.5912,4539.752,winter,day5
2025-12-31 15:20:00,3107.9436,4590.013,winter,day5
2025-12-31 15:25:00,2957.5236,4639.126,winter,day5
2025-12-31 15:30:00,2978.1096,4734.465,winter,day5
2025-12-31 15:35:00,2978.2392,4806.2334,winter,day5
2025-12-31 15:40:00,2978.1612,4883.598,winter,day5
2025-12-31 15:45:00,2993.9676,4945.6865,winter,day5
2025-12-31 15:50:00,3241.9056,5007.2573,winter,day5
2025-12-31 15:55:00,3256.4268,5078.4775,winter,day5
2025-12-31 16:00:00,3148.1603999999998,5251.898,winter,day5
2025-12-31 16:05:00,3193.7232,5330.7354,winter,day5
2025-12-31 16:10:00,3213.4632,5358.6807,winter,day5
2025-12-31 16:15:00,3326.7936,5398.05,winter,day5
2025-12-31 16:20:00,3319.1495999999997,5405.8286,winter,day5
2025-12-31 16:25:00,3282.486,5388.2627,winter,day5
2025-12-31 16:30:00,3423.804,5431.1787,winter,day5
2025-12-31 16:35:00,3312.3659999999995,5447.2334,winter,day5
2025-12-31 16:40:00,3215.3652,5482.6445,winter,day5
2025-12-31 16:45:00,3342.4656000000004,5526.814,winter,day5
2025-12-31 16:50:00,3411.024,5571.4375,winter,day5
2025-12-31 16:55:00,3581.5235999999995,5647.168,winter,day5
2025-12-31 17:00:00,3520.2288,5708.297,winter,day5
2025-12-31 17:05:00,3353.9616,5717.594,winter,day5
2025-12-31 17:10:00,3362.9724,5605.7583,winter,day5
2025-12-31 17:15:00,3338.9352,5478.891,winter,day5
2025-12-31 17:20:00,3324.5736000000006,5314.2393,winter,day5
2025-12-31 17:25:00,3249.9816,5164.719,winter,day5
2025-12-31 17:30:00,3212.5800000000004,5126.744,winter,day5
2025-12-31 17:35:00,3211.5263999999997,5074.444,winter,day5
2025-12-31 17:40:00,3443.358,5088.226,winter,day5
2025-12-31 17:45:00,3471.1619999999994,5154.423,winter,day5
2025-12-31 17:50:00,3254.922,5258.8687,winter,day5
2025-12-31 17:55:00,3212.4456,5456.309,winter,day5
2025-12-31 18:00:00,3897.6492,7163.933,winter,day5
2025-12-31 18:05:00,6079.2816,8123.0054,winter,day5
2025-12-31 18:10:00,8732.07,8941.773,winter,day5
2025-12-31 18:15:00,10121.2344,9570.765,winter,day5
2025-12-31 18:20:00,10166.0112,9785.826,winter,day5
2025-12-31 18:25:00,9286.32,9820.049,winter,day5
2025-12-31 18:30:00,9876.8364,9985.133,winter,day5
2025-12-31 18:35:00,9728.7576,10034.834,winter,day5
2025-12-31 18:40:00,10754.2644,10039.442,winter,day5
2025-12-31 18:45:00,9422.2032,10005.353,winter,day5
2025-12-31 18:50:00,10060.2228,9859.47,winter,day5
2025-12-31 18:55:00,9426.3576,9785.486,winter,day5
2025-12-31 19:00:00,10228.1712,9761.422,winter,day5
2025-12-31 19:05:00,9329.5824,9565.469,winter,day5
2025-12-31 19:10:00,9846.7392,8952.41,winter,day5
2025-12-31 19:15:00,9757.6764,7980.308,winter,day5
2025-12-31 19:20:00,3601.8120000000004,6496.9727,winter,day5
2025-12-31 19:25:00,2518.1063999999997,5264.263,winter,day5
2025-12-31 19:30:00,2554.3332,4711.1562,winter,day5
2025-12-31 19:35:00,2569.9883999999997,4343.7114,winter,day5
2025-12-31 19:40:00,2584.7196,4168.7725,winter,day5
2025-12-31 19:45:00,2544.3527999999997,4063.1616,winter,day5
2025-12-31 19:50:00,2550.6443999999997,3983.708,winter,day5
2025-12-31 19:55:00,2509.4736000000003,3921.185,winter,day5
2025-12-31 20:00:00,2468.7516,3147.5713,winter,day5
2025-12-31 20:05:00,2578.404,3074.7966,winter,day5
2025-12-31 20:10:00,2585.016,2989.9185,winter,day5
2025-12-31 20:15:00,2491.5156,2919.6582,winter,day5
2025-12-31 20:20:00,2616.33,2867.0872,winter,day5
2025-12-31 20:25:00,2699.3508,2816.4082,winter,day5
2025-12-31 20:30:00,2727.7608,2787.0776,winter,day5
2025-12-31 20:35:00,2821.0836000000004,2760.2612,winter,day5
2025-12-31 20:40:00,2587.2383999999997,2746.2185,winter,day5
2025-12-31 20:45:00,2546.3856,2736.1309,winter,day5
2025-12-31 20:50:00,2522.6184000000003,2732.1428,winter,day5
2025-12-31 20:55:00,2542.3464,2727.8975,winter,day5
2025-12-31 21:00:00,2529.996,2663.4014,winter,day5
2025-12-31 21:05:00,2506.7016,2659.3384,winter,day5
2025-12-31 21:10:00,2507.3232,2652.8748,winter,day5
2025-12-31 21:15:00,2447.2799999999997,2647.089,winter,day5
2025-12-31 21:20:00,2453.8836,2643.65,winter,day5
2025-12-31 21:25:00,2469.5328,2639.9666,winter,day5
2025-12-31 21:30:00,2475.8928,2636.9695,winter,day5
2025-12-31 21:35:00,2655.1764,2635.4443,winter,day5
2025-12-31 21:40:00,2679.09,2634.153,winter,day5
2025-12-31 21:45:00,2519.6688000000004,2631.5571,winter,day5
2025-12-31 21:50:00,2522.1984,2631.7368,winter,day5
2025-12-31 21:55:00,2541.0371999999998,2631.028,winter,day5
2025-12-31 22:00:00,2644.1531999999997,2621.1694,winter,day5
2025-12-31 22:05:00,2618.184,2620.1577,winter,day5
2025-12-31 22:10:00,2623.7676,2619.4807,winter,day5
2025-12-31 22:15:00,2541.876,2619.652,winter,day5
2025-12-31 22:20:00,2579.6711999999998,2621.1719,winter,day5
2025-12-31 22:25:00,2563.0739999999996,2622.9514,winter,day5
2025-12-31 22:30:00,2559.7188,2622.9612,winter,day5
2025-12-31 22:35:00,2531.4911999999995,2625.2505,winter,day5
2025-12-31 22:40:00,2508.1008,2627.2583,winter,day5
2025-12-31 22:45:00,2500.602,2628.9697,winter,day5
2025-12-31 22:50:00,2753.952,2635.3223,winter,day5
2025-12-31 22:55:00,2793.0588,2640.9597,winter,day5
2025-12-31 23:00:00,2577.3888,2634.8767,winter,day5
2025-12-31 23:05:00,2533.2312,2640.3208,winter,day5
2025-12-31 23:10:00,2484.7104,2647.2686,winter,day5
2025-12-31 23:15:00,2511.4008000000003,2657.0547,winter,day5
2025-12-31 23:20:00,2530.2252,2671.3635,winter,day5
2025-12-31 23:25:00,2549.9352,2687.456,winter,day5
2025-12-31 23:30:00,2534.6004000000003,2707.6091,winter,day5
2025-12-31 23:35:00,2584.8216,2730.691,winter,day5
2025-12-31 23:40:00,2595.6192,2757.2815,winter,day5
2025-12-31 23:45:00,2565.9672,2780.136,winter,day5
2025-12-31 23:50:00,2620.8684000000003,2814.2996,winter,day5
2025-12-31 23:55:00,2719.3668000000002,2851.3477,winter,day5
2025-06-01 00:00:00,2526.7452000000003,2428.8308,summer,day1
2025-06-01 00:05:00,2463.0612,2431.399,summer,day1
2025-06-01 00:10:00,2445.3624,2434.5977,summer,day1
2025-06-01 00:15:00,2434.8624,2437.401,summer,day1
2025-06-01 00:20:00,2444.8836,2442.0188,summer,day1
2025-06-01 00:25:00,2443.6536,2448.6504,summer,day1
2025-06-01 00:30:00,2400.8712,2459.6746,summer,day1
2025-06-01 00:35:00,2397.0864,2470.0442,summer,day1
2025-06-01 00:40:00,2408.7204,2477.962,summer,day1
2025-06-01 00:45:00,2576.5236,2481.2747,summer,day1
2025-06-01 00:50:00,2515.4268,2480.1755,summer,day1
2025-06-01 00:55:00,2153.4936000000002,2477.0947,summer,day1
2025-06-01 01:00:00,2206.2684,2484.083,summer,day1
2025-06-01 01:05:00,2483.8824,2477.5977,summer,day1
2025-06-01 01:10:00,2487.558,2474.3308,summer,day1
2025-06-01 01:15:00,2458.3416,2472.1116,summer,day1
2025-06-01 01:20:00,2445.9036,2471.3752,summer,day1
2025-06-01 01:25:00,2436.6744,2470.564,summer,day1
2025-06-01 01:30:00,2437.7196,2471.1978,summer,day1
2025-06-01 01:35:00,2587.3559999999998,2472.0637,summer,day1
2025-06-01 01:40:00,2479.992,2473.622,summer,day1
2025-06-01 01:45:00,2388.192,2476.2766,summer,day1
2025-06-01 01:50:00,2394.2076,2479.6055,summer,day1
2025-06-01 01:55:00,2490.8304,2483.9038,summer,day1
2025-06-01 02:00:00,2550.2843999999996,2500.2266,summer,day1
2025-06-01 02:05:00,2232.5172,2498.6606,summer,day1
2025-06-01 02:10:00,2317.0955999999996,2496.6113,summer,day1
2025-06-01 02:15:00,2408.6268,2493.642,summer,day1
2025-06-01 02:20:00,2410.9224,2490.397,summer,day1
2025-06-01 02:25:00,2668.9451999999997,2486.9038,summer,day1
2025-06-01 02:30:00,2585.2272000000003,2484.4043,summer,day1
2025-06-01 02:35:00,2479.1099999999997,2482.5608,summer,day1
2025-06-01 02:40:00,2463.4188,2481.462,summer,day1
2025-06-01 02:45:00,2463.426,2480.7805,summer,day1
2025-06-01 02:50:00,2449.2504,2481.277,summer,day1
2025-06-01 02:55:00,2430.3516,2481.7583,summer,day1
2025-06-01 03:00:00,2278.2048,2474.8445,summer,day1
2025-06-01 03:05:00,2049.5772,2474.2393,summer,day1
2025-06-01 03:10:00,2396.1804,2474.4849,summer,day1
2025-06-01 03:15:00,2571.4836,2474.7068,summer,day1
2025-06-01 03:20:00,2472.3228,2475.1035,summer,day1
2025-06-01 03:25:00,2364.7223999999997,2475.8955,summer,day1
2025-06-01 03:30:00,2362.8804,2477.1558,summer,day1
2025-06-01 03:35:00,2403.0744,2477.7239,summer,day1
2025-06-01 03:40:00,2472.7284,2476.7393,summer,day1
2025-06-01 03:45:00,2457.0335999999998,2474.2607,summer,day1
2025-06-01 03:50:00,2505.8808,2471.133,summer,day1
2025-06-01 03:55:00,2628.3024,2467.4214,summer,day1
2025-06-01 04:00:00,2548.8804,2456.573,summer,day1
2025-06-01 04:05:00,2958.8952,2453.9229,summer,day1
2025-06-01 04:10:00,2742.2664,2452.759,summer,day1
2025-06-01 04:15:00,2707.5528,2451.7996,summer,day1
2025-06-01 04:20:00,2519.6711999999998,2450.3335,summer,day1
2025-06-01 04:25:00,2526.5076,2448.5713,summer,day1
2025-06-01 04:30:00,2333.9604,2445.6943,summer,day1
2025-06-01 04:35:00,2619.3684000000003,2442.581,summer,day1
2025-06-01 04:40:00,2623.7064,2436.8906,summer,day1
2025-06-01 04:45:00,2598.2364000000002,2429.877,summer,day1
2025-06-01 04:50:00,2679.3684000000003,2423.3057,summer,day1
2025-06-01 04:55:00,2428.9248,2417.8503,summer,day1
2025-06-01 05:00:00,2514.702,2409.9905,summer,day1
2025-06-01 05:05:00,2484.4308,2409.1404,summer,day1
2025-06-01 05:10:00,2354.9424,2410.0762,summer,day1
2025-06-01 05:15:00,2305.1148000000003,2410.6624,summer,day1
2025-06-01 05:20:00,2247.9636,2410.1187,summer,day1
2025-06-01 05:25:00,2213.5667999999996,2407.9524,summer,day1
2025-06-01 05:30:00,2216.1144,2404.2632,summer,day1
2025-06-01 05:35:00,2200.464,2399.9387,summer,day1
2025-06-01 05:40:00,2392.1304,2394.2993,summer,day1
2025-06-01 05:45:00,2271.996,2388.096,summer,day1
2025-06-01 05:50:00,1770.0084,2382.5808,summer,day1
2025-06-01 05:55:00,2016.8064,2377.6338,summer,day1
2025-06-01 06:00:00,2133.8292,2371.893,summer,day1
2025-06-01 06:05:00,2130.4919999999997,2370.036,summer,day1
2025-06-01 06:10:00,2230.986,2370.769,summer,day1
2025-06-01 06:15:00,2238.2808,2372.705,summer,day1
2025-06-01 06:20:00,2225.3784,2376.6262,summer,day1
2025-06-01 06:25:00,2329.7064,2382.1829,summer,day1
2025-06-01 06:30:00,2475.1596,2388.5713,summer,day1
2025-06-01 06:35:00,2459.2691999999997,2394.329,summer,day1
2025-06-01 06:40:00,2403.2580000000003,2395.4429,summer,day1
2025-06-01 06:45:00,2256.264,2391.2693,summer,day1
2025-06-01 06:50:00,1824.366,2385.2395,summer,day1
2025-06-01 06:55:00,2134.1207999999997,2379.7646,summer,day1
2025-06-01 07:00:00,2114.7612,2455.3784,summer,day1
2025-06-01 07:05:00,2258.0135999999998,2476.2922,summer,day1
2025-06-01 07:10:00,2336.9784,2510.8455,summer,day1
2025-06-01 07:15:00,2308.5888,2560.4673,summer,day1
2025-06-01 07:20:00,2138.7804,2627.4004,summer,day1
2025-06-01 07:25:00,2185.3416,2724.1096,summer,day1
2025-06-01 07:30:00,2207.0724,2842.6821,summer,day1
2025-06-01 07:35:00,2170.8455999999996,3021.4531,summer,day1
2025-06-01 07:40:00,2332.9175999999998,3186.9973,summer,day1
2025-06-01 07:45:00,2384.088,3317.6365,summer,day1
2025-06-01 07:50:00,2123.6772,3411.9058,summer,day1
2025-06-01 07:55:00,1838.58,3449.8535,summer,day1
2025-06-01 08:00:00,2112.7272000000003,3247.4722,summer,day1
2025-06-01 08:05:00,2153.328,3262.791,summer,day1
2025-06-01 08:10:00,2160.3684000000003,3276.1548,summer,day1
2025-06-01 08:15:00,2475.5544,3307.5225,summer,day1
2025-06-01 08:20:00,2394.636,3333.0042,summer,day1
2025-06-01 08:25:00,2184.186,3376.7632,summer,day1
2025-06-01 08:30:00,2254.5948,3390.7861,summer,day1
2025-06-01 08:35:00,2363.4900000000002,3432.1426,summer,day1
2025-06-01 08:40:00,2342.436,3449.9905,summer,day1
2025-06-01 08:45:00,2388.0108,3485.4175,summer,day1
2025-06-01 08:50:00,2300.2776000000003,3534.2354,summer,day1
2025-06-01 08:55:00,2314.1412,3560.979,summer,day1
2025-06-01 09:00:00,2255.1216,3844.811,summer,day1
2025-06-01 09:05:00,2313.3948,3846.8252,summer,day1
2025-06-01 09:10:00,2415.1488,3829.6294,summer,day1
2025-06-01 09:15:00,2218.5576,3823.9626,summer,day1
2025-06-01 09:20:00,2022.6299999999999,3821.959,summer,day1
2025-06-01 09:25:00,2324.4804,3835.0574,summer,day1
2025-06-01 09:30:00,2429.7347999999997,3838.2808,summer,day1
2025-06-01 09:35:00,2425.4712,3861.3167,summer,day1
2025-06-01 09:40:00,2634.6984,3867.0525,summer,day1
2025-06-01 09:45:00,2589.936,3881.0918,summer,day1
2025-06-01 09:50:00,2985.9504,3902.6372,summer,day1
2025-06-01 09:55:00,3118.7580000000003,3927.102,summer,day1
2025-06-01 10:00:00,3145.3296,4274.962,summer,day1
2025-06-01 10:05:00,3000.0155999999997,4298.996,summer,day1
2025-06-01 10:10:00,3243.4548000000004,4301.3403,summer,day1
2025-06-01 10:15:00,3048.8723999999997,4299.741,summer,day1
2025-06-01 10:20:00,3718.5312,4298.884,summer,day1
2025-06-01 10:25:00,5525.8536,4309.5503,summer,day1
2025-06-01 10:30:00,5728.9068,4321.1973,summer,day1
2025-06-01 10:35:00,4920.803999999999,4348.356,summer,day1
2025-06-01 10:40:00,4729.0068,4346.411,summer,day1
2025-06-01 10:45:00,3853.2576,4342.819,summer,day1
2025-06-01 10:50:00,2675.8728,4329.2246,summer,day1
2025-06-01 10:55:00,2582.5896,4313.118,summer,day1
2025-06-01 11:00:00,2453.0532,4179.8223,summer,day1
2025-06-01 11:05:00,2372.7012,4175.3555,summer,day1
2025-06-01 11:10:00,2824.2048,4176.342,summer,day1
2025-06-01 11:15:00,2350.6644,4189.737,summer,day1
2025-06-01 11:20:00,2357.4336,4212.4307,summer,day1
2025-06-01 11:25:00,2379.8388,4232.6724,summer,day1
2025-06-01 11:30:00,2499.0504,4238.4077,summer,day1
2025-06-01 11:35:00,2567.2272000000003,4245.7573,summer,day1
2025-06-01 11:40:00,2478.8772,4227.8345,summer,day1
2025-06-01 11:45:00,2295.3540000000003,4226.491,summer,day1
2025-06-01 11:50:00,3115.3415999999997,4229.899,summer,day1
2025-06-01 11:55:00,3889.0332000000003,4238.1157,summer,day1
2025-06-01 12:00:00,3719.8884,4378.4,summer,day1
2025-06-01 12:05:00,3485.3304000000003,4397.898,summer,day1
2025-06-01 12:10:00,2500.02,4411.1533,summer,day1
2025-06-01 12:15:00,2617.29,4429.897,summer,day1
2025-06-01 12:20:00,2718.5292,4450.676,summer,day1
2025-06-01 12:25:00,2607.4476,4468.098,summer,day1
2025-06-01 12:30:00,2617.8552,4466.785,summer,day1
2025-06-01 12:35:00,2815.4244,4461.29,summer,day1
2025-06-01 12:40:00,4412.1384,4420.45,summer,day1
2025-06-01 12:45:00,2853.0396,4372.876,summer,day1
2025-06-01 12:50:00,2855.496,4306.8447,summer,day1
2025-06-01 12:55:00,2674.8887999999997,4227.6846,summer,day1
2025-06-01 13:00:00,2721.9348,3570.8184,summer,day1
2025-06-01 13:05:00,2948.1132,3528.9824,summer,day1
2025-06-01 13:10:00,2809.6452,3493.1897,summer,day1
2025-06-01 13:15:00,2726.0027999999998,3461.8713,summer,day1
2025-06-01 13:20:00,2850.1968,3437.313,summer,day1
2025-06-01 13:25:00,3645.504,3405.938,summer,day1
2025-06-01 13:30:00,2543.5356,3367.7417,summer,day1
2025-06-01 13:35:00,2949.6636000000003,3338.1633,summer,day1
2025-06-01 13:40:00,2862.3936000000003,3293.6018,summer,day1
2025-06-01 13:45:00,3786.2771999999995,3255.8733,summer,day1
2025-06-01 13:50:00,3468.108,3225.5132,summer,day1
2025-06-01 13:55:00,2655.426,3197.0168,summer,day1
2025-06-01 14:00:00,2680.296,3043.4053,summer,day1
2025-06-01 14:05:00,2841.2519999999995,3026.3137,summer,day1
2025-06-01 14:10:00,2700.8604,3012.2495,summer,day1
2025-06-01 14:15:00,2827.1531999999997,3003.3708,summer,day1
2025-06-01 14:20:00,2387.9148,3001.1042,summer,day1
2025-06-01 14:25:00,2899.1928,2998.6543,summer,day1
2025-06-01 14:30:00,2663.7648,2993.1738,summer,day1
2025-06-01 14:35:00,2387.2248,2997.867,summer,day1
2025-06-01 14:40:00,4273.9836000000005,2997.2427,summer,day1
2025-06-01 14:45:00,2890.9271999999996,3001.7314,summer,day1
2025-06-01 14:50:00,2668.7364000000002,3015.8416,summer,day1
2025-06-01 14:55:00,3903.7128,3030.8828,summer,day1
2025-06-01 15:00:00,2540.7792,2976.7993,summer,day1
2025-06-01 15:05:00,2755.254,2997.8806,summer,day1
2025-06-01 15:10:00,2635.0212,3022.1384,summer,day1
2025-06-01 15:15:00,2438.8092,3052.895,summer,day1
2025-06-01 15:20:00,2891.064,3085.3018,summer,day1
2025-06-01 15:25:00,3213.5328,3119.6836,summer,day1
2025-06-01 15:30:00,3069.1188,3148.8367,summer,day1
2025-06-01 15:35:00,2916.8148,3209.2288,summer,day1
2025-06-01 15:40:00,2681.3484,3259.964,summer,day1
2025-06-01 15:45:00,2591.9196,3320.6558,summer,day1
2025-06-01 15:50:00,2534.0412,3393.6975,summer,day1
2025-06-01 15:55:00,2495.9292,3458.2896,summer,day1
2025-06-01 16:00:00,2491.0932000000003,3332.9546,summer,day1
2025-06-01 16:05:00,2664.2856,3384.3572,summer,day1
2025-06-01 16:10:00,2811.6516,3430.6606,summer,day1
2025-06-01 16:15:00,3117.8592,3486.9841,summer,day1
2025-06-01 16:20:00,4169.6952,3549.878,summer,day1
2025-06-01 16:25:00,2414.3124,3622.4,summer,day1
2025-06-01 16:30:00,2393.514,3679.98,summer,day1
2025-06-01 16:35:00,2857.5096000000003,3766.3943,summer,day1
2025-06-01 16:40:00,4026.078,3807.6267,summer,day1
2025-06-01 16:45:00,2541.4656000000004,3844.3232,summer,day1
2025-06-01 16:50:00,2174.7504,3885.4749,summer,day1
2025-06-01 16:55:00,2387.6387999999997,3917.6619,summer,day1
2025-06-01 17:00:00,2397.7716,3978.9004,summer,day1
2025-06-01 17:05:00,2432.6843999999996,3981.9668,summer,day1
2025-06-01 17:10:00,2457.018,3962.1172,summer,day1
2025-06-01 17:15:00,2702.7419999999997,3948.548,summer,day1
2025-06-01 17:20:00,4379.1444,3943.8093,summer,day1
2025-06-01 17:25:00,3323.6051999999995,3955.0247,summer,day1
2025-06-01 17:30:00,2690.2488,3962.0842,summer,day1
2025-06-01 17:35:00,2122.3416,4006.1426,summer,day1
2025-06-01 17:40:00,2711.0268,4026.7632,summer,day1
2025-06-01 17:45:00,2545.4892,4049.8323,summer,day1
2025-06-01 17:50:00,2521.1124,4075.746,summer,day1
2025-06-01 17:55:00,2543.04,4093.8523,summer,day1
2025-06-01 18:00:00,2570.8884000000003,4275.0312,summer,day1
2025-06-01 18:05:00,2498.3952,4270.133,summer,day1
2025-06-01 18:10:00,2600.8848,4245.416,summer,day1
2025-06-01 18:15:00,2658.8952,4231.162,summer,day1
2025-06-01 18:20:00,2163.9036,4231.6885,summer,day1
2025-06-01 18:25:00,2102.6904,4251.671,summer,day1
2025-06-01 18:30:00,2507.7168,4277.039,summer,day1
2025-06-01 18:35:00,3421.4592000000002,4320.263,summer,day1
2025-06-01 18:40:00,2807.2884,4322.209,summer,day1
2025-06-01 18:45:00,2499.4464,4299.766,summer,day1
2025-06-01 18:50:00,2503.9452,4253.3623,summer,day1
2025-06-01 18:55:00,2464.7424,4191.966,summer,day1
2025-06-01 19:00:00,2600.79,3612.7458,summer,day1
2025-06-01 19:05:00,3695.5464,3571.9946,summer,day1
2025-06-01 19:10:00,2330.4816,3537.2197,summer,day1
2025-06-01 19:15:00,4419.794400000001,3515.6523,summer,day1
2025-06-01 19:20:00,3815.7084000000004,3504.3613,summer,day1
2025-06-01 19:25:00,2421.7824,3496.2153,summer,day1
2025-06-01 19:30:00,2543.9724,3485.1736,summer,day1
2025-06-01 19:35:00,2655.9828,3482.4973,summer,day1
2025-06-01 19:40:00,2640.4056,3467.2925,summer,day1
2025-06-01 19:45:00,2566.278,3451.373,summer,day1
2025-06-01 19:50:00,3982.7364000000002,3436.5117,summer,day1
2025-06-01 19:55:00,2547.8172,3419.734,summer,day1
2025-06-01 20:00:00,2575.1304,3249.9614,summer,day1
2025-06-01 20:05:00,2425.5816,3232.3643,summer,day1
2025-06-01 20:10:00,2405.0676,3211.649,summer,day1
2025-06-01 20:15:00,2391.6888,3196.4507,summer,day1
2025-06-01 20:20:00,2529.078,3182.5474,summer,day1
2025-06-01 20:25:00,2718.7656,3170.443,summer,day1
2025-06-01 20:30:00,2516.5908,3158.572,summer,day1
2025-06-01 20:35:00,2565.996,3157.5828,summer,day1
2025-06-01 20:40:00,2844.4092,3155.4011,summer,day1
2025-06-01 20:45:00,2795.7275999999997,3156.2847,summer,day1
2025-06-01 20:50:00,3136.416,3156.7502,summer,day1
2025-06-01 20:55:00,2801.3436,3150.0361,summer,day1
2025-06-01 21:00:00,3487.9380000000006,3078.1904,summer,day1
2025-06-01 21:05:00,5444.5428,3052.735,summer,day1
2025-06-01 21:10:00,2689.6331999999998,3023.3735,summer,day1
2025-06-01 21:15:00,2623.1232,2996.111,summer,day1
2025-06-01 21:20:00,2600.0004,2966.48,summer,day1
2025-06-01 21:25:00,2670.3216,2937.3982,summer,day1
2025-06-01 21:30:00,2692.434,2907.6323,summer,day1
2025-06-01 21:35:00,2714.4372,2880.798,summer,day1
2025-06-01 21:40:00,2700.2760000000003,2851.9785,summer,day1
2025-06-01 21:45:00,3052.0656,2823.8198,summer,day1
2025-06-01 21:50:00,3078.2484,2798.0603,summer,day1
2025-06-01 21:55:00,3035.1684,2772.8032,summer,day1
2025-06-01 22:00:00,2783.4648,2560.7615,summer,day1
2025-06-01 22:05:00,2785.8815999999997,2551.4963,summer,day1
2025-06-01 22:10:00,4259.868,2546.0127,summer,day1
2025-06-01 22:15:00,2610.0072,2542.0864,summer,day1
2025-06-01 22:20:00,2425.2203999999997,2539.4448,summer,day1
2025-06-01 22:25:00,2425.6223999999997,2535.9824,summer,day1
2025-06-01 22:30:00,2810.292,2533.294,summer,day1
2025-06-01 22:35:00,2570.988,2528.873,summer,day1
2025-06-01 22:40:00,2472.0468,2525.172,summer,day1
2025-06-01 22:45:00,2311.9932,2521.3447,summer,day1
2025-06-01 22:50:00,2304.8507999999997,2518.4521,summer,day1
2025-06-01 22:55:00,2339.7288,2516.8364,summer,day1
2025-06-01 23:00:00,2386.2048,2500.9072,summer,day1
2025-06-01 23:05:00,2396.2596000000003,2500.2363,summer,day1
2025-06-01 23:10:00,2407.5312,2501.0557,summer,day1
2025-06-01 23:15:00,2741.9652,2501.1882,summer,day1
2025-06-01 23:20:00,2382.4175999999998,2501.021,summer,day1
2025-06-01 23:25:00,3181.968,2499.412,summer,day1
2025-06-01 23:30:00,3738.246,2498.3062,summer,day1
2025-06-01 23:35:00,2528.7792,2496.4375,summer,day1
2025-06-01 23:40:00,2630.2608,2495.9048,summer,day1
2025-06-01 23:45:00,2449.3128,2495.4985,summer,day1
2025-06-01 23:50:00,2401.1412,2496.1992,summer,day1
2025-06-01 23:55:00,2395.2372,2497.216,summer,day1
2025-06-24 00:00:00,2356.5696,2622.214,summer,day2
2025-06-24 00:05:00,2411.358,2626.5957,summer,day2
2025-06-24 00:10:00,2821.9272,2632.9822,summer,day2
2025-06-24 00:15:00,2831.8404,2643.0273,summer,day2
2025-06-24 00:20:00,2597.4588,2649.6733,summer,day2
2025-06-24 00:25:00,2563.5384000000004,2655.2017,summer,day2
2025-06-24 00:30:00,3407.8908,2661.437,summer,day2
2025-06-24 00:35:00,2765.4792,2673.75,summer,day2
2025-06-24 00:40:00,2452.8432000000003,2678.8193,summer,day2
2025-06-24 00:45:00,2434.3848000000003,2679.0156,summer,day2
2025-06-24 00:50:00,2451.7644,2679.602,summer,day2
2025-06-24 00:55:00,2130.21,2679.2593,summer,day2
2025-06-24 01:00:00,2233.194,2686.1465,summer,day2
2025-06-24 01:05:00,3605.7839999999997,2686.7402,summer,day2
2025-06-24 01:10:00,2808.7475999999997,2688.7925,summer,day2
2025-06-24 01:15:00,2943.5292,2694.5386,summer,day2
2025-06-24 01:20:00,2578.9368,2698.5874,summer,day2
2025-06-24 01:25:00,2534.5584,2698.5044,summer,day2
2025-06-24 01:30:00,2113.9812,2698.8877,summer,day2
2025-06-24 01:35:00,2514.7836,2702.7012,summer,day2
2025-06-24 01:40:00,2447.6808,2699.6265,summer,day2
2025-06-24 01:45:00,2441.1288,2692.666,summer,day2
2025-06-24 01:50:00,2577.3671999999997,2689.4172,summer,day2
2025-06-24 01:55:00,2676.3347999999996,2688.5537,summer,day2
2025-06-24 02:00:00,2500.8156000000004,2696.0186,summer,day2
2025-06-24 02:05:00,2388.3792000000003,2693.891,summer,day2
2025-06-24 02:10:00,2485.8072,2690.819,summer,day2
2025-06-24 02:15:00,2500.4004,2692.1858,summer,day2
2025-06-24 02:20:00,2470.71,2691.1042,summer,day2
2025-06-24 02:25:00,3962.8644,2687.25,summer,day2
2025-06-24 02:30:00,2498.4768,2684.3752,summer,day2
2025-06-24 02:35:00,2558.0376,2684.413,summer,day2
2025-06-24 02:40:00,2158.6176,2678.5586,summer,day2
2025-06-24 02:45:00,2369.4336,2673.0146,summer,day2
2025-06-24 02:50:00,2774.3916,2671.5952,summer,day2
2025-06-24 02:55:00,2358.1403999999998,2671.0334,summer,day2
2025-06-24 03:00:00,2350.6272,2684.1282,summer,day2
2025-06-24 03:05:00,2805.0072,2682.9246,summer,day2
2025-06-24 03:10:00,2867.67,2682.03,summer,day2
2025-06-24 03:15:00,2564.4936000000002,2685.176,summer,day2
2025-06-24 03:20:00,2998.6512,2684.5557,summer,day2
2025-06-24 03:25:00,2742.8676,2679.8406,summer,day2
2025-06-24 03:30:00,2620.1232,2676.731,summer,day2
2025-06-24 03:35:00,2824.1856,2677.25,summer,day2
2025-06-24 03:40:00,2424.4332000000004,2673.0967,summer,day2
2025-06-24 03:45:00,3818.7059999999997,2669.004,summer,day2
2025-06-24 03:50:00,1940.8883999999998,2666.098,summer,day2
2025-06-24 03:55:00,2519.2560000000003,2660.9187,summer,day2
2025-06-24 04:00:00,2640.1248,2680.4404,summer,day2
2025-06-24 04:05:00,2472.1752,2670.2075,summer,day2
2025-06-24 04:10:00,2479.2708,2661.0713,summer,day2
2025-06-24 04:15:00,2458.1256000000003,2655.17,summer,day2
2025-06-24 04:20:00,2945.9124,2646.3042,summer,day2
2025-06-24 04:25:00,1830.9707999999998,2630.4324,summer,day2
2025-06-24 04:30:00,2352.888,2616.464,summer,day2
2025-06-24 04:35:00,2333.8559999999998,2606.4353,summer,day2
2025-06-24 04:40:00,2529.5676,2594.2795,summer,day2
2025-06-24 04:45:00,2345.9615999999996,2585.1448,summer,day2
2025-06-24 04:50:00,2276.46,2581.3135,summer,day2
2025-06-24 04:55:00,2291.118,2580.6523,summer,day2
2025-06-24 05:00:00,3367.95,2559.6824,summer,day2
2025-06-24 05:05:00,2908.398,2562.001,summer,day2
2025-06-24 05:10:00,2540.8356,2569.232,summer,day2
2025-06-24 05:15:00,2495.7576,2581.8042,summer,day2
2025-06-24 05:20:00,2464.8887999999997,2596.6406,summer,day2
2025-06-24 05:25:00,2481.648,2602.6821,summer,day2
2025-06-24 05:30:00,2339.3903999999998,2608.8662,summer,day2
2025-06-24 05:35:00,1834.0224000000003,2619.3286,summer,day2
2025-06-24 05:40:00,2187.312,2627.612,summer,day2
2025-06-24 05:45:00,2216.6675999999998,2621.7083,summer,day2
2025-06-24 05:50:00,2267.7648,2607.9143,summer,day2
2025-06-24 05:55:00,2734.9883999999997,2600.435,summer,day2
2025-06-24 06:00:00,2195.4792,2671.866,summer,day2
2025-06-24 06:05:00,2311.0451999999996,2675.807,summer,day2
2025-06-24 06:10:00,2231.256,2680.1833,summer,day2
2025-06-24 06:15:00,2256.5316,2694.6104,summer,day2
2025-06-24 06:20:00,3915.5832,2723.3884,summer,day2
2025-06-24 06:25:00,2262.4116000000004,2755.6646,summer,day2
2025-06-24 06:30:00,2237.8740000000003,2808.2583,summer,day2
2025-06-24 06:35:00,2517.7056000000002,2917.4763,summer,day2
2025-06-24 06:40:00,2973.66,3109.6377,summer,day2
2025-06-24 06:45:00,2641.7376,3223.4497,summer,day2
2025-06-24 06:50:00,2818.2924,3209.45,summer,day2
2025-06-24 06:55:00,3222.3311999999996,3170.0762,summer,day2
2025-06-24 07:00:00,3169.374,3470.341,summer,day2
2025-06-24 07:05:00,2716.782,3538.9036,summer,day2
2025-06-24 07:10:00,2466.1644,3636.55,summer,day2
2025-06-24 07:15:00,2439.5088,3781.0515,summer,day2
2025-06-24 07:20:00,2492.7756,3951.8267,summer,day2
2025-06-24 07:25:00,2633.3292,4154.528,summer,day2
2025-06-24 07:30:00,3860.7888,4534.382,summer,day2
2025-06-24 07:35:00,12758.3508,5447.448,summer,day2
2025-06-24 07:40:00,13033.7784,7011.9375,summer,day2
2025-06-24 07:45:00,10706.01,7834.7373,summer,day2
2025-06-24 07:50:00,4031.3784,7501.1235,summer,day2
2025-06-24 07:55:00,4538.0664,6759.8423,summer,day2
2025-06-24 08:00:00,5770.6068,5444.7944,summer,day2
2025-06-24 08:05:00,6086.1528,5300.613,summer,day2
2025-06-24 08:10:00,4450.2888,5195.327,summer,day2
2025-06-24 08:15:00,4173.3096,5190.179,summer,day2
2025-06-24 08:20:00,5067.804,5277.441,summer,day2
2025-06-24 08:25:00,4492.3512,5378.7476,summer,day2
2025-06-24 08:30:00,4050.0384,5486.714,summer,day2
2025-06-24 08:35:00,5833.9800000000005,5785.478,summer,day2
2025-06-24 08:40:00,4507.8888,6313.025,summer,day2
2025-06-24 08:45:00,4903.134,6454.644,summer,day2
2025-06-24 08:50:00,5765.508,6178.6943,summer,day2
2025-06-24 08:55:00,6054.8496,5757.301,summer,day2
2025-06-24 09:00:00,6162.2616,5314.329,summer,day2
2025-06-24 09:05:00,4468.8624,5229.136,summer,day2
2025-06-24 09:10:00,4301.638800000001,5152.7495,summer,day2
2025-06-24 09:15:00,5098.83,5097.732,summer,day2
2025-06-24 09:20:00,5291.5632,5103.51,summer,day2
2025-06-24 09:25:00,4459.9259999999995,5107.4307,summer,day2
2025-06-24 09:30:00,4992.5064,5111.011,summer,day2
2025-06-24 09:35:00,4522.630800000001,5194.032,summer,day2
2025-06-24 09:40:00,4221.2748,5350.3354,summer,day2
2025-06-24 09:45:00,3979.6692000000003,5327.6475,summer,day2
2025-06-24 09:50:00,4549.5923999999995,5165.7827,summer,day2
2025-06-24 09:55:00,4840.4256000000005,5043.7686,summer,day2
2025-06-24 10:00:00,5219.3796,5053.458,summer,day2
2025-06-24 10:05:00,5934.624,5059.071,summer,day2
2025-06-24 10:10:00,4991.5212,5033.6235,summer,day2
2025-06-24 10:15:00,6135.784799999999,4989.045,summer,day2
2025-06-24 10:20:00,7249.9547999999995,4979.711,summer,day2
2025-06-24 10:25:00,6449.8332,4952.4077,summer,day2
2025-06-24 10:30:00,5611.7064,4918.6494,summer,day2
2025-06-24 10:35:00,5147.0172,4942.8784,summer,day2
2025-06-24 10:40:00,6022.651199999999,5014.7964,summer,day2
2025-06-24 10:45:00,2209.1148000000003,4990.2393,summer,day2
2025-06-24 10:50:00,0.0,4874.16,summer,day2
2025-06-24 10:55:00,0.0,4781.33,summer,day2
2025-06-24 11:00:00,0.0,4697.6504,summer,day2
2025-06-24 11:05:00,0.0,4734.1626,summer,day2
2025-06-24 11:10:00,0.0,4780.126,summer,day2
2025-06-24 11:15:00,0.0,4792.906,summer,day2
2025-06-24 11:20:00,0.0,4810.6274,summer,day2
2025-06-24 11:25:00,10374.148799999999,4759.8594,summer,day2
2025-06-24 11:30:00,8077.9836,4693.53,summer,day2
2025-06-24 11:35:00,8140.6032000000005,4690.725,summer,day2
2025-06-24 11:40:00,5274.2544,4746.655,summer,day2
2025-06-24 11:45:00,4511.8464,4772.6113,summer,day2
2025-06-24 11:50:00,4432.8192,4730.013,summer,day2
2025-06-24 11:55:00,4059.4175999999998,4688.5537,summer,day2
2025-06-24 12:00:00,4351.0296,4524.3086,summer,day2
2025-06-24 12:05:00,4626.9876,4536.792,summer,day2
2025-06-24 12:10:00,4543.6848,4554.149,summer,day2
2025-06-24 12:15:00,4715.955599999999,4566.341,summer,day2
2025-06-24 12:20:00,5139.732,4609.825,summer,day2
2025-06-24 12:25:00,4729.7076,4625.16,summer,day2
2025-06-24 12:30:00,4742.9388,4623.7153,summer,day2
2025-06-24 12:35:00,4532.0748,4659.7183,summer,day2
2025-06-24 12:40:00,4787.046,4714.632,summer,day2
2025-06-24 12:45:00,6061.9944000000005,4700.5815,summer,day2
2025-06-24 12:50:00,4309.6464,4615.547,summer,day2
2025-06-24 12:55:00,4927.7688,4534.7505,summer,day2
2025-06-24 13:00:00,4759.4136,4370.732,summer,day2
2025-06-24 13:05:00,4881.195600000001,4378.009,summer,day2
2025-06-24 13:10:00,5205.7608,4399.9907,summer,day2
2025-06-24 13:15:00,4842.1584,4427.4116,summer,day2
2025-06-24 13:20:00,4565.3916,4479.3477,summer,day2
2025-06-24 13:25:00,4868.202,4490.958,summer,day2
2025-06-24 13:30:00,5420.0676,4477.3384,summer,day2
2025-06-24 13:35:00,4323.3936,4493.8604,summer,day2
2025-06-24 13:40:00,5516.91,4532.948,summer,day2
2025-06-24 13:45:00,3799.548,4507.535,summer,day2
2025-06-24 13:50:00,4270.5972,4423.431,summer,day2
2025-06-24 13:55:00,4795.6308,4355.1787,summer,day2
2025-06-24 14:00:00,6366.4368,4229.922,summer,day2
2025-06-24 14:05:00,4284.882,4231.035,summer,day2
2025-06-24 14:10:00,3199.1567999999997,4220.522,summer,day2
2025-06-24 14:15:00,3085.3104,4214.3633,summer,day2
2025-06-24 14:20:00,3536.8404,4241.1504,summer,day2
2025-06-24 14:25:00,3320.964,4253.606,summer,day2
2025-06-24 14:30:00,3471.9648,4276.49,summer,day2
2025-06-24 14:35:00,3321.666,4359.01,summer,day2
2025-06-24 14:40:00,3339.8076,4485.283,summer,day2
2025-06-24 14:45:00,3742.1616000000004,4500.039,summer,day2
2025-06-24 14:50:00,3813.8124,4405.78,summer,day2
2025-06-24 14:55:00,3377.4335999999994,4314.5664,summer,day2
2025-06-24 15:00:00,3785.9628,4053.6375,summer,day2
2025-06-24 15:05:00,3971.3556,4050.9646,summer,day2
2025-06-24 15:10:00,3921.0804,4050.5037,summer,day2
2025-06-24 15:15:00,3370.3032,4061.8384,summer,day2
2025-06-24 15:20:00,4189.9344,4085.8218,summer,day2
2025-06-24 15:25:00,2810.4336,4102.5293,summer,day2
2025-06-24 15:30:00,3074.682,4140.093,summer,day2
2025-06-24 15:35:00,2481.8448,4229.3867,summer,day2
2025-06-24 15:40:00,3805.3296,4364.246,summer,day2
2025-06-24 15:45:00,3129.2508000000003,4420.9697,summer,day2
2025-06-24 15:50:00,2580.4908,4362.2026,summer,day2
2025-06-24 15:55:00,2946.5568,4283.269,summer,day2
2025-06-24 16:00:00,3111.4716,4201.0215,summer,day2
2025-06-24 16:05:00,3135.0924,4147.0654,summer,day2
2025-06-24 16:10:00,2783.4528,4099.064,summer,day2
2025-06-24 16:15:00,3239.4624,4075.6235,summer,day2
2025-06-24 16:20:00,3294.3407999999995,4083.4536,summer,day2
2025-06-24 16:25:00,4283.1324,4089.4485,summer,day2
2025-06-24 16:30:00,2500.4712,4108.444,summer,day2
2025-06-24 16:35:00,3620.7479999999996,4167.0537,summer,day2
2025-06-24 16:40:00,3150.3084,4262.9106,summer,day2
2025-06-24 16:45:00,2960.8824,4291.0586,summer,day2
2025-06-24 16:50:00,2897.2116,4226.9062,summer,day2
2025-06-24 16:55:00,2918.454,4156.821,summer,day2
2025-06-24 17:00:00,4798.6584,3980.5107,summer,day2
2025-06-24 17:05:00,2999.7792,3960.8547,summer,day2
2025-06-24 17:10:00,2923.0044,3942.6138,summer,day2
2025-06-24 17:15:00,2641.3896,3939.5938,summer,day2
2025-06-24 17:20:00,2671.7760000000003,3963.8787,summer,day2
2025-06-24 17:25:00,2650.9716,3978.7847,summer,day2
2025-06-24 17:30:00,2825.0496,3995.4539,summer,day2
2025-06-24 17:35:00,2896.6572,4035.9104,summer,day2
2025-06-24 17:40:00,3510.9528,4104.1484,summer,day2
2025-06-24 17:45:00,4574.4612,4078.471,summer,day2
2025-06-24 17:50:00,2827.3464,3986.4917,summer,day2
2025-06-24 17:55:00,3183.7536,3928.9119,summer,day2
2025-06-24 18:00:00,6137.4144,3870.6226,summer,day2
2025-06-24 18:05:00,13028.5596,3875.4495,summer,day2
2025-06-24 18:10:00,12003.9588,3855.704,summer,day2
2025-06-24 18:15:00,4283.983200000001,3831.1453,summer,day2
2025-06-24 18:20:00,3900.2591999999995,3831.1152,summer,day2
2025-06-24 18:25:00,3571.0476000000003,3821.0308,summer,day2
2025-06-24 18:30:00,4422.8664,3825.5806,summer,day2
2025-06-24 18:35:00,4603.4748,3856.3015,summer,day2
2025-06-24 18:40:00,3922.4208,3915.1438,summer,day2
2025-06-24 18:45:00,5402.8668,3903.7441,summer,day2
2025-06-24 18:50:00,4105.824,3830.9302,summer,day2
2025-06-24 18:55:00,6040.26,3776.8723,summer,day2
2025-06-24 19:00:00,6760.8516,3510.129,summer,day2
2025-06-24 19:05:00,4314.4788,3524.9756,summer,day2
2025-06-24 19:10:00,3982.2588000000005,3539.7595,summer,day2
2025-06-24 19:15:00,5452.4472000000005,3548.8777,summer,day2
2025-06-24 19:20:00,3731.5775999999996,3546.101,summer,day2
2025-06-24 19:25:00,2943.654,3501.7795,summer,day2
2025-06-24 19:30:00,3148.674,3454.6404,summer,day2
2025-06-24 19:35:00,2842.8444,3420.4878,summer,day2
2025-06-24 19:40:00,4424.7624,3410.6533,summer,day2
2025-06-24 19:45:00,2855.5667999999996,3396.9597,summer,day2
2025-06-24 19:50:00,2756.3256,3368.084,summer,day2
2025-06-24 19:55:00,2818.3848000000003,3349.4983,summer,day2
2025-06-24 20:00:00,3068.9736000000003,3222.7646,summer,day2
2025-06-24 20:05:00,4017.7236,3210.0896,summer,day2
2025-06-24 20:10:00,3180.042,3199.665,summer,day2
2025-06-24 20:15:00,2247.564,3196.7583,summer,day2
2025-06-24 20:20:00,2287.1531999999997,3208.6807,summer,day2
2025-06-24 20:25:00,2420.6387999999997,3202.211,summer,day2
2025-06-24 20:30:00,4464.534,3193.2615,summer,day2
2025-06-24 20:35:00,3274.3548,3176.8682,summer,day2
2025-06-24 20:40:00,1980.7788,3158.3232,summer,day2
2025-06-24 20:45:00,2157.738,3132.4668,summer,day2
2025-06-24 20:50:00,2306.8032,3096.6865,summer,day2
2025-06-24 20:55:00,2534.0748,3080.8923,summer,day2
2025-06-24 21:00:00,2524.3692,3101.8496,summer,day2
2025-06-24 21:05:00,2142.9612,3116.4119,summer,day2
2025-06-24 21:10:00,2104.218,3144.3926,summer,day2
2025-06-24 21:15:00,3007.1592,3184.3147,summer,day2
2025-06-24 21:20:00,2693.538,3224.8687,summer,day2
2025-06-24 21:25:00,2847.2256,3241.398,summer,day2
2025-06-24 21:30:00,2899.1220000000003,3238.9258,summer,day2
2025-06-24 21:35:00,2790.2484,3220.5042,summer,day2
2025-06-24 21:40:00,2656.9428,3195.3555,summer,day2
2025-06-24 21:45:00,2621.6328000000003,3165.3083,summer,day2
2025-06-24 21:50:00,2624.322,3138.4912,summer,day2
2025-06-24 21:55:00,2582.082,3129.6975,summer,day2
2025-06-24 22:00:00,2492.7912,2997.525,summer,day2
2025-06-24 22:05:00,2343.1403999999998,2993.687,summer,day2
2025-06-24 22:10:00,2291.2308000000003,2989.2808,summer,day2
2025-06-24 22:15:00,2364.4236,2988.9846,summer,day2
2025-06-24 22:20:00,2391.6059999999998,2992.597,summer,day2
2025-06-24 22:25:00,2501.1684,2991.8054,summer,day2
2025-06-24 22:30:00,2982.7956,2996.8628,summer,day2
2025-06-24 22:35:00,2872.9128,3001.8296,summer,day2
2025-06-24 22:40:00,2819.4684,3002.642,summer,day2
2025-06-24 22:45:00,2847.5784,2995.5913,summer,day2
2025-06-24 22:50:00,2850.1812,2982.8203,summer,day2
2025-06-24 22:55:00,2677.2192,2975.3848,summer,day2
2025-06-24 23:00:00,2564.2596,2943.9219,summer,day2
2025-06-24 23:05:00,2354.1588,2945.4248,summer,day2
2025-06-24 23:10:00,2379.594,2954.291,summer,day2
2025-06-24 23:15:00,2559.54,2967.1511,summer,day2
2025-06-24 23:20:00,2436.492,2978.7354,summer,day2
2025-06-24 23:25:00,2404.9175999999998,2985.6309,summer,day2
2025-06-24 23:30:00,2388.7176,3003.9534,summer,day2
2025-06-24 23:35:00,2431.6716,3032.6592,summer,day2
2025-06-24 23:40:00,2481.1356,3072.7563,summer,day2
2025-06-24 23:45:00,2668.3704,3098.734,summer,day2
2025-06-24 23:50:00,2523.8172000000004,3092.9395,summer,day2
2025-06-24 23:55:00,2377.2336,3079.324,summer,day2
2025-07-17 00:00:00,5246.0484,5097.88,summer,day3
2025-07-17 00:05:00,5356.5491999999995,5090.331,summer,day3
2025-07-17 00:10:00,5203.0692,5103.587,summer,day3
2025-07-17 00:15:00,5114.8428,5137.004,summer,day3
2025-07-17 00:20:00,5111.4,5188.767,summer,day3
2025-07-17 00:25:00,4177.302000000001,5230.558,summer,day3
2025-07-17 00:30:00,3789.2208,5227.615,summer,day3
2025-07-17 00:35:00,3766.1652000000004,5169.5244,summer,day3
2025-07-17 00:40:00,3981.3,5094.571,summer,day3
2025-07-17 00:45:00,3932.2392,5015.0757,summer,day3
2025-07-17 00:50:00,4200.8148,4946.6133,summer,day3
2025-07-17 00:55:00,3925.5864,4900.016,summer,day3
2025-07-17 01:00:00,4000.392,5146.334,summer,day3
2025-07-17 01:05:00,3869.9772000000003,5139.123,summer,day3
2025-07-17 01:10:00,3786.9983999999995,5148.9243,summer,day3
2025-07-17 01:15:00,3910.2767999999996,5173.9863,summer,day3
2025-07-17 01:20:00,3882.3659999999995,5237.6675,summer,day3
2025-07-17 01:25:00,3814.8792000000003,5308.1133,summer,day3
2025-07-17 01:30:00,3929.1024000000007,5380.9365,summer,day3
2025-07-17 01:35:00,3919.0188000000003,5436.535,summer,day3
2025-07-17 01:40:00,4097.3076,5478.028,summer,day3
2025-07-17 01:45:00,4060.0032,5491.3276,summer,day3
2025-07-17 01:50:00,4196.1264,5484.6006,summer,day3
2025-07-17 01:55:00,4211.3124,5472.8223,summer,day3
2025-07-17 02:00:00,3966.1452,5734.3594,summer,day3
2025-07-17 02:05:00,3856.932,5710.1924,summer,day3
2025-07-17 02:10:00,3851.5968000000003,5721.4995,summer,day3
2025-07-17 02:15:00,2869.5348,5762.082,summer,day3
2025-07-17 02:20:00,2371.6428,5832.0645,summer,day3
2025-07-17 02:25:00,2450.4708,5862.1987,summer,day3
2025-07-17 02:30:00,2315.2763999999997,5884.905,summer,day3
2025-07-17 02:35:00,2376.9648,5884.673,summer,day3
2025-07-17 02:40:00,2425.7136,5904.212,summer,day3
2025-07-17 02:45:00,2429.9352,5922.3735,summer,day3
2025-07-17 02:50:00,2390.3856,5911.589,summer,day3
2025-07-17 02:55:00,2386.8552,5890.494,summer,day3
2025-07-17 03:00:00,2431.0488,5582.449,summer,day3
2025-07-17 03:05:00,2698.674,5536.2246,summer,day3
2025-07-17 03:10:00,2730.6624,5528.833,summer,day3
2025-07-17 03:15:00,2747.6892,5579.7905,summer,day3
2025-07-17 03:20:00,2523.4991999999997,5707.119,summer,day3
2025-07-17 03:25:00,2460.6456,5851.8003,summer,day3
2025-07-17 03:30:00,2440.014,6014.958,summer,day3
2025-07-17 03:35:00,2432.5992,6091.947,summer,day3
2025-07-17 03:40:00,2599.3776,6099.4277,summer,day3
2025-07-17 03:45:00,2705.4552,6035.714,summer,day3
2025-07-17 03:50:00,2623.6236,5933.78,summer,day3
2025-07-17 03:55:00,2478.0384000000004,5847.3936,summer,day3
2025-07-17 04:00:00,2335.9368000000004,6159.157,summer,day3
2025-07-17 04:05:00,2251.9632,6105.657,summer,day3
2025-07-17 04:10:00,2529.6984,6089.8633,summer,day3
2025-07-17 04:15:00,2788.8228,6106.407,summer,day3
2025-07-17 04:20:00,2851.6332,6140.748,summer,day3
2025-07-17 04:25:00,2461.8024,6146.8774,summer,day3
2025-07-17 04:30:00,2586.2183999999997,6140.002,summer,day3
2025-07-17 04:35:00,2548.9356,6026.6797,summer,day3
2025-07-17 04:40:00,2482.7676,5851.5776,summer,day3
2025-07-17 04:45:00,2635.4016,5629.935,summer,day3
2025-07-17 04:50:00,2669.6448,5416.139,summer,day3
2025-07-17 04:55:00,2490.3444,5261.132,summer,day3
2025-07-17 05:00:00,2453.6315999999997,4711.167,summer,day3
2025-07-17 05:05:00,2496.9624,4593.22,summer,day3
2025-07-17 05:10:00,2487.0912,4483.0547,summer,day3
2025-07-17 05:15:00,2354.1288,4394.9165,summer,day3
2025-07-17 05:20:00,2367.9612,4323.189,summer,day3
2025-07-17 05:25:00,2027.0747999999999,4260.6357,summer,day3
2025-07-17 05:30:00,2033.0387999999998,4212.8555,summer,day3
2025-07-17 05:35:00,2132.3436,4143.061,summer,day3
2025-07-17 05:40:00,2186.538,4075.5046,summer,day3
2025-07-17 05:45:00,2277.5208,4000.8706,summer,day3
2025-07-17 05:50:00,2383.4532,3922.4858,summer,day3
2025-07-17 05:55:00,2263.3512,3848.598,summer,day3
2025-07-17 06:00:00,2142.2964,3678.7698,summer,day3
2025-07-17 06:05:00,2132.5476,3630.7063,summer,day3
2025-07-17 06:10:00,2150.2956,3599.0264,summer,day3
2025-07-17 06:15:00,2239.2588,3581.7388,summer,day3
2025-07-17 06:20:00,2391.6612,3564.4326,summer,day3
2025-07-17 06:25:00,2539.6872000000003,3542.011,summer,day3
2025-07-17 06:30:00,2463.282,3524.8843,summer,day3
2025-07-17 06:35:00,2265.4955999999997,3504.95,summer,day3
2025-07-17 06:40:00,2153.3052,3494.3262,summer,day3
2025-07-17 06:45:00,2090.0616,3489.4434,summer,day3
2025-07-17 06:50:00,2232.0252,3485.1104,summer,day3
2025-07-17 06:55:00,2288.1564,3478.762,summer,day3
2025-07-17 07:00:00,2431.6992,4032.4143,summer,day3
2025-07-17 07:05:00,2459.5032,3982.9417,summer,day3
2025-07-17 07:10:00,2412.8052,3925.2444,summer,day3
2025-07-17 07:15:00,2845.1148000000003,3863.6738,summer,day3
2025-07-17 07:20:00,3148.1328000000003,3800.3271,summer,day3
2025-07-17 07:25:00,3165.2424,3730.3472,summer,day3
2025-07-17 07:30:00,3216.468,3668.317,summer,day3
2025-07-17 07:35:00,3406.0248,3603.6162,summer,day3
2025-07-17 07:40:00,3412.6344,3546.434,summer,day3
2025-07-17 07:45:00,3796.7232000000004,3502.3774,summer,day3
2025-07-17 07:50:00,12464.6484,3470.3066,summer,day3
2025-07-17 07:55:00,11088.114,3453.9705,summer,day3
2025-07-17 08:00:00,6102.2028,3767.776,summer,day3
2025-07-17 08:05:00,6575.924400000001,3774.9258,summer,day3
2025-07-17 08:10:00,6474.072,3793.2808,summer,day3
2025-07-17 08:15:00,7917.368400000001,3824.4595,summer,day3
2025-07-17 08:20:00,5783.8344,3873.3171,summer,day3
2025-07-17 08:25:00,4748.4828,3923.2297,summer,day3
2025-07-17 08:30:00,4604.4228,3979.878,summer,day3
2025-07-17 08:35:00,4767.498,4021.4958,summer,day3
2025-07-17 08:40:00,4559.272800000001,4036.6807,summer,day3
2025-07-17 08:45:00,4849.681200000001,4038.57,summer,day3
2025-07-17 08:50:00,5948.52,4046.0085,summer,day3
2025-07-17 08:55:00,6792.8063999999995,4078.609,summer,day3
2025-07-17 09:00:00,6504.967200000001,4781.24,summer,day3
2025-07-17 09:05:00,5775.3168000000005,4917.47,summer,day3
2025-07-17 09:10:00,4880.7108,5105.6787,summer,day3
2025-07-17 09:15:00,5552.7036,5319.456,summer,day3
2025-07-17 09:20:00,6530.7624000000005,5538.215,summer,day3
2025-07-17 09:25:00,5388.566400000001,5713.5205,summer,day3
2025-07-17 09:30:00,5798.6232,5865.2383,summer,day3
2025-07-17 09:35:00,5717.1276,5972.802,summer,day3
2025-07-17 09:40:00,5498.9712,6056.0093,summer,day3
2025-07-17 09:45:00,4674.5160000000005,6136.6733,summer,day3
2025-07-17 09:50:00,5567.778,6252.2437,summer,day3
2025-07-17 09:55:00,5435.2248,6429.867,summer,day3
2025-07-17 10:00:00,4890.4344,7191.2583,summer,day3
2025-07-17 10:05:00,4255.0512,7404.7925,summer,day3
2025-07-17 10:10:00,4441.3284,7640.687,summer,day3
2025-07-17 10:15:00,4890.2976,7918.137,summer,day3
2025-07-17 10:20:00,4805.6196,8251.501,summer,day3
2025-07-17 10:25:00,6851.9232,8595.907,summer,day3
2025-07-17 10:30:00,5099.004,8925.968,summer,day3
2025-07-17 10:35:00,4659.8508,9155.443,summer,day3
2025-07-17 10:40:00,6122.6844,9292.942,summer,day3
2025-07-17 10:45:00,4203.4800000000005,9381.935,summer,day3
2025-07-17 10:50:00,4802.1576000000005,9455.813,summer,day3
2025-07-17 10:55:00,4432.9236,9490.556,summer,day3
2025-07-17 11:00:00,4953.2532,8657.729,summer,day3
2025-07-17 11:05:00,5866.8576,8434.61,summer,day3
2025-07-17 11:10:00,5520.3012,8184.8203,summer,day3
2025-07-17 11:15:00,5037.6252,7974.4414,summer,day3
2025-07-17 11:20:00,4809.15,7829.6426,summer,day3
2025-07-17 11:25:00,5365.188,7761.027,summer,day3
2025-07-17 11:30:00,4426.3884,7800.7036,summer,day3
2025-07-17 11:35:00,4918.7592,7844.089,summer,day3
2025-07-17 11:40:00,5263.7256,7894.1113,summer,day3
2025-07-17 11:45:00,4268.602800000001,7937.0273,summer,day3
2025-07-17 11:50:00,4858.2036,7925.9688,summer,day3
2025-07-17 11:55:00,5438.0904,7846.258,summer,day3
2025-07-17 12:00:00,4499.245199999999,8840.829,summer,day3
2025-07-17 12:05:00,4930.468800000001,8569.223,summer,day3
2025-07-17 12:10:00,4484.1,8337.582,summer,day3
2025-07-17 12:15:00,5279.354399999999,8192.863,summer,day3
2025-07-17 12:20:00,5635.4208,8084.4526,summer,day3
2025-07-17 12:25:00,7468.26,7987.635,summer,day3
2025-07-17 12:30:00,5192.6436,7910.567,summer,day3
2025-07-17 12:35:00,4543.9488,7706.63,summer,day3
2025-07-17 12:40:00,6092.5008,7416.45,summer,day3
2025-07-17 12:45:00,7782.559200000001,7055.4795,summer,day3
2025-07-17 12:50:00,6412.6092,6596.3867,summer,day3
2025-07-17 12:55:00,6379.0584,6115.8906,summer,day3
2025-07-17 13:00:00,4599.3876,6637.453,summer,day3
2025-07-17 13:05:00,4737.0216,6244.5684,summer,day3
2025-07-17 13:10:00,6574.3068,5997.754,summer,day3
2025-07-17 13:15:00,5047.7232,5833.7954,summer,day3
2025-07-17 13:20:00,6563.8068,5710.307,summer,day3
2025-07-17 13:25:00,7114.498799999999,5617.4463,summer,day3
2025-07-17 13:30:00,5494.794,5574.324,summer,day3
2025-07-17 13:35:00,4849.7352,5517.9814,summer,day3
2025-07-17 13:40:00,5346.7044000000005,5469.162,summer,day3
2025-07-17 13:45:00,4955.202,5427.3066,summer,day3
2025-07-17 13:50:00,5024.3364,5366.4307,summer,day3
2025-07-17 13:55:00,4966.8852,5295.868,summer,day3
2025-07-17 14:00:00,4621.818,5155.4683,summer,day3
2025-07-17 14:05:00,5243.9112000000005,5083.629,summer,day3
2025-07-17 14:10:00,6409.0632,5029.7607,summer,day3
2025-07-17 14:15:00,4819.956,4989.817,summer,day3
2025-07-17 14:20:00,4747.390799999999,4957.4326,summer,day3
2025-07-17 14:25:00,6238.9308,4909.0996,summer,day3
2025-07-17 14:30:00,5582.022,4851.663,summer,day3
2025-07-17 14:35:00,4787.9088,4753.1797,summer,day3
2025-07-17 14:40:00,4944.138,4652.2217,summer,day3
2025-07-17 14:45:00,5074.722,4565.373,summer,day3
2025-07-17 14:50:00,5499.2352,4493.263,summer,day3
2025-07-17 14:55:00,4968.6384,4448.291,summer,day3
2025-07-17 15:00:00,5770.7616,4408.6455,summer,day3
2025-07-17 15:05:00,5905.2468,4391.029,summer,day3
2025-07-17 15:10:00,5332.9752,4368.152,summer,day3
2025-07-17 15:15:00,4588.5576,4329.6826,summer,day3
2025-07-17 15:20:00,4382.6664,4284.216,summer,day3
2025-07-17 15:25:00,4640.8212,4222.2173,summer,day3
2025-07-17 15:30:00,4833.7644,4157.838,summer,day3
2025-07-17 15:35:00,4735.32,4077.5183,summer,day3
2025-07-17 15:40:00,5593.9956,4002.8364,summer,day3
2025-07-17 15:45:00,6699.9204,3936.8035,summer,day3
2025-07-17 15:50:00,5349.530400000001,3881.9739,summer,day3
2025-07-17 15:55:00,4272.5472,3848.4995,summer,day3
2025-07-17 16:00:00,5156.5692,4001.0464,summer,day3
2025-07-17 16:05:00,3829.3248,4005.2798,summer,day3
2025-07-17 16:10:00,3904.7964,4024.8413,summer,day3
2025-07-17 16:15:00,3894.5555999999997,4056.7434,summer,day3
2025-07-17 16:20:00,3870.8376000000003,4108.1045,summer,day3
2025-07-17 16:25:00,4002.0528,4169.6426,summer,day3
2025-07-17 16:30:00,3569.1551999999997,4257.416,summer,day3
2025-07-17 16:35:00,3827.4168,4342.0415,summer,day3
2025-07-17 16:40:00,4213.9656,4432.892,summer,day3
2025-07-17 16:45:00,3695.3868,4505.06,summer,day3
2025-07-17 16:50:00,3703.0847999999996,4538.7285,summer,day3
2025-07-17 16:55:00,5570.166,4557.851,summer,day3
2025-07-17 17:00:00,4633.2624,4327.363,summer,day3
2025-07-17 17:05:00,6476.478,4371.832,summer,day3
2025-07-17 17:10:00,5138.442,4431.9424,summer,day3
2025-07-17 17:15:00,5058.0504,4495.5444,summer,day3
2025-07-17 17:20:00,5018.3351999999995,4563.648,summer,day3
2025-07-17 17:25:00,4594.0596000000005,4592.9385,summer,day3
2025-07-17 17:30:00,3719.3544,4587.2686,summer,day3
2025-07-17 17:35:00,3734.5440000000003,4526.4707,summer,day3
2025-07-17 17:40:00,3975.9672,4448.358,summer,day3
2025-07-17 17:45:00,4450.2204,4357.243,summer,day3
2025-07-17 17:50:00,4235.4132,4271.793,summer,day3
2025-07-17 17:55:00,3930.0624,4209.383,summer,day3
2025-07-17 18:00:00,5268.5292,4114.8237,summer,day3
2025-07-17 18:05:00,5162.6532,4086.561,summer,day3
2025-07-17 18:10:00,4423.0344,4076.4268,summer,day3
2025-07-17 18:15:00,5258.8056,4077.2744,summer,day3
2025-07-17 18:20:00,4014.7344,4103.9253,summer,day3
2025-07-17 18:25:00,3932.4660000000003,4134.7524,summer,day3
2025-07-17 18:30:00,3727.0728000000004,4186.498,summer,day3
2025-07-17 18:35:00,3610.1976000000004,4232.011,summer,day3
2025-07-17 18:40:00,3780.9444000000003,4277.756,summer,day3
2025-07-17 18:45:00,3828.2172000000005,4301.8696,summer,day3
2025-07-17 18:50:00,3959.0099999999998,4318.8203,summer,day3
2025-07-17 18:55:00,4518.9228,4353.5977,summer,day3
2025-07-17 19:00:00,3927.3635999999997,4260.8794,summer,day3
2025-07-17 19:05:00,3844.9199999999996,4316.4907,summer,day3
2025-07-17 19:10:00,4531.116,4376.5903,summer,day3
2025-07-17 19:15:00,6519.4812,4435.0234,summer,day3
2025-07-17 19:20:00,5548.7663999999995,4498.1685,summer,day3
2025-07-17 19:25:00,4800.1116,4554.652,summer,day3
2025-07-17 19:30:00,3718.7748,4620.5127,summer,day3
2025-07-17 19:35:00,4131.6144,4669.018,summer,day3
2025-07-17 19:40:00,3456.3072,4715.999,summer,day3
2025-07-17 19:45:00,3640.9728000000005,4738.225,summer,day3
2025-07-17 19:50:00,3621.3959999999997,4769.6953,summer,day3
2025-07-17 19:55:00,3452.7012000000004,4819.6304,summer,day3
2025-07-17 20:00:00,3340.0343999999996,4155.7227,summer,day3
2025-07-17 20:05:00,3938.4468,4187.423,summer,day3
2025-07-17 20:10:00,5138.5524,4226.496,summer,day3
2025-07-17 20:15:00,4519.9536,4282.29,summer,day3
2025-07-17 20:20:00,3926.7612,4367.436,summer,day3
2025-07-17 20:25:00,3740.0208,4469.6294,summer,day3
2025-07-17 20:30:00,4663.9524,4584.944,summer,day3
2025-07-17 20:35:00,4187.022,4665.911,summer,day3
2025-07-17 20:40:00,3741.7536,4710.485,summer,day3
2025-07-17 20:45:00,4081.4483999999998,4701.1377,summer,day3
2025-07-17 20:50:00,4111.0248,4651.0674,summer,day3
2025-07-17 20:55:00,4040.1852,4567.463,summer,day3
2025-07-17 21:00:00,4022.5296000000003,4597.9917,summer,day3
2025-07-17 21:05:00,5074.1916,4462.6343,summer,day3
2025-07-17 21:10:00,5019.6864000000005,4357.6104,summer,day3
2025-07-17 21:15:00,5235.1056,4299.3804,summer,day3
2025-07-17 21:20:00,5198.7276,4273.266,summer,day3
2025-07-17 21:25:00,5041.8972,4257.2246,summer,day3
2025-07-17 21:30:00,4947.7572,4252.1514,summer,day3
2025-07-17 21:35:00,4845.9983999999995,4232.8257,summer,day3
2025-07-17 21:40:00,4915.1556,4212.954,summer,day3
2025-07-17 21:45:00,4995.6108,4184.514,summer,day3
2025-07-17 21:50:00,5145.023999999999,4152.0796,summer,day3
2025-07-17 21:55:00,4821.938400000001,4117.214,summer,day3
2025-07-17 22:00:00,5224.206,3623.3801,summer,day3
2025-07-17 22:05:00,5409.0491999999995,3583.256,summer,day3
2025-07-17 22:10:00,7144.282800000001,3536.3977,summer,day3
2025-07-17 22:15:00,7163.3364,3493.9456,summer,day3
2025-07-17 22:20:00,5021.166,3463.9075,summer,day3
2025-07-17 22:25:00,5094.3084,3446.9895,summer,day3
2025-07-17 22:30:00,5358.468,3443.8584,summer,day3
2025-07-17 22:35:00,5151.765600000001,3433.1536,summer,day3
2025-07-17 22:40:00,5313.6588,3411.563,summer,day3
2025-07-17 22:45:00,5620.0271999999995,3376.4902,summer,day3
2025-07-17 22:50:00,5626.4496,3335.7322,summer,day3
2025-07-17 22:55:00,5536.8804,3297.8433,summer,day3
2025-07-17 23:00:00,5400.3396,2980.782,summer,day3
2025-07-17 23:05:00,5470.469999999999,2965.4487,summer,day3
2025-07-17 23:10:00,5739.8243999999995,2955.273,summer,day3
2025-07-17 23:15:00,5787.3996,2947.359,summer,day3
2025-07-17 23:20:00,5927.4816,2939.712,summer,day3
2025-07-17 23:25:00,5834.090399999999,2924.9995,summer,day3
2025-07-17 23:30:00,5615.3124,2912.0986,summer,day3
2025-07-17 23:35:00,5421.51,2893.2715,summer,day3
2025-07-17 23:40:00,5291.3436,2872.389,summer,day3
2025-07-17 23:45:00,6521.7792,2852.1506,summer,day3
2025-07-17 23:50:00,5161.5504,2836.0288,summer,day3
2025-07-17 23:55:00,4628.9604,2827.5913,summer,day3
2025-08-08 00:00:00,2905.4832,3576.916,summer,day4
2025-08-08 00:05:00,2841.84,3578.8953,summer,day4
2025-08-08 00:10:00,3052.6944,3578.3347,summer,day4
2025-08-08 00:15:00,3142.6728,3579.4216,summer,day4
2025-08-08 00:20:00,2870.1984,3579.9333,summer,day4
2025-08-08 00:25:00,2817.8292,3584.3296,summer,day4
2025-08-08 00:30:00,2915.0568,3587.561,summer,day4
2025-08-08 00:35:00,2962.2383999999997,3592.482,summer,day4
2025-08-08 00:40:00,2623.6164,3596.0615,summer,day4
2025-08-08 00:45:00,2690.5608,3600.1968,summer,day4
2025-08-08 00:50:00,2906.832,3605.136,summer,day4
2025-08-08 00:55:00,2565.0204,3604.4204,summer,day4
2025-08-08 01:00:00,2503.4616,3654.9011,summer,day4
2025-08-08 01:05:00,2474.418,3652.9136,summer,day4
2025-08-08 01:10:00,2648.3604,3642.0908,summer,day4
2025-08-08 01:15:00,2786.8572,3629.1035,summer,day4
2025-08-08 01:20:00,2711.532,3612.6948,summer,day4
2025-08-08 01:25:00,2803.4472,3597.465,summer,day4
2025-08-08 01:30:00,2854.1808,3579.9336,summer,day4
2025-08-08 01:35:00,2967.666,3562.6091,summer,day4
2025-08-08 01:40:00,2924.532,3544.466,summer,day4
2025-08-08 01:45:00,2853.4332,3527.035,summer,day4
2025-08-08 01:50:00,2575.8959999999997,3512.1714,summer,day4
2025-08-08 01:55:00,2489.8164,3494.587,summer,day4
2025-08-08 02:00:00,2426.1984,3545.9802,summer,day4
2025-08-08 02:05:00,2760.0792,3540.2424,summer,day4
2025-08-08 02:10:00,3409.6788,3530.8337,summer,day4
2025-08-08 02:15:00,3478.7292,3524.3943,summer,day4
2025-08-08 02:20:00,3429.4031999999997,3518.2434,summer,day4
2025-08-08 02:25:00,3368.4684,3514.6436,summer,day4
2025-08-08 02:30:00,3050.1252,3508.3062,summer,day4
2025-08-08 02:35:00,2940.1956,3501.01,summer,day4
2025-08-08 02:40:00,3120.0227999999997,3490.109,summer,day4
2025-08-08 02:45:00,4267.158,3476.7485,summer,day4
2025-08-08 02:50:00,4474.515600000001,3462.277,summer,day4
2025-08-08 02:55:00,3739.8084000000003,3441.3315,summer,day4
2025-08-08 03:00:00,5022.6144,3427.6355,summer,day4
2025-08-08 03:05:00,4454.8908,3409.2468,summer,day4
2025-08-08 03:10:00,2717.2367999999997,3384.5127,summer,day4
2025-08-08 03:15:00,3616.4352,3362.5225,summer,day4
2025-08-08 03:20:00,5155.7544,3342.7898,summer,day4
2025-08-08 03:25:00,3559.5,3328.68,summer,day4
2025-08-08 03:30:00,2605.1423999999997,3316.1233,summer,day4
2025-08-08 03:35:00,2508.5832,3307.033,summer,day4
2025-08-08 03:40:00,2695.8588000000004,3298.8232,summer,day4
2025-08-08 03:45:00,2457.4272,3292.2053,summer,day4
2025-08-08 03:50:00,2337.6576,3288.8772,summer,day4
2025-08-08 03:55:00,2346.7884,3282.708,summer,day4
2025-08-08 04:00:00,2334.5664,3189.5598,summer,day4
2025-08-08 04:05:00,2381.9700000000003,3189.803,summer,day4
2025-08-08 04:10:00,2430.6504,3184.2625,summer,day4
2025-08-08 04:15:00,2522.2812,3180.1597,summer,day4
2025-08-08 04:20:00,2233.764,3175.907,summer,day4
2025-08-08 04:25:00,2555.6351999999997,3174.4773,summer,day4
2025-08-08 04:30:00,2582.2488000000003,3171.0747,summer,day4
2025-08-08 04:35:00,3999.4116000000004,3169.3765,summer,day4
2025-08-08 04:40:00,2532.3635999999997,3165.7817,summer,day4
2025-08-08 04:45:00,2868.2604,3161.1052,summer,day4
2025-08-08 04:50:00,3039.5508,3158.4368,summer,day4
2025-08-08 04:55:00,2912.1144,3151.4224,summer,day4
2025-08-08 05:00:00,2723.4708,2960.026,summer,day4
2025-08-08 05:05:00,2702.4924,2957.1858,summer,day4
2025-08-08 05:10:00,2537.0099999999998,2950.2441,summer,day4
2025-08-08 05:15:00,2216.7768,2945.4268,summer,day4
2025-08-08 05:20:00,2429.4576,2941.8208,summer,day4
2025-08-08 05:25:00,2355.9864000000002,2942.4644,summer,day4
2025-08-08 05:30:00,2164.7628,2943.037,summer,day4
2025-08-08 05:35:00,2109.3347999999996,2948.18,summer,day4
2025-08-08 05:40:00,2062.8455999999996,2953.0608,summer,day4
2025-08-08 05:45:00,2216.46,2957.6006,summer,day4
2025-08-08 05:50:00,2434.5024,2964.5864,summer,day4
2025-08-08 05:55:00,2256.9624,2967.4822,summer,day4
2025-08-08 06:00:00,2086.1076000000003,2963.0918,summer,day4
2025-08-08 06:05:00,2038.9080000000001,2968.3584,summer,day4
2025-08-08 06:10:00,2045.8739999999998,2968.2808,summer,day4
2025-08-08 06:15:00,2038.7652000000003,2969.0164,summer,day4
2025-08-08 06:20:00,2295.6876,2970.507,summer,day4
2025-08-08 06:25:00,2334.8376,2975.076,summer,day4
2025-08-08 06:30:00,2314.3343999999997,2978.9268,summer,day4
2025-08-08 06:35:00,2259.6408,2986.5674,summer,day4
2025-08-08 06:40:00,2163.0119999999997,2993.7476,summer,day4
2025-08-08 06:45:00,2305.9932,3000.9082,summer,day4
2025-08-08 06:50:00,2580.3732,3010.7473,summer,day4
2025-08-08 06:55:00,2479.3308,3017.513,summer,day4
2025-08-08 07:00:00,2469.1236,3235.775,summer,day4
2025-08-08 07:05:00,2567.5296,3246.5725,summer,day4
2025-08-08 07:10:00,2516.7912,3251.3074,summer,day4
2025-08-08 07:15:00,2933.8487999999998,3255.436,summer,day4
2025-08-08 07:20:00,4157.588400000001,3258.3542,summer,day4
2025-08-08 07:25:00,3769.9464,3263.4287,summer,day4
2025-08-08 07:30:00,3520.6008,3266.5103,summer,day4
2025-08-08 07:35:00,3993.84,3273.3303,summer,day4
2025-08-08 07:40:00,3469.446,3279.8516,summer,day4
2025-08-08 07:45:00,3332.5608,3287.366,summer,day4
2025-08-08 07:50:00,4370.982,3297.7798,summer,day4
2025-08-08 07:55:00,5928.4632,3304.5732,summer,day4
2025-08-08 08:00:00,6051.9216,3578.2595,summer,day4
2025-08-08 08:05:00,7442.5740000000005,3589.5308,summer,day4
2025-08-08 08:10:00,6914.742,3593.4626,summer,day4
2025-08-08 08:15:00,4370.236800000001,3596.2002,summer,day4
2025-08-08 08:20:00,3859.41,3596.7544,summer,day4
2025-08-08 08:25:00,3873.5616,3599.249,summer,day4
2025-08-08 08:30:00,3982.8959999999997,3598.6626,summer,day4
2025-08-08 08:35:00,4137.0887999999995,3599.8274,summer,day4
2025-08-08 08:40:00,4582.818,3599.6143,summer,day4
2025-08-08 08:45:00,4052.8572,3600.0198,summer,day4
2025-08-08 08:50:00,3729.6876,3602.4268,summer,day4
2025-08-08 08:55:00,3790.8612000000003,3600.8198,summer,day4
2025-08-08 09:00:00,3798.4464,3702.4856,summer,day4
2025-08-08 09:05:00,5274.7428,3703.667,summer,day4
2025-08-08 09:10:00,4159.0452000000005,3699.355,summer,day4
2025-08-08 09:15:00,4181.5740000000005,3695.7866,summer,day4
2025-08-08 09:20:00,5541.3996,3692.5393,summer,day4
2025-08-08 09:25:00,4343.9496,3693.937,summer,day4
2025-08-08 09:30:00,5387.140799999999,3695.384,summer,day4
2025-08-08 09:35:00,4316.7192,3699.8533,summer,day4
2025-08-08 09:40:00,4500.069600000001,3704.6016,summer,day4
2025-08-08 09:45:00,4473.2916,3710.901,summer,day4
2025-08-08 09:50:00,6840.2064,3719.117,summer,day4
2025-08-08 09:55:00,5347.7736,3723.4458,summer,day4
2025-08-08 10:00:00,4514.2572,3712.001,summer,day4
2025-08-08 10:05:00,5084.0124,3718.9272,summer,day4
2025-08-08 10:10:00,5008.0896,3719.9304,summer,day4
2025-08-08 10:15:00,4081.65,3721.9016,summer,day4
2025-08-08 10:20:00,4155.3396,3724.4763,summer,day4
2025-08-08 10:25:00,4868.2476,3731.9324,summer,day4
2025-08-08 10:30:00,5180.252399999999,3740.1296,summer,day4
2025-08-08 10:35:00,4211.556,3750.9287,summer,day4
2025-08-08 10:40:00,4728.6048,3762.935,summer,day4
2025-08-08 10:45:00,4576.3128,3777.1592,summer,day4
2025-08-08 10:50:00,4665.6708,3793.5051,summer,day4
2025-08-08 10:55:00,3503.478,3806.2878,summer,day4
2025-08-08 11:00:00,3574.1040000000003,3738.67,summer,day4
2025-08-08 11:05:00,3782.2296,3754.586,summer,day4
2025-08-08 11:10:00,5051.9436000000005,3764.7058,summer,day4
2025-08-08 11:15:00,4720.2924,3775.8887,summer,day4
2025-08-08 11:20:00,5171.43,3787.1216,summer,day4
2025-08-08 11:25:00,5189.8332,3803.6082,summer,day4
2025-08-08 11:30:00,6781.4364000000005,3820.5774,summer,day4
2025-08-08 11:35:00,5262.777599999999,3839.2744,summer,day4
2025-08-08 11:40:00,5481.5484,3858.8193,summer,day4
2025-08-08 11:45:00,4569.4092,3879.4077,summer,day4
2025-08-08 11:50:00,2638.8288000000002,3900.0613,summer,day4
2025-08-08 11:55:00,2600.8296,3914.6973,summer,day4
2025-08-08 12:00:00,2749.0620000000004,3960.262,summer,day4
2025-08-08 12:05:00,3770.9472,3973.023,summer,day4
2025-08-08 12:10:00,4299.8112,3979.3755,summer,day4
2025-08-08 12:15:00,4665.4152,3985.3862,summer,day4
2025-08-08 12:20:00,2908.5612,3990.189,summer,day4
2025-08-08 12:25:00,2706.7356,4000.6738,summer,day4
2025-08-08 12:30:00,2959.0415999999996,4011.523,summer,day4
2025-08-08 12:35:00,2706.6168000000002,4024.0234,summer,day4
2025-08-08 12:40:00,2692.866,4037.9841,summer,day4
2025-08-08 12:45:00,2798.7972,4053.8865,summer,day4
2025-08-08 12:50:00,2721.0768,4070.2725,summer,day4
2025-08-08 12:55:00,3447.0324,4081.3315,summer,day4
2025-08-08 13:00:00,3030.2988,4145.068,summer,day4
2025-08-08 13:05:00,3751.1796000000004,4156.6255,summer,day4
2025-08-08 13:10:00,4783.0992,4163.5107,summer,day4
2025-08-08 13:15:00,7185.755999999999,4170.0205,summer,day4
2025-08-08 13:20:00,5689.8216,4174.6787,summer,day4
2025-08-08 13:25:00,5006.1312,4184.8486,summer,day4
2025-08-08 13:30:00,3681.2316,4195.825,summer,day4
2025-08-08 13:35:00,3398.9496,4208.003,summer,day4
2025-08-08 13:40:00,4802.8212,4222.7407,summer,day4
2025-08-08 13:45:00,3532.0811999999996,4239.949,summer,day4
2025-08-08 13:50:00,5046.8928,4255.874,summer,day4
2025-08-08 13:55:00,3782.6591999999996,4265.1274,summer,day4
2025-08-08 14:00:00,5003.0352,4281.5977,summer,day4
2025-08-08 14:05:00,4340.454,4284.8237,summer,day4
2025-08-08 14:10:00,4120.7292,4280.0435,summer,day4
2025-08-08 14:15:00,3413.1551999999997,4272.458,summer,day4
2025-08-08 14:20:00,3355.8695999999995,4260.941,summer,day4
2025-08-08 14:25:00,3638.7228000000005,4255.6436,summer,day4
2025-08-08 14:30:00,4723.7112,4251.5815,summer,day4
2025-08-08 14:35:00,5800.7076,4249.403,summer,day4
2025-08-08 14:40:00,4699.6812,4250.648,summer,day4
2025-08-08 14:45:00,4796.1576000000005,4255.127,summer,day4
2025-08-08 14:50:00,4215.8184,4259.371,summer,day4
2025-08-08 14:55:00,3505.9067999999997,4259.466,summer,day4
2025-08-08 15:00:00,3366.9396,4232.2715,summer,day4
2025-08-08 15:05:00,2607.7943999999998,4235.292,summer,day4
2025-08-08 15:10:00,2683.9067999999997,4233.188,summer,day4
2025-08-08 15:15:00,3289.518,4230.1655,summer,day4
2025-08-08 15:20:00,3239.2763999999997,4221.971,summer,day4
2025-08-08 15:25:00,3709.536,4218.166,summer,day4
2025-08-08 15:30:00,3970.7555999999995,4211.2886,summer,day4
2025-08-08 15:35:00,3985.5864,4201.5874,summer,day4
2025-08-08 15:40:00,4568.6796,4190.1016,summer,day4
2025-08-08 15:45:00,3415.3487999999998,4176.2285,summer,day4
2025-08-08 15:50:00,4920.3684,4157.111,summer,day4
2025-08-08 15:55:00,3361.9080000000004,4128.5566,summer,day4
2025-08-08 16:00:00,3421.9584000000004,3922.8245,summer,day4
2025-08-08 16:05:00,3696.834,3893.4995,summer,day4
2025-08-08 16:10:00,4050.3455999999996,3859.7764,summer,day4
2025-08-08 16:15:00,4786.476000000001,3828.685,summer,day4
2025-08-08 16:20:00,5060.3364,3798.683,summer,day4
2025-08-08 16:25:00,3897.1176,3779.0413,summer,day4
2025-08-08 16:30:00,4117.412399999999,3760.8225,summer,day4
2025-08-08 16:35:00,3502.3224,3748.461,summer,day4
2025-08-08 16:40:00,3515.2404,3739.0405,summer,day4
2025-08-08 16:45:00,4857.1788,3731.4084,summer,day4
2025-08-08 16:50:00,4484.3351999999995,3725.4915,summer,day4
2025-08-08 16:55:00,3655.2156000000004,3712.6763,summer,day4
2025-08-08 17:00:00,3561.2088000000003,3462.733,summer,day4
2025-08-08 17:05:00,3523.1760000000004,3453.0918,summer,day4
2025-08-08 17:10:00,3922.7532,3437.4846,summer,day4
2025-08-08 17:15:00,4652.664,3421.8987,summer,day4
2025-08-08 17:20:00,4405.8264,3405.531,summer,day4
2025-08-08 17:25:00,4178.4924,3395.7612,summer,day4
2025-08-08 17:30:00,5473.3824,3383.8167,summer,day4
2025-08-08 17:35:00,3859.8455999999996,3376.253,summer,day4
2025-08-08 17:40:00,3788.3196000000003,3368.6887,summer,day4
2025-08-08 17:45:00,4298.9592,3361.3025,summer,day4
2025-08-08 17:50:00,3523.536,3356.5884,summer,day4
2025-08-08 17:55:00,3408.1704,3346.767,summer,day4
2025-08-08 18:00:00,3892.5996,3303.8186,summer,day4
2025-08-08 18:05:00,5197.6044,3302.4866,summer,day4
2025-08-08 18:10:00,4862.986800000001,3297.063,summer,day4
2025-08-08 18:15:00,3944.046,3292.1758,summer,day4
2025-08-08 18:20:00,3285.3455999999996,3286.9011,summer,day4
2025-08-08 18:25:00,2748.4847999999997,3286.1133,summer,day4
2025-08-08 18:30:00,2445.9864000000002,3281.62,summer,day4
2025-08-08 18:35:00,2176.9584000000004,3279.683,summer,day4
2025-08-08 18:40:00,2878.4148,3275.8076,summer,day4
2025-08-08 18:45:00,2829.4811999999997,3270.0388,summer,day4
2025-08-08 18:50:00,2444.1924,3265.01,summer,day4
2025-08-08 18:55:00,2611.938,3253.6384,summer,day4
2025-08-08 19:00:00,3374.5512000000003,3282.1345,summer,day4
2025-08-08 19:05:00,2960.0088000000005,3277.683,summer,day4
2025-08-08 19:10:00,4092.1416,3268.724,summer,day4
2025-08-08 19:15:00,4772.0532,3260.3262,summer,day4
2025-08-08 19:20:00,2430.786,3252.2607,summer,day4
2025-08-08 19:25:00,2479.8048,3248.6125,summer,day4
2025-08-08 19:30:00,2630.2752,3241.8733,summer,day4
2025-08-08 19:35:00,2845.0608,3237.759,summer,day4
2025-08-08 19:40:00,2938.3392,3231.9417,summer,day4
2025-08-08 19:45:00,2988.6756,3224.1313,summer,day4
2025-08-08 19:50:00,4017.8328,3217.1128,summer,day4
2025-08-08 19:55:00,2619.2712,3204.651,summer,day4
2025-08-08 20:00:00,2265.0191999999997,3118.8381,summer,day4
2025-08-08 20:05:00,2141.1264,3112.9795,summer,day4
2025-08-08 20:10:00,2102.7912,3104.0647,summer,day4
2025-08-08 20:15:00,2098.248,3096.0405,summer,day4
2025-08-08 20:20:00,2046.3192,3089.0247,summer,day4
2025-08-08 20:25:00,2141.1876,3085.748,summer,day4
2025-08-08 20:30:00,2322.7776,3080.3606,summer,day4
2025-08-08 20:35:00,2007.8604,3078.06,summer,day4
2025-08-08 20:40:00,2347.452,3074.825,summer,day4
2025-08-08 20:45:00,2397.0984,3070.4216,summer,day4
2025-08-08 20:50:00,2293.8131999999996,3067.1978,summer,day4
2025-08-08 20:55:00,2290.6295999999998,3060.257,summer,day4
2025-08-08 21:00:00,2288.046,2961.948,summer,day4
2025-08-08 21:05:00,2324.6964,2960.4128,summer,day4
2025-08-08 21:10:00,2523.294,2955.4626,summer,day4
2025-08-08 21:15:00,2329.0008000000003,2950.589,summer,day4
2025-08-08 21:20:00,2381.2511999999997,2946.1143,summer,day4
2025-08-08 21:25:00,2403.864,2943.891,summer,day4
2025-08-08 21:30:00,2394.0804,2940.2908,summer,day4
2025-08-08 21:35:00,2208.7619999999997,2939.3887,summer,day4
2025-08-08 21:40:00,2059.0595999999996,2938.03,summer,day4
2025-08-08 21:45:00,2403.7248,2935.847,summer,day4
2025-08-08 21:50:00,2643.1368,2934.3237,summer,day4
2025-08-08 21:55:00,2519.4636,2930.1099,summer,day4
2025-08-08 22:00:00,2748.9156000000003,2841.2124,summer,day4
2025-08-08 22:05:00,2819.1731999999997,2842.3103,summer,day4
2025-08-08 22:10:00,2797.3787999999995,2840.1448,summer,day4
2025-08-08 22:15:00,2728.8216,2838.5154,summer,day4
2025-08-08 22:20:00,2633.6316,2837.9094,summer,day4
2025-08-08 22:25:00,2613.8088,2839.7664,summer,day4
2025-08-08 22:30:00,2962.7928,2841.6738,summer,day4
2025-08-08 22:35:00,2505.8232,2847.1682,summer,day4
2025-08-08 22:40:00,2656.6367999999998,2854.07,summer,day4
2025-08-08 22:45:00,2846.6796,2862.003,summer,day4
2025-08-08 22:50:00,2746.4292,2871.7312,summer,day4
2025-08-08 22:55:00,2563.2732,2880.2222,summer,day4
2025-08-08 23:00:00,2549.2188,2743.4438,summer,day4
2025-08-08 23:05:00,2521.6368,2749.6067,summer,day4
2025-08-08 23:10:00,2702.8176,2750.9807,summer,day4
2025-08-08 23:15:00,2504.3064,2750.274,summer,day4
2025-08-08 23:20:00,2510.2596000000003,2747.9033,summer,day4
2025-08-08 23:25:00,2516.4468,2745.3896,summer,day4
2025-08-08 23:30:00,2216.4096,2740.683,summer,day4
2025-08-08 23:35:00,2404.7748,2737.1523,summer,day4
2025-08-08 23:40:00,2587.326,2732.8413,summer,day4
2025-08-08 23:45:00,2509.5348,2727.293,summer,day4
2025-08-08 23:50:00,2691.5496000000003,2721.9258,summer,day4
2025-08-08 23:55:00,2451.072,2715.321,summer,day4
2025-08-31 00:00:00,2182.0248,2473.9888,summer,day5
2025-08-31 00:05:00,2171.3016,2468.9453,summer,day5
2025-08-31 00:10:00,2179.698,2465.2073,summer,day5
2025-08-31 00:15:00,2367.0263999999997,2462.958,summer,day5
2025-08-31 00:20:00,2488.9332,2461.023,summer,day5
2025-08-31 00:25:00,2413.3188,2460.2078,summer,day5
2025-08-31 00:30:00,2379.0276,2459.4878,summer,day5
2025-08-31 00:35:00,2326.3428,2459.8684,summer,day5
2025-08-31 00:40:00,2281.1736,2460.4597,summer,day5
2025-08-31 00:45:00,2240.9832,2461.4011,summer,day5
2025-08-31 00:50:00,2339.43,2463.2666,summer,day5
2025-08-31 00:55:00,2428.9248,2465.0032,summer,day5
2025-08-31 01:00:00,2334.294,2452.5894,summer,day5
2025-08-31 01:05:00,2190.9312,2455.5483,summer,day5
2025-08-31 01:10:00,2169.1596,2459.4067,summer,day5
2025-08-31 01:15:00,2111.2547999999997,2464.545,summer,day5
2025-08-31 01:20:00,2149.638,2469.9373,summer,day5
2025-08-31 01:25:00,2269.2131999999997,2476.081,summer,day5
2025-08-31 01:30:00,2388.1440000000002,2481.8918,summer,day5
2025-08-31 01:35:00,2309.5524,2487.9436,summer,day5
2025-08-31 01:40:00,2106.84,2493.0515,summer,day5
2025-08-31 01:45:00,2144.9196,2497.239,summer,day5
2025-08-31 01:50:00,2150.5368000000003,2501.5134,summer,day5
2025-08-31 01:55:00,2092.8300000000004,2504.793,summer,day5
2025-08-31 02:00:00,2155.7448,2523.5085,summer,day5
2025-08-31 02:05:00,2274.1344,2526.2512,summer,day5
2025-08-31 02:10:00,2262.8508,2528.8716,summer,day5
2025-08-31 02:15:00,2125.1784,2532.1938,summer,day5
2025-08-31 02:20:00,2130.1404,2535.3975,summer,day5
2025-08-31 02:25:00,2179.1448,2539.4275,summer,day5
2025-08-31 02:30:00,2169.3563999999997,2543.427,summer,day5
2025-08-31 02:35:00,2281.506,2548.3127,summer,day5
2025-08-31 02:40:00,2460.4584,2552.9866,summer,day5
2025-08-31 02:45:00,2300.6772,2557.35,summer,day5
2025-08-31 02:50:00,2135.4096,2562.5352,summer,day5
2025-08-31 02:55:00,2109.5292,2567.1047,summer,day5
2025-08-31 03:00:00,2105.1396,2660.6248,summer,day5
2025-08-31 03:05:00,2159.7383999999997,2667.1104,summer,day5
2025-08-31 03:10:00,2250.6012,2673.708,summer,day5
2025-08-31 03:15:00,2335.6188,2681.7876,summer,day5
2025-08-31 03:20:00,2230.9847999999997,2690.0708,summer,day5
2025-08-31 03:25:00,2123.4684,2699.1328,summer,day5
2025-08-31 03:30:00,2129.9424,2707.3904,summer,day5
2025-08-31 03:35:00,2201.3148,2715.0776,summer,day5
2025-08-31 03:40:00,2191.3212,2721.3633,summer,day5
2025-08-31 03:45:00,2239.4388,2725.2,summer,day5
2025-08-31 03:50:00,2352.6924,2729.495,summer,day5
2025-08-31 03:55:00,2211.0936,2732.942,summer,day5
2025-08-31 04:00:00,2164.3068,2705.121,summer,day5
2025-08-31 04:05:00,2287.62,2711.5056,summer,day5
2025-08-31 04:10:00,2700.0996,2718.4204,summer,day5
2025-08-31 04:15:00,2477.7419999999997,2727.0796,summer,day5
2025-08-31 04:20:00,2596.2275999999997,2736.143,summer,day5
2025-08-31 04:25:00,2646.3095999999996,2745.796,summer,day5
2025-08-31 04:30:00,2636.9880000000003,2754.2148,summer,day5
2025-08-31 04:35:00,2435.2727999999997,2761.8755,summer,day5
2025-08-31 04:40:00,2260.7400000000002,2768.2551,summer,day5
2025-08-31 04:45:00,2271.9948,2772.2195,summer,day5
2025-08-31 04:50:00,2605.2828,2776.0034,summer,day5
2025-08-31 04:55:00,2715.6156,2777.3433,summer,day5
2025-08-31 05:00:00,2876.3772,2654.726,summer,day5
2025-08-31 05:05:00,2702.5811999999996,2656.546,summer,day5
2025-08-31 05:10:00,2473.926,2657.5002,summer,day5
2025-08-31 05:15:00,2450.0244,2658.2378,summer,day5
2025-08-31 05:20:00,2296.3368,2657.48,summer,day5
2025-08-31 05:25:00,2158.2192000000005,2655.812,summer,day5
2025-08-31 05:30:00,2101.218,2652.9587,summer,day5
2025-08-31 05:35:00,2207.7648,2650.0156,summer,day5
2025-08-31 05:40:00,2161.4616,2646.731,summer,day5
2025-08-31 05:45:00,2376.87,2642.428,summer,day5
2025-08-31 05:50:00,2385.6744,2638.9097,summer,day5
2025-08-31 05:55:00,2232.6072,2634.7026,summer,day5
2025-08-31 06:00:00,2064.4416,2614.1157,summer,day5
2025-08-31 06:05:00,2381.2632000000003,2613.1877,summer,day5
2025-08-31 06:10:00,2458.8036,2612.851,summer,day5
2025-08-31 06:15:00,2302.2167999999997,2614.6406,summer,day5
2025-08-31 06:20:00,2281.3416,2617.6355,summer,day5
2025-08-31 06:25:00,2290.0896000000002,2622.344,summer,day5
2025-08-31 06:30:00,2123.9892,2627.839,summer,day5
2025-08-31 06:35:00,2123.946,2634.349,summer,day5
2025-08-31 06:40:00,2096.8224,2641.48,summer,day5
2025-08-31 06:45:00,1990.8756,2648.5776,summer,day5
2025-08-31 06:50:00,1907.2992,2658.067,summer,day5
2025-08-31 06:55:00,1924.4784,2668.2236,summer,day5
2025-08-31 07:00:00,1899.3,2837.6836,summer,day5
2025-08-31 07:05:00,1934.532,2858.9238,summer,day5
2025-08-31 07:10:00,2058.1404,2879.459,summer,day5
2025-08-31 07:15:00,2033.2908,2901.5947,summer,day5
2025-08-31 07:20:00,1949.8044000000002,2923.9292,summer,day5
2025-08-31 07:25:00,1825.3044000000002,2946.2798,summer,day5
2025-08-31 07:30:00,1910.9268,2967.4414,summer,day5
2025-08-31 07:35:00,2020.998,2987.1367,summer,day5
2025-08-31 07:40:00,2011.0392,3005.8591,summer,day5
2025-08-31 07:45:00,2001.1487999999997,3022.6404,summer,day5
2025-08-31 07:50:00,2134.5996,3041.0679,summer,day5
2025-08-31 07:55:00,2044.752,3057.4846,summer,day5
2025-08-31 08:00:00,1855.0716,3214.7388,summer,day5
2025-08-31 08:05:00,1842.3108,3232.852,summer,day5
2025-08-31 08:10:00,1864.1748,3246.1875,summer,day5
2025-08-31 08:15:00,1817.7900000000002,3258.3513,summer,day5
2025-08-31 08:20:00,1829.7252,3269.3572,summer,day5
2025-08-31 08:25:00,2058.3815999999997,3278.954,summer,day5
2025-08-31 08:30:00,2041.7628,3288.1426,summer,day5
2025-08-31 08:35:00,1887.4584,3294.8867,summer,day5
2025-08-31 08:40:00,1857.786,3300.4146,summer,day5
2025-08-31 08:45:00,1862.8727999999999,3303.536,summer,day5
2025-08-31 08:50:00,1895.7408,3306.1704,summer,day5
2025-08-31 08:55:00,1874.7972000000002,3305.2944,summer,day5
2025-08-31 09:00:00,2894.6099999999997,3438.4395,summer,day5
2025-08-31 09:05:00,4606.0332,3438.7185,summer,day5
2025-08-31 09:10:00,4738.5612,3434.4473,summer,day5
2025-08-31 09:15:00,4384.8336,3431.0696,summer,day5
2025-08-31 09:20:00,2424.528,3429.6384,summer,day5
2025-08-31 09:25:00,2227.5624,3429.8838,summer,day5
2025-08-31 09:30:00,2263.3368,3432.6995,summer,day5
2025-08-31 09:35:00,2350.8504000000003,3433.5479,summer,day5
2025-08-31 09:40:00,2626.5012,3433.5522,summer,day5
2025-08-31 09:45:00,1964.9772,3431.347,summer,day5
2025-08-31 09:50:00,1971.7044,3429.477,summer,day5
2025-08-31 09:55:00,2005.4256,3426.805,summer,day5
2025-08-31 10:00:00,2067.1572,3441.391,summer,day5
2025-08-31 10:05:00,2244.852,3444.8577,summer,day5
2025-08-31 10:10:00,3416.1023999999998,3444.5623,summer,day5
2025-08-31 10:15:00,3862.4364,3444.672,summer,day5
2025-08-31 10:20:00,3836.4936000000002,3445.1426,summer,day5
2025-08-31 10:25:00,3223.632,3445.1487,summer,day5
2025-08-31 10:30:00,2984.226,3446.3093,summer,day5
2025-08-31 10:35:00,2255.4672,3445.633,summer,day5
2025-08-31 10:40:00,3035.508,3445.6357,summer,day5
2025-08-31 10:45:00,3573.0192,3445.8835,summer,day5
2025-08-31 10:50:00,3498.6192,3447.8235,summer,day5
2025-08-31 10:55:00,2997.8003999999996,3449.2195,summer,day5
2025-08-31 11:00:00,2643.792,3451.466,summer,day5
2025-08-31 11:05:00,3442.1771999999996,3454.7751,summer,day5
2025-08-31 11:10:00,2188.5804,3452.6614,summer,day5
2025-08-31 11:15:00,2405.3496,3450.0142,summer,day5
2025-08-31 11:20:00,2584.6979999999994,3447.6643,summer,day5
2025-08-31 11:25:00,2462.0099999999998,3445.525,summer,day5
2025-08-31 11:30:00,2161.662,3445.0671,summer,day5
2025-08-31 11:35:00,2140.29,3443.449,summer,day5
2025-08-31 11:40:00,2179.4292,3442.661,summer,day5
2025-08-31 11:45:00,2256.7428,3442.0234,summer,day5
2025-08-31 11:50:00,2426.5632,3442.0854,summer,day5
2025-08-31 11:55:00,2053.9788,3439.8315,summer,day5
2025-08-31 12:00:00,2084.1984,3435.8164,summer,day5
2025-08-31 12:05:00,2074.7232,3433.2393,summer,day5
2025-08-31 12:10:00,2848.9848,3425.6868,summer,day5
2025-08-31 12:15:00,3339.7188,3418.2834,summer,day5
2025-08-31 12:20:00,2250.9828,3411.9895,summer,day5
2025-08-31 12:25:00,2207.862,3406.648,summer,day5
2025-08-31 12:30:00,2535.6792,3403.2466,summer,day5
2025-08-31 12:35:00,2224.3764,3398.7056,summer,day5
2025-08-31 12:40:00,2402.472,3393.9336,summer,day5
2025-08-31 12:45:00,2056.6992,3388.2861,summer,day5
2025-08-31 12:50:00,1929.1284,3382.7778,summer,day5
2025-08-31 12:55:00,2071.3872,3375.3533,summer,day5
2025-08-31 13:00:00,2795.3724,3381.353,summer,day5
2025-08-31 13:05:00,3846.1284,3377.7524,summer,day5
2025-08-31 13:10:00,5238.2124,3370.6682,summer,day5
2025-08-31 13:15:00,4509.752399999999,3364.1763,summer,day5
2025-08-31 13:20:00,4622.245199999999,3358.746,summer,day5
2025-08-31 13:25:00,4373.318399999999,3353.637,summer,day5
2025-08-31 13:30:00,4350.6972000000005,3349.5652,summer,day5
2025-08-31 13:35:00,5883.780000000001,3344.1719,summer,day5
2025-08-31 13:40:00,4219.455599999999,3339.5107,summer,day5
2025-08-31 13:45:00,4279.3428,3335.8784,summer,day5
2025-08-31 13:50:00,4733.3724,3334.277,summer,day5
2025-08-31 13:55:00,4474.8588,3332.451,summer,day5
2025-08-31 14:00:00,4857.1776,3306.5027,summer,day5
2025-08-31 14:05:00,4142.4324,3309.1929,summer,day5
2025-08-31 14:10:00,5776.6992,3309.0664,summer,day5
2025-08-31 14:15:00,4289.4924,3309.3452,summer,day5
2025-08-31 14:20:00,4750.2924,3310.5708,summer,day5
2025-08-31 14:25:00,4333.697999999999,3312.4834,summer,day5
2025-08-31 14:30:00,4190.0592,3315.6587,summer,day5
2025-08-31 14:35:00,5073.8844,3317.8665,summer,day5
2025-08-31 14:40:00,4693.2372000000005,3320.7183,summer,day5
2025-08-31 14:45:00,5723.7504,3323.4517,summer,day5
2025-08-31 14:50:00,6133.338000000001,3326.897,summer,day5
2025-08-31 14:55:00,4434.3192,3328.4165,summer,day5
2025-08-31 15:00:00,4249.2936,3303.6401,summer,day5
2025-08-31 15:05:00,4138.8612,3308.132,summer,day5
2025-08-31 15:10:00,5869.584,3309.6377,summer,day5
2025-08-31 15:15:00,4105.4856,3311.8704,summer,day5
2025-08-31 15:20:00,4772.3135999999995,3315.2913,summer,day5
2025-08-31 15:25:00,7226.844,3319.8281,summer,day5
2025-08-31 15:30:00,4697.1396,3326.3982,summer,day5
2025-08-31 15:35:00,4431.940799999999,3332.9138,summer,day5
2025-08-31 15:40:00,4453.8396,3341.512,summer,day5
2025-08-31 15:45:00,4339.2372000000005,3350.7026,summer,day5
2025-08-31 15:50:00,4215.6876,3361.462,summer,day5
2025-08-31 15:55:00,4487.0496,3370.787,summer,day5
2025-08-31 16:00:00,4655.004,3316.774,summer,day5
2025-08-31 16:05:00,6531.1428,3330.6755,summer,day5
2025-08-31 16:10:00,5223.3948,3341.5918,summer,day5
2025-08-31 16:15:00,5174.808,3353.8088,summer,day5
2025-08-31 16:20:00,5001.606,3367.6516,summer,day5
2025-08-31 16:25:00,8077.4352,3382.1533,summer,day5
2025-08-31 16:30:00,7781.7588000000005,3397.717,summer,day5
2025-08-31 16:35:00,6015.5844,3410.7812,summer,day5
2025-08-31 16:40:00,5052.6924,3424.2466,summer,day5
2025-08-31 16:45:00,4952.0976,3436.4219,summer,day5
2025-08-31 16:50:00,5160.8196,3448.4504,summer,day5
2025-08-31 16:55:00,6077.4324,3456.9055,summer,day5
2025-08-31 17:00:00,8012.6352,3355.2688,summer,day5
2025-08-31 17:05:00,6954.955199999999,3361.9622,summer,day5
2025-08-31 17:10:00,6484.3824,3360.8823,summer,day5
2025-08-31 17:15:00,6229.974,3356.665,summer,day5
2025-08-31 17:20:00,6230.1012,3350.2354,summer,day5
2025-08-31 17:25:00,6915.224400000001,3341.297,summer,day5
2025-08-31 17:30:00,6302.778,3333.013,summer,day5
2025-08-31 17:35:00,6173.4144,3322.192,summer,day5
2025-08-31 17:40:00,6153.0216,3312.7537,summer,day5
2025-08-31 17:45:00,6950.794800000001,3302.834,summer,day5
2025-08-31 17:50:00,7280.1576000000005,3293.4873,summer,day5
2025-08-31 17:55:00,6939.375599999999,3282.1726,summer,day5
2025-08-31 18:00:00,6380.1323999999995,3264.9023,summer,day5
2025-08-31 18:05:00,6515.6424,3260.022,summer,day5
2025-08-31 18:10:00,4805.9256000000005,3251.9363,summer,day5
2025-08-31 18:15:00,4628.286,3245.8875,summer,day5
2025-08-31 18:20:00,4889.294400000001,3242.745,summer,day5
2025-08-31 18:25:00,4872.770399999999,3240.83,summer,day5
2025-08-31 18:30:00,3872.9748,3241.252,summer,day5
2025-08-31 18:35:00,3762.5663999999997,3238.5981,summer,day5
2025-08-31 18:40:00,3813.8604,3235.04,summer,day5
2025-08-31 18:45:00,3833.7264000000005,3228.6643,summer,day5
2025-08-31 18:50:00,3909.7284,3221.545,summer,day5
2025-08-31 18:55:00,3944.4888,3212.648,summer,day5
2025-08-31 19:00:00,5147.4612,3228.224,summer,day5
2025-08-31 19:05:00,4844.462399999999,3225.8716,summer,day5
2025-08-31 19:10:00,4242.972,3220.286,summer,day5
2025-08-31 19:15:00,3783.0204,3215.1655,summer,day5
2025-08-31 19:20:00,3764.4767999999995,3210.5752,summer,day5
2025-08-31 19:25:00,3732.8520000000003,3204.9448,summer,day5
2025-08-31 19:30:00,3727.3704,3198.5908,summer,day5
2025-08-31 19:35:00,3835.8479999999995,3189.4958,summer,day5
2025-08-31 19:40:00,4004.9688,3179.679,summer,day5
2025-08-31 19:45:00,3859.8516000000004,3168.7153,summer,day5
2025-08-31 19:50:00,4215.4056,3158.756,summer,day5
2025-08-31 19:55:00,4371.5676,3146.5295,summer,day5
2025-08-31 20:00:00,4049.5752,3100.975,summer,day5
2025-08-31 20:05:00,4192.674,3091.8152,summer,day5
2025-08-31 20:10:00,4126.7604,3079.5396,summer,day5
2025-08-31 20:15:00,4924.669199999999,3067.4236,summer,day5
2025-08-31 20:20:00,4501.0968,3055.4902,summer,day5
2025-08-31 20:25:00,4050.282,3044.0166,summer,day5
2025-08-31 20:30:00,3954.6612,3032.2554,summer,day5
2025-08-31 20:35:00,5177.9832,3020.001,summer,day5
2025-08-31 20:40:00,6023.2248,3006.9224,summer,day5
2025-08-31 20:45:00,4444.468800000001,2992.7083,summer,day5
2025-08-31 20:50:00,4218.8928,2978.76,summer,day5
2025-08-31 20:55:00,5574.2136,2960.9482,summer,day5
2025-08-31 21:00:00,4219.7784,2746.6392,summer,day5
2025-08-31 21:05:00,3663.756,2733.9778,summer,day5
2025-08-31 21:10:00,3199.6356,2720.4202,summer,day5
2025-08-31 21:15:00,3130.2432,2707.8733,summer,day5
2025-08-31 21:20:00,3049.0476,2695.6729,summer,day5
2025-08-31 21:25:00,3273.9696,2685.1367,summer,day5
2025-08-31 21:30:00,3364.7028,2675.5325,summer,day5
2025-08-31 21:35:00,3176.8272,2667.5032,summer,day5
2025-08-31 21:40:00,3206.7576,2660.4246,summer,day5
2025-08-31 21:45:00,3216.1848,2654.7075,summer,day5
2025-08-31 21:50:00,3184.5828,2650.7344,summer,day5
2025-08-31 21:55:00,3230.1228,2646.722,summer,day5
2025-08-31 22:00:00,3364.3284,2594.8083,summer,day5
2025-08-31 22:05:00,3308.3316,2593.8638,summer,day5
2025-08-31 22:10:00,3490.9008000000003,2592.842,summer,day5
2025-08-31 22:15:00,3602.454,2592.455,summer,day5
2025-08-31 22:20:00,3511.1316000000006,2591.7148,summer,day5
2025-08-31 22:25:00,3519.972,2591.2935,summer,day5
2025-08-31 22:30:00,3696.5627999999997,2590.765,summer,day5
2025-08-31 22:35:00,3609.7224,2590.3767,summer,day5
2025-08-31 22:40:00,3199.3379999999997,2589.7207,summer,day5
2025-08-31 22:45:00,2989.5996,2589.2988,summer,day5
2025-08-31 22:50:00,3265.2072,2589.3613,summer,day5
2025-08-31 22:55:00,3382.1027999999997,2588.855,summer,day5
2025-08-31 23:00:00,3412.0392,2569.5737,summer,day5
2025-08-31 23:05:00,3385.3644,2569.2134,summer,day5
2025-08-31 23:10:00,3303.9276,2568.1257,summer,day5
2025-08-31 23:15:00,3277.4028,2567.2275,summer,day5
2025-08-31 23:20:00,3480.042,2566.1228,summer,day5
2025-08-31 23:25:00,3273.5628,2565.559,summer,day5
2025-08-31 23:30:00,3248.9136,2565.2026,summer,day5
2025-08-31 23:35:00,3623.5368000000003,2564.8706,summer,day5
2025-08-31 23:40:00,3674.1804,2564.047,summer,day5
2025-08-31 23:45:00,3651.9276,2563.1523,summer,day5
2025-08-31 23:50:00,3458.1588,2562.3237,summer,day5
2025-08-31 23:55:00,3396.2532,2560.6404,summer,day5
