timestamp,actual,prediction,season,day,n_selected_features
2025-01-31 00:00:00,2419.7136,2475.5273,winter,day1,14
2025-01-31 00:05:00,2421.2076,2470.526,winter,day1,14
2025-01-31 00:10:00,2406.2376,2467.6414,winter,day1,14
2025-01-31 00:15:00,2448.138,2463.7268,winter,day1,14
2025-01-31 00:20:00,2446.1592,2459.7847,winter,day1,14
2025-01-31 00:25:00,2429.3184,2456.8894,winter,day1,14
2025-01-31 00:30:00,2415.4271999999996,2452.5537,winter,day1,14
2025-01-31 00:35:00,2436.0756,2450.4185,winter,day1,14
2025-01-31 00:40:00,2442.5879999999997,2448.3767,winter,day1,14
2025-01-31 00:45:00,2489.8392,2448.0437,winter,day1,14
2025-01-31 00:50:00,2574.8892000000005,2448.4363,winter,day1,14
2025-01-31 00:55:00,2494.1771999999996,2448.1775,winter,day1,14
2025-01-31 01:00:00,2460.7032,2446.9084,winter,day1,14
2025-01-31 01:05:00,2478.7308000000003,2448.5923,winter,day1,14
2025-01-31 01:10:00,2655.1824,2452.6035,winter,day1,14
2025-01-31 01:15:00,2623.8792000000003,2455.7249,winter,day1,14
2025-01-31 01:20:00,2643.6804,2458.7285,winter,day1,14
2025-01-31 01:25:00,2677.7496,2461.6191,winter,day1,14
2025-01-31 01:30:00,2612.2164000000002,2463.9329,winter,day1,14
2025-01-31 01:35:00,2576.718,2468.0283,winter,day1,14
2025-01-31 01:40:00,2567.16,2471.8862,winter,day1,14
2025-01-31 01:45:00,2857.2072,2476.0483,winter,day1,14
2025-01-31 01:50:00,3233.2403999999997,2480.11,winter,day1,14
2025-01-31 01:55:00,2634.7596,2484.0117,winter,day1,14
2025-01-31 02:00:00,3291.1416,2503.8892,winter,day1,14
2025-01-31 02:05:00,2764.3464,2509.1138,winter,day1,14
2025-01-31 02:10:00,3136.0596,2515.5437,winter,day1,14
2025-01-31 02:15:00,3107.1648,2520.5793,winter,day1,14
2025-01-31 02:20:00,2950.0908,2525.4805,winter,day1,14
2025-01-31 02:25:00,3388.2504,2529.359,winter,day1,14
2025-01-31 02:30:00,2792.6447999999996,2534.2378,winter,day1,14
2025-01-31 02:35:00,3416.9544,2539.106,winter,day1,14
2025-01-31 02:40:00,3290.1672,2543.313,winter,day1,14
2025-01-31 02:45:00,3310.4148,2545.2202,winter,day1,14
2025-01-31 02:50:00,3021.81,2546.1958,winter,day1,14
2025-01-31 02:55:00,3089.8908,2547.465,winter,day1,14
2025-01-31 03:00:00,3474.132,2605.568,winter,day1,14
2025-01-31 03:05:00,3120.5652,2606.1064,winter,day1,14
2025-01-31 03:10:00,2604.7464,2605.892,winter,day1,14
2025-01-31 03:15:00,3252.3288000000002,2605.9412,winter,day1,14
2025-01-31 03:20:00,3162.252,2606.8228,winter,day1,14
2025-01-31 03:25:00,2431.2168,2604.9312,winter,day1,14
2025-01-31 03:30:00,2432.5091999999995,2604.8804,winter,day1,14
2025-01-31 03:35:00,2455.344,2602.442,winter,day1,14
2025-01-31 03:40:00,2557.572,2601.2898,winter,day1,14
2025-01-31 03:45:00,2469.3948,2598.0132,winter,day1,14
2025-01-31 03:50:00,2462.4528,2595.8013,winter,day1,14
2025-01-31 03:55:00,2547.384,2595.0886,winter,day1,14
2025-01-31 04:00:00,2612.8884,2623.0896,winter,day1,14
2025-01-31 04:05:00,2651.478,2621.0305,winter,day1,14
2025-01-31 04:10:00,2652.9564,2618.919,winter,day1,14
2025-01-31 04:15:00,2611.4268,2617.4785,winter,day1,14
2025-01-31 04:20:00,2538.81,2617.2407,winter,day1,14
2025-01-31 04:25:00,2501.904,2615.5127,winter,day1,14
2025-01-31 04:30:00,2600.8464,2615.4373,winter,day1,14
2025-01-31 04:35:00,2704.0416,2614.4038,winter,day1,14
2025-01-31 04:40:00,2662.4568,2615.021,winter,day1,14
2025-01-31 04:45:00,2502.9612,2614.1213,winter,day1,14
2025-01-31 04:50:00,2486.8968,2614.275,winter,day1,14
2025-01-31 04:55:00,2481.2088,2614.8982,winter,day1,14
2025-01-31 05:00:00,2460.0216,2582.1938,winter,day1,14
2025-01-31 05:05:00,2467.8156,2584.8445,winter,day1,14
2025-01-31 05:10:00,2625.0348,2588.064,winter,day1,14
2025-01-31 05:15:00,2701.698,2590.9758,winter,day1,14
2025-01-31 05:20:00,2665.6584,2593.7573,winter,day1,14
2025-01-31 05:25:00,2646.3732,2594.02,winter,day1,14
2025-01-31 05:30:00,2630.1696,2594.068,winter,day1,14
2025-01-31 05:35:00,2554.8923999999997,2593.4946,winter,day1,14
2025-01-31 05:40:00,2540.9676,2593.7024,winter,day1,14
2025-01-31 05:45:00,2553.3516,2592.51,winter,day1,14
2025-01-31 05:50:00,2523.4356,2592.3486,winter,day1,14
2025-01-31 05:55:00,2493.5436,2592.4873,winter,day1,14
2025-01-31 06:00:00,2469.4991999999997,2629.8987,winter,day1,14
2025-01-31 06:05:00,2479.0164,2631.2205,winter,day1,14
2025-01-31 06:10:00,2474.82,2632.5593,winter,day1,14
2025-01-31 06:15:00,2475.942,2633.5637,winter,day1,14
2025-01-31 06:20:00,2560.44,2634.9258,winter,day1,14
2025-01-31 06:25:00,2689.5407999999998,2633.4365,winter,day1,14
2025-01-31 06:30:00,2691.576,2631.9526,winter,day1,14
2025-01-31 06:35:00,2586.3576000000003,2630.2441,winter,day1,14
2025-01-31 06:40:00,2574.9108,2632.0825,winter,day1,14
2025-01-31 06:45:00,2593.9031999999997,2636.3735,winter,day1,14
2025-01-31 06:50:00,2597.6484,2645.455,winter,day1,14
2025-01-31 06:55:00,2657.052,2657.749,winter,day1,14
2025-01-31 07:00:00,2503.29,2881.8684,winter,day1,14
2025-01-31 07:05:00,2399.8536,2926.9949,winter,day1,14
2025-01-31 07:10:00,2796.7475999999997,2969.674,winter,day1,14
2025-01-31 07:15:00,3094.368,3015.9302,winter,day1,14
2025-01-31 07:20:00,1062.0948,3061.2925,winter,day1,14
2025-01-31 07:25:00,0.0,3099.0503,winter,day1,14
2025-01-31 07:30:00,329.8464,3154.2651,winter,day1,14
2025-01-31 07:35:00,4469.830800000001,3203.4895,winter,day1,14
2025-01-31 07:40:00,3195.8712,3259.7812,winter,day1,14
2025-01-31 07:45:00,3173.7912,3308.8574,winter,day1,14
2025-01-31 07:50:00,3154.2168,3359.657,winter,day1,14
2025-01-31 07:55:00,3164.3784,3417.3655,winter,day1,14
2025-01-31 08:00:00,3110.9256,3572.5168,winter,day1,14
2025-01-31 08:05:00,3053.4204,3629.187,winter,day1,14
2025-01-31 08:10:00,2941.5024000000003,3662.1243,winter,day1,14
2025-01-31 08:15:00,2826.8436,3702.4446,winter,day1,14
2025-01-31 08:20:00,2778.8831999999998,3737.587,winter,day1,14
2025-01-31 08:25:00,2879.9292,3755.1567,winter,day1,14
2025-01-31 08:30:00,2893.1904,3802.1223,winter,day1,14
2025-01-31 08:35:00,2838.2712,3844.0957,winter,day1,14
2025-01-31 08:40:00,2864.5692,3893.7454,winter,day1,14
2025-01-31 08:45:00,3146.5944,3913.3442,winter,day1,14
2025-01-31 08:50:00,3818.0771999999997,3924.3145,winter,day1,14
2025-01-31 08:55:00,2896.1760000000004,3955.6416,winter,day1,14
2025-01-31 09:00:00,3146.4948,3873.2974,winter,day1,14
2025-01-31 09:05:00,3097.1639999999998,3902.5771,winter,day1,14
2025-01-31 09:10:00,2852.1804,3910.9539,winter,day1,14
2025-01-31 09:15:00,2902.47,3926.0967,winter,day1,14
2025-01-31 09:20:00,2858.8464,3938.1484,winter,day1,14
2025-01-31 09:25:00,2969.58,3938.7578,winter,day1,14
2025-01-31 09:30:00,3069.2843999999996,3962.4482,winter,day1,14
2025-01-31 09:35:00,2776.5600000000004,3973.4265,winter,day1,14
2025-01-31 09:40:00,2763.0828,3996.8892,winter,day1,14
2025-01-31 09:45:00,2781.0827999999997,4011.3105,winter,day1,14
2025-01-31 09:50:00,2815.8372000000004,4017.4365,winter,day1,14
2025-01-31 09:55:00,2843.6519999999996,4026.8953,winter,day1,14
2025-01-31 10:00:00,3068.1444,4163.436,winter,day1,14
2025-01-31 10:05:00,3093.9936000000002,4174.618,winter,day1,14
2025-01-31 10:10:00,2814.2316,4168.2905,winter,day1,14
2025-01-31 10:15:00,2781.3828,4167.765,winter,day1,14
2025-01-31 10:20:00,2811.6984,4163.02,winter,day1,14
2025-01-31 10:25:00,2800.0080000000003,4152.544,winter,day1,14
2025-01-31 10:30:00,2792.0843999999997,4166.767,winter,day1,14
2025-01-31 10:35:00,2786.0892,4171.2646,winter,day1,14
2025-01-31 10:40:00,3025.9536,4180.713,winter,day1,14
2025-01-31 10:45:00,3129.0924,4176.005,winter,day1,14
2025-01-31 10:50:00,11905.8276,4161.658,winter,day1,14
2025-01-31 10:55:00,7211.2044,4149.444,winter,day1,14
2025-01-31 11:00:00,5106.3192,4142.9136,winter,day1,14
2025-01-31 11:05:00,5155.3848,4136.444,winter,day1,14
2025-01-31 11:10:00,4274.8716,4118.604,winter,day1,14
2025-01-31 11:15:00,2854.3284,4108.076,winter,day1,14
2025-01-31 11:20:00,2956.7388,4094.9346,winter,day1,14
2025-01-31 11:25:00,3654.8784,4074.756,winter,day1,14
2025-01-31 11:30:00,2839.4579999999996,4067.467,winter,day1,14
2025-01-31 11:35:00,2797.7952,4052.4836,winter,day1,14
2025-01-31 11:40:00,2320.0860000000002,4043.831,winter,day1,14
2025-01-31 11:45:00,3245.9795999999997,4029.1985,winter,day1,14
2025-01-31 11:50:00,1997.8655999999999,4013.8745,winter,day1,14
2025-01-31 11:55:00,1985.4227999999998,4002.361,winter,day1,14
2025-01-31 12:00:00,2112.2736,4017.4512,winter,day1,14
2025-01-31 12:05:00,2531.1336,4011.2139,winter,day1,14
2025-01-31 12:10:00,2235.1668,3996.3794,winter,day1,14
2025-01-31 12:15:00,2350.9752,3987.678,winter,day1,14
2025-01-31 12:20:00,2110.1243999999997,3976.6902,winter,day1,14
2025-01-31 12:25:00,2110.1736,3958.63,winter,day1,14
2025-01-31 12:30:00,2318.832,3950.9246,winter,day1,14
2025-01-31 12:35:00,2952.972,3937.4275,winter,day1,14
2025-01-31 12:40:00,2047.9656,3933.622,winter,day1,14
2025-01-31 12:45:00,2041.5672,3930.8064,winter,day1,14
2025-01-31 12:50:00,2436.7619999999997,3931.0837,winter,day1,14
2025-01-31 12:55:00,2047.6128,3931.2725,winter,day1,14
2025-01-31 13:00:00,2608.8540000000003,3879.998,winter,day1,14
2025-01-31 13:05:00,3095.1996,3877.9163,winter,day1,14
2025-01-31 13:10:00,2278.9164,3866.318,winter,day1,14
2025-01-31 13:15:00,2230.1351999999997,3860.6692,winter,day1,14
2025-01-31 13:20:00,3371.2248,3854.3176,winter,day1,14
2025-01-31 13:25:00,2222.0628,3841.4424,winter,day1,14
2025-01-31 13:30:00,3055.6488,3841.3467,winter,day1,14
2025-01-31 13:35:00,2325.1392,3835.23,winter,day1,14
2025-01-31 13:40:00,2361.2112,3836.7778,winter,day1,14
2025-01-31 13:45:00,2338.8456,3835.3772,winter,day1,14
2025-01-31 13:50:00,2381.0556,3835.5225,winter,day1,14
2025-01-31 13:55:00,2489.7996,3838.9092,winter,day1,14
2025-01-31 14:00:00,2614.1279999999997,3795.223,winter,day1,14
2025-01-31 14:05:00,4218.2844,3801.5073,winter,day1,14
2025-01-31 14:10:00,3829.068,3798.1064,winter,day1,14
2025-01-31 14:15:00,2993.958,3799.762,winter,day1,14
2025-01-31 14:20:00,2935.1256000000003,3801.5684,winter,day1,14
2025-01-31 14:25:00,3198.9996,3794.709,winter,day1,14
2025-01-31 14:30:00,3069.672,3794.773,winter,day1,14
2025-01-31 14:35:00,3663.1524000000004,3786.012,winter,day1,14
2025-01-31 14:40:00,3035.2788,3797.7397,winter,day1,14
2025-01-31 14:45:00,2981.6124,3828.8535,winter,day1,14
2025-01-31 14:50:00,3319.7892,3879.0234,winter,day1,14
2025-01-31 14:55:00,4121.4744,3936.4,winter,day1,14
2025-01-31 15:00:00,3289.0932000000003,4154.2715,winter,day1,14
2025-01-31 15:05:00,3411.0696,4211.558,winter,day1,14
2025-01-31 15:10:00,3320.6339999999996,4255.4976,winter,day1,14
2025-01-31 15:15:00,3538.6992,4301.668,winter,day1,14
2025-01-31 15:20:00,3681.6839999999997,4345.016,winter,day1,14
2025-01-31 15:25:00,3798.6876,4382.806,winter,day1,14
2025-01-31 15:30:00,6839.639999999999,4440.6475,winter,day1,14
2025-01-31 15:35:00,5204.9928,4494.218,winter,day1,14
2025-01-31 15:40:00,4172.244000000001,4557.2393,winter,day1,14
2025-01-31 15:45:00,3777.9048000000003,4618.1694,winter,day1,14
2025-01-31 15:50:00,3975.4968,4681.904,winter,day1,14
2025-01-31 15:55:00,3809.7635999999998,4752.41,winter,day1,14
2025-01-31 16:00:00,4072.4808000000003,4945.2812,winter,day1,14
2025-01-31 16:05:00,5101.509599999999,5015.125,winter,day1,14
2025-01-31 16:10:00,5849.4348,5064.2676,winter,day1,14
2025-01-31 16:15:00,4265.634,5117.949,winter,day1,14
2025-01-31 16:20:00,6059.244000000001,5166.983,winter,day1,14
2025-01-31 16:25:00,6108.861599999999,5205.162,winter,day1,14
2025-01-31 16:30:00,3822.9264000000003,5264.739,winter,day1,14
2025-01-31 16:35:00,4368.2699999999995,5326.159,winter,day1,14
2025-01-31 16:40:00,5444.748,5388.9097,winter,day1,14
2025-01-31 16:45:00,5331.2519999999995,5428.5405,winter,day1,14
2025-01-31 16:50:00,4275.2411999999995,5459.053,winter,day1,14
2025-01-31 16:55:00,4357.412399999999,5499.267,winter,day1,14
2025-01-31 17:00:00,4463.323200000001,5554.986,winter,day1,14
2025-01-31 17:05:00,4956.6804,5592.741,winter,day1,14
2025-01-31 17:10:00,7434.4644,5595.375,winter,day1,14
2025-01-31 17:15:00,5788.616400000001,5600.918,winter,day1,14
2025-01-31 17:20:00,4697.286,5599.173,winter,day1,14
2025-01-31 17:25:00,4403.4888,5587.3564,winter,day1,14
2025-01-31 17:30:00,4285.9548,5603.4277,winter,day1,14
2025-01-31 17:35:00,5213.6352,5616.8564,winter,day1,14
2025-01-31 17:40:00,6172.1292,5646.044,winter,day1,14
2025-01-31 17:45:00,4718.4672,5667.452,winter,day1,14
2025-01-31 17:50:00,5186.240400000001,5679.3896,winter,day1,14
2025-01-31 17:55:00,4587.0491999999995,5694.0864,winter,day1,14
2025-01-31 18:00:00,5823.6876,5652.6416,winter,day1,14
2025-01-31 18:05:00,8507.269199999999,5671.481,winter,day1,14
2025-01-31 18:10:00,11902.4772,5653.4824,winter,day1,14
2025-01-31 18:15:00,11655.633600000001,5636.947,winter,day1,14
2025-01-31 18:20:00,5160.3396,5610.5,winter,day1,14
2025-01-31 18:25:00,3717.7248,5575.446,winter,day1,14
2025-01-31 18:30:00,5269.1724,5581.796,winter,day1,14
2025-01-31 18:35:00,4856.976000000001,5573.5283,winter,day1,14
2025-01-31 18:40:00,4008.9468,5576.2993,winter,day1,14
2025-01-31 18:45:00,4800.2136,5560.945,winter,day1,14
2025-01-31 18:50:00,3721.53,5528.042,winter,day1,14
2025-01-31 18:55:00,3683.9592,5491.5557,winter,day1,14
2025-01-31 19:00:00,3895.4376,4828.742,winter,day1,14
2025-01-31 19:05:00,3802.4256,4787.5664,winter,day1,14
2025-01-31 19:10:00,3494.0424,4719.0947,winter,day1,14
2025-01-31 19:15:00,3520.9271999999996,4656.9854,winter,day1,14
2025-01-31 19:20:00,3634.2239999999997,4596.395,winter,day1,14
2025-01-31 19:25:00,3646.3836,4526.7827,winter,day1,14
2025-01-31 19:30:00,3716.0195999999996,4484.148,winter,day1,14
2025-01-31 19:35:00,3563.6051999999995,4430.4766,winter,day1,14
2025-01-31 19:40:00,3467.5968000000003,4394.1597,winter,day1,14
2025-01-31 19:45:00,3381.3479999999995,4354.314,winter,day1,14
2025-01-31 19:50:00,3352.4472,4314.5127,winter,day1,14
2025-01-31 19:55:00,3341.6771999999996,4283.293,winter,day1,14
2025-01-31 20:00:00,3418.7784,3672.8357,winter,day1,14
2025-01-31 20:05:00,3528.0816,3642.7764,winter,day1,14
2025-01-31 20:10:00,3441.972,3598.257,winter,day1,14
2025-01-31 20:15:00,3466.8540000000003,3558.1929,winter,day1,14
2025-01-31 20:20:00,3511.7148,3522.8987,winter,day1,14
2025-01-31 20:25:00,3541.2408000000005,3478.3552,winter,day1,14
2025-01-31 20:30:00,3458.8896,3451.5195,winter,day1,14
2025-01-31 20:35:00,3527.4875999999995,3419.0789,winter,day1,14
2025-01-31 20:40:00,3652.4676,3402.5176,winter,day1,14
2025-01-31 20:45:00,3501.528,3387.9229,winter,day1,14
2025-01-31 20:50:00,3391.0944000000004,3376.6958,winter,day1,14
2025-01-31 20:55:00,3383.6675999999998,3370.068,winter,day1,14
2025-01-31 21:00:00,3351.6288,2973.2412,winter,day1,14
2025-01-31 21:05:00,3343.6224,2963.202,winter,day1,14
2025-01-31 21:10:00,3418.3812000000007,2947.1062,winter,day1,14
2025-01-31 21:15:00,3300.8892,2931.7188,winter,day1,14
2025-01-31 21:20:00,3487.3992,2918.9346,winter,day1,14
2025-01-31 21:25:00,3316.2119999999995,2898.8867,winter,day1,14
2025-01-31 21:30:00,2800.2096,2885.39,winter,day1,14
2025-01-31 21:35:00,2635.6800000000003,2866.467,winter,day1,14
2025-01-31 21:40:00,2649.3432000000003,2852.4158,winter,day1,14
2025-01-31 21:45:00,2659.1639999999998,2835.9355,winter,day1,14
2025-01-31 21:50:00,2892.5184,2820.719,winter,day1,14
2025-01-31 21:55:00,2654.2968,2808.4163,winter,day1,14
2025-01-31 22:00:00,2338.524,2658.8945,winter,day1,14
2025-01-31 22:05:00,2304.9372,2651.5942,winter,day1,14
2025-01-31 22:10:00,2355.42,2644.1423,winter,day1,14
2025-01-31 22:15:00,2420.1408,2637.6226,winter,day1,14
2025-01-31 22:20:00,2454.942,2633.329,winter,day1,14
2025-01-31 22:25:00,2469.5027999999998,2627.2063,winter,day1,14
2025-01-31 22:30:00,2496.9192,2622.0364,winter,day1,14
2025-01-31 22:35:00,2502.054,2615.9387,winter,day1,14
2025-01-31 22:40:00,2451.114,2611.3977,winter,day1,14
2025-01-31 22:45:00,2420.7167999999997,2606.2812,winter,day1,14
2025-01-31 22:50:00,2386.6548,2602.7732,winter,day1,14
2025-01-31 22:55:00,2656.3896,2599.999,winter,day1,14
2025-01-31 23:00:00,2482.7052,2561.7612,winter,day1,14
2025-01-31 23:05:00,2367.366,2560.3003,winter,day1,14
2025-01-31 23:10:00,2323.6728,2560.407,winter,day1,14
2025-01-31 23:15:00,2325.3540000000003,2560.88,winter,day1,14
2025-01-31 23:20:00,2334.3468000000003,2561.4392,winter,day1,14
2025-01-31 23:25:00,2387.064,2560.3452,winter,day1,14
2025-01-31 23:30:00,2426.784,2559.0083,winter,day1,14
2025-01-31 23:35:00,2455.0416,2557.497,winter,day1,14
2025-01-31 23:40:00,2426.13,2556.0496,winter,day1,14
2025-01-31 23:45:00,2358.9696,2553.612,winter,day1,14
2025-01-31 23:50:00,2372.2799999999997,2552.2378,winter,day1,14
2025-01-31 23:55:00,2386.9379999999996,2550.7769,winter,day1,14
2025-02-15 00:00:00,2488.5384,2574.4944,winter,day2,16
2025-02-15 00:05:00,2497.0703999999996,2582.2168,winter,day2,16
2025-02-15 00:10:00,2762.6688,2580.62,winter,day2,16
2025-02-15 00:15:00,2761.0692,2576.582,winter,day2,16
2025-02-15 00:20:00,2593.7484,2572.48,winter,day2,16
2025-02-15 00:25:00,2635.5971999999997,2569.4668,winter,day2,16
2025-02-15 00:30:00,2626.2876,2568.1028,winter,day2,16
2025-02-15 00:35:00,2579.4564,2564.8428,winter,day2,16
2025-02-15 00:40:00,2572.9091999999996,2559.5435,winter,day2,16
2025-02-15 00:45:00,2528.3172,2554.8882,winter,day2,16
2025-02-15 00:50:00,2526.468,2555.2231,winter,day2,16
2025-02-15 00:55:00,2652.132,2559.8738,winter,day2,16
2025-02-15 01:00:00,2831.778,2598.8242,winter,day2,16
2025-02-15 01:05:00,2576.6052,2595.983,winter,day2,16
2025-02-15 01:10:00,2568.846,2595.086,winter,day2,16
2025-02-15 01:15:00,2563.6367999999998,2608.6482,winter,day2,16
2025-02-15 01:20:00,2620.032,2633.7305,winter,day2,16
2025-02-15 01:25:00,2629.7076,2658.2139,winter,day2,16
2025-02-15 01:30:00,2632.2468,2673.2568,winter,day2,16
2025-02-15 01:35:00,2596.05,2679.961,winter,day2,16
2025-02-15 01:40:00,2657.7996,2685.0073,winter,day2,16
2025-02-15 01:45:00,2699.7708,2694.5652,winter,day2,16
2025-02-15 01:50:00,3088.3104,2708.9092,winter,day2,16
2025-02-15 01:55:00,2952.6648,2717.8013,winter,day2,16
2025-02-15 02:00:00,3365.6771999999996,2715.7954,winter,day2,16
2025-02-15 02:05:00,2748.9912,2730.9805,winter,day2,16
2025-02-15 02:10:00,3425.2812,2749.189,winter,day2,16
2025-02-15 02:15:00,3386.4096,2781.289,winter,day2,16
2025-02-15 02:20:00,2955.0828,2823.4924,winter,day2,16
2025-02-15 02:25:00,3455.4984000000004,2874.1064,winter,day2,16
2025-02-15 02:30:00,3340.5888,2920.8022,winter,day2,16
2025-02-15 02:35:00,3299.0520000000006,2962.3772,winter,day2,16
2025-02-15 02:40:00,3295.6968,2988.474,winter,day2,16
2025-02-15 02:45:00,3496.2048000000004,2995.6702,winter,day2,16
2025-02-15 02:50:00,3678.81,2995.6836,winter,day2,16
2025-02-15 02:55:00,3431.8212,2986.5261,winter,day2,16
2025-02-15 03:00:00,2997.8568,3036.4983,winter,day2,16
2025-02-15 03:05:00,3494.8248,3009.962,winter,day2,16
2025-02-15 03:10:00,3501.9,2981.1401,winter,day2,16
2025-02-15 03:15:00,3167.2776,2960.775,winter,day2,16
2025-02-15 03:20:00,3507.2136,2940.5205,winter,day2,16
2025-02-15 03:25:00,3349.2144,2918.3472,winter,day2,16
2025-02-15 03:30:00,3250.1916,2890.4497,winter,day2,16
2025-02-15 03:35:00,3390.924,2861.6492,winter,day2,16
2025-02-15 03:40:00,2922.5028,2827.8618,winter,day2,16
2025-02-15 03:45:00,2559.2904000000003,2794.4639,winter,day2,16
2025-02-15 03:50:00,2797.6764,2771.7153,winter,day2,16
2025-02-15 03:55:00,2562.6192,2751.7183,winter,day2,16
2025-02-15 04:00:00,2540.7732,2722.9983,winter,day2,16
2025-02-15 04:05:00,2542.0536,2713.1838,winter,day2,16
2025-02-15 04:10:00,2665.9128,2704.769,winter,day2,16
2025-02-15 04:15:00,2718.2088,2698.5415,winter,day2,16
2025-02-15 04:20:00,2717.5116,2687.59,winter,day2,16
2025-02-15 04:25:00,2653.6296,2678.5122,winter,day2,16
2025-02-15 04:30:00,2697.8544,2671.2988,winter,day2,16
2025-02-15 04:35:00,2711.3399999999997,2666.6753,winter,day2,16
2025-02-15 04:40:00,2700.6528,2660.7102,winter,day2,16
2025-02-15 04:45:00,2799.0384000000004,2657.097,winter,day2,16
2025-02-15 04:50:00,2976.3599999999997,2661.2769,winter,day2,16
2025-02-15 04:55:00,2617.7652000000003,2663.165,winter,day2,16
2025-02-15 05:00:00,2624.0424,2656.8354,winter,day2,16
2025-02-15 05:05:00,2733.1187999999997,2670.9912,winter,day2,16
2025-02-15 05:10:00,2724.3563999999997,2686.578,winter,day2,16
2025-02-15 05:15:00,2746.314,2700.0342,winter,day2,16
2025-02-15 05:20:00,2761.5456,2705.1577,winter,day2,16
2025-02-15 05:25:00,2770.9211999999998,2715.1597,winter,day2,16
2025-02-15 05:30:00,2778.6492,2715.5693,winter,day2,16
2025-02-15 05:35:00,2719.5144,2711.5542,winter,day2,16
2025-02-15 05:40:00,2715.99,2696.6719,winter,day2,16
2025-02-15 05:45:00,2973.078,2674.6255,winter,day2,16
2025-02-15 05:50:00,2825.2788,2657.5137,winter,day2,16
2025-02-15 05:55:00,2689.6044,2639.334,winter,day2,16
2025-02-15 06:00:00,2615.4156000000003,2619.43,winter,day2,16
2025-02-15 06:05:00,2624.5080000000003,2607.1914,winter,day2,16
2025-02-15 06:10:00,2611.782,2603.305,winter,day2,16
2025-02-15 06:15:00,2592.9468,2607.3354,winter,day2,16
2025-02-15 06:20:00,2628.9048000000003,2610.291,winter,day2,16
2025-02-15 06:25:00,2613.1932,2617.319,winter,day2,16
2025-02-15 06:30:00,2612.5775999999996,2623.7292,winter,day2,16
2025-02-15 06:35:00,2545.6056,2630.4832,winter,day2,16
2025-02-15 06:40:00,2487.6396,2629.8257,winter,day2,16
2025-02-15 06:45:00,2432.4816,2620.768,winter,day2,16
2025-02-15 06:50:00,2675.988,2609.4,winter,day2,16
2025-02-15 06:55:00,2424.3216,2595.6094,winter,day2,16
2025-02-15 07:00:00,2442.4272,2510.752,winter,day2,16
2025-02-15 07:05:00,2382.3648000000003,2535.653,winter,day2,16
2025-02-15 07:10:00,2677.4316,2585.9834,winter,day2,16
2025-02-15 07:15:00,3024.7824,2661.176,winter,day2,16
2025-02-15 07:20:00,3020.04,2755.1448,winter,day2,16
2025-02-15 07:25:00,3081.3347999999996,2968.3547,winter,day2,16
2025-02-15 07:30:00,4056.6732,3754.97,winter,day2,16
2025-02-15 07:35:00,11292.3996,8727.049,winter,day2,16
2025-02-15 07:40:00,11048.544,13194.227,winter,day2,16
2025-02-15 07:45:00,5957.1264,13581.167,winter,day2,16
2025-02-15 07:50:00,4076.0915999999997,12287.01,winter,day2,16
2025-02-15 07:55:00,3772.0080000000003,9144.643,winter,day2,16
2025-02-15 08:00:00,3840.4620000000004,5206.3706,winter,day2,16
2025-02-15 08:05:00,5717.4936,5149.7773,winter,day2,16
2025-02-15 08:10:00,7114.7555999999995,5118.6143,winter,day2,16
2025-02-15 08:15:00,6988.9128,5064.792,winter,day2,16
2025-02-15 08:20:00,6578.6772,5021.2124,winter,day2,16
2025-02-15 08:25:00,4691.0856,5044.913,winter,day2,16
2025-02-15 08:30:00,4353.1416,5105.0503,winter,day2,16
2025-02-15 08:35:00,4543.8528,5187.3115,winter,day2,16
2025-02-15 08:40:00,4814.4108,5242.375,winter,day2,16
2025-02-15 08:45:00,4399.854,5316.2827,winter,day2,16
2025-02-15 08:50:00,4330.0428,5445.195,winter,day2,16
2025-02-15 08:55:00,5953.8024,5520.8345,winter,day2,16
2025-02-15 09:00:00,5415.3864,5181.0703,winter,day2,16
2025-02-15 09:05:00,5265.3576,5280.398,winter,day2,16
2025-02-15 09:10:00,4289.6376,5387.218,winter,day2,16
2025-02-15 09:15:00,4193.6844,5491.2197,winter,day2,16
2025-02-15 09:20:00,4645.1424,5557.254,winter,day2,16
2025-02-15 09:25:00,4191.9552,5589.514,winter,day2,16
2025-02-15 09:30:00,4246.309200000001,5595.629,winter,day2,16
2025-02-15 09:35:00,4949.8524,5624.1123,winter,day2,16
2025-02-15 09:40:00,4334.73,5620.019,winter,day2,16
2025-02-15 09:45:00,4737.3204,5559.3984,winter,day2,16
2025-02-15 09:50:00,5548.7832,5525.3506,winter,day2,16
2025-02-15 09:55:00,5322.1932,5495.5312,winter,day2,16
2025-02-15 10:00:00,4632.3588,5531.5723,winter,day2,16
2025-02-15 10:05:00,5411.0076,5550.66,winter,day2,16
2025-02-15 10:10:00,6348.6888,5501.974,winter,day2,16
2025-02-15 10:15:00,5285.1144,5360.3184,winter,day2,16
2025-02-15 10:20:00,4419.2328,5181.6777,winter,day2,16
2025-02-15 10:25:00,4396.9956,5051.397,winter,day2,16
2025-02-15 10:30:00,4392.759599999999,4985.9,winter,day2,16
2025-02-15 10:35:00,6185.994000000001,4963.641,winter,day2,16
2025-02-15 10:40:00,5201.3652,4939.7036,winter,day2,16
2025-02-15 10:45:00,4983.3252,4904.714,winter,day2,16
2025-02-15 10:50:00,6062.6004,4867.854,winter,day2,16
2025-02-15 10:55:00,4482.6528,4811.011,winter,day2,16
2025-02-15 11:00:00,4369.5996,4725.697,winter,day2,16
2025-02-15 11:05:00,4604.948399999999,4723.1685,winter,day2,16
2025-02-15 11:10:00,4555.5,4725.001,winter,day2,16
2025-02-15 11:15:00,5872.7052,4712.6953,winter,day2,16
2025-02-15 11:20:00,4895.9856,4671.047,winter,day2,16
2025-02-15 11:25:00,6677.3724,4621.2866,winter,day2,16
2025-02-15 11:30:00,5196.2928,4574.9814,winter,day2,16
2025-02-15 11:35:00,4449.2304,4555.1064,winter,day2,16
2025-02-15 11:40:00,4519.8348,4545.3105,winter,day2,16
2025-02-15 11:45:00,4362.051600000001,4537.327,winter,day2,16
2025-02-15 11:50:00,5688.996,4526.622,winter,day2,16
2025-02-15 11:55:00,6641.567999999999,4479.216,winter,day2,16
2025-02-15 12:00:00,4780.4544000000005,4377.076,winter,day2,16
2025-02-15 12:05:00,4838.2955999999995,4361.463,winter,day2,16
2025-02-15 12:10:00,6261.8604,4340.371,winter,day2,16
2025-02-15 12:15:00,4966.3068,4321.079,winter,day2,16
2025-02-15 12:20:00,4915.3116,4300.0786,winter,day2,16
2025-02-15 12:25:00,6678.210000000001,4275.178,winter,day2,16
2025-02-15 12:30:00,5226.5712,4242.0186,winter,day2,16
2025-02-15 12:35:00,4141.104,4212.3765,winter,day2,16
2025-02-15 12:40:00,3603.4008000000003,4177.327,winter,day2,16
2025-02-15 12:45:00,3644.2043999999996,4147.2964,winter,day2,16
2025-02-15 12:50:00,2812.5912,4156.5615,winter,day2,16
2025-02-15 12:55:00,2937.4548000000004,4157.4424,winter,day2,16
2025-02-15 13:00:00,3804.3947999999996,4219.5786,winter,day2,16
2025-02-15 13:05:00,2557.9824,4262.646,winter,day2,16
2025-02-15 13:10:00,3793.4616,4278.8413,winter,day2,16
2025-02-15 13:15:00,3430.7484000000004,4268.219,winter,day2,16
2025-02-15 13:20:00,3147.3372,4235.82,winter,day2,16
2025-02-15 13:25:00,2454.6096000000002,4178.9453,winter,day2,16
2025-02-15 13:30:00,10347.3852,4151.8345,winter,day2,16
2025-02-15 13:35:00,12404.5884,4194.4062,winter,day2,16
2025-02-15 13:40:00,11947.5432,4239.758,winter,day2,16
2025-02-15 13:45:00,12035.5848,4249.3867,winter,day2,16
2025-02-15 13:50:00,12659.388,4285.9316,winter,day2,16
2025-02-15 13:55:00,12770.053199999998,4305.5854,winter,day2,16
2025-02-15 14:00:00,13642.8648,4474.425,winter,day2,16
2025-02-15 14:05:00,5633.1012,4635.725,winter,day2,16
2025-02-15 14:10:00,4914.022800000001,4779.6807,winter,day2,16
2025-02-15 14:15:00,4696.9056,4929.286,winter,day2,16
2025-02-15 14:20:00,4501.5779999999995,5119.1895,winter,day2,16
2025-02-15 14:25:00,5893.4148,5389.799,winter,day2,16
2025-02-15 14:30:00,7143.294,5733.0312,winter,day2,16
2025-02-15 14:35:00,6570.2508,6249.558,winter,day2,16
2025-02-15 14:40:00,6067.0908,6876.263,winter,day2,16
2025-02-15 14:45:00,7256.6952,7611.416,winter,day2,16
2025-02-15 14:50:00,8559.5208,8654.806,winter,day2,16
2025-02-15 14:55:00,8953.0584,9604.662,winter,day2,16
2025-02-15 15:00:00,6538.944,12599.563,winter,day2,16
2025-02-15 15:05:00,4598.980799999999,13363.054,winter,day2,16
2025-02-15 15:10:00,5760.027599999999,13418.942,winter,day2,16
2025-02-15 15:15:00,6697.352400000001,12794.865,winter,day2,16
2025-02-15 15:20:00,5173.7568,11825.764,winter,day2,16
2025-02-15 15:25:00,4370.5908,11053.536,winter,day2,16
2025-02-15 15:30:00,4713.4812,10657.8125,winter,day2,16
2025-02-15 15:35:00,4968.6468,10703.383,winter,day2,16
2025-02-15 15:40:00,7555.3356,10583.95,winter,day2,16
2025-02-15 15:45:00,7059.3864,10099.033,winter,day2,16
2025-02-15 15:50:00,8549.5824,9535.871,winter,day2,16
2025-02-15 15:55:00,8541.6696,8902.351,winter,day2,16
2025-02-15 16:00:00,8092.132799999999,9896.794,winter,day2,16
2025-02-15 16:05:00,6996.906,9731.642,winter,day2,16
2025-02-15 16:10:00,6957.266399999999,9600.306,winter,day2,16
2025-02-15 16:15:00,6731.3724,9380.201,winter,day2,16
2025-02-15 16:20:00,7061.8008,9077.768,winter,day2,16
2025-02-15 16:25:00,7746.345600000001,8867.816,winter,day2,16
2025-02-15 16:30:00,7681.7352,8750.981,winter,day2,16
2025-02-15 16:35:00,7173.738,8814.747,winter,day2,16
2025-02-15 16:40:00,6496.0092,8905.483,winter,day2,16
2025-02-15 16:45:00,5636.995199999999,8951.659,winter,day2,16
2025-02-15 16:50:00,5181.9924,8947.641,winter,day2,16
2025-02-15 16:55:00,5061.844800000001,8702.834,winter,day2,16
2025-02-15 17:00:00,5736.4704,7778.9224,winter,day2,16
2025-02-15 17:05:00,5347.518,7558.2603,winter,day2,16
2025-02-15 17:10:00,6278.236800000001,7341.0796,winter,day2,16
2025-02-15 17:15:00,7073.215200000001,7147.67,winter,day2,16
2025-02-15 17:20:00,6359.3148,6997.494,winter,day2,16
2025-02-15 17:25:00,6632.8032,6903.258,winter,day2,16
2025-02-15 17:30:00,6291.6108,6804.0493,winter,day2,16
2025-02-15 17:35:00,6996.260399999999,6696.046,winter,day2,16
2025-02-15 17:40:00,6293.794800000001,6582.204,winter,day2,16
2025-02-15 17:45:00,7691.7444000000005,6512.466,winter,day2,16
2025-02-15 17:50:00,6314.8584,6613.658,winter,day2,16
2025-02-15 17:55:00,6229.6524,6935.1704,winter,day2,16
2025-02-15 18:00:00,6089.13,8007.3145,winter,day2,16
2025-02-15 18:05:00,9879.4008,9909.117,winter,day2,16
2025-02-15 18:10:00,11469.4416,11164.971,winter,day2,16
2025-02-15 18:15:00,11986.0548,10801.072,winter,day2,16
2025-02-15 18:20:00,7759.8924,9143.374,winter,day2,16
2025-02-15 18:25:00,7490.6772,7981.03,winter,day2,16
2025-02-15 18:30:00,7945.158,7483.8945,winter,day2,16
2025-02-15 18:35:00,9408.1236,7141.6064,winter,day2,16
2025-02-15 18:40:00,7508.767199999999,6881.351,winter,day2,16
2025-02-15 18:45:00,6825.6216,6689.4766,winter,day2,16
2025-02-15 18:50:00,5278.8432,6556.879,winter,day2,16
2025-02-15 18:55:00,4547.1072,6432.921,winter,day2,16
2025-02-15 19:00:00,4536.4968,6114.7275,winter,day2,16
2025-02-15 19:05:00,4995.2388,6079.4175,winter,day2,16
2025-02-15 19:10:00,7088.988,6049.901,winter,day2,16
2025-02-15 19:15:00,5754.777599999999,5967.278,winter,day2,16
2025-02-15 19:20:00,5796.762000000001,5797.7705,winter,day2,16
2025-02-15 19:25:00,4289.941199999999,5583.7505,winter,day2,16
2025-02-15 19:30:00,4289.2919999999995,5448.834,winter,day2,16
2025-02-15 19:35:00,4805.046,5415.473,winter,day2,16
2025-02-15 19:40:00,4305.5568,5314.4673,winter,day2,16
2025-02-15 19:45:00,4204.6836,5115.462,winter,day2,16
2025-02-15 19:50:00,4491.5136,4925.925,winter,day2,16
2025-02-15 19:55:00,4038.1008,4779.895,winter,day2,16
2025-02-15 20:00:00,4228.7088,4566.479,winter,day2,16
2025-02-15 20:05:00,4548.522,4525.3086,winter,day2,16
2025-02-15 20:10:00,5616.1008,4465.469,winter,day2,16
2025-02-15 20:15:00,5732.5608,4385.7744,winter,day2,16
2025-02-15 20:20:00,3872.2488,4306.387,winter,day2,16
2025-02-15 20:25:00,3953.9892,4235.428,winter,day2,16
2025-02-15 20:30:00,3924.7884,4167.0527,winter,day2,16
2025-02-15 20:35:00,4385.402400000001,4099.835,winter,day2,16
2025-02-15 20:40:00,4002.9119999999994,4039.035,winter,day2,16
2025-02-15 20:45:00,6012.9672,3998.1606,winter,day2,16
2025-02-15 20:50:00,5836.6644,3989.7595,winter,day2,16
2025-02-15 20:55:00,4751.3016,3973.168,winter,day2,16
2025-02-15 21:00:00,4026.8196,4186.5605,winter,day2,16
2025-02-15 21:05:00,3470.2619999999997,4220.7812,winter,day2,16
2025-02-15 21:10:00,3234.0612,4200.6895,winter,day2,16
2025-02-15 21:15:00,2808.1104,4113.6367,winter,day2,16
2025-02-15 21:20:00,2842.9559999999997,3989.6,winter,day2,16
2025-02-15 21:25:00,2899.9248,3862.7576,winter,day2,16
2025-02-15 21:30:00,2940.126,3758.9836,winter,day2,16
2025-02-15 21:35:00,3015.5256,3669.7803,winter,day2,16
2025-02-15 21:40:00,2942.934,3572.1912,winter,day2,16
2025-02-15 21:45:00,3243.2904,3450.7598,winter,day2,16
2025-02-15 21:50:00,3078.7044,3330.714,winter,day2,16
2025-02-15 21:55:00,2939.5775999999996,3209.998,winter,day2,16
2025-02-15 22:00:00,2648.214,2911.271,winter,day2,16
2025-02-15 22:05:00,2525.3544,2837.6057,winter,day2,16
2025-02-15 22:10:00,2470.1268,2768.602,winter,day2,16
2025-02-15 22:15:00,2454.642,2720.488,winter,day2,16
2025-02-15 22:20:00,3749.8032,2693.171,winter,day2,16
2025-02-15 22:25:00,3233.868,2682.5183,winter,day2,16
2025-02-15 22:30:00,2614.3848,2681.4731,winter,day2,16
2025-02-15 22:35:00,2474.7624,2684.9814,winter,day2,16
2025-02-15 22:40:00,2493.3743999999997,2684.2363,winter,day2,16
2025-02-15 22:45:00,2640.4103999999998,2678.2644,winter,day2,16
2025-02-15 22:50:00,2646.7583999999997,2670.015,winter,day2,16
2025-02-15 22:55:00,2626.6344,2657.0933,winter,day2,16
2025-02-15 23:00:00,2640.1115999999997,2580.171,winter,day2,16
2025-02-15 23:05:00,2685.4056,2568.7944,winter,day2,16
2025-02-15 23:10:00,2946.2928,2561.526,winter,day2,16
2025-02-15 23:15:00,2753.5404000000003,2563.9875,winter,day2,16
2025-02-15 23:20:00,2502.9816,2574.1924,winter,day2,16
2025-02-15 23:25:00,2548.0272,2585.0796,winter,day2,16
2025-02-15 23:30:00,2540.3940000000002,2588.5918,winter,day2,16
2025-02-15 23:35:00,2539.1664,2583.016,winter,day2,16
2025-02-15 23:40:00,2457.7032,2567.8867,winter,day2,16
2025-02-15 23:45:00,2438.4072,2555.0315,winter,day2,16
2025-02-15 23:50:00,2441.1,2553.4888,winter,day2,16
2025-02-15 23:55:00,2596.3404,2559.8523,winter,day2,16
2025-12-02 00:00:00,2584.6764,2560.9448,winter,day3,21
2025-12-02 00:05:00,2585.208,2564.6516,winter,day3,21
2025-12-02 00:10:00,2589.12,2568.3044,winter,day3,21
2025-12-02 00:15:00,2559.282,2574.973,winter,day3,21
2025-12-02 00:20:00,2531.1192,2579.7036,winter,day3,21
2025-12-02 00:25:00,2496.3887999999997,2590.3975,winter,day3,21
2025-12-02 00:30:00,2486.3280000000004,2596.2595,winter,day3,21
2025-12-02 00:35:00,2690.9939999999997,2602.605,winter,day3,21
2025-12-02 00:40:00,2574.9252,2603.1238,winter,day3,21
2025-12-02 00:45:00,2494.8108,2597.8962,winter,day3,21
2025-12-02 00:50:00,2455.4892,2593.3894,winter,day3,21
2025-12-02 00:55:00,2462.4516,2585.2239,winter,day3,21
2025-12-02 01:00:00,2447.6135999999997,2572.1348,winter,day3,21
2025-12-02 01:05:00,2474.5703999999996,2567.6409,winter,day3,21
2025-12-02 01:10:00,2497.134,2562.988,winter,day3,21
2025-12-02 01:15:00,2529.6516,2563.3315,winter,day3,21
2025-12-02 01:20:00,2571.4692000000005,2564.6028,winter,day3,21
2025-12-02 01:25:00,2593.9512,2566.6023,winter,day3,21
2025-12-02 01:30:00,2562.9576,2566.968,winter,day3,21
2025-12-02 01:35:00,2498.9148,2570.3936,winter,day3,21
2025-12-02 01:40:00,2532.2592,2571.226,winter,day3,21
2025-12-02 01:45:00,2671.7832,2572.0369,winter,day3,21
2025-12-02 01:50:00,2719.0872,2577.5454,winter,day3,21
2025-12-02 01:55:00,2499.786,2581.2607,winter,day3,21
2025-12-02 02:00:00,2475.3660000000004,2599.6814,winter,day3,21
2025-12-02 02:05:00,2435.1972,2606.8223,winter,day3,21
2025-12-02 02:10:00,2416.3512,2610.5222,winter,day3,21
2025-12-02 02:15:00,2404.0716,2618.4194,winter,day3,21
2025-12-02 02:20:00,2407.6464,2617.889,winter,day3,21
2025-12-02 02:25:00,2513.4552,2621.7087,winter,day3,21
2025-12-02 02:30:00,2573.7744,2621.1738,winter,day3,21
2025-12-02 02:35:00,2593.4412,2623.6274,winter,day3,21
2025-12-02 02:40:00,2579.1264,2626.3315,winter,day3,21
2025-12-02 02:45:00,2561.5332000000003,2624.1208,winter,day3,21
2025-12-02 02:50:00,2554.6704,2628.537,winter,day3,21
2025-12-02 02:55:00,2680.9188000000004,2633.397,winter,day3,21
2025-12-02 03:00:00,2821.9284,2655.554,winter,day3,21
2025-12-02 03:05:00,2529.4788,2656.6787,winter,day3,21
2025-12-02 03:10:00,2450.1108,2652.5393,winter,day3,21
2025-12-02 03:15:00,2541.4308,2651.9314,winter,day3,21
2025-12-02 03:20:00,2563.3116,2646.5352,winter,day3,21
2025-12-02 03:25:00,2546.5824000000002,2650.592,winter,day3,21
2025-12-02 03:30:00,2570.7768,2654.514,winter,day3,21
2025-12-02 03:35:00,2608.5348,2657.8223,winter,day3,21
2025-12-02 03:40:00,2459.814,2658.1602,winter,day3,21
2025-12-02 03:45:00,2487.6552,2657.6187,winter,day3,21
2025-12-02 03:50:00,2492.58,2658.8906,winter,day3,21
2025-12-02 03:55:00,2491.2708,2658.8713,winter,day3,21
2025-12-02 04:00:00,2595.0984,2664.1257,winter,day3,21
2025-12-02 04:05:00,2754.0708,2659.2769,winter,day3,21
2025-12-02 04:10:00,2676.1644,2653.5066,winter,day3,21
2025-12-02 04:15:00,2469.6984,2653.4583,winter,day3,21
2025-12-02 04:20:00,2466.5412,2650.4922,winter,day3,21
2025-12-02 04:25:00,2462.928,2658.7034,winter,day3,21
2025-12-02 04:30:00,2440.3848000000003,2669.671,winter,day3,21
2025-12-02 04:35:00,2441.0292,2682.1567,winter,day3,21
2025-12-02 04:40:00,2483.6016,2693.0432,winter,day3,21
2025-12-02 04:45:00,2476.2864,2699.4478,winter,day3,21
2025-12-02 04:50:00,2476.3128,2706.1257,winter,day3,21
2025-12-02 04:55:00,2498.7888,2713.4062,winter,day3,21
2025-12-02 05:00:00,2523.3660000000004,2753.4648,winter,day3,21
2025-12-02 05:05:00,2492.9892,2751.6074,winter,day3,21
2025-12-02 05:10:00,2602.7760000000003,2741.1743,winter,day3,21
2025-12-02 05:15:00,2801.0388,2736.071,winter,day3,21
2025-12-02 05:20:00,2673.4776,2729.0945,winter,day3,21
2025-12-02 05:25:00,2574.0732,2726.5623,winter,day3,21
2025-12-02 05:30:00,2596.2648,2727.8184,winter,day3,21
2025-12-02 05:35:00,2568.6384,2731.257,winter,day3,21
2025-12-02 05:40:00,2539.674,2733.607,winter,day3,21
2025-12-02 05:45:00,2670.9276,2737.772,winter,day3,21
2025-12-02 05:50:00,2813.7347999999997,2749.9473,winter,day3,21
2025-12-02 05:55:00,2841.3156,2771.2424,winter,day3,21
2025-12-02 06:00:00,2828.9052,3029.079,winter,day3,21
2025-12-02 06:05:00,3314.8008,3101.8838,winter,day3,21
2025-12-02 06:10:00,3381.696,3165.2258,winter,day3,21
2025-12-02 06:15:00,3469.9020000000005,3226.392,winter,day3,21
2025-12-02 06:20:00,3127.2312,3282.7217,winter,day3,21
2025-12-02 06:25:00,3247.2599999999998,3335.1284,winter,day3,21
2025-12-02 06:30:00,3546.2699999999995,3383.5266,winter,day3,21
2025-12-02 06:35:00,3619.1964,3431.786,winter,day3,21
2025-12-02 06:40:00,3879.7032,3471.1946,winter,day3,21
2025-12-02 06:45:00,3268.986,3490.2842,winter,day3,21
2025-12-02 06:50:00,3886.7904000000003,3525.5273,winter,day3,21
2025-12-02 06:55:00,3782.0352,3554.93,winter,day3,21
2025-12-02 07:00:00,3783.4752,3861.146,winter,day3,21
2025-12-02 07:05:00,3802.332,3889.6206,winter,day3,21
2025-12-02 07:10:00,3549.6432,3909.2202,winter,day3,21
2025-12-02 07:15:00,4389.8184,3939.0813,winter,day3,21
2025-12-02 07:20:00,3724.4375999999997,3977.6968,winter,day3,21
2025-12-02 07:25:00,3420.7776,4036.1902,winter,day3,21
2025-12-02 07:30:00,3205.5792,4113.332,winter,day3,21
2025-12-02 07:35:00,10705.3956,4205.7354,winter,day3,21
2025-12-02 07:40:00,10067.283599999999,4296.239,winter,day3,21
2025-12-02 07:45:00,7560.3408,4312.181,winter,day3,21
2025-12-02 07:50:00,4807.704,4267.0947,winter,day3,21
2025-12-02 07:55:00,4616.5488,4211.408,winter,day3,21
2025-12-02 08:00:00,4571.3387999999995,3985.2207,winter,day3,21
2025-12-02 08:05:00,4221.3384,3984.2173,winter,day3,21
2025-12-02 08:10:00,4044.636,3958.7617,winter,day3,21
2025-12-02 08:15:00,4346.2464,3940.4272,winter,day3,21
2025-12-02 08:20:00,4628.1012,3922.734,winter,day3,21
2025-12-02 08:25:00,3938.0112,3916.0654,winter,day3,21
2025-12-02 08:30:00,4449.6516,3922.7969,winter,day3,21
2025-12-02 08:35:00,4098.3972,3945.5835,winter,day3,21
2025-12-02 08:40:00,4391.9016,3950.7317,winter,day3,21
2025-12-02 08:45:00,4145.3616,3955.1038,winter,day3,21
2025-12-02 08:50:00,4601.3772,3978.4243,winter,day3,21
2025-12-02 08:55:00,3736.4676,4000.8828,winter,day3,21
2025-12-02 09:00:00,3649.4195999999997,4293.0454,winter,day3,21
2025-12-02 09:05:00,3287.7876000000006,4278.767,winter,day3,21
2025-12-02 09:10:00,3704.5728000000004,4254.5083,winter,day3,21
2025-12-02 09:15:00,3636.1944000000003,4231.191,winter,day3,21
2025-12-02 09:20:00,3402.618,4208.8135,winter,day3,21
2025-12-02 09:25:00,3828.1452,4195.6787,winter,day3,21
2025-12-02 09:30:00,4100.364,4192.29,winter,day3,21
2025-12-02 09:35:00,5915.7228000000005,4194.163,winter,day3,21
2025-12-02 09:40:00,5611.8984,4202.978,winter,day3,21
2025-12-02 09:45:00,6284.7444000000005,4216.1924,winter,day3,21
2025-12-02 09:50:00,5128.0464,4250.7354,winter,day3,21
2025-12-02 09:55:00,3856.9595999999997,4293.398,winter,day3,21
2025-12-02 10:00:00,3329.1684,4458.474,winter,day3,21
2025-12-02 10:05:00,3522.4547999999995,4524.9053,winter,day3,21
2025-12-02 10:10:00,4173.559200000001,4586.926,winter,day3,21
2025-12-02 10:15:00,3471.6612,4635.139,winter,day3,21
2025-12-02 10:20:00,3522.942,4667.486,winter,day3,21
2025-12-02 10:25:00,4584.6348,4677.9546,winter,day3,21
2025-12-02 10:30:00,3909.4919999999997,4677.289,winter,day3,21
2025-12-02 10:35:00,3484.4916,4679.087,winter,day3,21
2025-12-02 10:40:00,3428.1732,4676.5503,winter,day3,21
2025-12-02 10:45:00,3359.4804000000004,4667.9434,winter,day3,21
2025-12-02 10:50:00,3126.1104,4664.5664,winter,day3,21
2025-12-02 10:55:00,3711.8604,4659.461,winter,day3,21
2025-12-02 11:00:00,5273.270399999999,4508.9126,winter,day3,21
2025-12-02 11:05:00,4952.9976,4479.9307,winter,day3,21
2025-12-02 11:10:00,5216.586,4436.152,winter,day3,21
2025-12-02 11:15:00,3273.0155999999997,4382.4507,winter,day3,21
2025-12-02 11:20:00,3135.8532,4324.6953,winter,day3,21
2025-12-02 11:25:00,3062.5092,4270.549,winter,day3,21
2025-12-02 11:30:00,3240.69,4237.222,winter,day3,21
2025-12-02 11:35:00,3230.982,4217.9194,winter,day3,21
2025-12-02 11:40:00,3260.3904,4196.419,winter,day3,21
2025-12-02 11:45:00,3225.2184,4162.01,winter,day3,21
2025-12-02 11:50:00,3921.918,4147.03,winter,day3,21
2025-12-02 11:55:00,3512.7203999999997,4127.5986,winter,day3,21
2025-12-02 12:00:00,4808.245199999999,4145.4307,winter,day3,21
2025-12-02 12:05:00,3658.2396,4118.691,winter,day3,21
2025-12-02 12:10:00,2711.4744,4078.8997,winter,day3,21
2025-12-02 12:15:00,2604.3948,4051.02,winter,day3,21
2025-12-02 12:20:00,2801.2212,4037.9497,winter,day3,21
2025-12-02 12:25:00,2865.6012,4026.9004,winter,day3,21
2025-12-02 12:30:00,2542.9548000000004,4035.7026,winter,day3,21
2025-12-02 12:35:00,2481.0984,4071.5923,winter,day3,21
2025-12-02 12:40:00,2771.0076,4117.4688,winter,day3,21
2025-12-02 12:45:00,2348.0148,4158.888,winter,day3,21
2025-12-02 12:50:00,2308.3548,4204.986,winter,day3,21
2025-12-02 12:55:00,3027.4595999999997,4241.8247,winter,day3,21
2025-12-02 13:00:00,3510.2940000000003,4970.1987,winter,day3,21
2025-12-02 13:05:00,2609.2752,5048.5117,winter,day3,21
2025-12-02 13:10:00,2433.036,5062.3926,winter,day3,21
2025-12-02 13:15:00,2345.9052,5065.883,winter,day3,21
2025-12-02 13:20:00,2655.876,5043.7954,winter,day3,21
2025-12-02 13:25:00,2783.5164,4990.9785,winter,day3,21
2025-12-02 13:30:00,2350.638,4987.898,winter,day3,21
2025-12-02 13:35:00,2416.8804,4998.01,winter,day3,21
2025-12-02 13:40:00,2738.5032,5005.9805,winter,day3,21
2025-12-02 13:45:00,2698.3332,5002.4424,winter,day3,21
2025-12-02 13:50:00,3171.6468,4999.3096,winter,day3,21
2025-12-02 13:55:00,2537.556,4976.6094,winter,day3,21
2025-12-02 14:00:00,3734.082,4790.4097,winter,day3,21
2025-12-02 14:05:00,3048.7907999999998,4747.912,winter,day3,21
2025-12-02 14:10:00,2487.3120000000004,4680.7993,winter,day3,21
2025-12-02 14:15:00,2934.0072,4623.328,winter,day3,21
2025-12-02 14:20:00,2624.2871999999998,4563.735,winter,day3,21
2025-12-02 14:25:00,2740.02,4500.8315,winter,day3,21
2025-12-02 14:30:00,4219.794,4471.8213,winter,day3,21
2025-12-02 14:35:00,2654.328,4469.346,winter,day3,21
2025-12-02 14:40:00,2405.3988,4489.0576,winter,day3,21
2025-12-02 14:45:00,2550.5124,4538.055,winter,day3,21
2025-12-02 14:50:00,2943.7871999999998,4622.6533,winter,day3,21
2025-12-02 14:55:00,3097.4543999999996,4717.7607,winter,day3,21
2025-12-02 15:00:00,3536.3184,5101.084,winter,day3,21
2025-12-02 15:05:00,3761.1816,5169.7305,winter,day3,21
2025-12-02 15:10:00,5736.9144,5220.75,winter,day3,21
2025-12-02 15:15:00,3531.6684,5286.097,winter,day3,21
2025-12-02 15:20:00,3434.8368,5331.0034,winter,day3,21
2025-12-02 15:25:00,4197.5772,5356.831,winter,day3,21
2025-12-02 15:30:00,3837.726,5389.622,winter,day3,21
2025-12-02 15:35:00,3723.4392,5419.1523,winter,day3,21
2025-12-02 15:40:00,4281.906,5455.0566,winter,day3,21
2025-12-02 15:45:00,4808.8788,5468.1514,winter,day3,21
2025-12-02 15:50:00,8003.0748,5477.2847,winter,day3,21
2025-12-02 15:55:00,10921.180799999998,5513.659,winter,day3,21
2025-12-02 16:00:00,7045.9512,6476.222,winter,day3,21
2025-12-02 16:05:00,5442.3348,6628.2065,winter,day3,21
2025-12-02 16:10:00,4902.6432,6836.8706,winter,day3,21
2025-12-02 16:15:00,5564.142,7121.591,winter,day3,21
2025-12-02 16:20:00,5172.030000000001,7264.081,winter,day3,21
2025-12-02 16:25:00,4569.3876,7254.5044,winter,day3,21
2025-12-02 16:30:00,6030.306,7305.177,winter,day3,21
2025-12-02 16:35:00,4963.482,7213.373,winter,day3,21
2025-12-02 16:40:00,4907.358,7129.414,winter,day3,21
2025-12-02 16:45:00,4758.9276,6936.411,winter,day3,21
2025-12-02 16:50:00,5014.9980000000005,6695.1787,winter,day3,21
2025-12-02 16:55:00,4404.9828,6577.8647,winter,day3,21
2025-12-02 17:00:00,4670.3988,6588.299,winter,day3,21
2025-12-02 17:05:00,5168.3315999999995,6589.118,winter,day3,21
2025-12-02 17:10:00,5390.0964,6515.801,winter,day3,21
2025-12-02 17:15:00,6159.0216,6424.6123,winter,day3,21
2025-12-02 17:20:00,4260.8243999999995,6272.3936,winter,day3,21
2025-12-02 17:25:00,5884.4256000000005,6116.015,winter,day3,21
2025-12-02 17:30:00,4307.7312,6031.9795,winter,day3,21
2025-12-02 17:35:00,4909.2768,5977.348,winter,day3,21
2025-12-02 17:40:00,4737.6744,5952.187,winter,day3,21
2025-12-02 17:45:00,4368.9684,5961.4824,winter,day3,21
2025-12-02 17:50:00,4411.5156,6030.537,winter,day3,21
2025-12-02 17:55:00,5227.368,6227.3955,winter,day3,21
2025-12-02 18:00:00,5888.1816,7931.368,winter,day3,21
2025-12-02 18:05:00,9812.7636,8617.021,winter,day3,21
2025-12-02 18:10:00,11284.710000000001,9251.111,winter,day3,21
2025-12-02 18:15:00,11618.9928,9482.35,winter,day3,21
2025-12-02 18:20:00,10094.826,9263.272,winter,day3,21
2025-12-02 18:25:00,10502.1132,8833.314,winter,day3,21
2025-12-02 18:30:00,12101.6124,8549.789,winter,day3,21
2025-12-02 18:35:00,9531.9984,8387.092,winter,day3,21
2025-12-02 18:40:00,10680.1812,8254.156,winter,day3,21
2025-12-02 18:45:00,12144.138,8028.679,winter,day3,21
2025-12-02 18:50:00,7109.723999999999,7814.1143,winter,day3,21
2025-12-02 18:55:00,7418.1972000000005,7709.9365,winter,day3,21
2025-12-02 19:00:00,7708.2648,6722.607,winter,day3,21
2025-12-02 19:05:00,9314.2776,6361.606,winter,day3,21
2025-12-02 19:10:00,9864.9504,5956.092,winter,day3,21
2025-12-02 19:15:00,8999.8596,5492.317,winter,day3,21
2025-12-02 19:20:00,6535.7339999999995,5049.2476,winter,day3,21
2025-12-02 19:25:00,4100.412,4709.644,winter,day3,21
2025-12-02 19:30:00,4550.5188,4502.0684,winter,day3,21
2025-12-02 19:35:00,4494.7788,4380.7256,winter,day3,21
2025-12-02 19:40:00,3748.4796,4311.8003,winter,day3,21
2025-12-02 19:45:00,5512.9872000000005,4272.1543,winter,day3,21
2025-12-02 19:50:00,3661.0932000000003,4255.905,winter,day3,21
2025-12-02 19:55:00,3563.4252,4247.3833,winter,day3,21
2025-12-02 20:00:00,3712.278,4292.6606,winter,day3,21
2025-12-02 20:05:00,3904.3032,4253.122,winter,day3,21
2025-12-02 20:10:00,4927.479600000001,4203.449,winter,day3,21
2025-12-02 20:15:00,3493.1376000000005,4161.3345,winter,day3,21
2025-12-02 20:20:00,3690.5063999999998,4109.651,winter,day3,21
2025-12-02 20:25:00,5000.07,4057.3992,winter,day3,21
2025-12-02 20:30:00,3994.9392,4013.3123,winter,day3,21
2025-12-02 20:35:00,3530.514,3980.317,winter,day3,21
2025-12-02 20:40:00,4586.4767999999995,3951.5498,winter,day3,21
2025-12-02 20:45:00,3391.0656000000004,3916.2676,winter,day3,21
2025-12-02 20:50:00,3483.6696,3879.0203,winter,day3,21
2025-12-02 20:55:00,3330.3588000000004,3834.2388,winter,day3,21
2025-12-02 21:00:00,3306.4811999999997,3240.1191,winter,day3,21
2025-12-02 21:05:00,3287.6268000000005,3151.9922,winter,day3,21
2025-12-02 21:10:00,3172.2275999999997,3036.8994,winter,day3,21
2025-12-02 21:15:00,3150.8544,2936.248,winter,day3,21
2025-12-02 21:20:00,3292.8588000000004,2842.7546,winter,day3,21
2025-12-02 21:25:00,3413.5824000000002,2773.9517,winter,day3,21
2025-12-02 21:30:00,3162.7932,2721.0796,winter,day3,21
2025-12-02 21:35:00,2532.1032,2686.8975,winter,day3,21
2025-12-02 21:40:00,2470.866,2660.0552,winter,day3,21
2025-12-02 21:45:00,2432.8896,2642.1135,winter,day3,21
2025-12-02 21:50:00,2435.016,2636.0747,winter,day3,21
2025-12-02 21:55:00,2388.636,2636.875,winter,day3,21
2025-12-02 22:00:00,2384.8104,2587.8171,winter,day3,21
2025-12-02 22:05:00,2335.4088,2580.4941,winter,day3,21
2025-12-02 22:10:00,2418.3408,2571.3042,winter,day3,21
2025-12-02 22:15:00,2474.7095999999997,2566.749,winter,day3,21
2025-12-02 22:20:00,2393.5464,2563.2358,winter,day3,21
2025-12-02 22:25:00,2419.8024,2566.171,winter,day3,21
2025-12-02 22:30:00,2450.4492,2564.5552,winter,day3,21
2025-12-02 22:35:00,2568.1416,2562.619,winter,day3,21
2025-12-02 22:40:00,2598.1284,2560.4648,winter,day3,21
2025-12-02 22:45:00,2508.744,2556.8914,winter,day3,21
2025-12-02 22:50:00,2466.5652,2558.1182,winter,day3,21
2025-12-02 22:55:00,2458.7472,2557.5298,winter,day3,21
2025-12-02 23:00:00,2433.3815999999997,2546.26,winter,day3,21
2025-12-02 23:05:00,2410.7076,2547.086,winter,day3,21
2025-12-02 23:10:00,2413.4472,2548.2415,winter,day3,21
2025-12-02 23:15:00,2412.6312000000003,2554.273,winter,day3,21
2025-12-02 23:20:00,2454.2844,2559.7542,winter,day3,21
2025-12-02 23:25:00,2464.9236,2572.3367,winter,day3,21
2025-12-02 23:30:00,2458.1592,2581.2332,winter,day3,21
2025-12-02 23:35:00,2471.8356,2594.808,winter,day3,21
2025-12-02 23:40:00,2516.2943999999998,2605.9626,winter,day3,21
2025-12-02 23:45:00,2607.6972,2611.9854,winter,day3,21
2025-12-02 23:50:00,2705.5236,2617.1487,winter,day3,21
2025-12-02 23:55:00,2556.8328,2618.5754,winter,day3,21
2025-12-16 00:00:00,2537.6531999999997,2552.045,winter,day4,21
2025-12-16 00:05:00,2463.0612,2553.385,winter,day4,21
2025-12-16 00:10:00,2478.9552,2555.5813,winter,day4,21
2025-12-16 00:15:00,2475.5952,2556.9102,winter,day4,21
2025-12-16 00:20:00,2526.93,2562.3396,winter,day4,21
2025-12-16 00:25:00,2661.3804,2567.7668,winter,day4,21
2025-12-16 00:30:00,2497.9211999999998,2571.662,winter,day4,21
2025-12-16 00:35:00,2512.8108,2573.0918,winter,day4,21
2025-12-16 00:40:00,2480.7372,2573.2744,winter,day4,21
2025-12-16 00:45:00,2447.2524,2573.2542,winter,day4,21
2025-12-16 00:50:00,2428.0188000000003,2573.6836,winter,day4,21
2025-12-16 00:55:00,2469.3876,2572.4365,winter,day4,21
2025-12-16 01:00:00,2464.098,2570.9397,winter,day4,21
2025-12-16 01:05:00,2487.9096,2569.2217,winter,day4,21
2025-12-16 01:10:00,2482.6068,2567.3887,winter,day4,21
2025-12-16 01:15:00,2474.6244,2565.1152,winter,day4,21
2025-12-16 01:20:00,2426.1996,2566.2075,winter,day4,21
2025-12-16 01:25:00,2422.1484,2566.0796,winter,day4,21
2025-12-16 01:30:00,2423.5595999999996,2565.7754,winter,day4,21
2025-12-16 01:35:00,2611.6068000000005,2562.2185,winter,day4,21
2025-12-16 01:40:00,2671.5756,2559.8684,winter,day4,21
2025-12-16 01:45:00,2519.8584,2558.6538,winter,day4,21
2025-12-16 01:50:00,2502.0,2560.2354,winter,day4,21
2025-12-16 01:55:00,2512.4988,2561.4614,winter,day4,21
2025-12-16 02:00:00,2486.046,2645.632,winter,day4,21
2025-12-16 02:05:00,2490.7403999999997,2651.574,winter,day4,21
2025-12-16 02:10:00,2474.5836,2649.5532,winter,day4,21
2025-12-16 02:15:00,2457.4428,2646.6406,winter,day4,21
2025-12-16 02:20:00,2506.3812,2644.311,winter,day4,21
2025-12-16 02:25:00,2499.4668,2642.8608,winter,day4,21
2025-12-16 02:30:00,2483.6232,2644.3718,winter,day4,21
2025-12-16 02:35:00,2487.9108,2641.001,winter,day4,21
2025-12-16 02:40:00,2523.3455999999996,2638.6523,winter,day4,21
2025-12-16 02:45:00,2520.9156000000003,2635.1902,winter,day4,21
2025-12-16 02:50:00,2706.6036,2636.9517,winter,day4,21
2025-12-16 02:55:00,2766.4248,2639.7017,winter,day4,21
2025-12-16 03:00:00,2290.1076000000003,2643.4958,winter,day4,21
2025-12-16 03:05:00,2421.8496,2652.875,winter,day4,21
2025-12-16 03:10:00,2512.548,2657.7593,winter,day4,21
2025-12-16 03:15:00,2539.3104,2660.6155,winter,day4,21
2025-12-16 03:20:00,2553.546,2656.3782,winter,day4,21
2025-12-16 03:25:00,2564.2932,2649.5308,winter,day4,21
2025-12-16 03:30:00,2555.55,2644.879,winter,day4,21
2025-12-16 03:35:00,2529.3684000000003,2634.8564,winter,day4,21
2025-12-16 03:40:00,2524.3296,2626.705,winter,day4,21
2025-12-16 03:45:00,2553.1776,2620.8728,winter,day4,21
2025-12-16 03:50:00,2598.0492,2617.1282,winter,day4,21
2025-12-16 03:55:00,2610.4031999999997,2614.6858,winter,day4,21
2025-12-16 04:00:00,2672.9664000000002,2641.6155,winter,day4,21
2025-12-16 04:05:00,2769.1476,2641.409,winter,day4,21
2025-12-16 04:10:00,2510.9796,2638.8562,winter,day4,21
2025-12-16 04:15:00,2513.3496,2638.3442,winter,day4,21
2025-12-16 04:20:00,2461.6572,2638.68,winter,day4,21
2025-12-16 04:25:00,2454.2832000000003,2640.2412,winter,day4,21
2025-12-16 04:30:00,2431.9415999999997,2643.3237,winter,day4,21
2025-12-16 04:35:00,2428.5168000000003,2642.8982,winter,day4,21
2025-12-16 04:40:00,2429.9412,2642.2383,winter,day4,21
2025-12-16 04:45:00,2432.2812,2641.665,winter,day4,21
2025-12-16 04:50:00,2449.4688,2642.1196,winter,day4,21
2025-12-16 04:55:00,2473.9968,2644.9556,winter,day4,21
2025-12-16 05:00:00,2527.7064,2648.3997,winter,day4,21
2025-12-16 05:05:00,2551.5227999999997,2654.6008,winter,day4,21
2025-12-16 05:10:00,2566.3548,2661.3274,winter,day4,21
2025-12-16 05:15:00,2722.0716,2665.949,winter,day4,21
2025-12-16 05:20:00,2673.9900000000002,2668.264,winter,day4,21
2025-12-16 05:25:00,2507.898,2667.8796,winter,day4,21
2025-12-16 05:30:00,2523.1512000000002,2666.1646,winter,day4,21
2025-12-16 05:35:00,2549.0676,2660.8042,winter,day4,21
2025-12-16 05:40:00,2525.4012,2657.6987,winter,day4,21
2025-12-16 05:45:00,2511.8568,2659.7058,winter,day4,21
2025-12-16 05:50:00,2513.7456,2664.922,winter,day4,21
2025-12-16 05:55:00,2576.892,2674.5374,winter,day4,21
2025-12-16 06:00:00,3618.0396,2827.6365,winter,day4,21
2025-12-16 06:05:00,3193.9272,2895.5288,winter,day4,21
2025-12-16 06:10:00,3056.322,2956.295,winter,day4,21
2025-12-16 06:15:00,3188.802,3006.6973,winter,day4,21
2025-12-16 06:20:00,3320.8584,3046.9539,winter,day4,21
2025-12-16 06:25:00,3678.6936,3084.7327,winter,day4,21
2025-12-16 06:30:00,3141.4139999999998,3126.9338,winter,day4,21
2025-12-16 06:35:00,3588.9756,3173.0398,winter,day4,21
2025-12-16 06:40:00,3585.9936000000002,3207.7834,winter,day4,21
2025-12-16 06:45:00,3242.9543999999996,3214.5376,winter,day4,21
2025-12-16 06:50:00,3911.3903999999993,3213.4976,winter,day4,21
2025-12-16 06:55:00,3752.6135999999997,3206.004,winter,day4,21
2025-12-16 07:00:00,3536.4792,3314.52,winter,day4,21
2025-12-16 07:05:00,3213.9744,3383.1003,winter,day4,21
2025-12-16 07:10:00,3840.2915999999996,3474.039,winter,day4,21
2025-12-16 07:15:00,3452.256,3585.4631,winter,day4,21
2025-12-16 07:20:00,4289.8572,3731.2432,winter,day4,21
2025-12-16 07:25:00,3764.9388,3902.2603,winter,day4,21
2025-12-16 07:30:00,3594.4968,4092.4326,winter,day4,21
2025-12-16 07:35:00,8889.6912,4314.193,winter,day4,21
2025-12-16 07:40:00,13350.6684,4521.71,winter,day4,21
2025-12-16 07:45:00,8135.238,4644.0947,winter,day4,21
2025-12-16 07:50:00,7084.504800000001,4696.6436,winter,day4,21
2025-12-16 07:55:00,7205.719200000001,4687.0073,winter,day4,21
2025-12-16 08:00:00,5879.8068,4414.5933,winter,day4,21
2025-12-16 08:05:00,4666.3068,4426.578,winter,day4,21
2025-12-16 08:10:00,4394.0808,4415.844,winter,day4,21
2025-12-16 08:15:00,5070.0396,4399.7197,winter,day4,21
2025-12-16 08:20:00,5125.4232,4413.157,winter,day4,21
2025-12-16 08:25:00,4303.0656,4413.8594,winter,day4,21
2025-12-16 08:30:00,4704.1788,4430.722,winter,day4,21
2025-12-16 08:35:00,4075.7591999999995,4436.377,winter,day4,21
2025-12-16 08:40:00,5405.31,4450.4297,winter,day4,21
2025-12-16 08:45:00,4404.897599999999,4455.009,winter,day4,21
2025-12-16 08:50:00,4950.6528,4471.789,winter,day4,21
2025-12-16 08:55:00,6181.3092,4463.4863,winter,day4,21
2025-12-16 09:00:00,7122.306,4479.4463,winter,day4,21
2025-12-16 09:05:00,6685.9908,4473.3745,winter,day4,21
2025-12-16 09:10:00,5233.7771999999995,4456.453,winter,day4,21
2025-12-16 09:15:00,4153.1268,4448.827,winter,day4,21
2025-12-16 09:20:00,4161.3144,4462.685,winter,day4,21
2025-12-16 09:25:00,4026.3971999999994,4479.3105,winter,day4,21
2025-12-16 09:30:00,5052.306,4503.797,winter,day4,21
2025-12-16 09:35:00,4094.2668,4515.0225,winter,day4,21
2025-12-16 09:40:00,4127.8476,4524.2407,winter,day4,21
2025-12-16 09:45:00,4505.4204,4526.273,winter,day4,21
2025-12-16 09:50:00,4041.7356,4536.021,winter,day4,21
2025-12-16 09:55:00,4273.462799999999,4530.0054,winter,day4,21
2025-12-16 10:00:00,4452.0552,4543.2637,winter,day4,21
2025-12-16 10:05:00,4339.7004,4530.3433,winter,day4,21
2025-12-16 10:10:00,4576.8612,4502.4175,winter,day4,21
2025-12-16 10:15:00,4096.518,4477.817,winter,day4,21
2025-12-16 10:20:00,4990.0284,4466.0493,winter,day4,21
2025-12-16 10:25:00,4283.2356,4453.146,winter,day4,21
2025-12-16 10:30:00,4198.0848,4450.3647,winter,day4,21
2025-12-16 10:35:00,4275.766799999999,4438.5854,winter,day4,21
2025-12-16 10:40:00,4266.4704,4438.4463,winter,day4,21
2025-12-16 10:45:00,4146.7356,4438.341,winter,day4,21
2025-12-16 10:50:00,4051.476,4448.417,winter,day4,21
2025-12-16 10:55:00,4008.6924,4441.3438,winter,day4,21
2025-12-16 11:00:00,3833.4636,4528.4795,winter,day4,21
2025-12-16 11:05:00,3885.5519999999997,4513.8447,winter,day4,21
2025-12-16 11:10:00,4982.191199999999,4472.8467,winter,day4,21
2025-12-16 11:15:00,4509.4524,4417.071,winter,day4,21
2025-12-16 11:20:00,5283.576,4348.7026,winter,day4,21
2025-12-16 11:25:00,5901.5736,4286.0723,winter,day4,21
2025-12-16 11:30:00,4369.2048,4246.736,winter,day4,21
2025-12-16 11:35:00,3914.8235999999997,4215.4917,winter,day4,21
2025-12-16 11:40:00,3608.1084,4207.0996,winter,day4,21
2025-12-16 11:45:00,3877.2612,4202.262,winter,day4,21
2025-12-16 11:50:00,4029.2700000000004,4217.8623,winter,day4,21
2025-12-16 11:55:00,3742.668,4210.671,winter,day4,21
2025-12-16 12:00:00,6038.3544,4132.1323,winter,day4,21
2025-12-16 12:05:00,4067.7383999999997,4120.265,winter,day4,21
2025-12-16 12:10:00,4482.716399999999,4092.6445,winter,day4,21
2025-12-16 12:15:00,3729.8424,4067.083,winter,day4,21
2025-12-16 12:20:00,3680.1672,4043.3762,winter,day4,21
2025-12-16 12:25:00,3748.7160000000003,4025.9062,winter,day4,21
2025-12-16 12:30:00,4284.1068,4021.1538,winter,day4,21
2025-12-16 12:35:00,3777.2724000000003,4010.629,winter,day4,21
2025-12-16 12:40:00,4806.6084,4011.0757,winter,day4,21
2025-12-16 12:45:00,4121.4264,4003.18,winter,day4,21
2025-12-16 12:50:00,3663.7932,4009.5332,winter,day4,21
2025-12-16 12:55:00,3641.1803999999997,3995.95,winter,day4,21
2025-12-16 13:00:00,4079.0616,3964.0686,winter,day4,21
2025-12-16 13:05:00,5389.7448,3909.1582,winter,day4,21
2025-12-16 13:10:00,4180.530000000001,3824.8694,winter,day4,21
2025-12-16 13:15:00,3867.5292,3741.619,winter,day4,21
2025-12-16 13:20:00,3947.0832,3668.4478,winter,day4,21
2025-12-16 13:25:00,4291.2084,3607.6624,winter,day4,21
2025-12-16 13:30:00,3750.8556,3571.5488,winter,day4,21
2025-12-16 13:35:00,3951.222,3532.129,winter,day4,21
2025-12-16 13:40:00,3920.4024,3516.0427,winter,day4,21
2025-12-16 13:45:00,3324.2484000000004,3515.5408,winter,day4,21
2025-12-16 13:50:00,3828.1944000000003,3549.0588,winter,day4,21
2025-12-16 13:55:00,3311.3136,3593.0745,winter,day4,21
2025-12-16 14:00:00,3627.4115999999995,3912.187,winter,day4,21
2025-12-16 14:05:00,3714.8712,3980.8293,winter,day4,21
2025-12-16 14:10:00,4166.5199999999995,4022.4438,winter,day4,21
2025-12-16 14:15:00,3917.3808000000004,4051.2988,winter,day4,21
2025-12-16 14:20:00,5278.9044,4069.8591,winter,day4,21
2025-12-16 14:25:00,3564.9252,4092.695,winter,day4,21
2025-12-16 14:30:00,3410.8896,4131.4316,winter,day4,21
2025-12-16 14:35:00,3794.142,4173.0654,winter,day4,21
2025-12-16 14:40:00,4064.0759999999996,4228.0513,winter,day4,21
2025-12-16 14:45:00,4060.0187999999994,4283.237,winter,day4,21
2025-12-16 14:50:00,5638.8264,4362.0747,winter,day4,21
2025-12-16 14:55:00,4045.8311999999996,4434.5557,winter,day4,21
2025-12-16 15:00:00,5577.5988,4740.192,winter,day4,21
2025-12-16 15:05:00,5338.7663999999995,4833.587,winter,day4,21
2025-12-16 15:10:00,4601.8332,4918.904,winter,day4,21
2025-12-16 15:15:00,4514.3004,5012.795,winter,day4,21
2025-12-16 15:20:00,4651.674000000001,5089.579,winter,day4,21
2025-12-16 15:25:00,4688.780400000001,5169.7036,winter,day4,21
2025-12-16 15:30:00,5018.646,5249.6406,winter,day4,21
2025-12-16 15:35:00,4649.3124,5332.4883,winter,day4,21
2025-12-16 15:40:00,5036.8956,5406.447,winter,day4,21
2025-12-16 15:45:00,6101.222400000001,5458.9883,winter,day4,21
2025-12-16 15:50:00,5310.1344,5510.475,winter,day4,21
2025-12-16 15:55:00,5578.8444,5545.244,winter,day4,21
2025-12-16 16:00:00,6418.926,6582.862,winter,day4,21
2025-12-16 16:05:00,6934.9872000000005,6887.0605,winter,day4,21
2025-12-16 16:10:00,5723.4084,7240.928,winter,day4,21
2025-12-16 16:15:00,6220.02,7634.3574,winter,day4,21
2025-12-16 16:20:00,6189.9816,7883.781,winter,day4,21
2025-12-16 16:25:00,8523.5976,8101.726,winter,day4,21
2025-12-16 16:30:00,6921.2136,8282.217,winter,day4,21
2025-12-16 16:35:00,6369.4176,8475.342,winter,day4,21
2025-12-16 16:40:00,5543.4936,8611.004,winter,day4,21
2025-12-16 16:45:00,5541.312,8665.762,winter,day4,21
2025-12-16 16:50:00,6021.54,8657.561,winter,day4,21
2025-12-16 16:55:00,5594.2212,8663.24,winter,day4,21
2025-12-16 17:00:00,5404.383599999999,8520.16,winter,day4,21
2025-12-16 17:05:00,5644.6044,8495.652,winter,day4,21
2025-12-16 17:10:00,5346.6396,8271.051,winter,day4,21
2025-12-16 17:15:00,5382.9756,7843.3213,winter,day4,21
2025-12-16 17:20:00,5437.419599999999,7152.8115,winter,day4,21
2025-12-16 17:25:00,5168.364,6636.504,winter,day4,21
2025-12-16 17:30:00,4849.17,6359.835,winter,day4,21
2025-12-16 17:35:00,4824.846,6253.6743,winter,day4,21
2025-12-16 17:40:00,4795.218,6238.476,winter,day4,21
2025-12-16 17:45:00,4838.4264,6208.1104,winter,day4,21
2025-12-16 17:50:00,5375.1948,6247.16,winter,day4,21
2025-12-16 17:55:00,6129.4152,6404.629,winter,day4,21
2025-12-16 18:00:00,7022.948399999999,6761.417,winter,day4,21
2025-12-16 18:05:00,9322.598399999999,6973.916,winter,day4,21
2025-12-16 18:10:00,12304.332,7139.5537,winter,day4,21
2025-12-16 18:15:00,13883.9892,7241.209,winter,day4,21
2025-12-16 18:20:00,10606.9176,7114.835,winter,day4,21
2025-12-16 18:25:00,11033.883600000001,6946.464,winter,day4,21
2025-12-16 18:30:00,10770.066,6821.6924,winter,day4,21
2025-12-16 18:35:00,10817.2656,6697.8945,winter,day4,21
2025-12-16 18:40:00,10768.5732,6565.5566,winter,day4,21
2025-12-16 18:45:00,11083.158,6413.231,winter,day4,21
2025-12-16 18:50:00,10502.316,6344.446,winter,day4,21
2025-12-16 18:55:00,11726.8764,6352.3525,winter,day4,21
2025-12-16 19:00:00,9362.4708,5689.4663,winter,day4,21
2025-12-16 19:05:00,8939.4012,5663.211,winter,day4,21
2025-12-16 19:10:00,9068.5296,5513.365,winter,day4,21
2025-12-16 19:15:00,10369.382399999999,5276.509,winter,day4,21
2025-12-16 19:20:00,4406.4276,5001.565,winter,day4,21
2025-12-16 19:25:00,4186.9980000000005,4843.463,winter,day4,21
2025-12-16 19:30:00,3759.4103999999998,4791.8164,winter,day4,21
2025-12-16 19:35:00,3591.4980000000005,4765.7437,winter,day4,21
2025-12-16 19:40:00,3997.8432000000003,4769.2607,winter,day4,21
2025-12-16 19:45:00,4548.5256,4770.802,winter,day4,21
2025-12-16 19:50:00,3994.7388,4793.291,winter,day4,21
2025-12-16 19:55:00,3709.2588000000005,4793.675,winter,day4,21
2025-12-16 20:00:00,3851.6184000000003,4465.2207,winter,day4,21
2025-12-16 20:05:00,3718.47,4447.8774,winter,day4,21
2025-12-16 20:10:00,3542.9483999999998,4405.552,winter,day4,21
2025-12-16 20:15:00,3521.2992,4376.4336,winter,day4,21
2025-12-16 20:20:00,3372.9900000000002,4347.945,winter,day4,21
2025-12-16 20:25:00,3389.2332,4322.4146,winter,day4,21
2025-12-16 20:30:00,3283.4328,4302.624,winter,day4,21
2025-12-16 20:35:00,3479.4120000000003,4262.5874,winter,day4,21
2025-12-16 20:40:00,3745.8095999999996,4232.549,winter,day4,21
2025-12-16 20:45:00,3636.8256,4200.55,winter,day4,21
2025-12-16 20:50:00,3511.9475999999995,4186.8857,winter,day4,21
2025-12-16 20:55:00,3160.8300000000004,4151.525,winter,day4,21
2025-12-16 21:00:00,2850.8544,3948.6343,winter,day4,21
2025-12-16 21:05:00,3042.5196,3888.7642,winter,day4,21
2025-12-16 21:10:00,2641.8276,3799.2307,winter,day4,21
2025-12-16 21:15:00,2519.262,3723.846,winter,day4,21
2025-12-16 21:20:00,2553.0744,3651.3435,winter,day4,21
2025-12-16 21:25:00,2424.522,3574.1467,winter,day4,21
2025-12-16 21:30:00,2406.6228,3501.2578,winter,day4,21
2025-12-16 21:35:00,2408.4168,3404.969,winter,day4,21
2025-12-16 21:40:00,2452.5396,3336.4268,winter,day4,21
2025-12-16 21:45:00,2527.0487999999996,3280.0847,winter,day4,21
2025-12-16 21:50:00,2566.5407999999998,3267.131,winter,day4,21
2025-12-16 21:55:00,2691.1824,3264.5923,winter,day4,21
2025-12-16 22:00:00,2636.7324,2958.6501,winter,day4,21
2025-12-16 22:05:00,2519.8163999999997,2986.755,winter,day4,21
2025-12-16 22:10:00,2459.0063999999998,2997.4739,winter,day4,21
2025-12-16 22:15:00,2469.444,3017.7659,winter,day4,21
2025-12-16 22:20:00,2629.8804,3047.4434,winter,day4,21
2025-12-16 22:25:00,2411.6412,3070.954,winter,day4,21
2025-12-16 22:30:00,2404.7952,3082.7146,winter,day4,21
2025-12-16 22:35:00,2386.5227999999997,3068.8018,winter,day4,21
2025-12-16 22:40:00,2356.6524,3076.2793,winter,day4,21
2025-12-16 22:45:00,2410.1699999999996,3095.189,winter,day4,21
2025-12-16 22:50:00,2458.6308,3139.1628,winter,day4,21
2025-12-16 22:55:00,2457.5592,3165.8845,winter,day4,21
2025-12-16 23:00:00,2356.7484,3053.2078,winter,day4,21
2025-12-16 23:05:00,2337.0996,3068.6118,winter,day4,21
2025-12-16 23:10:00,2441.2511999999997,3070.1396,winter,day4,21
2025-12-16 23:15:00,2482.1556,3082.5667,winter,day4,21
2025-12-16 23:20:00,2489.8968,3107.9968,winter,day4,21
2025-12-16 23:25:00,2577.7008,3139.1362,winter,day4,21
2025-12-16 23:30:00,2728.6416,3185.355,winter,day4,21
2025-12-16 23:35:00,2683.764,3232.0881,winter,day4,21
2025-12-16 23:40:00,2471.9808000000003,3290.407,winter,day4,21
2025-12-16 23:45:00,2458.0584,3331.1226,winter,day4,21
2025-12-16 23:50:00,2508.2268,3354.9766,winter,day4,21
2025-12-16 23:55:00,2562.8736,3369.2476,winter,day4,21
2025-12-31 00:00:00,3338.9136,2801.7205,winter,day5,21
2025-12-31 00:05:00,3319.3343999999997,2842.9285,winter,day5,21
2025-12-31 00:10:00,2794.9272,2874.3374,winter,day5,21
2025-12-31 00:15:00,3241.1208,2896.5054,winter,day5,21
2025-12-31 00:20:00,2992.0703999999996,2910.3184,winter,day5,21
2025-12-31 00:25:00,3351.4127999999996,2915.0754,winter,day5,21
2025-12-31 00:30:00,3351.6444,2927.7764,winter,day5,21
2025-12-31 00:35:00,2985.12,2941.9148,winter,day5,21
2025-12-31 00:40:00,3308.274,2956.248,winter,day5,21
2025-12-31 00:45:00,3283.6752,2954.3613,winter,day5,21
2025-12-31 00:50:00,3266.0256,2949.8677,winter,day5,21
2025-12-31 00:55:00,3306.7512,2944.7883,winter,day5,21
2025-12-31 01:00:00,2924.0676,2910.5898,winter,day5,21
2025-12-31 01:05:00,3583.3644,2892.1785,winter,day5,21
2025-12-31 01:10:00,3572.2008,2851.8042,winter,day5,21
2025-12-31 01:15:00,3407.7563999999998,2805.5383,winter,day5,21
2025-12-31 01:20:00,3333.2388,2762.5903,winter,day5,21
2025-12-31 01:25:00,3103.6272,2724.7234,winter,day5,21
2025-12-31 01:30:00,3114.5016,2701.8335,winter,day5,21
2025-12-31 01:35:00,2717.7156,2680.9924,winter,day5,21
2025-12-31 01:40:00,2677.3104,2669.3855,winter,day5,21
2025-12-31 01:45:00,2759.4504,2658.7224,winter,day5,21
2025-12-31 01:50:00,2732.4624,2653.638,winter,day5,21
2025-12-31 01:55:00,2525.8248,2649.4924,winter,day5,21
2025-12-31 02:00:00,2513.3172,2651.9182,winter,day5,21
2025-12-31 02:05:00,2507.8452,2650.213,winter,day5,21
2025-12-31 02:10:00,2518.17,2644.512,winter,day5,21
2025-12-31 02:15:00,2575.4700000000003,2638.6406,winter,day5,21
2025-12-31 02:20:00,2600.076,2632.5078,winter,day5,21
2025-12-31 02:25:00,2733.7608,2625.887,winter,day5,21
2025-12-31 02:30:00,2878.1268,2623.672,winter,day5,21
2025-12-31 02:35:00,2681.0556,2620.9377,winter,day5,21
2025-12-31 02:40:00,2654.16,2619.8525,winter,day5,21
2025-12-31 02:45:00,2642.2284,2616.9392,winter,day5,21
2025-12-31 02:50:00,2643.522,2615.9087,winter,day5,21
2025-12-31 02:55:00,2711.7408000000005,2615.25,winter,day5,21
2025-12-31 03:00:00,2456.0964,2648.3674,winter,day5,21
2025-12-31 03:05:00,2610.2784,2649.2986,winter,day5,21
2025-12-31 03:10:00,2780.85,2647.5073,winter,day5,21
2025-12-31 03:15:00,2629.2455999999997,2645.2595,winter,day5,21
2025-12-31 03:20:00,2558.4924,2641.0486,winter,day5,21
2025-12-31 03:25:00,2607.1164,2637.5098,winter,day5,21
2025-12-31 03:30:00,2624.0988,2636.956,winter,day5,21
2025-12-31 03:35:00,2653.4604,2635.8115,winter,day5,21
2025-12-31 03:40:00,2596.5335999999998,2635.1199,winter,day5,21
2025-12-31 03:45:00,2587.9199999999996,2633.5322,winter,day5,21
2025-12-31 03:50:00,2564.3892,2632.757,winter,day5,21
2025-12-31 03:55:00,2620.44,2631.233,winter,day5,21
2025-12-31 04:00:00,2676.4896,2665.5156,winter,day5,21
2025-12-31 04:05:00,2725.3512,2664.265,winter,day5,21
2025-12-31 04:10:00,2698.3068,2660.9033,winter,day5,21
2025-12-31 04:15:00,2618.6076000000003,2657.9375,winter,day5,21
2025-12-31 04:20:00,2582.802,2652.7595,winter,day5,21
2025-12-31 04:25:00,2585.6232,2647.1482,winter,day5,21
2025-12-31 04:30:00,2729.1276,2643.6064,winter,day5,21
2025-12-31 04:35:00,2707.9440000000004,2639.4453,winter,day5,21
2025-12-31 04:40:00,2614.2036,2636.0183,winter,day5,21
2025-12-31 04:45:00,2609.3724,2632.8953,winter,day5,21
2025-12-31 04:50:00,2532.6348,2631.9219,winter,day5,21
2025-12-31 04:55:00,2524.2924,2631.3953,winter,day5,21
2025-12-31 05:00:00,2552.7192,2637.0327,winter,day5,21
2025-12-31 05:05:00,2590.962,2636.0312,winter,day5,21
2025-12-31 05:10:00,2662.6608,2632.8765,winter,day5,21
2025-12-31 05:15:00,2660.9856,2630.4683,winter,day5,21
2025-12-31 05:20:00,2644.1448,2628.2017,winter,day5,21
2025-12-31 05:25:00,2650.6716,2626.5483,winter,day5,21
2025-12-31 05:30:00,2610.084,2627.522,winter,day5,21
2025-12-31 05:35:00,2720.0328,2628.3347,winter,day5,21
2025-12-31 05:40:00,2779.6992,2630.9756,winter,day5,21
2025-12-31 05:45:00,2879.2716,2633.5708,winter,day5,21
2025-12-31 05:50:00,2901.7116,2639.039,winter,day5,21
2025-12-31 05:55:00,2602.9991999999997,2646.035,winter,day5,21
2025-12-31 06:00:00,2562.9984,2650.3794,winter,day5,21
2025-12-31 06:05:00,2562.6924,2655.2336,winter,day5,21
2025-12-31 06:10:00,2514.3912,2659.4478,winter,day5,21
2025-12-31 06:15:00,2505.2196,2665.5874,winter,day5,21
2025-12-31 06:20:00,2627.9424,2672.8447,winter,day5,21
2025-12-31 06:25:00,2631.9516,2680.9885,winter,day5,21
2025-12-31 06:30:00,2570.6196,2692.8232,winter,day5,21
2025-12-31 06:35:00,2528.904,2703.9277,winter,day5,21
2025-12-31 06:40:00,2597.9376,2715.327,winter,day5,21
2025-12-31 06:45:00,3277.6716,2723.9988,winter,day5,21
2025-12-31 06:50:00,2724.3419999999996,2737.971,winter,day5,21
2025-12-31 06:55:00,3794.3148,2755.2056,winter,day5,21
2025-12-31 07:00:00,3542.3412,3104.2678,winter,day5,21
2025-12-31 07:05:00,3736.728,3169.6147,winter,day5,21
2025-12-31 07:10:00,3571.6476000000002,3220.8687,winter,day5,21
2025-12-31 07:15:00,3651.3527999999997,3286.2966,winter,day5,21
2025-12-31 07:20:00,3699.6192,3348.7803,winter,day5,21
2025-12-31 07:25:00,3630.0996,3418.7983,winter,day5,21
2025-12-31 07:30:00,3662.142,3508.3416,winter,day5,21
2025-12-31 07:35:00,3685.2119999999995,3598.0112,winter,day5,21
2025-12-31 07:40:00,3743.3592,3674.1072,winter,day5,21
2025-12-31 07:45:00,3919.9871999999996,3697.6582,winter,day5,21
2025-12-31 07:50:00,4016.8248,3743.6619,winter,day5,21
2025-12-31 07:55:00,3773.514,3777.0063,winter,day5,21
2025-12-31 08:00:00,3514.1724000000004,3732.4246,winter,day5,21
2025-12-31 08:05:00,3398.4924,3745.2373,winter,day5,21
2025-12-31 08:10:00,3332.1804,3724.2903,winter,day5,21
2025-12-31 08:15:00,3295.9188000000004,3731.0103,winter,day5,21
2025-12-31 08:20:00,3875.2344,3744.9739,winter,day5,21
2025-12-31 08:25:00,4055.7504,3770.0972,winter,day5,21
2025-12-31 08:30:00,4329.8328,3837.263,winter,day5,21
2025-12-31 08:35:00,3847.4483999999998,3911.7158,winter,day5,21
2025-12-31 08:40:00,3638.88,3983.9153,winter,day5,21
2025-12-31 08:45:00,4250.6004,3999.6558,winter,day5,21
2025-12-31 08:50:00,5217.933599999999,4015.76,winter,day5,21
2025-12-31 08:55:00,5401.4208,4026.083,winter,day5,21
2025-12-31 09:00:00,5468.3712,4306.167,winter,day5,21
2025-12-31 09:05:00,6148.494000000001,4298.1836,winter,day5,21
2025-12-31 09:10:00,5363.1864000000005,4243.882,winter,day5,21
2025-12-31 09:15:00,5088.996,4209.6816,winter,day5,21
2025-12-31 09:20:00,4635.3804,4176.8394,winter,day5,21
2025-12-31 09:25:00,4231.6344,4152.5723,winter,day5,21
2025-12-31 09:30:00,4401.9384,4154.2744,winter,day5,21
2025-12-31 09:35:00,4285.6488,4148.734,winter,day5,21
2025-12-31 09:40:00,4400.7660000000005,4157.164,winter,day5,21
2025-12-31 09:45:00,10283.52,4149.2847,winter,day5,21
2025-12-31 09:50:00,9461.2608,4160.163,winter,day5,21
2025-12-31 09:55:00,6320.339999999999,4167.6587,winter,day5,21
2025-12-31 10:00:00,5219.9544000000005,4049.761,winter,day5,21
2025-12-31 10:05:00,6990.068399999999,4053.0488,winter,day5,21
2025-12-31 10:10:00,7397.634000000001,4032.7866,winter,day5,21
2025-12-31 10:15:00,6904.8912,4029.01,winter,day5,21
2025-12-31 10:20:00,7039.7004,4030.3447,winter,day5,21
2025-12-31 10:25:00,5734.6788,4034.0806,winter,day5,21
2025-12-31 10:30:00,4595.825999999999,4062.3962,winter,day5,21
2025-12-31 10:35:00,4877.7708,4084.34,winter,day5,21
2025-12-31 10:40:00,4928.214,4109.3706,winter,day5,21
2025-12-31 10:45:00,4913.7684,4110.8115,winter,day5,21
2025-12-31 10:50:00,4863.794400000001,4121.5537,winter,day5,21
2025-12-31 10:55:00,4884.3576,4131.8315,winter,day5,21
2025-12-31 11:00:00,6113.4084,4234.777,winter,day5,21
2025-12-31 11:05:00,6825.190799999999,4253.82,winter,day5,21
2025-12-31 11:10:00,4889.0424,4253.6914,winter,day5,21
2025-12-31 11:15:00,4561.323600000001,4260.5225,winter,day5,21
2025-12-31 11:20:00,4379.131200000001,4255.2266,winter,day5,21
2025-12-31 11:25:00,4388.6124,4240.014,winter,day5,21
2025-12-31 11:30:00,4846.6488,4231.9204,winter,day5,21
2025-12-31 11:35:00,4757.1408,4213.7183,winter,day5,21
2025-12-31 11:40:00,4462.3944,4208.123,winter,day5,21
2025-12-31 11:45:00,4755.7464,4202.7856,winter,day5,21
2025-12-31 11:50:00,4390.89,4210.8457,winter,day5,21
2025-12-31 11:55:00,4404.8412,4216.867,winter,day5,21
2025-12-31 12:00:00,5794.1556,4255.272,winter,day5,21
2025-12-31 12:05:00,4418.346,4271.0176,winter,day5,21
2025-12-31 12:10:00,5056.236,4261.9355,winter,day5,21
2025-12-31 12:15:00,5098.2708,4254.445,winter,day5,21
2025-12-31 12:20:00,4206.414,4228.9775,winter,day5,21
2025-12-31 12:25:00,3740.4792,4200.0396,winter,day5,21
2025-12-31 12:30:00,4270.369199999999,4185.269,winter,day5,21
2025-12-31 12:35:00,3738.846,4167.137,winter,day5,21
2025-12-31 12:40:00,3676.3055999999997,4156.5303,winter,day5,21
2025-12-31 12:45:00,3983.2188,4143.496,winter,day5,21
2025-12-31 12:50:00,4142.532,4137.3813,winter,day5,21
2025-12-31 12:55:00,4682.7924,4127.821,winter,day5,21
2025-12-31 13:00:00,3651.5472,3984.6152,winter,day5,21
2025-12-31 13:05:00,3380.8475999999996,3968.8726,winter,day5,21
2025-12-31 13:10:00,3235.3272,3930.5508,winter,day5,21
2025-12-31 13:15:00,3393.5544,3894.551,winter,day5,21
2025-12-31 13:20:00,3722.7455999999997,3848.3215,winter,day5,21
2025-12-31 13:25:00,3094.4916,3806.584,winter,day5,21
2025-12-31 13:30:00,3354.0228,3786.585,winter,day5,21
2025-12-31 13:35:00,3534.4464,3773.512,winter,day5,21
2025-12-31 13:40:00,4910.742,3776.5247,winter,day5,21
2025-12-31 13:45:00,3182.7648,3779.5623,winter,day5,21
2025-12-31 13:50:00,3054.1944,3794.102,winter,day5,21
2025-12-31 13:55:00,3002.3016000000002,3808.766,winter,day5,21
2025-12-31 14:00:00,2984.1696,3830.9111,winter,day5,21
2025-12-31 14:05:00,3174.0047999999997,3853.4885,winter,day5,21
2025-12-31 14:10:00,3060.2676,3859.0076,winter,day5,21
2025-12-31 14:15:00,3016.8,3877.9001,winter,day5,21
2025-12-31 14:20:00,3024.552,3894.1719,winter,day5,21
2025-12-31 14:25:00,3008.0016,3918.3916,winter,day5,21
2025-12-31 14:30:00,2977.5504,3965.6218,winter,day5,21
2025-12-31 14:35:00,2995.1868,4015.3833,winter,day5,21
2025-12-31 14:40:00,3277.6440000000002,4074.6816,winter,day5,21
2025-12-31 14:45:00,3150.348,4122.9463,winter,day5,21
2025-12-31 14:50:00,3066.4632,4182.172,winter,day5,21
2025-12-31 14:55:00,3065.202,4242.3105,winter,day5,21
2025-12-31 15:00:00,3021.1884,4612.55,winter,day5,21
2025-12-31 15:05:00,2968.5,4670.9336,winter,day5,21
2025-12-31 15:10:00,2935.4376,4707.016,winter,day5,21
2025-12-31 15:15:00,3112.5912,4764.9995,winter,day5,21
2025-12-31 15:20:00,3107.9436,4816.5293,winter,day5,21
2025-12-31 15:25:00,2957.5236,4883.877,winter,day5,21
2025-12-31 15:30:00,2978.1096,4980.113,winter,day5,21
2025-12-31 15:35:00,2978.2392,5068.658,winter,day5,21
2025-12-31 15:40:00,2978.1612,5141.3677,winter,day5,21
2025-12-31 15:45:00,2993.9676,5178.418,winter,day5,21
2025-12-31 15:50:00,3241.9056,5213.3945,winter,day5,21
2025-12-31 15:55:00,3256.4268,5248.954,winter,day5,21
2025-12-31 16:00:00,3148.1603999999998,5497.51,winter,day5,21
2025-12-31 16:05:00,3193.7232,5553.3057,winter,day5,21
2025-12-31 16:10:00,3213.4632,5582.517,winter,day5,21
2025-12-31 16:15:00,3326.7936,5621.32,winter,day5,21
2025-12-31 16:20:00,3319.1495999999997,5624.3975,winter,day5,21
2025-12-31 16:25:00,3282.486,5622.991,winter,day5,21
2025-12-31 16:30:00,3423.804,5649.365,winter,day5,21
2025-12-31 16:35:00,3312.3659999999995,5677.7227,winter,day5,21
2025-12-31 16:40:00,3215.3652,5706.407,winter,day5,21
2025-12-31 16:45:00,3342.4656000000004,5724.345,winter,day5,21
2025-12-31 16:50:00,3411.024,5748.094,winter,day5,21
2025-12-31 16:55:00,3581.5235999999995,5782.976,winter,day5,21
2025-12-31 17:00:00,3520.2288,5687.2056,winter,day5,21
2025-12-31 17:05:00,3353.9616,5681.154,winter,day5,21
2025-12-31 17:10:00,3362.9724,5602.2607,winter,day5,21
2025-12-31 17:15:00,3338.9352,5509.1504,winter,day5,21
2025-12-31 17:20:00,3324.5736000000006,5368.1807,winter,day5,21
2025-12-31 17:25:00,3249.9816,5249.8,winter,day5,21
2025-12-31 17:30:00,3212.5800000000004,5205.584,winter,day5,21
2025-12-31 17:35:00,3211.5263999999997,5179.3335,winter,day5,21
2025-12-31 17:40:00,3443.358,5197.37,winter,day5,21
2025-12-31 17:45:00,3471.1619999999994,5243.866,winter,day5,21
2025-12-31 17:50:00,3254.922,5325.8857,winter,day5,21
2025-12-31 17:55:00,3212.4456,5467.932,winter,day5,21
2025-12-31 18:00:00,3897.6492,7163.0234,winter,day5,21
2025-12-31 18:05:00,6079.2816,8003.719,winter,day5,21
2025-12-31 18:10:00,8732.07,8828.798,winter,day5,21
2025-12-31 18:15:00,10121.2344,9503.754,winter,day5,21
2025-12-31 18:20:00,10166.0112,9759.771,winter,day5,21
2025-12-31 18:25:00,9286.32,9857.942,winter,day5,21
2025-12-31 18:30:00,9876.8364,10059.754,winter,day5,21
2025-12-31 18:35:00,9728.7576,10167.414,winter,day5,21
2025-12-31 18:40:00,10754.2644,10205.069,winter,day5,21
2025-12-31 18:45:00,9422.2032,10142.974,winter,day5,21
2025-12-31 18:50:00,10060.2228,9972.267,winter,day5,21
2025-12-31 18:55:00,9426.3576,9834.896,winter,day5,21
2025-12-31 19:00:00,10228.1712,9587.72,winter,day5,21
2025-12-31 19:05:00,9329.5824,9324.07,winter,day5,21
2025-12-31 19:10:00,9846.7392,8707.612,winter,day5,21
2025-12-31 19:15:00,9757.6764,7742.935,winter,day5,21
2025-12-31 19:20:00,3601.8120000000004,6362.088,winter,day5,21
2025-12-31 19:25:00,2518.1063999999997,5321.706,winter,day5,21
2025-12-31 19:30:00,2554.3332,4799.912,winter,day5,21
2025-12-31 19:35:00,2569.9883999999997,4448.8354,winter,day5,21
2025-12-31 19:40:00,2584.7196,4249.032,winter,day5,21
2025-12-31 19:45:00,2544.3527999999997,4118.223,winter,day5,21
2025-12-31 19:50:00,2550.6443999999997,4021.5557,winter,day5,21
2025-12-31 19:55:00,2509.4736000000003,3943.0762,winter,day5,21
2025-12-31 20:00:00,2468.7516,3121.325,winter,day5,21
2025-12-31 20:05:00,2578.404,3047.8523,winter,day5,21
2025-12-31 20:10:00,2585.016,2970.0483,winter,day5,21
2025-12-31 20:15:00,2491.5156,2905.43,winter,day5,21
2025-12-31 20:20:00,2616.33,2853.2363,winter,day5,21
2025-12-31 20:25:00,2699.3508,2805.8562,winter,day5,21
2025-12-31 20:30:00,2727.7608,2775.2976,winter,day5,21
2025-12-31 20:35:00,2821.0836000000004,2748.391,winter,day5,21
2025-12-31 20:40:00,2587.2383999999997,2732.2488,winter,day5,21
2025-12-31 20:45:00,2546.3856,2719.1423,winter,day5,21
2025-12-31 20:50:00,2522.6184000000003,2710.5747,winter,day5,21
2025-12-31 20:55:00,2542.3464,2701.5557,winter,day5,21
2025-12-31 21:00:00,2529.996,2640.5527,winter,day5,21
2025-12-31 21:05:00,2506.7016,2632.7388,winter,day5,21
2025-12-31 21:10:00,2507.3232,2624.8987,winter,day5,21
2025-12-31 21:15:00,2447.2799999999997,2618.4011,winter,day5,21
2025-12-31 21:20:00,2453.8836,2614.5183,winter,day5,21
2025-12-31 21:25:00,2469.5328,2610.841,winter,day5,21
2025-12-31 21:30:00,2475.8928,2607.7446,winter,day5,21
2025-12-31 21:35:00,2655.1764,2604.9387,winter,day5,21
2025-12-31 21:40:00,2679.09,2602.4546,winter,day5,21
2025-12-31 21:45:00,2519.6688000000004,2599.058,winter,day5,21
2025-12-31 21:50:00,2522.1984,2597.7207,winter,day5,21
2025-12-31 21:55:00,2541.0371999999998,2595.8357,winter,day5,21
2025-12-31 22:00:00,2644.1531999999997,2577.5474,winter,day5,21
2025-12-31 22:05:00,2618.184,2574.6287,winter,day5,21
2025-12-31 22:10:00,2623.7676,2573.2485,winter,day5,21
2025-12-31 22:15:00,2541.876,2573.5457,winter,day5,21
2025-12-31 22:20:00,2579.6711999999998,2576.046,winter,day5,21
2025-12-31 22:25:00,2563.0739999999996,2579.5437,winter,day5,21
2025-12-31 22:30:00,2559.7188,2582.118,winter,day5,21
2025-12-31 22:35:00,2531.4911999999995,2584.7974,winter,day5,21
2025-12-31 22:40:00,2508.1008,2586.0842,winter,day5,21
2025-12-31 22:45:00,2500.602,2585.0122,winter,day5,21
2025-12-31 22:50:00,2753.952,2585.5273,winter,day5,21
2025-12-31 22:55:00,2793.0588,2585.4678,winter,day5,21
2025-12-31 23:00:00,2577.3888,2588.1929,winter,day5,21
2025-12-31 23:05:00,2533.2312,2590.097,winter,day5,21
2025-12-31 23:10:00,2484.7104,2594.769,winter,day5,21
2025-12-31 23:15:00,2511.4008000000003,2603.4363,winter,day5,21
2025-12-31 23:20:00,2530.2252,2617.2014,winter,day5,21
2025-12-31 23:25:00,2549.9352,2633.1104,winter,day5,21
2025-12-31 23:30:00,2534.6004000000003,2650.3398,winter,day5,21
2025-12-31 23:35:00,2584.8216,2667.8413,winter,day5,21
2025-12-31 23:40:00,2595.6192,2687.7488,winter,day5,21
2025-12-31 23:45:00,2565.9672,2705.0947,winter,day5,21
2025-12-31 23:50:00,2620.8684000000003,2730.6335,winter,day5,21
2025-12-31 23:55:00,2719.3668000000002,2759.7285,winter,day5,21
2025-06-01 00:00:00,2526.7452000000003,2469.5105,summer,day1,20
2025-06-01 00:05:00,2463.0612,2472.4573,summer,day1,20
2025-06-01 00:10:00,2445.3624,2475.023,summer,day1,20
2025-06-01 00:15:00,2434.8624,2476.638,summer,day1,20
2025-06-01 00:20:00,2444.8836,2477.7139,summer,day1,20
2025-06-01 00:25:00,2443.6536,2478.3547,summer,day1,20
2025-06-01 00:30:00,2400.8712,2481.9478,summer,day1,20
2025-06-01 00:35:00,2397.0864,2487.1782,summer,day1,20
2025-06-01 00:40:00,2408.7204,2492.9895,summer,day1,20
2025-06-01 00:45:00,2576.5236,2498.1484,summer,day1,20
2025-06-01 00:50:00,2515.4268,2503.3945,summer,day1,20
2025-06-01 00:55:00,2153.4936000000002,2508.5466,summer,day1,20
2025-06-01 01:00:00,2206.2684,2503.96,summer,day1,20
2025-06-01 01:05:00,2483.8824,2503.2463,summer,day1,20
2025-06-01 01:10:00,2487.558,2502.6218,summer,day1,20
2025-06-01 01:15:00,2458.3416,2501.9229,summer,day1,20
2025-06-01 01:20:00,2445.9036,2501.0925,summer,day1,20
2025-06-01 01:25:00,2436.6744,2499.652,summer,day1,20
2025-06-01 01:30:00,2437.7196,2499.1184,summer,day1,20
2025-06-01 01:35:00,2587.3559999999998,2499.1804,summer,day1,20
2025-06-01 01:40:00,2479.992,2499.274,summer,day1,20
2025-06-01 01:45:00,2388.192,2499.9648,summer,day1,20
2025-06-01 01:50:00,2394.2076,2502.1025,summer,day1,20
2025-06-01 01:55:00,2490.8304,2504.667,summer,day1,20
2025-06-01 02:00:00,2550.2843999999996,2519.0984,summer,day1,20
2025-06-01 02:05:00,2232.5172,2518.0518,summer,day1,20
2025-06-01 02:10:00,2317.0955999999996,2516.424,summer,day1,20
2025-06-01 02:15:00,2408.6268,2514.726,summer,day1,20
2025-06-01 02:20:00,2410.9224,2513.7922,summer,day1,20
2025-06-01 02:25:00,2668.9451999999997,2513.2034,summer,day1,20
2025-06-01 02:30:00,2585.2272000000003,2513.4873,summer,day1,20
2025-06-01 02:35:00,2479.1099999999997,2513.605,summer,day1,20
2025-06-01 02:40:00,2463.4188,2512.3218,summer,day1,20
2025-06-01 02:45:00,2463.426,2510.5762,summer,day1,20
2025-06-01 02:50:00,2449.2504,2509.355,summer,day1,20
2025-06-01 02:55:00,2430.3516,2507.7534,summer,day1,20
2025-06-01 03:00:00,2278.2048,2499.667,summer,day1,20
2025-06-01 03:05:00,2049.5772,2498.0457,summer,day1,20
2025-06-01 03:10:00,2396.1804,2497.958,summer,day1,20
2025-06-01 03:15:00,2571.4836,2498.2156,summer,day1,20
2025-06-01 03:20:00,2472.3228,2498.6458,summer,day1,20
2025-06-01 03:25:00,2364.7223999999997,2498.771,summer,day1,20
2025-06-01 03:30:00,2362.8804,2498.6792,summer,day1,20
2025-06-01 03:35:00,2403.0744,2498.7512,summer,day1,20
2025-06-01 03:40:00,2472.7284,2497.397,summer,day1,20
2025-06-01 03:45:00,2457.0335999999998,2496.0278,summer,day1,20
2025-06-01 03:50:00,2505.8808,2495.6638,summer,day1,20
2025-06-01 03:55:00,2628.3024,2495.0605,summer,day1,20
2025-06-01 04:00:00,2548.8804,2483.8142,summer,day1,20
2025-06-01 04:05:00,2958.8952,2482.7708,summer,day1,20
2025-06-01 04:10:00,2742.2664,2482.6768,summer,day1,20
2025-06-01 04:15:00,2707.5528,2482.6338,summer,day1,20
2025-06-01 04:20:00,2519.6711999999998,2481.9236,summer,day1,20
2025-06-01 04:25:00,2526.5076,2481.3918,summer,day1,20
2025-06-01 04:30:00,2333.9604,2480.1758,summer,day1,20
2025-06-01 04:35:00,2619.3684000000003,2480.3147,summer,day1,20
2025-06-01 04:40:00,2623.7064,2478.4736,summer,day1,20
2025-06-01 04:45:00,2598.2364000000002,2475.6118,summer,day1,20
2025-06-01 04:50:00,2679.3684000000003,2473.072,summer,day1,20
2025-06-01 04:55:00,2428.9248,2469.9934,summer,day1,20
2025-06-01 05:00:00,2514.702,2453.3096,summer,day1,20
2025-06-01 05:05:00,2484.4308,2453.934,summer,day1,20
2025-06-01 05:10:00,2354.9424,2455.4192,summer,day1,20
2025-06-01 05:15:00,2305.1148000000003,2456.9814,summer,day1,20
2025-06-01 05:20:00,2247.9636,2456.5474,summer,day1,20
2025-06-01 05:25:00,2213.5667999999996,2455.3027,summer,day1,20
2025-06-01 05:30:00,2216.1144,2451.6057,summer,day1,20
2025-06-01 05:35:00,2200.464,2449.1555,summer,day1,20
2025-06-01 05:40:00,2392.1304,2445.1477,summer,day1,20
2025-06-01 05:45:00,2271.996,2440.6655,summer,day1,20
2025-06-01 05:50:00,1770.0084,2438.2366,summer,day1,20
2025-06-01 05:55:00,2016.8064,2435.4846,summer,day1,20
2025-06-01 06:00:00,2133.8292,2429.722,summer,day1,20
2025-06-01 06:05:00,2130.4919999999997,2430.1816,summer,day1,20
2025-06-01 06:10:00,2230.986,2431.8032,summer,day1,20
2025-06-01 06:15:00,2238.2808,2434.7434,summer,day1,20
2025-06-01 06:20:00,2225.3784,2438.463,summer,day1,20
2025-06-01 06:25:00,2329.7064,2443.4224,summer,day1,20
2025-06-01 06:30:00,2475.1596,2447.724,summer,day1,20
2025-06-01 06:35:00,2459.2691999999997,2454.3586,summer,day1,20
2025-06-01 06:40:00,2403.2580000000003,2456.6387,summer,day1,20
2025-06-01 06:45:00,2256.264,2454.8093,summer,day1,20
2025-06-01 06:50:00,1824.366,2453.5771,summer,day1,20
2025-06-01 06:55:00,2134.1207999999997,2451.6946,summer,day1,20
2025-06-01 07:00:00,2114.7612,2549.0742,summer,day1,20
2025-06-01 07:05:00,2258.0135999999998,2567.2588,summer,day1,20
2025-06-01 07:10:00,2336.9784,2598.5476,summer,day1,20
2025-06-01 07:15:00,2308.5888,2650.4607,summer,day1,20
2025-06-01 07:20:00,2138.7804,2727.5154,summer,day1,20
2025-06-01 07:25:00,2185.3416,2855.5703,summer,day1,20
2025-06-01 07:30:00,2207.0724,2994.9844,summer,day1,20
2025-06-01 07:35:00,2170.8455999999996,3203.9834,summer,day1,20
2025-06-01 07:40:00,2332.9175999999998,3353.362,summer,day1,20
2025-06-01 07:45:00,2384.088,3455.5625,summer,day1,20
2025-06-01 07:50:00,2123.6772,3508.542,summer,day1,20
2025-06-01 07:55:00,1838.58,3500.5737,summer,day1,20
2025-06-01 08:00:00,2112.7272000000003,3299.122,summer,day1,20
2025-06-01 08:05:00,2153.328,3311.2515,summer,day1,20
2025-06-01 08:10:00,2160.3684000000003,3332.3748,summer,day1,20
2025-06-01 08:15:00,2475.5544,3379.3406,summer,day1,20
2025-06-01 08:20:00,2394.636,3427.473,summer,day1,20
2025-06-01 08:25:00,2184.186,3493.653,summer,day1,20
2025-06-01 08:30:00,2254.5948,3513.1177,summer,day1,20
2025-06-01 08:35:00,2363.4900000000002,3575.0908,summer,day1,20
2025-06-01 08:40:00,2342.436,3601.8713,summer,day1,20
2025-06-01 08:45:00,2388.0108,3649.4543,summer,day1,20
2025-06-01 08:50:00,2300.2776000000003,3698.0015,summer,day1,20
2025-06-01 08:55:00,2314.1412,3712.7798,summer,day1,20
2025-06-01 09:00:00,2255.1216,3906.8403,summer,day1,20
2025-06-01 09:05:00,2313.3948,3901.7832,summer,day1,20
2025-06-01 09:10:00,2415.1488,3878.8965,summer,day1,20
2025-06-01 09:15:00,2218.5576,3870.2285,summer,day1,20
2025-06-01 09:20:00,2022.6299999999999,3868.6184,summer,day1,20
2025-06-01 09:25:00,2324.4804,3882.7783,summer,day1,20
2025-06-01 09:30:00,2429.7347999999997,3878.6406,summer,day1,20
2025-06-01 09:35:00,2425.4712,3904.3113,summer,day1,20
2025-06-01 09:40:00,2634.6984,3905.971,summer,day1,20
2025-06-01 09:45:00,2589.936,3914.6907,summer,day1,20
2025-06-01 09:50:00,2985.9504,3926.5557,summer,day1,20
2025-06-01 09:55:00,3118.7580000000003,3934.9011,summer,day1,20
2025-06-01 10:00:00,3145.3296,4359.666,summer,day1,20
2025-06-01 10:05:00,3000.0155999999997,4372.8438,summer,day1,20
2025-06-01 10:10:00,3243.4548000000004,4363.056,summer,day1,20
2025-06-01 10:15:00,3048.8723999999997,4353.72,summer,day1,20
2025-06-01 10:20:00,3718.5312,4348.7417,summer,day1,20
2025-06-01 10:25:00,5525.8536,4356.0894,summer,day1,20
2025-06-01 10:30:00,5728.9068,4355.737,summer,day1,20
2025-06-01 10:35:00,4920.803999999999,4374.7725,summer,day1,20
2025-06-01 10:40:00,4729.0068,4361.2495,summer,day1,20
2025-06-01 10:45:00,3853.2576,4342.419,summer,day1,20
2025-06-01 10:50:00,2675.8728,4317.1914,summer,day1,20
2025-06-01 10:55:00,2582.5896,4290.303,summer,day1,20
2025-06-01 11:00:00,2453.0532,4089.4,summer,day1,20
2025-06-01 11:05:00,2372.7012,4079.5703,summer,day1,20
2025-06-01 11:10:00,2824.2048,4071.4019,summer,day1,20
2025-06-01 11:15:00,2350.6644,4076.0254,summer,day1,20
2025-06-01 11:20:00,2357.4336,4090.4976,summer,day1,20
2025-06-01 11:25:00,2379.8388,4101.7607,summer,day1,20
2025-06-01 11:30:00,2499.0504,4097.358,summer,day1,20
2025-06-01 11:35:00,2567.2272000000003,4096.8164,summer,day1,20
2025-06-01 11:40:00,2478.8772,4073.935,summer,day1,20
2025-06-01 11:45:00,2295.3540000000003,4060.6375,summer,day1,20
2025-06-01 11:50:00,3115.3415999999997,4055.1377,summer,day1,20
2025-06-01 11:55:00,3889.0332000000003,4053.5962,summer,day1,20
2025-06-01 12:00:00,3719.8884,4186.7437,summer,day1,20
2025-06-01 12:05:00,3485.3304000000003,4195.915,summer,day1,20
2025-06-01 12:10:00,2500.02,4196.8145,summer,day1,20
2025-06-01 12:15:00,2617.29,4202.508,summer,day1,20
2025-06-01 12:20:00,2718.5292,4218.6606,summer,day1,20
2025-06-01 12:25:00,2607.4476,4228.5063,summer,day1,20
2025-06-01 12:30:00,2617.8552,4225.6855,summer,day1,20
2025-06-01 12:35:00,2815.4244,4225.907,summer,day1,20
2025-06-01 12:40:00,4412.1384,4200.993,summer,day1,20
2025-06-01 12:45:00,2853.0396,4169.9277,summer,day1,20
2025-06-01 12:50:00,2855.496,4127.497,summer,day1,20
2025-06-01 12:55:00,2674.8887999999997,4074.7432,summer,day1,20
2025-06-01 13:00:00,2721.9348,3525.6033,summer,day1,20
2025-06-01 13:05:00,2948.1132,3495.8936,summer,day1,20
2025-06-01 13:10:00,2809.6452,3464.5837,summer,day1,20
2025-06-01 13:15:00,2726.0027999999998,3437.292,summer,day1,20
2025-06-01 13:20:00,2850.1968,3417.8755,summer,day1,20
2025-06-01 13:25:00,3645.504,3391.385,summer,day1,20
2025-06-01 13:30:00,2543.5356,3357.9023,summer,day1,20
2025-06-01 13:35:00,2949.6636000000003,3333.3174,summer,day1,20
2025-06-01 13:40:00,2862.3936000000003,3295.8506,summer,day1,20
2025-06-01 13:45:00,3786.2771999999995,3261.0532,summer,day1,20
2025-06-01 13:50:00,3468.108,3233.2004,summer,day1,20
2025-06-01 13:55:00,2655.426,3204.484,summer,day1,20
2025-06-01 14:00:00,2680.296,3039.1855,summer,day1,20
2025-06-01 14:05:00,2841.2519999999995,3025.2412,summer,day1,20
2025-06-01 14:10:00,2700.8604,3012.4192,summer,day1,20
2025-06-01 14:15:00,2827.1531999999997,3006.9456,summer,day1,20
2025-06-01 14:20:00,2387.9148,3008.5298,summer,day1,20
2025-06-01 14:25:00,2899.1928,3008.994,summer,day1,20
2025-06-01 14:30:00,2663.7648,3003.3496,summer,day1,20
2025-06-01 14:35:00,2387.2248,3008.9062,summer,day1,20
2025-06-01 14:40:00,4273.9836000000005,3011.7944,summer,day1,20
2025-06-01 14:45:00,2890.9271999999996,3023.1204,summer,day1,20
2025-06-01 14:50:00,2668.7364000000002,3047.928,summer,day1,20
2025-06-01 14:55:00,3903.7128,3072.9377,summer,day1,20
2025-06-01 15:00:00,2540.7792,3016.2969,summer,day1,20
2025-06-01 15:05:00,2755.254,3046.0476,summer,day1,20
2025-06-01 15:10:00,2635.0212,3077.2827,summer,day1,20
2025-06-01 15:15:00,2438.8092,3117.1248,summer,day1,20
2025-06-01 15:20:00,2891.064,3163.45,summer,day1,20
2025-06-01 15:25:00,3213.5328,3210.075,summer,day1,20
2025-06-01 15:30:00,3069.1188,3253.0405,summer,day1,20
2025-06-01 15:35:00,2916.8148,3325.8518,summer,day1,20
2025-06-01 15:40:00,2681.3484,3386.0825,summer,day1,20
2025-06-01 15:45:00,2591.9196,3448.2158,summer,day1,20
2025-06-01 15:50:00,2534.0412,3517.8892,summer,day1,20
2025-06-01 15:55:00,2495.9292,3578.2898,summer,day1,20
2025-06-01 16:00:00,2491.0932000000003,3488.0015,summer,day1,20
2025-06-01 16:05:00,2664.2856,3551.1746,summer,day1,20
2025-06-01 16:10:00,2811.6516,3601.4763,summer,day1,20
2025-06-01 16:15:00,3117.8592,3660.3274,summer,day1,20
2025-06-01 16:20:00,4169.6952,3726.2615,summer,day1,20
2025-06-01 16:25:00,2414.3124,3789.8196,summer,day1,20
2025-06-01 16:30:00,2393.514,3830.6306,summer,day1,20
2025-06-01 16:35:00,2857.5096000000003,3888.9832,summer,day1,20
2025-06-01 16:40:00,4026.078,3911.06,summer,day1,20
2025-06-01 16:45:00,2541.4656000000004,3937.4443,summer,day1,20
2025-06-01 16:50:00,2174.7504,3978.183,summer,day1,20
2025-06-01 16:55:00,2387.6387999999997,4015.8674,summer,day1,20
2025-06-01 17:00:00,2397.7716,4137.0186,summer,day1,20
2025-06-01 17:05:00,2432.6843999999996,4147.338,summer,day1,20
2025-06-01 17:10:00,2457.018,4126.1104,summer,day1,20
2025-06-01 17:15:00,2702.7419999999997,4111.3164,summer,day1,20
2025-06-01 17:20:00,4379.1444,4111.7173,summer,day1,20
2025-06-01 17:25:00,3323.6051999999995,4118.169,summer,day1,20
2025-06-01 17:30:00,2690.2488,4122.3945,summer,day1,20
2025-06-01 17:35:00,2122.3416,4154.7627,summer,day1,20
2025-06-01 17:40:00,2711.0268,4163.9355,summer,day1,20
2025-06-01 17:45:00,2545.4892,4172.025,summer,day1,20
2025-06-01 17:50:00,2521.1124,4178.8047,summer,day1,20
2025-06-01 17:55:00,2543.04,4182.293,summer,day1,20
2025-06-01 18:00:00,2570.8884000000003,4242.0356,summer,day1,20
2025-06-01 18:05:00,2498.3952,4236.336,summer,day1,20
2025-06-01 18:10:00,2600.8848,4204.61,summer,day1,20
2025-06-01 18:15:00,2658.8952,4182.711,summer,day1,20
2025-06-01 18:20:00,2163.9036,4179.603,summer,day1,20
2025-06-01 18:25:00,2102.6904,4179.823,summer,day1,20
2025-06-01 18:30:00,2507.7168,4181.9756,summer,day1,20
2025-06-01 18:35:00,3421.4592000000002,4199.955,summer,day1,20
2025-06-01 18:40:00,2807.2884,4184.1006,summer,day1,20
2025-06-01 18:45:00,2499.4464,4152.7607,summer,day1,20
2025-06-01 18:50:00,2503.9452,4106.3813,summer,day1,20
2025-06-01 18:55:00,2464.7424,4052.2197,summer,day1,20
2025-06-01 19:00:00,2600.79,3607.3694,summer,day1,20
2025-06-01 19:05:00,3695.5464,3570.7222,summer,day1,20
2025-06-01 19:10:00,2330.4816,3524.777,summer,day1,20
2025-06-01 19:15:00,4419.794400000001,3490.8582,summer,day1,20
2025-06-01 19:20:00,3815.7084000000004,3469.31,summer,day1,20
2025-06-01 19:25:00,2421.7824,3448.3838,summer,day1,20
2025-06-01 19:30:00,2543.9724,3428.8684,summer,day1,20
2025-06-01 19:35:00,2655.9828,3420.544,summer,day1,20
2025-06-01 19:40:00,2640.4056,3401.6848,summer,day1,20
2025-06-01 19:45:00,2566.278,3384.3113,summer,day1,20
2025-06-01 19:50:00,3982.7364000000002,3370.2832,summer,day1,20
2025-06-01 19:55:00,2547.8172,3353.8938,summer,day1,20
2025-06-01 20:00:00,2575.1304,3227.2559,summer,day1,20
2025-06-01 20:05:00,2425.5816,3211.2412,summer,day1,20
2025-06-01 20:10:00,2405.0676,3183.704,summer,day1,20
2025-06-01 20:15:00,2391.6888,3161.2163,summer,day1,20
2025-06-01 20:20:00,2529.078,3142.3896,summer,day1,20
2025-06-01 20:25:00,2718.7656,3122.8018,summer,day1,20
2025-06-01 20:30:00,2516.5908,3107.6594,summer,day1,20
2025-06-01 20:35:00,2565.996,3102.937,summer,day1,20
2025-06-01 20:40:00,2844.4092,3100.0732,summer,day1,20
2025-06-01 20:45:00,2795.7275999999997,3100.9192,summer,day1,20
2025-06-01 20:50:00,3136.416,3103.97,summer,day1,20
2025-06-01 20:55:00,2801.3436,3100.724,summer,day1,20
2025-06-01 21:00:00,3487.9380000000006,3060.6584,summer,day1,20
2025-06-01 21:05:00,5444.5428,3038.3013,summer,day1,20
2025-06-01 21:10:00,2689.6331999999998,3008.9688,summer,day1,20
2025-06-01 21:15:00,2623.1232,2983.1475,summer,day1,20
2025-06-01 21:20:00,2600.0004,2957.3313,summer,day1,20
2025-06-01 21:25:00,2670.3216,2932.6548,summer,day1,20
2025-06-01 21:30:00,2692.434,2908.776,summer,day1,20
2025-06-01 21:35:00,2714.4372,2888.1401,summer,day1,20
2025-06-01 21:40:00,2700.2760000000003,2865.8767,summer,day1,20
2025-06-01 21:45:00,3052.0656,2843.6428,summer,day1,20
2025-06-01 21:50:00,3078.2484,2824.2905,summer,day1,20
2025-06-01 21:55:00,3035.1684,2804.9556,summer,day1,20
2025-06-01 22:00:00,2783.4648,2610.8296,summer,day1,20
2025-06-01 22:05:00,2785.8815999999997,2600.8682,summer,day1,20
2025-06-01 22:10:00,4259.868,2592.9443,summer,day1,20
2025-06-01 22:15:00,2610.0072,2587.253,summer,day1,20
2025-06-01 22:20:00,2425.2203999999997,2582.1638,summer,day1,20
2025-06-01 22:25:00,2425.6223999999997,2577.031,summer,day1,20
2025-06-01 22:30:00,2810.292,2571.8054,summer,day1,20
2025-06-01 22:35:00,2570.988,2567.0964,summer,day1,20
2025-06-01 22:40:00,2472.0468,2563.1108,summer,day1,20
2025-06-01 22:45:00,2311.9932,2560.1743,summer,day1,20
2025-06-01 22:50:00,2304.8507999999997,2559.1216,summer,day1,20
2025-06-01 22:55:00,2339.7288,2558.7969,summer,day1,20
2025-06-01 23:00:00,2386.2048,2532.8774,summer,day1,20
2025-06-01 23:05:00,2396.2596000000003,2532.0232,summer,day1,20
2025-06-01 23:10:00,2407.5312,2532.1523,summer,day1,20
2025-06-01 23:15:00,2741.9652,2532.134,summer,day1,20
2025-06-01 23:20:00,2382.4175999999998,2531.0037,summer,day1,20
2025-06-01 23:25:00,3181.968,2529.3105,summer,day1,20
2025-06-01 23:30:00,3738.246,2528.183,summer,day1,20
2025-06-01 23:35:00,2528.7792,2528.2695,summer,day1,20
2025-06-01 23:40:00,2630.2608,2529.444,summer,day1,20
2025-06-01 23:45:00,2449.3128,2530.9773,summer,day1,20
2025-06-01 23:50:00,2401.1412,2533.3772,summer,day1,20
2025-06-01 23:55:00,2395.2372,2535.2139,summer,day1,20
2025-06-24 00:00:00,2356.5696,2663.935,summer,day2,20
2025-06-24 00:05:00,2411.358,2667.6243,summer,day2,20
2025-06-24 00:10:00,2821.9272,2673.8218,summer,day2,20
2025-06-24 00:15:00,2831.8404,2684.4053,summer,day2,20
2025-06-24 00:20:00,2597.4588,2693.0332,summer,day2,20
2025-06-24 00:25:00,2563.5384000000004,2699.8967,summer,day2,20
2025-06-24 00:30:00,3407.8908,2708.7146,summer,day2,20
2025-06-24 00:35:00,2765.4792,2722.6497,summer,day2,20
2025-06-24 00:40:00,2452.8432000000003,2728.2188,summer,day2,20
2025-06-24 00:45:00,2434.3848000000003,2728.9717,summer,day2,20
2025-06-24 00:50:00,2451.7644,2727.3743,summer,day2,20
2025-06-24 00:55:00,2130.21,2725.583,summer,day2,20
2025-06-24 01:00:00,2233.194,2719.209,summer,day2,20
2025-06-24 01:05:00,3605.7839999999997,2717.039,summer,day2,20
2025-06-24 01:10:00,2808.7475999999997,2718.7231,summer,day2,20
2025-06-24 01:15:00,2943.5292,2725.1191,summer,day2,20
2025-06-24 01:20:00,2578.9368,2730.891,summer,day2,20
2025-06-24 01:25:00,2534.5584,2732.2422,summer,day2,20
2025-06-24 01:30:00,2113.9812,2734.833,summer,day2,20
2025-06-24 01:35:00,2514.7836,2741.5015,summer,day2,20
2025-06-24 01:40:00,2447.6808,2741.1987,summer,day2,20
2025-06-24 01:45:00,2441.1288,2736.324,summer,day2,20
2025-06-24 01:50:00,2577.3671999999997,2731.4187,summer,day2,20
2025-06-24 01:55:00,2676.3347999999996,2729.2952,summer,day2,20
2025-06-24 02:00:00,2500.8156000000004,2729.297,summer,day2,20
2025-06-24 02:05:00,2388.3792000000003,2725.932,summer,day2,20
2025-06-24 02:10:00,2485.8072,2723.5154,summer,day2,20
2025-06-24 02:15:00,2500.4004,2724.6667,summer,day2,20
2025-06-24 02:20:00,2470.71,2724.3696,summer,day2,20
2025-06-24 02:25:00,3962.8644,2719.9297,summer,day2,20
2025-06-24 02:30:00,2498.4768,2717.6648,summer,day2,20
2025-06-24 02:35:00,2558.0376,2719.0662,summer,day2,20
2025-06-24 02:40:00,2158.6176,2713.854,summer,day2,20
2025-06-24 02:45:00,2369.4336,2707.4456,summer,day2,20
2025-06-24 02:50:00,2774.3916,2703.304,summer,day2,20
2025-06-24 02:55:00,2358.1403999999998,2700.3154,summer,day2,20
2025-06-24 03:00:00,2350.6272,2704.2725,summer,day2,20
2025-06-24 03:05:00,2805.0072,2701.105,summer,day2,20
2025-06-24 03:10:00,2867.67,2700.0432,summer,day2,20
2025-06-24 03:15:00,2564.4936000000002,2703.4807,summer,day2,20
2025-06-24 03:20:00,2998.6512,2703.2822,summer,day2,20
2025-06-24 03:25:00,2742.8676,2699.7285,summer,day2,20
2025-06-24 03:30:00,2620.1232,2697.8608,summer,day2,20
2025-06-24 03:35:00,2824.1856,2699.9363,summer,day2,20
2025-06-24 03:40:00,2424.4332000000004,2696.2236,summer,day2,20
2025-06-24 03:45:00,3818.7059999999997,2691.7178,summer,day2,20
2025-06-24 03:50:00,1940.8883999999998,2687.4993,summer,day2,20
2025-06-24 03:55:00,2519.2560000000003,2680.8052,summer,day2,20
2025-06-24 04:00:00,2640.1248,2728.9233,summer,day2,20
2025-06-24 04:05:00,2472.1752,2718.0376,summer,day2,20
2025-06-24 04:10:00,2479.2708,2708.9138,summer,day2,20
2025-06-24 04:15:00,2458.1256000000003,2703.1157,summer,day2,20
2025-06-24 04:20:00,2945.9124,2695.5542,summer,day2,20
2025-06-24 04:25:00,1830.9707999999998,2680.929,summer,day2,20
2025-06-24 04:30:00,2352.888,2668.706,summer,day2,20
2025-06-24 04:35:00,2333.8559999999998,2660.5784,summer,day2,20
2025-06-24 04:40:00,2529.5676,2650.2695,summer,day2,20
2025-06-24 04:45:00,2345.9615999999996,2640.5618,summer,day2,20
2025-06-24 04:50:00,2276.46,2633.153,summer,day2,20
2025-06-24 04:55:00,2291.118,2629.469,summer,day2,20
2025-06-24 05:00:00,3367.95,2598.32,summer,day2,20
2025-06-24 05:05:00,2908.398,2601.2356,summer,day2,20
2025-06-24 05:10:00,2540.8356,2609.7974,summer,day2,20
2025-06-24 05:15:00,2495.7576,2624.7334,summer,day2,20
2025-06-24 05:20:00,2464.8887999999997,2642.7957,summer,day2,20
2025-06-24 05:25:00,2481.648,2651.8088,summer,day2,20
2025-06-24 05:30:00,2339.3903999999998,2659.3953,summer,day2,20
2025-06-24 05:35:00,1834.0224000000003,2676.666,summer,day2,20
2025-06-24 05:40:00,2187.312,2699.958,summer,day2,20
2025-06-24 05:45:00,2216.6675999999998,2695.49,summer,day2,20
2025-06-24 05:50:00,2267.7648,2673.132,summer,day2,20
2025-06-24 05:55:00,2734.9883999999997,2657.431,summer,day2,20
2025-06-24 06:00:00,2195.4792,2740.6006,summer,day2,20
2025-06-24 06:05:00,2311.0451999999996,2746.8198,summer,day2,20
2025-06-24 06:10:00,2231.256,2752.8164,summer,day2,20
2025-06-24 06:15:00,2256.5316,2782.3735,summer,day2,20
2025-06-24 06:20:00,3915.5832,2827.281,summer,day2,20
2025-06-24 06:25:00,2262.4116000000004,2895.323,summer,day2,20
2025-06-24 06:30:00,2237.8740000000003,2973.3994,summer,day2,20
2025-06-24 06:35:00,2517.7056000000002,3129.898,summer,day2,20
2025-06-24 06:40:00,2973.66,3407.7866,summer,day2,20
2025-06-24 06:45:00,2641.7376,3558.2383,summer,day2,20
2025-06-24 06:50:00,2818.2924,3521.3179,summer,day2,20
2025-06-24 06:55:00,3222.3311999999996,3432.321,summer,day2,20
2025-06-24 07:00:00,3169.374,3734.441,summer,day2,20
2025-06-24 07:05:00,2716.782,3837.7776,summer,day2,20
2025-06-24 07:10:00,2466.1644,3983.2842,summer,day2,20
2025-06-24 07:15:00,2439.5088,4239.421,summer,day2,20
2025-06-24 07:20:00,2492.7756,4476.207,summer,day2,20
2025-06-24 07:25:00,2633.3292,4825.428,summer,day2,20
2025-06-24 07:30:00,3860.7888,5267.1577,summer,day2,20
2025-06-24 07:35:00,12758.3508,6178.72,summer,day2,20
2025-06-24 07:40:00,13033.7784,7499.2715,summer,day2,20
2025-06-24 07:45:00,10706.01,8074.295,summer,day2,20
2025-06-24 07:50:00,4031.3784,7918.734,summer,day2,20
2025-06-24 07:55:00,4538.0664,7370.173,summer,day2,20
2025-06-24 08:00:00,5770.6068,5834.039,summer,day2,20
2025-06-24 08:05:00,6086.1528,5713.886,summer,day2,20
2025-06-24 08:10:00,4450.2888,5652.5576,summer,day2,20
2025-06-24 08:15:00,4173.3096,5727.18,summer,day2,20
2025-06-24 08:20:00,5067.804,5868.7617,summer,day2,20
2025-06-24 08:25:00,4492.3512,6072.458,summer,day2,20
2025-06-24 08:30:00,4050.0384,6212.0073,summer,day2,20
2025-06-24 08:35:00,5833.9800000000005,6572.2734,summer,day2,20
2025-06-24 08:40:00,4507.8888,7113.565,summer,day2,20
2025-06-24 08:45:00,4903.134,7173.6074,summer,day2,20
2025-06-24 08:50:00,5765.508,6830.4365,summer,day2,20
2025-06-24 08:55:00,6054.8496,6315.131,summer,day2,20
2025-06-24 09:00:00,6162.2616,5536.3096,summer,day2,20
2025-06-24 09:05:00,4468.8624,5413.0884,summer,day2,20
2025-06-24 09:10:00,4301.638800000001,5319.5786,summer,day2,20
2025-06-24 09:15:00,5098.83,5258.871,summer,day2,20
2025-06-24 09:20:00,5291.5632,5262.7617,summer,day2,20
2025-06-24 09:25:00,4459.9259999999995,5285.4053,summer,day2,20
2025-06-24 09:30:00,4992.5064,5289.5693,summer,day2,20
2025-06-24 09:35:00,4522.630800000001,5382.287,summer,day2,20
2025-06-24 09:40:00,4221.2748,5562.214,summer,day2,20
2025-06-24 09:45:00,3979.6692000000003,5507.6924,summer,day2,20
2025-06-24 09:50:00,4549.5923999999995,5293.6055,summer,day2,20
2025-06-24 09:55:00,4840.4256000000005,5124.785,summer,day2,20
2025-06-24 10:00:00,5219.3796,5181.245,summer,day2,20
2025-06-24 10:05:00,5934.624,5169.463,summer,day2,20
2025-06-24 10:10:00,4991.5212,5140.148,summer,day2,20
2025-06-24 10:15:00,6135.784799999999,5089.8447,summer,day2,20
2025-06-24 10:20:00,7249.9547999999995,5087.2656,summer,day2,20
2025-06-24 10:25:00,6449.8332,5067.6772,summer,day2,20
2025-06-24 10:30:00,5611.7064,5035.627,summer,day2,20
2025-06-24 10:35:00,5147.0172,5057.253,summer,day2,20
2025-06-24 10:40:00,6022.651199999999,5124.43,summer,day2,20
2025-06-24 10:45:00,2209.1148000000003,5091.766,summer,day2,20
2025-06-24 10:50:00,0.0,4965.8,summer,day2,20
2025-06-24 10:55:00,0.0,4864.428,summer,day2,20
2025-06-24 11:00:00,0.0,4858.966,summer,day2,20
2025-06-24 11:05:00,0.0,4897.087,summer,day2,20
2025-06-24 11:10:00,0.0,4961.0205,summer,day2,20
2025-06-24 11:15:00,0.0,4984.743,summer,day2,20
2025-06-24 11:20:00,0.0,5020.735,summer,day2,20
2025-06-24 11:25:00,10374.148799999999,4984.5156,summer,day2,20
2025-06-24 11:30:00,8077.9836,4924.033,summer,day2,20
2025-06-24 11:35:00,8140.6032000000005,4926.6133,summer,day2,20
2025-06-24 11:40:00,5274.2544,4981.991,summer,day2,20
2025-06-24 11:45:00,4511.8464,5001.7925,summer,day2,20
2025-06-24 11:50:00,4432.8192,4951.4536,summer,day2,20
2025-06-24 11:55:00,4059.4175999999998,4896.6465,summer,day2,20
2025-06-24 12:00:00,4351.0296,4678.943,summer,day2,20
2025-06-24 12:05:00,4626.9876,4688.4487,summer,day2,20
2025-06-24 12:10:00,4543.6848,4712.367,summer,day2,20
2025-06-24 12:15:00,4715.955599999999,4722.0723,summer,day2,20
2025-06-24 12:20:00,5139.732,4766.208,summer,day2,20
2025-06-24 12:25:00,4729.7076,4780.385,summer,day2,20
2025-06-24 12:30:00,4742.9388,4776.8594,summer,day2,20
2025-06-24 12:35:00,4532.0748,4811.1377,summer,day2,20
2025-06-24 12:40:00,4787.046,4862.115,summer,day2,20
2025-06-24 12:45:00,6061.9944000000005,4849.686,summer,day2,20
2025-06-24 12:50:00,4309.6464,4774.715,summer,day2,20
2025-06-24 12:55:00,4927.7688,4697.915,summer,day2,20
2025-06-24 13:00:00,4759.4136,4485.838,summer,day2,20
2025-06-24 13:05:00,4881.195600000001,4490.6963,summer,day2,20
2025-06-24 13:10:00,5205.7608,4514.9985,summer,day2,20
2025-06-24 13:15:00,4842.1584,4536.4473,summer,day2,20
2025-06-24 13:20:00,4565.3916,4582.8486,summer,day2,20
2025-06-24 13:25:00,4868.202,4589.5703,summer,day2,20
2025-06-24 13:30:00,5420.0676,4574.9116,summer,day2,20
2025-06-24 13:35:00,4323.3936,4592.648,summer,day2,20
2025-06-24 13:40:00,5516.91,4633.664,summer,day2,20
2025-06-24 13:45:00,3799.548,4617.5674,summer,day2,20
2025-06-24 13:50:00,4270.5972,4553.5845,summer,day2,20
2025-06-24 13:55:00,4795.6308,4496.0537,summer,day2,20
2025-06-24 14:00:00,6366.4368,4384.174,summer,day2,20
2025-06-24 14:05:00,4284.882,4386.187,summer,day2,20
2025-06-24 14:10:00,3199.1567999999997,4384.0024,summer,day2,20
2025-06-24 14:15:00,3085.3104,4382.8447,summer,day2,20
2025-06-24 14:20:00,3536.8404,4419.9033,summer,day2,20
2025-06-24 14:25:00,3320.964,4442.3354,summer,day2,20
2025-06-24 14:30:00,3471.9648,4468.369,summer,day2,20
2025-06-24 14:35:00,3321.666,4549.3384,summer,day2,20
2025-06-24 14:40:00,3339.8076,4670.4653,summer,day2,20
2025-06-24 14:45:00,3742.1616000000004,4673.1846,summer,day2,20
2025-06-24 14:50:00,3813.8124,4579.3354,summer,day2,20
2025-06-24 14:55:00,3377.4335999999994,4477.254,summer,day2,20
2025-06-24 15:00:00,3785.9628,4228.8833,summer,day2,20
2025-06-24 15:05:00,3971.3556,4211.348,summer,day2,20
2025-06-24 15:10:00,3921.0804,4202.505,summer,day2,20
2025-06-24 15:15:00,3370.3032,4204.2637,summer,day2,20
2025-06-24 15:20:00,4189.9344,4223.118,summer,day2,20
2025-06-24 15:25:00,2810.4336,4237.431,summer,day2,20
2025-06-24 15:30:00,3074.682,4263.5605,summer,day2,20
2025-06-24 15:35:00,2481.8448,4332.703,summer,day2,20
2025-06-24 15:40:00,3805.3296,4438.7446,summer,day2,20
2025-06-24 15:45:00,3129.2508000000003,4473.2266,summer,day2,20
2025-06-24 15:50:00,2580.4908,4423.0527,summer,day2,20
2025-06-24 15:55:00,2946.5568,4351.497,summer,day2,20
2025-06-24 16:00:00,3111.4716,4295.126,summer,day2,20
2025-06-24 16:05:00,3135.0924,4245.2324,summer,day2,20
2025-06-24 16:10:00,2783.4528,4206.0537,summer,day2,20
2025-06-24 16:15:00,3239.4624,4189.387,summer,day2,20
2025-06-24 16:20:00,3294.3407999999995,4200.3677,summer,day2,20
2025-06-24 16:25:00,4283.1324,4213.415,summer,day2,20
2025-06-24 16:30:00,2500.4712,4229.1772,summer,day2,20
2025-06-24 16:35:00,3620.7479999999996,4277.614,summer,day2,20
2025-06-24 16:40:00,3150.3084,4355.8037,summer,day2,20
2025-06-24 16:45:00,2960.8824,4364.339,summer,day2,20
2025-06-24 16:50:00,2897.2116,4306.216,summer,day2,20
2025-06-24 16:55:00,2918.454,4237.5947,summer,day2,20
2025-06-24 17:00:00,4798.6584,4107.404,summer,day2,20
2025-06-24 17:05:00,2999.7792,4084.1533,summer,day2,20
2025-06-24 17:10:00,2923.0044,4064.172,summer,day2,20
2025-06-24 17:15:00,2641.3896,4061.0781,summer,day2,20
2025-06-24 17:20:00,2671.7760000000003,4080.4077,summer,day2,20
2025-06-24 17:25:00,2650.9716,4098.6743,summer,day2,20
2025-06-24 17:30:00,2825.0496,4108.5737,summer,day2,20
2025-06-24 17:35:00,2896.6572,4140.228,summer,day2,20
2025-06-24 17:40:00,3510.9528,4195.8164,summer,day2,20
2025-06-24 17:45:00,4574.4612,4168.476,summer,day2,20
2025-06-24 17:50:00,2827.3464,4092.803,summer,day2,20
2025-06-24 17:55:00,3183.7536,4033.875,summer,day2,20
2025-06-24 18:00:00,6137.4144,3968.1401,summer,day2,20
2025-06-24 18:05:00,13028.5596,3962.7769,summer,day2,20
2025-06-24 18:10:00,12003.9588,3940.753,summer,day2,20
2025-06-24 18:15:00,4283.983200000001,3922.528,summer,day2,20
2025-06-24 18:20:00,3900.2591999999995,3923.3833,summer,day2,20
2025-06-24 18:25:00,3571.0476000000003,3924.4324,summer,day2,20
2025-06-24 18:30:00,4422.8664,3927.5347,summer,day2,20
2025-06-24 18:35:00,4603.4748,3954.444,summer,day2,20
2025-06-24 18:40:00,3922.4208,4002.8118,summer,day2,20
2025-06-24 18:45:00,5402.8668,3988.9314,summer,day2,20
2025-06-24 18:50:00,4105.824,3926.7334,summer,day2,20
2025-06-24 18:55:00,6040.26,3874.0483,summer,day2,20
2025-06-24 19:00:00,6760.8516,3673.9956,summer,day2,20
2025-06-24 19:05:00,4314.4788,3687.5063,summer,day2,20
2025-06-24 19:10:00,3982.2588000000005,3700.3345,summer,day2,20
2025-06-24 19:15:00,5452.4472000000005,3709.0999,summer,day2,20
2025-06-24 19:20:00,3731.5775999999996,3710.1067,summer,day2,20
2025-06-24 19:25:00,2943.654,3676.913,summer,day2,20
2025-06-24 19:30:00,3148.674,3634.6863,summer,day2,20
2025-06-24 19:35:00,2842.8444,3605.2656,summer,day2,20
2025-06-24 19:40:00,4424.7624,3600.172,summer,day2,20
2025-06-24 19:45:00,2855.5667999999996,3586.1528,summer,day2,20
2025-06-24 19:50:00,2756.3256,3554.9558,summer,day2,20
2025-06-24 19:55:00,2818.3848000000003,3533.6152,summer,day2,20
2025-06-24 20:00:00,3068.9736000000003,3370.186,summer,day2,20
2025-06-24 20:05:00,4017.7236,3362.5293,summer,day2,20
2025-06-24 20:10:00,3180.042,3357.8904,summer,day2,20
2025-06-24 20:15:00,2247.564,3360.9915,summer,day2,20
2025-06-24 20:20:00,2287.1531999999997,3386.294,summer,day2,20
2025-06-24 20:25:00,2420.6387999999997,3394.8494,summer,day2,20
2025-06-24 20:30:00,4464.534,3396.3435,summer,day2,20
2025-06-24 20:35:00,3274.3548,3386.4058,summer,day2,20
2025-06-24 20:40:00,1980.7788,3372.7354,summer,day2,20
2025-06-24 20:45:00,2157.738,3345.731,summer,day2,20
2025-06-24 20:50:00,2306.8032,3302.1472,summer,day2,20
2025-06-24 20:55:00,2534.0748,3282.3486,summer,day2,20
2025-06-24 21:00:00,2524.3692,3284.47,summer,day2,20
2025-06-24 21:05:00,2142.9612,3303.128,summer,day2,20
2025-06-24 21:10:00,2104.218,3335.7615,summer,day2,20
2025-06-24 21:15:00,3007.1592,3374.4626,summer,day2,20
2025-06-24 21:20:00,2693.538,3419.6677,summer,day2,20
2025-06-24 21:25:00,2847.2256,3434.0193,summer,day2,20
2025-06-24 21:30:00,2899.1220000000003,3431.3203,summer,day2,20
2025-06-24 21:35:00,2790.2484,3413.537,summer,day2,20
2025-06-24 21:40:00,2656.9428,3390.2534,summer,day2,20
2025-06-24 21:45:00,2621.6328000000003,3366.1782,summer,day2,20
2025-06-24 21:50:00,2624.322,3340.5054,summer,day2,20
2025-06-24 21:55:00,2582.082,3335.8174,summer,day2,20
2025-06-24 22:00:00,2492.7912,3168.8977,summer,day2,20
2025-06-24 22:05:00,2343.1403999999998,3170.6416,summer,day2,20
2025-06-24 22:10:00,2291.2308000000003,3170.5964,summer,day2,20
2025-06-24 22:15:00,2364.4236,3170.1487,summer,day2,20
2025-06-24 22:20:00,2391.6059999999998,3178.15,summer,day2,20
2025-06-24 22:25:00,2501.1684,3176.303,summer,day2,20
2025-06-24 22:30:00,2982.7956,3181.7915,summer,day2,20
2025-06-24 22:35:00,2872.9128,3187.7432,summer,day2,20
2025-06-24 22:40:00,2819.4684,3189.7805,summer,day2,20
2025-06-24 22:45:00,2847.5784,3182.164,summer,day2,20
2025-06-24 22:50:00,2850.1812,3160.4443,summer,day2,20
2025-06-24 22:55:00,2677.2192,3148.766,summer,day2,20
2025-06-24 23:00:00,2564.2596,3093.1438,summer,day2,20
2025-06-24 23:05:00,2354.1588,3093.2437,summer,day2,20
2025-06-24 23:10:00,2379.594,3099.2007,summer,day2,20
2025-06-24 23:15:00,2559.54,3107.0867,summer,day2,20
2025-06-24 23:20:00,2436.492,3117.3406,summer,day2,20
2025-06-24 23:25:00,2404.9175999999998,3119.9163,summer,day2,20
2025-06-24 23:30:00,2388.7176,3134.771,summer,day2,20
2025-06-24 23:35:00,2431.6716,3160.6523,summer,day2,20
2025-06-24 23:40:00,2481.1356,3194.2952,summer,day2,20
2025-06-24 23:45:00,2668.3704,3213.085,summer,day2,20
2025-06-24 23:50:00,2523.8172000000004,3203.1018,summer,day2,20
2025-06-24 23:55:00,2377.2336,3192.1328,summer,day2,20
2025-07-17 00:00:00,5246.0484,5082.743,summer,day3,21
2025-07-17 00:05:00,5356.5491999999995,5079.7344,summer,day3,21
2025-07-17 00:10:00,5203.0692,5086.524,summer,day3,21
2025-07-17 00:15:00,5114.8428,5103.4263,summer,day3,21
2025-07-17 00:20:00,5111.4,5128.4233,summer,day3,21
2025-07-17 00:25:00,4177.302000000001,5138.5083,summer,day3,21
2025-07-17 00:30:00,3789.2208,5127.8384,summer,day3,21
2025-07-17 00:35:00,3766.1652000000004,5079.84,summer,day3,21
2025-07-17 00:40:00,3981.3,5028.8477,summer,day3,21
2025-07-17 00:45:00,3932.2392,4967.868,summer,day3,21
2025-07-17 00:50:00,4200.8148,4907.026,summer,day3,21
2025-07-17 00:55:00,3925.5864,4866.06,summer,day3,21
2025-07-17 01:00:00,4000.392,4995.234,summer,day3,21
2025-07-17 01:05:00,3869.9772000000003,4973.9746,summer,day3,21
2025-07-17 01:10:00,3786.9983999999995,4959.982,summer,day3,21
2025-07-17 01:15:00,3910.2767999999996,4946.009,summer,day3,21
2025-07-17 01:20:00,3882.3659999999995,4959.8843,summer,day3,21
2025-07-17 01:25:00,3814.8792000000003,4971.8403,summer,day3,21
2025-07-17 01:30:00,3929.1024000000007,5001.848,summer,day3,21
2025-07-17 01:35:00,3919.0188000000003,5019.868,summer,day3,21
2025-07-17 01:40:00,4097.3076,5035.901,summer,day3,21
2025-07-17 01:45:00,4060.0032,5021.3555,summer,day3,21
2025-07-17 01:50:00,4196.1264,4983.38,summer,day3,21
2025-07-17 01:55:00,4211.3124,4947.4824,summer,day3,21
2025-07-17 02:00:00,3966.1452,5263.519,summer,day3,21
2025-07-17 02:05:00,3856.932,5215.589,summer,day3,21
2025-07-17 02:10:00,3851.5968000000003,5205.008,summer,day3,21
2025-07-17 02:15:00,2869.5348,5212.9927,summer,day3,21
2025-07-17 02:20:00,2371.6428,5253.3325,summer,day3,21
2025-07-17 02:25:00,2450.4708,5267.0063,summer,day3,21
2025-07-17 02:30:00,2315.2763999999997,5294.4756,summer,day3,21
2025-07-17 02:35:00,2376.9648,5313.374,summer,day3,21
2025-07-17 02:40:00,2425.7136,5354.3438,summer,day3,21
2025-07-17 02:45:00,2429.9352,5378.999,summer,day3,21
2025-07-17 02:50:00,2390.3856,5371.5273,summer,day3,21
2025-07-17 02:55:00,2386.8552,5357.4204,summer,day3,21
2025-07-17 03:00:00,2431.0488,5171.0894,summer,day3,21
2025-07-17 03:05:00,2698.674,5125.522,summer,day3,21
2025-07-17 03:10:00,2730.6624,5111.89,summer,day3,21
2025-07-17 03:15:00,2747.6892,5133.6304,summer,day3,21
2025-07-17 03:20:00,2523.4991999999997,5218.858,summer,day3,21
2025-07-17 03:25:00,2460.6456,5309.116,summer,day3,21
2025-07-17 03:30:00,2440.014,5427.342,summer,day3,21
2025-07-17 03:35:00,2432.5992,5486.4917,summer,day3,21
2025-07-17 03:40:00,2599.3776,5507.645,summer,day3,21
2025-07-17 03:45:00,2705.4552,5477.498,summer,day3,21
2025-07-17 03:50:00,2623.6236,5418.657,summer,day3,21
2025-07-17 03:55:00,2478.0384000000004,5374.9062,summer,day3,21
2025-07-17 04:00:00,2335.9368000000004,5618.128,summer,day3,21
2025-07-17 04:05:00,2251.9632,5565.975,summer,day3,21
2025-07-17 04:10:00,2529.6984,5537.019,summer,day3,21
2025-07-17 04:15:00,2788.8228,5531.3584,summer,day3,21
2025-07-17 04:20:00,2851.6332,5548.007,summer,day3,21
2025-07-17 04:25:00,2461.8024,5539.0044,summer,day3,21
2025-07-17 04:30:00,2586.2183999999997,5537.0547,summer,day3,21
2025-07-17 04:35:00,2548.9356,5447.2974,summer,day3,21
2025-07-17 04:40:00,2482.7676,5317.723,summer,day3,21
2025-07-17 04:45:00,2635.4016,5134.6562,summer,day3,21
2025-07-17 04:50:00,2669.6448,4954.0757,summer,day3,21
2025-07-17 04:55:00,2490.3444,4823.2173,summer,day3,21
2025-07-17 05:00:00,2453.6315999999997,4503.4116,summer,day3,21
2025-07-17 05:05:00,2496.9624,4396.9697,summer,day3,21
2025-07-17 05:10:00,2487.0912,4295.751,summer,day3,21
2025-07-17 05:15:00,2354.1288,4218.062,summer,day3,21
2025-07-17 05:20:00,2367.9612,4158.012,summer,day3,21
2025-07-17 05:25:00,2027.0747999999999,4104.5894,summer,day3,21
2025-07-17 05:30:00,2033.0387999999998,4072.6409,summer,day3,21
2025-07-17 05:35:00,2132.3436,4016.666,summer,day3,21
2025-07-17 05:40:00,2186.538,3965.5027,summer,day3,21
2025-07-17 05:45:00,2277.5208,3900.093,summer,day3,21
2025-07-17 05:50:00,2383.4532,3826.5103,summer,day3,21
2025-07-17 05:55:00,2263.3512,3759.5073,summer,day3,21
2025-07-17 06:00:00,2142.2964,3695.9556,summer,day3,21
2025-07-17 06:05:00,2132.5476,3647.2856,summer,day3,21
2025-07-17 06:10:00,2150.2956,3613.5337,summer,day3,21
2025-07-17 06:15:00,2239.2588,3596.6533,summer,day3,21
2025-07-17 06:20:00,2391.6612,3579.4028,summer,day3,21
2025-07-17 06:25:00,2539.6872000000003,3552.5527,summer,day3,21
2025-07-17 06:30:00,2463.282,3534.3723,summer,day3,21
2025-07-17 06:35:00,2265.4955999999997,3508.6638,summer,day3,21
2025-07-17 06:40:00,2153.3052,3493.1536,summer,day3,21
2025-07-17 06:45:00,2090.0616,3479.1384,summer,day3,21
2025-07-17 06:50:00,2232.0252,3465.285,summer,day3,21
2025-07-17 06:55:00,2288.1564,3455.313,summer,day3,21
2025-07-17 07:00:00,2431.6992,3961.9033,summer,day3,21
2025-07-17 07:05:00,2459.5032,3913.0164,summer,day3,21
2025-07-17 07:10:00,2412.8052,3858.6304,summer,day3,21
2025-07-17 07:15:00,2845.1148000000003,3803.2007,summer,day3,21
2025-07-17 07:20:00,3148.1328000000003,3749.1462,summer,day3,21
2025-07-17 07:25:00,3165.2424,3687.5435,summer,day3,21
2025-07-17 07:30:00,3216.468,3637.7249,summer,day3,21
2025-07-17 07:35:00,3406.0248,3583.7156,summer,day3,21
2025-07-17 07:40:00,3412.6344,3534.0337,summer,day3,21
2025-07-17 07:45:00,3796.7232000000004,3492.1917,summer,day3,21
2025-07-17 07:50:00,12464.6484,3458.8604,summer,day3,21
2025-07-17 07:55:00,11088.114,3444.0386,summer,day3,21
2025-07-17 08:00:00,6102.2028,3798.6523,summer,day3,21
2025-07-17 08:05:00,6575.924400000001,3807.68,summer,day3,21
2025-07-17 08:10:00,6474.072,3830.2979,summer,day3,21
2025-07-17 08:15:00,7917.368400000001,3863.8628,summer,day3,21
2025-07-17 08:20:00,5783.8344,3920.135,summer,day3,21
2025-07-17 08:25:00,4748.4828,3970.2463,summer,day3,21
2025-07-17 08:30:00,4604.4228,4032.728,summer,day3,21
2025-07-17 08:35:00,4767.498,4075.3503,summer,day3,21
2025-07-17 08:40:00,4559.272800000001,4090.2444,summer,day3,21
2025-07-17 08:45:00,4849.681200000001,4093.657,summer,day3,21
2025-07-17 08:50:00,5948.52,4095.974,summer,day3,21
2025-07-17 08:55:00,6792.8063999999995,4129.348,summer,day3,21
2025-07-17 09:00:00,6504.967200000001,4822.2,summer,day3,21
2025-07-17 09:05:00,5775.3168000000005,4948.1484,summer,day3,21
2025-07-17 09:10:00,4880.7108,5133.752,summer,day3,21
2025-07-17 09:15:00,5552.7036,5332.6455,summer,day3,21
2025-07-17 09:20:00,6530.7624000000005,5550.769,summer,day3,21
2025-07-17 09:25:00,5388.566400000001,5706.834,summer,day3,21
2025-07-17 09:30:00,5798.6232,5867.754,summer,day3,21
2025-07-17 09:35:00,5717.1276,5986.4062,summer,day3,21
2025-07-17 09:40:00,5498.9712,6093.8955,summer,day3,21
2025-07-17 09:45:00,4674.5160000000005,6212.5176,summer,day3,21
2025-07-17 09:50:00,5567.778,6337.175,summer,day3,21
2025-07-17 09:55:00,5435.2248,6538.6963,summer,day3,21
2025-07-17 10:00:00,4890.4344,7341.0977,summer,day3,21
2025-07-17 10:05:00,4255.0512,7550.976,summer,day3,21
2025-07-17 10:10:00,4441.3284,7788.5684,summer,day3,21
2025-07-17 10:15:00,4890.2976,8023.2153,summer,day3,21
2025-07-17 10:20:00,4805.6196,8339.475,summer,day3,21
2025-07-17 10:25:00,6851.9232,8612.391,summer,day3,21
2025-07-17 10:30:00,5099.004,8919.393,summer,day3,21
2025-07-17 10:35:00,4659.8508,9105.046,summer,day3,21
2025-07-17 10:40:00,6122.6844,9223.84,summer,day3,21
2025-07-17 10:45:00,4203.4800000000005,9320.833,summer,day3,21
2025-07-17 10:50:00,4802.1576000000005,9377.514,summer,day3,21
2025-07-17 10:55:00,4432.9236,9441.24,summer,day3,21
2025-07-17 11:00:00,4953.2532,8593.015,summer,day3,21
2025-07-17 11:05:00,5866.8576,8384.549,summer,day3,21
2025-07-17 11:10:00,5520.3012,8125.115,summer,day3,21
2025-07-17 11:15:00,5037.6252,7850.9717,summer,day3,21
2025-07-17 11:20:00,4809.15,7652.1533,summer,day3,21
2025-07-17 11:25:00,5365.188,7469.8525,summer,day3,21
2025-07-17 11:30:00,4426.3884,7423.745,summer,day3,21
2025-07-17 11:35:00,4918.7592,7355.5254,summer,day3,21
2025-07-17 11:40:00,5263.7256,7316.515,summer,day3,21
2025-07-17 11:45:00,4268.602800000001,7301.7314,summer,day3,21
2025-07-17 11:50:00,4858.2036,7245.909,summer,day3,21
2025-07-17 11:55:00,5438.0904,7191.5474,summer,day3,21
2025-07-17 12:00:00,4499.245199999999,8070.9536,summer,day3,21
2025-07-17 12:05:00,4930.468800000001,7858.0,summer,day3,21
2025-07-17 12:10:00,4484.1,7663.3477,summer,day3,21
2025-07-17 12:15:00,5279.354399999999,7519.1675,summer,day3,21
2025-07-17 12:20:00,5635.4208,7429.356,summer,day3,21
2025-07-17 12:25:00,7468.26,7310.819,summer,day3,21
2025-07-17 12:30:00,5192.6436,7238.212,summer,day3,21
2025-07-17 12:35:00,4543.9488,7045.3286,summer,day3,21
2025-07-17 12:40:00,6092.5008,6808.2036,summer,day3,21
2025-07-17 12:45:00,7782.559200000001,6542.843,summer,day3,21
2025-07-17 12:50:00,6412.6092,6197.6143,summer,day3,21
2025-07-17 12:55:00,6379.0584,5865.85,summer,day3,21
2025-07-17 13:00:00,4599.3876,6420.7676,summer,day3,21
2025-07-17 13:05:00,4737.0216,6127.1978,summer,day3,21
2025-07-17 13:10:00,6574.3068,5942.7104,summer,day3,21
2025-07-17 13:15:00,5047.7232,5807.3916,summer,day3,21
2025-07-17 13:20:00,6563.8068,5707.005,summer,day3,21
2025-07-17 13:25:00,7114.498799999999,5618.3965,summer,day3,21
2025-07-17 13:30:00,5494.794,5585.0967,summer,day3,21
2025-07-17 13:35:00,4849.7352,5533.6,summer,day3,21
2025-07-17 13:40:00,5346.7044000000005,5493.128,summer,day3,21
2025-07-17 13:45:00,4955.202,5458.1313,summer,day3,21
2025-07-17 13:50:00,5024.3364,5395.49,summer,day3,21
2025-07-17 13:55:00,4966.8852,5336.584,summer,day3,21
2025-07-17 14:00:00,4621.818,5168.345,summer,day3,21
2025-07-17 14:05:00,5243.9112000000005,5104.1836,summer,day3,21
2025-07-17 14:10:00,6409.0632,5055.0923,summer,day3,21
2025-07-17 14:15:00,4819.956,5010.848,summer,day3,21
2025-07-17 14:20:00,4747.390799999999,4975.851,summer,day3,21
2025-07-17 14:25:00,6238.9308,4922.4717,summer,day3,21
2025-07-17 14:30:00,5582.022,4872.7305,summer,day3,21
2025-07-17 14:35:00,4787.9088,4783.433,summer,day3,21
2025-07-17 14:40:00,4944.138,4698.968,summer,day3,21
2025-07-17 14:45:00,5074.722,4631.2725,summer,day3,21
2025-07-17 14:50:00,5499.2352,4572.864,summer,day3,21
2025-07-17 14:55:00,4968.6384,4544.3154,summer,day3,21
2025-07-17 15:00:00,5770.7616,4508.853,summer,day3,21
2025-07-17 15:05:00,5905.2468,4498.396,summer,day3,21
2025-07-17 15:10:00,5332.9752,4481.4365,summer,day3,21
2025-07-17 15:15:00,4588.5576,4445.1353,summer,day3,21
2025-07-17 15:20:00,4382.6664,4400.7695,summer,day3,21
2025-07-17 15:25:00,4640.8212,4341.8853,summer,day3,21
2025-07-17 15:30:00,4833.7644,4288.547,summer,day3,21
2025-07-17 15:35:00,4735.32,4219.5444,summer,day3,21
2025-07-17 15:40:00,5593.9956,4163.29,summer,day3,21
2025-07-17 15:45:00,6699.9204,4119.5674,summer,day3,21
2025-07-17 15:50:00,5349.530400000001,4084.6548,summer,day3,21
2025-07-17 15:55:00,4272.5472,4069.987,summer,day3,21
2025-07-17 16:00:00,5156.5692,4264.8306,summer,day3,21
2025-07-17 16:05:00,3829.3248,4270.5527,summer,day3,21
2025-07-17 16:10:00,3904.7964,4291.693,summer,day3,21
2025-07-17 16:15:00,3894.5555999999997,4327.7476,summer,day3,21
2025-07-17 16:20:00,3870.8376000000003,4385.1304,summer,day3,21
2025-07-17 16:25:00,4002.0528,4459.077,summer,day3,21
2025-07-17 16:30:00,3569.1551999999997,4565.9683,summer,day3,21
2025-07-17 16:35:00,3827.4168,4670.4106,summer,day3,21
2025-07-17 16:40:00,4213.9656,4779.952,summer,day3,21
2025-07-17 16:45:00,3695.3868,4862.2373,summer,day3,21
2025-07-17 16:50:00,3703.0847999999996,4891.708,summer,day3,21
2025-07-17 16:55:00,5570.166,4908.467,summer,day3,21
2025-07-17 17:00:00,4633.2624,4619.825,summer,day3,21
2025-07-17 17:05:00,6476.478,4653.553,summer,day3,21
2025-07-17 17:10:00,5138.442,4710.383,summer,day3,21
2025-07-17 17:15:00,5058.0504,4773.629,summer,day3,21
2025-07-17 17:20:00,5018.3351999999995,4845.1885,summer,day3,21
2025-07-17 17:25:00,4594.0596000000005,4883.589,summer,day3,21
2025-07-17 17:30:00,3719.3544,4891.5737,summer,day3,21
2025-07-17 17:35:00,3734.5440000000003,4844.746,summer,day3,21
2025-07-17 17:40:00,3975.9672,4779.3965,summer,day3,21
2025-07-17 17:45:00,4450.2204,4695.4653,summer,day3,21
2025-07-17 17:50:00,4235.4132,4607.749,summer,day3,21
2025-07-17 17:55:00,3930.0624,4545.6255,summer,day3,21
2025-07-17 18:00:00,5268.5292,4446.871,summer,day3,21
2025-07-17 18:05:00,5162.6532,4407.178,summer,day3,21
2025-07-17 18:10:00,4423.0344,4390.9,summer,day3,21
2025-07-17 18:15:00,5258.8056,4385.3125,summer,day3,21
2025-07-17 18:20:00,4014.7344,4408.95,summer,day3,21
2025-07-17 18:25:00,3932.4660000000003,4441.06,summer,day3,21
2025-07-17 18:30:00,3727.0728000000004,4497.305,summer,day3,21
2025-07-17 18:35:00,3610.1976000000004,4548.4194,summer,day3,21
2025-07-17 18:40:00,3780.9444000000003,4600.6357,summer,day3,21
2025-07-17 18:45:00,3828.2172000000005,4631.363,summer,day3,21
2025-07-17 18:50:00,3959.0099999999998,4651.174,summer,day3,21
2025-07-17 18:55:00,4518.9228,4697.3975,summer,day3,21
2025-07-17 19:00:00,3927.3635999999997,4562.3438,summer,day3,21
2025-07-17 19:05:00,3844.9199999999996,4627.3457,summer,day3,21
2025-07-17 19:10:00,4531.116,4704.3794,summer,day3,21
2025-07-17 19:15:00,6519.4812,4775.4834,summer,day3,21
2025-07-17 19:20:00,5548.7663999999995,4847.8066,summer,day3,21
2025-07-17 19:25:00,4800.1116,4903.501,summer,day3,21
2025-07-17 19:30:00,3718.7748,4966.0186,summer,day3,21
2025-07-17 19:35:00,4131.6144,4999.5464,summer,day3,21
2025-07-17 19:40:00,3456.3072,5033.51,summer,day3,21
2025-07-17 19:45:00,3640.9728000000005,5051.4346,summer,day3,21
2025-07-17 19:50:00,3621.3959999999997,5070.0273,summer,day3,21
2025-07-17 19:55:00,3452.7012000000004,5118.827,summer,day3,21
2025-07-17 20:00:00,3340.0343999999996,4341.219,summer,day3,21
2025-07-17 20:05:00,3938.4468,4366.36,summer,day3,21
2025-07-17 20:10:00,5138.5524,4400.188,summer,day3,21
2025-07-17 20:15:00,4519.9536,4447.33,summer,day3,21
2025-07-17 20:20:00,3926.7612,4528.2744,summer,day3,21
2025-07-17 20:25:00,3740.0208,4627.3286,summer,day3,21
2025-07-17 20:30:00,4663.9524,4752.037,summer,day3,21
2025-07-17 20:35:00,4187.022,4839.9326,summer,day3,21
2025-07-17 20:40:00,3741.7536,4900.8086,summer,day3,21
2025-07-17 20:45:00,4081.4483999999998,4908.938,summer,day3,21
2025-07-17 20:50:00,4111.0248,4866.9863,summer,day3,21
2025-07-17 20:55:00,4040.1852,4791.0884,summer,day3,21
2025-07-17 21:00:00,4022.5296000000003,4957.4155,summer,day3,21
2025-07-17 21:05:00,5074.1916,4802.478,summer,day3,21
2025-07-17 21:10:00,5019.6864000000005,4686.0205,summer,day3,21
2025-07-17 21:15:00,5235.1056,4624.1733,summer,day3,21
2025-07-17 21:20:00,5198.7276,4602.741,summer,day3,21
2025-07-17 21:25:00,5041.8972,4592.242,summer,day3,21
2025-07-17 21:30:00,4947.7572,4600.4854,summer,day3,21
2025-07-17 21:35:00,4845.9983999999995,4586.938,summer,day3,21
2025-07-17 21:40:00,4915.1556,4576.366,summer,day3,21
2025-07-17 21:45:00,4995.6108,4559.129,summer,day3,21
2025-07-17 21:50:00,5145.023999999999,4532.554,summer,day3,21
2025-07-17 21:55:00,4821.938400000001,4504.562,summer,day3,21
2025-07-17 22:00:00,5224.206,4053.3489,summer,day3,21
2025-07-17 22:05:00,5409.0491999999995,4000.7275,summer,day3,21
2025-07-17 22:10:00,7144.282800000001,3939.5774,summer,day3,21
2025-07-17 22:15:00,7163.3364,3879.288,summer,day3,21
2025-07-17 22:20:00,5021.166,3832.682,summer,day3,21
2025-07-17 22:25:00,5094.3084,3799.4243,summer,day3,21
2025-07-17 22:30:00,5358.468,3785.8994,summer,day3,21
2025-07-17 22:35:00,5151.765600000001,3757.3816,summer,day3,21
2025-07-17 22:40:00,5313.6588,3716.949,summer,day3,21
2025-07-17 22:45:00,5620.0271999999995,3660.845,summer,day3,21
2025-07-17 22:50:00,5626.4496,3597.0095,summer,day3,21
2025-07-17 22:55:00,5536.8804,3541.2988,summer,day3,21
2025-07-17 23:00:00,5400.3396,3128.5469,summer,day3,21
2025-07-17 23:05:00,5470.469999999999,3105.8772,summer,day3,21
2025-07-17 23:10:00,5739.8243999999995,3092.9976,summer,day3,21
2025-07-17 23:15:00,5787.3996,3083.1484,summer,day3,21
2025-07-17 23:20:00,5927.4816,3073.5952,summer,day3,21
2025-07-17 23:25:00,5834.090399999999,3054.3628,summer,day3,21
2025-07-17 23:30:00,5615.3124,3037.5635,summer,day3,21
2025-07-17 23:35:00,5421.51,3013.1936,summer,day3,21
2025-07-17 23:40:00,5291.3436,2986.8452,summer,day3,21
2025-07-17 23:45:00,6521.7792,2961.2925,summer,day3,21
2025-07-17 23:50:00,5161.5504,2939.9785,summer,day3,21
2025-07-17 23:55:00,4628.9604,2930.348,summer,day3,21
2025-08-08 00:00:00,2905.4832,3614.1829,summer,day4,21
2025-08-08 00:05:00,2841.84,3616.3152,summer,day4,21
2025-08-08 00:10:00,3052.6944,3610.8323,summer,day4,21
2025-08-08 00:15:00,3142.6728,3607.1265,summer,day4,21
2025-08-08 00:20:00,2870.1984,3602.9788,summer,day4,21
2025-08-08 00:25:00,2817.8292,3604.057,summer,day4,21
2025-08-08 00:30:00,2915.0568,3604.6206,summer,day4,21
2025-08-08 00:35:00,2962.2383999999997,3608.0486,summer,day4,21
2025-08-08 00:40:00,2623.6164,3609.917,summer,day4,21
2025-08-08 00:45:00,2690.5608,3616.9214,summer,day4,21
2025-08-08 00:50:00,2906.832,3625.717,summer,day4,21
2025-08-08 00:55:00,2565.0204,3628.3877,summer,day4,21
2025-08-08 01:00:00,2503.4616,3663.1492,summer,day4,21
2025-08-08 01:05:00,2474.418,3663.72,summer,day4,21
2025-08-08 01:10:00,2648.3604,3648.2832,summer,day4,21
2025-08-08 01:15:00,2786.8572,3630.3286,summer,day4,21
2025-08-08 01:20:00,2711.532,3609.3845,summer,day4,21
2025-08-08 01:25:00,2803.4472,3590.7463,summer,day4,21
2025-08-08 01:30:00,2854.1808,3572.6067,summer,day4,21
2025-08-08 01:35:00,2967.666,3556.4106,summer,day4,21
2025-08-08 01:40:00,2924.532,3540.5317,summer,day4,21
2025-08-08 01:45:00,2853.4332,3530.6277,summer,day4,21
2025-08-08 01:50:00,2575.8959999999997,3523.6577,summer,day4,21
2025-08-08 01:55:00,2489.8164,3514.2898,summer,day4,21
2025-08-08 02:00:00,2426.1984,3535.1582,summer,day4,21
2025-08-08 02:05:00,2760.0792,3536.65,summer,day4,21
2025-08-08 02:10:00,3409.6788,3527.735,summer,day4,21
2025-08-08 02:15:00,3478.7292,3521.2363,summer,day4,21
2025-08-08 02:20:00,3429.4031999999997,3515.3936,summer,day4,21
2025-08-08 02:25:00,3368.4684,3511.4678,summer,day4,21
2025-08-08 02:30:00,3050.1252,3506.8257,summer,day4,21
2025-08-08 02:35:00,2940.1956,3501.353,summer,day4,21
2025-08-08 02:40:00,3120.0227999999997,3492.8613,summer,day4,21
2025-08-08 02:45:00,4267.158,3485.9438,summer,day4,21
2025-08-08 02:50:00,4474.515600000001,3477.684,summer,day4,21
2025-08-08 02:55:00,3739.8084000000003,3462.9849,summer,day4,21
2025-08-08 03:00:00,5022.6144,3462.7925,summer,day4,21
2025-08-08 03:05:00,4454.8908,3449.865,summer,day4,21
2025-08-08 03:10:00,2717.2367999999997,3423.6396,summer,day4,21
2025-08-08 03:15:00,3616.4352,3399.7947,summer,day4,21
2025-08-08 03:20:00,5155.7544,3379.3506,summer,day4,21
2025-08-08 03:25:00,3559.5,3363.8767,summer,day4,21
2025-08-08 03:30:00,2605.1423999999997,3352.3918,summer,day4,21
2025-08-08 03:35:00,2508.5832,3344.1646,summer,day4,21
2025-08-08 03:40:00,2695.8588000000004,3337.8477,summer,day4,21
2025-08-08 03:45:00,2457.4272,3337.0698,summer,day4,21
2025-08-08 03:50:00,2337.6576,3339.856,summer,day4,21
2025-08-08 03:55:00,2346.7884,3340.3628,summer,day4,21
2025-08-08 04:00:00,2334.5664,3253.689,summer,day4,21
2025-08-08 04:05:00,2381.9700000000003,3260.9885,summer,day4,21
2025-08-08 04:10:00,2430.6504,3254.8794,summer,day4,21
2025-08-08 04:15:00,2522.2812,3249.8237,summer,day4,21
2025-08-08 04:20:00,2233.764,3244.8894,summer,day4,21
2025-08-08 04:25:00,2555.6351999999997,3241.8816,summer,day4,21
2025-08-08 04:30:00,2582.2488000000003,3238.7024,summer,day4,21
2025-08-08 04:35:00,3999.4116000000004,3235.462,summer,day4,21
2025-08-08 04:40:00,2532.3635999999997,3230.3657,summer,day4,21
2025-08-08 04:45:00,2868.2604,3227.2927,summer,day4,21
2025-08-08 04:50:00,3039.5508,3225.3425,summer,day4,21
2025-08-08 04:55:00,2912.1144,3218.3416,summer,day4,21
2025-08-08 05:00:00,2723.4708,3035.0276,summer,day4,21
2025-08-08 05:05:00,2702.4924,3032.5012,summer,day4,21
2025-08-08 05:10:00,2537.0099999999998,3020.0127,summer,day4,21
2025-08-08 05:15:00,2216.7768,3009.5845,summer,day4,21
2025-08-08 05:20:00,2429.4576,3001.4458,summer,day4,21
2025-08-08 05:25:00,2355.9864000000002,2996.974,summer,day4,21
2025-08-08 05:30:00,2164.7628,2994.953,summer,day4,21
2025-08-08 05:35:00,2109.3347999999996,2996.28,summer,day4,21
2025-08-08 05:40:00,2062.8455999999996,2997.817,summer,day4,21
2025-08-08 05:45:00,2216.46,3002.133,summer,day4,21
2025-08-08 05:50:00,2434.5024,3008.9136,summer,day4,21
2025-08-08 05:55:00,2256.9624,3010.5002,summer,day4,21
2025-08-08 06:00:00,2086.1076000000003,3004.244,summer,day4,21
2025-08-08 06:05:00,2038.9080000000001,3009.9832,summer,day4,21
2025-08-08 06:10:00,2045.8739999999998,3004.704,summer,day4,21
2025-08-08 06:15:00,2038.7652000000003,3000.5515,summer,day4,21
2025-08-08 06:20:00,2295.6876,2998.429,summer,day4,21
2025-08-08 06:25:00,2334.8376,2998.822,summer,day4,21
2025-08-08 06:30:00,2314.3343999999997,3000.544,summer,day4,21
2025-08-08 06:35:00,2259.6408,3005.1172,summer,day4,21
2025-08-08 06:40:00,2163.0119999999997,3008.9143,summer,day4,21
2025-08-08 06:45:00,2305.9932,3015.4507,summer,day4,21
2025-08-08 06:50:00,2580.3732,3025.8345,summer,day4,21
2025-08-08 06:55:00,2479.3308,3032.1824,summer,day4,21
2025-08-08 07:00:00,2469.1236,3263.522,summer,day4,21
2025-08-08 07:05:00,2567.5296,3277.371,summer,day4,21
2025-08-08 07:10:00,2516.7912,3277.9128,summer,day4,21
2025-08-08 07:15:00,2933.8487999999998,3278.079,summer,day4,21
2025-08-08 07:20:00,4157.588400000001,3277.3315,summer,day4,21
2025-08-08 07:25:00,3769.9464,3278.3787,summer,day4,21
2025-08-08 07:30:00,3520.6008,3279.788,summer,day4,21
2025-08-08 07:35:00,3993.84,3284.208,summer,day4,21
2025-08-08 07:40:00,3469.446,3288.3518,summer,day4,21
2025-08-08 07:45:00,3332.5608,3296.345,summer,day4,21
2025-08-08 07:50:00,4370.982,3307.7573,summer,day4,21
2025-08-08 07:55:00,5928.4632,3314.1462,summer,day4,21
2025-08-08 08:00:00,6051.9216,3599.4524,summer,day4,21
2025-08-08 08:05:00,7442.5740000000005,3612.4824,summer,day4,21
2025-08-08 08:10:00,6914.742,3611.0564,summer,day4,21
2025-08-08 08:15:00,4370.236800000001,3609.5688,summer,day4,21
2025-08-08 08:20:00,3859.41,3605.769,summer,day4,21
2025-08-08 08:25:00,3873.5616,3604.877,summer,day4,21
2025-08-08 08:30:00,3982.8959999999997,3602.899,summer,day4,21
2025-08-08 08:35:00,4137.0887999999995,3602.1428,summer,day4,21
2025-08-08 08:40:00,4582.818,3599.5588,summer,day4,21
2025-08-08 08:45:00,4052.8572,3600.244,summer,day4,21
2025-08-08 08:50:00,3729.6876,3602.9167,summer,day4,21
2025-08-08 08:55:00,3790.8612000000003,3599.9773,summer,day4,21
2025-08-08 09:00:00,3798.4464,3709.75,summer,day4,21
2025-08-08 09:05:00,5274.7428,3711.8845,summer,day4,21
2025-08-08 09:10:00,4159.0452000000005,3702.4856,summer,day4,21
2025-08-08 09:15:00,4181.5740000000005,3695.544,summer,day4,21
2025-08-08 09:20:00,5541.3996,3689.99,summer,day4,21
2025-08-08 09:25:00,4343.9496,3690.983,summer,day4,21
2025-08-08 09:30:00,5387.140799999999,3694.484,summer,day4,21
2025-08-08 09:35:00,4316.7192,3701.3362,summer,day4,21
2025-08-08 09:40:00,4500.069600000001,3708.494,summer,day4,21
2025-08-08 09:45:00,4473.2916,3719.3218,summer,day4,21
2025-08-08 09:50:00,6840.2064,3731.4688,summer,day4,21
2025-08-08 09:55:00,5347.7736,3737.519,summer,day4,21
2025-08-08 10:00:00,4514.2572,3729.2603,summer,day4,21
2025-08-08 10:05:00,5084.0124,3739.4407,summer,day4,21
2025-08-08 10:10:00,5008.0896,3736.1018,summer,day4,21
2025-08-08 10:15:00,4081.65,3734.88,summer,day4,21
2025-08-08 10:20:00,4155.3396,3734.954,summer,day4,21
2025-08-08 10:25:00,4868.2476,3741.3757,summer,day4,21
2025-08-08 10:30:00,5180.252399999999,3750.3054,summer,day4,21
2025-08-08 10:35:00,4211.556,3762.5337,summer,day4,21
2025-08-08 10:40:00,4728.6048,3775.6313,summer,day4,21
2025-08-08 10:45:00,4576.3128,3792.6077,summer,day4,21
2025-08-08 10:50:00,4665.6708,3811.1697,summer,day4,21
2025-08-08 10:55:00,3503.478,3823.4016,summer,day4,21
2025-08-08 11:00:00,3574.1040000000003,3766.5703,summer,day4,21
2025-08-08 11:05:00,3782.2296,3784.1743,summer,day4,21
2025-08-08 11:10:00,5051.9436000000005,3788.2717,summer,day4,21
2025-08-08 11:15:00,4720.2924,3794.6907,summer,day4,21
2025-08-08 11:20:00,5171.43,3801.459,summer,day4,21
2025-08-08 11:25:00,5189.8332,3815.1956,summer,day4,21
2025-08-08 11:30:00,6781.4364000000005,3829.9363,summer,day4,21
2025-08-08 11:35:00,5262.777599999999,3847.1768,summer,day4,21
2025-08-08 11:40:00,5481.5484,3864.0256,summer,day4,21
2025-08-08 11:45:00,4569.4092,3882.8496,summer,day4,21
2025-08-08 11:50:00,2638.8288000000002,3901.2732,summer,day4,21
2025-08-08 11:55:00,2600.8296,3910.139,summer,day4,21
2025-08-08 12:00:00,2749.0620000000004,3965.5862,summer,day4,21
2025-08-08 12:05:00,3770.9472,3976.3958,summer,day4,21
2025-08-08 12:10:00,4299.8112,3974.0288,summer,day4,21
2025-08-08 12:15:00,4665.4152,3973.4773,summer,day4,21
2025-08-08 12:20:00,2908.5612,3972.5938,summer,day4,21
2025-08-08 12:25:00,2706.7356,3980.6091,summer,day4,21
2025-08-08 12:30:00,2959.0415999999996,3989.9253,summer,day4,21
2025-08-08 12:35:00,2706.6168000000002,4002.5198,summer,day4,21
2025-08-08 12:40:00,2692.866,4015.683,summer,day4,21
2025-08-08 12:45:00,2798.7972,4031.8071,summer,day4,21
2025-08-08 12:50:00,2721.0768,4048.2366,summer,day4,21
2025-08-08 12:55:00,3447.0324,4055.5786,summer,day4,21
2025-08-08 13:00:00,3030.2988,4115.633,summer,day4,21
2025-08-08 13:05:00,3751.1796000000004,4126.8047,summer,day4,21
2025-08-08 13:10:00,4783.0992,4128.203,summer,day4,21
2025-08-08 13:15:00,7185.755999999999,4131.8096,summer,day4,21
2025-08-08 13:20:00,5689.8216,4134.205,summer,day4,21
2025-08-08 13:25:00,5006.1312,4146.4927,summer,day4,21
2025-08-08 13:30:00,3681.2316,4159.972,summer,day4,21
2025-08-08 13:35:00,3398.9496,4176.5635,summer,day4,21
2025-08-08 13:40:00,4802.8212,4194.8164,summer,day4,21
2025-08-08 13:45:00,3532.0811999999996,4217.752,summer,day4,21
2025-08-08 13:50:00,5046.8928,4240.051,summer,day4,21
2025-08-08 13:55:00,3782.6591999999996,4251.9214,summer,day4,21
2025-08-08 14:00:00,5003.0352,4298.316,summer,day4,21
2025-08-08 14:05:00,4340.454,4306.555,summer,day4,21
2025-08-08 14:10:00,4120.7292,4300.8887,summer,day4,21
2025-08-08 14:15:00,3413.1551999999997,4294.259,summer,day4,21
2025-08-08 14:20:00,3355.8695999999995,4281.7812,summer,day4,21
2025-08-08 14:25:00,3638.7228000000005,4280.4043,summer,day4,21
2025-08-08 14:30:00,4723.7112,4278.9097,summer,day4,21
2025-08-08 14:35:00,5800.7076,4280.1753,summer,day4,21
2025-08-08 14:40:00,4699.6812,4283.3433,summer,day4,21
2025-08-08 14:45:00,4796.1576000000005,4291.849,summer,day4,21
2025-08-08 14:50:00,4215.8184,4300.133,summer,day4,21
2025-08-08 14:55:00,3505.9067999999997,4299.9224,summer,day4,21
2025-08-08 15:00:00,3366.9396,4303.862,summer,day4,21
2025-08-08 15:05:00,2607.7943999999998,4310.6445,summer,day4,21
2025-08-08 15:10:00,2683.9067999999997,4305.913,summer,day4,21
2025-08-08 15:15:00,3289.518,4303.7544,summer,day4,21
2025-08-08 15:20:00,3239.2763999999997,4294.257,summer,day4,21
2025-08-08 15:25:00,3709.536,4295.215,summer,day4,21
2025-08-08 15:30:00,3970.7555999999995,4290.7646,summer,day4,21
2025-08-08 15:35:00,3985.5864,4283.4688,summer,day4,21
2025-08-08 15:40:00,4568.6796,4272.035,summer,day4,21
2025-08-08 15:45:00,3415.3487999999998,4260.1255,summer,day4,21
2025-08-08 15:50:00,4920.3684,4241.6963,summer,day4,21
2025-08-08 15:55:00,3361.9080000000004,4208.1855,summer,day4,21
2025-08-08 16:00:00,3421.9584000000004,3992.1826,summer,day4,21
2025-08-08 16:05:00,3696.834,3957.9265,summer,day4,21
2025-08-08 16:10:00,4050.3455999999996,3911.663,summer,day4,21
2025-08-08 16:15:00,4786.476000000001,3871.7422,summer,day4,21
2025-08-08 16:20:00,5060.3364,3832.6877,summer,day4,21
2025-08-08 16:25:00,3897.1176,3809.9287,summer,day4,21
2025-08-08 16:30:00,4117.412399999999,3788.6086,summer,day4,21
2025-08-08 16:35:00,3502.3224,3774.6133,summer,day4,21
2025-08-08 16:40:00,3515.2404,3763.5994,summer,day4,21
2025-08-08 16:45:00,4857.1788,3757.9058,summer,day4,21
2025-08-08 16:50:00,4484.3351999999995,3755.4146,summer,day4,21
2025-08-08 16:55:00,3655.2156000000004,3743.2603,summer,day4,21
2025-08-08 17:00:00,3561.2088000000003,3497.2988,summer,day4,21
2025-08-08 17:05:00,3523.1760000000004,3491.2341,summer,day4,21
2025-08-08 17:10:00,3922.7532,3473.349,summer,day4,21
2025-08-08 17:15:00,4652.664,3458.8486,summer,day4,21
2025-08-08 17:20:00,4405.8264,3443.1985,summer,day4,21
2025-08-08 17:25:00,4178.4924,3438.1648,summer,day4,21
2025-08-08 17:30:00,5473.3824,3429.1523,summer,day4,21
2025-08-08 17:35:00,3859.8455999999996,3424.8247,summer,day4,21
2025-08-08 17:40:00,3788.3196000000003,3418.7957,summer,day4,21
2025-08-08 17:45:00,4298.9592,3414.5154,summer,day4,21
2025-08-08 17:50:00,3523.536,3413.3606,summer,day4,21
2025-08-08 17:55:00,3408.1704,3403.9187,summer,day4,21
2025-08-08 18:00:00,3892.5996,3334.3782,summer,day4,21
2025-08-08 18:05:00,5197.6044,3336.6326,summer,day4,21
2025-08-08 18:10:00,4862.986800000001,3329.283,summer,day4,21
2025-08-08 18:15:00,3944.046,3325.4927,summer,day4,21
2025-08-08 18:20:00,3285.3455999999996,3320.7146,summer,day4,21
2025-08-08 18:25:00,2748.4847999999997,3324.4778,summer,day4,21
2025-08-08 18:30:00,2445.9864000000002,3323.662,summer,day4,21
2025-08-08 18:35:00,2176.9584000000004,3326.184,summer,day4,21
2025-08-08 18:40:00,2878.4148,3325.747,summer,day4,21
2025-08-08 18:45:00,2829.4811999999997,3325.3433,summer,day4,21
2025-08-08 18:50:00,2444.1924,3325.092,summer,day4,21
2025-08-08 18:55:00,2611.938,3314.7358,summer,day4,21
2025-08-08 19:00:00,3374.5512000000003,3383.354,summer,day4,21
2025-08-08 19:05:00,2960.0088000000005,3381.4963,summer,day4,21
2025-08-08 19:10:00,4092.1416,3369.034,summer,day4,21
2025-08-08 19:15:00,4772.0532,3359.5361,summer,day4,21
2025-08-08 19:20:00,2430.786,3348.3958,summer,day4,21
2025-08-08 19:25:00,2479.8048,3345.757,summer,day4,21
2025-08-08 19:30:00,2630.2752,3339.2175,summer,day4,21
2025-08-08 19:35:00,2845.0608,3335.493,summer,day4,21
2025-08-08 19:40:00,2938.3392,3329.2908,summer,day4,21
2025-08-08 19:45:00,2988.6756,3323.9133,summer,day4,21
2025-08-08 19:50:00,4017.8328,3318.8647,summer,day4,21
2025-08-08 19:55:00,2619.2712,3305.951,summer,day4,21
2025-08-08 20:00:00,2265.0191999999997,3167.8174,summer,day4,21
2025-08-08 20:05:00,2141.1264,3163.5015,summer,day4,21
2025-08-08 20:10:00,2102.7912,3151.5962,summer,day4,21
2025-08-08 20:15:00,2098.248,3143.1433,summer,day4,21
2025-08-08 20:20:00,2046.3192,3134.3325,summer,day4,21
2025-08-08 20:25:00,2141.1876,3132.523,summer,day4,21
2025-08-08 20:30:00,2322.7776,3127.8198,summer,day4,21
2025-08-08 20:35:00,2007.8604,3126.8408,summer,day4,21
2025-08-08 20:40:00,2347.452,3124.2007,summer,day4,21
2025-08-08 20:45:00,2397.0984,3122.9263,summer,day4,21
2025-08-08 20:50:00,2293.8131999999996,3122.5923,summer,day4,21
2025-08-08 20:55:00,2290.6295999999998,3117.3003,summer,day4,21
2025-08-08 21:00:00,2288.046,2987.0173,summer,day4,21
2025-08-08 21:05:00,2324.6964,2988.069,summer,day4,21
2025-08-08 21:10:00,2523.294,2980.8901,summer,day4,21
2025-08-08 21:15:00,2329.0008000000003,2975.8865,summer,day4,21
2025-08-08 21:20:00,2381.2511999999997,2970.2893,summer,day4,21
2025-08-08 21:25:00,2403.864,2969.632,summer,day4,21
2025-08-08 21:30:00,2394.0804,2966.6892,summer,day4,21
2025-08-08 21:35:00,2208.7619999999997,2967.7195,summer,day4,21
2025-08-08 21:40:00,2059.0595999999996,2967.5896,summer,day4,21
2025-08-08 21:45:00,2403.7248,2968.5115,summer,day4,21
2025-08-08 21:50:00,2643.1368,2969.7095,summer,day4,21
2025-08-08 21:55:00,2519.4636,2966.8423,summer,day4,21
2025-08-08 22:00:00,2748.9156000000003,2863.6562,summer,day4,21
2025-08-08 22:05:00,2819.1731999999997,2866.6472,summer,day4,21
2025-08-08 22:10:00,2797.3787999999995,2861.1807,summer,day4,21
2025-08-08 22:15:00,2728.8216,2858.0925,summer,day4,21
2025-08-08 22:20:00,2633.6316,2854.922,summer,day4,21
2025-08-08 22:25:00,2613.8088,2856.7212,summer,day4,21
2025-08-08 22:30:00,2962.7928,2857.8477,summer,day4,21
2025-08-08 22:35:00,2505.8232,2864.5337,summer,day4,21
2025-08-08 22:40:00,2656.6367999999998,2872.3823,summer,day4,21
2025-08-08 22:45:00,2846.6796,2883.627,summer,day4,21
2025-08-08 22:50:00,2746.4292,2897.4482,summer,day4,21
2025-08-08 22:55:00,2563.2732,2910.2034,summer,day4,21
2025-08-08 23:00:00,2549.2188,2752.6504,summer,day4,21
2025-08-08 23:05:00,2521.6368,2760.6826,summer,day4,21
2025-08-08 23:10:00,2702.8176,2759.8633,summer,day4,21
2025-08-08 23:15:00,2504.3064,2758.7654,summer,day4,21
2025-08-08 23:20:00,2510.2596000000003,2754.7954,summer,day4,21
2025-08-08 23:25:00,2516.4468,2753.0364,summer,day4,21
2025-08-08 23:30:00,2216.4096,2748.162,summer,day4,21
2025-08-08 23:35:00,2404.7748,2746.3928,summer,day4,21
2025-08-08 23:40:00,2587.326,2743.0264,summer,day4,21
2025-08-08 23:45:00,2509.5348,2739.269,summer,day4,21
2025-08-08 23:50:00,2691.5496000000003,2735.0818,summer,day4,21
2025-08-08 23:55:00,2451.072,2728.2717,summer,day4,21
2025-08-31 00:00:00,2182.0248,2454.4802,summer,day5,21
2025-08-31 00:05:00,2171.3016,2449.5408,summer,day5,21
2025-08-31 00:10:00,2179.698,2445.693,summer,day5,21
2025-08-31 00:15:00,2367.0263999999997,2443.3792,summer,day5,21
2025-08-31 00:20:00,2488.9332,2441.4658,summer,day5,21
2025-08-31 00:25:00,2413.3188,2440.8923,summer,day5,21
2025-08-31 00:30:00,2379.0276,2440.2573,summer,day5,21
2025-08-31 00:35:00,2326.3428,2440.7698,summer,day5,21
2025-08-31 00:40:00,2281.1736,2441.2673,summer,day5,21
2025-08-31 00:45:00,2240.9832,2441.8396,summer,day5,21
2025-08-31 00:50:00,2339.43,2443.4363,summer,day5,21
2025-08-31 00:55:00,2428.9248,2444.5698,summer,day5,21
2025-08-31 01:00:00,2334.294,2438.3975,summer,day5,21
2025-08-31 01:05:00,2190.9312,2440.7725,summer,day5,21
2025-08-31 01:10:00,2169.1596,2443.809,summer,day5,21
2025-08-31 01:15:00,2111.2547999999997,2447.9307,summer,day5,21
2025-08-31 01:20:00,2149.638,2452.301,summer,day5,21
2025-08-31 01:25:00,2269.2131999999997,2457.7124,summer,day5,21
2025-08-31 01:30:00,2388.1440000000002,2462.7676,summer,day5,21
2025-08-31 01:35:00,2309.5524,2468.5752,summer,day5,21
2025-08-31 01:40:00,2106.84,2473.6182,summer,day5,21
2025-08-31 01:45:00,2144.9196,2477.8271,summer,day5,21
2025-08-31 01:50:00,2150.5368000000003,2482.5737,summer,day5,21
2025-08-31 01:55:00,2092.8300000000004,2486.2803,summer,day5,21
2025-08-31 02:00:00,2155.7448,2502.188,summer,day5,21
2025-08-31 02:05:00,2274.1344,2505.9114,summer,day5,21
2025-08-31 02:10:00,2262.8508,2509.6956,summer,day5,21
2025-08-31 02:15:00,2125.1784,2514.1128,summer,day5,21
2025-08-31 02:20:00,2130.1404,2518.2205,summer,day5,21
2025-08-31 02:25:00,2179.1448,2523.2712,summer,day5,21
2025-08-31 02:30:00,2169.3563999999997,2527.964,summer,day5,21
2025-08-31 02:35:00,2281.506,2533.849,summer,day5,21
2025-08-31 02:40:00,2460.4584,2539.409,summer,day5,21
2025-08-31 02:45:00,2300.6772,2544.27,summer,day5,21
2025-08-31 02:50:00,2135.4096,2550.059,summer,day5,21
2025-08-31 02:55:00,2109.5292,2554.798,summer,day5,21
2025-08-31 03:00:00,2105.1396,2650.4067,summer,day5,21
2025-08-31 03:05:00,2159.7383999999997,2655.8901,summer,day5,21
2025-08-31 03:10:00,2250.6012,2661.5898,summer,day5,21
2025-08-31 03:15:00,2335.6188,2668.6387,summer,day5,21
2025-08-31 03:20:00,2230.9847999999997,2675.3481,summer,day5,21
2025-08-31 03:25:00,2123.4684,2683.3225,summer,day5,21
2025-08-31 03:30:00,2129.9424,2690.0808,summer,day5,21
2025-08-31 03:35:00,2201.3148,2696.9907,summer,day5,21
2025-08-31 03:40:00,2191.3212,2702.1367,summer,day5,21
2025-08-31 03:45:00,2239.4388,2704.331,summer,day5,21
2025-08-31 03:50:00,2352.6924,2707.36,summer,day5,21
2025-08-31 03:55:00,2211.0936,2709.4058,summer,day5,21
2025-08-31 04:00:00,2164.3068,2688.4836,summer,day5,21
2025-08-31 04:05:00,2287.62,2694.0586,summer,day5,21
2025-08-31 04:10:00,2700.0996,2700.4006,summer,day5,21
2025-08-31 04:15:00,2477.7419999999997,2708.1763,summer,day5,21
2025-08-31 04:20:00,2596.2275999999997,2715.1948,summer,day5,21
2025-08-31 04:25:00,2646.3095999999996,2722.6877,summer,day5,21
2025-08-31 04:30:00,2636.9880000000003,2728.0916,summer,day5,21
2025-08-31 04:35:00,2435.2727999999997,2733.6064,summer,day5,21
2025-08-31 04:40:00,2260.7400000000002,2737.7725,summer,day5,21
2025-08-31 04:45:00,2271.9948,2739.498,summer,day5,21
2025-08-31 04:50:00,2605.2828,2741.6333,summer,day5,21
2025-08-31 04:55:00,2715.6156,2741.527,summer,day5,21
2025-08-31 05:00:00,2876.3772,2656.932,summer,day5,21
2025-08-31 05:05:00,2702.5811999999996,2657.9146,summer,day5,21
2025-08-31 05:10:00,2473.926,2658.6372,summer,day5,21
2025-08-31 05:15:00,2450.0244,2659.3142,summer,day5,21
2025-08-31 05:20:00,2296.3368,2658.1438,summer,day5,21
2025-08-31 05:25:00,2158.2192000000005,2656.5884,summer,day5,21
2025-08-31 05:30:00,2101.218,2653.3486,summer,day5,21
2025-08-31 05:35:00,2207.7648,2650.8052,summer,day5,21
2025-08-31 05:40:00,2161.4616,2647.6921,summer,day5,21
2025-08-31 05:45:00,2376.87,2643.5186,summer,day5,21
2025-08-31 05:50:00,2385.6744,2640.7144,summer,day5,21
2025-08-31 05:55:00,2232.6072,2637.0908,summer,day5,21
2025-08-31 06:00:00,2064.4416,2625.1062,summer,day5,21
2025-08-31 06:05:00,2381.2632000000003,2624.225,summer,day5,21
2025-08-31 06:10:00,2458.8036,2624.3618,summer,day5,21
2025-08-31 06:15:00,2302.2167999999997,2626.8203,summer,day5,21
2025-08-31 06:20:00,2281.3416,2629.935,summer,day5,21
2025-08-31 06:25:00,2290.0896000000002,2635.2422,summer,day5,21
2025-08-31 06:30:00,2123.9892,2640.599,summer,day5,21
2025-08-31 06:35:00,2123.946,2647.663,summer,day5,21
2025-08-31 06:40:00,2096.8224,2655.0728,summer,day5,21
2025-08-31 06:45:00,1990.8756,2662.198,summer,day5,21
2025-08-31 06:50:00,1907.2992,2671.937,summer,day5,21
2025-08-31 06:55:00,1924.4784,2681.632,summer,day5,21
2025-08-31 07:00:00,1899.3,2824.7002,summer,day5,21
2025-08-31 07:05:00,1934.532,2842.2874,summer,day5,21
2025-08-31 07:10:00,2058.1404,2859.8777,summer,day5,21
2025-08-31 07:15:00,2033.2908,2879.5999,summer,day5,21
2025-08-31 07:20:00,1949.8044000000002,2898.638,summer,day5,21
2025-08-31 07:25:00,1825.3044000000002,2918.6174,summer,day5,21
2025-08-31 07:30:00,1910.9268,2936.7603,summer,day5,21
2025-08-31 07:35:00,2020.998,2954.8413,summer,day5,21
2025-08-31 07:40:00,2011.0392,2971.414,summer,day5,21
2025-08-31 07:45:00,2001.1487999999997,2985.7454,summer,day5,21
2025-08-31 07:50:00,2134.5996,3001.596,summer,day5,21
2025-08-31 07:55:00,2044.752,3015.3193,summer,day5,21
2025-08-31 08:00:00,1855.0716,3141.3052,summer,day5,21
2025-08-31 08:05:00,1842.3108,3156.111,summer,day5,21
2025-08-31 08:10:00,1864.1748,3167.7217,summer,day5,21
2025-08-31 08:15:00,1817.7900000000002,3179.0342,summer,day5,21
2025-08-31 08:20:00,1829.7252,3188.3508,summer,day5,21
2025-08-31 08:25:00,2058.3815999999997,3197.4307,summer,day5,21
2025-08-31 08:30:00,2041.7628,3205.184,summer,day5,21
2025-08-31 08:35:00,1887.4584,3212.1667,summer,day5,21
2025-08-31 08:40:00,1857.786,3217.367,summer,day5,21
2025-08-31 08:45:00,1862.8727999999999,3220.0237,summer,day5,21
2025-08-31 08:50:00,1895.7408,3222.8604,summer,day5,21
2025-08-31 08:55:00,1874.7972000000002,3222.5886,summer,day5,21
2025-08-31 09:00:00,2894.6099999999997,3328.683,summer,day5,21
2025-08-31 09:05:00,4606.0332,3328.9688,summer,day5,21
2025-08-31 09:10:00,4738.5612,3326.0986,summer,day5,21
2025-08-31 09:15:00,4384.8336,3323.9478,summer,day5,21
2025-08-31 09:20:00,2424.528,3321.4624,summer,day5,21
2025-08-31 09:25:00,2227.5624,3320.2654,summer,day5,21
2025-08-31 09:30:00,2263.3368,3319.914,summer,day5,21
2025-08-31 09:35:00,2350.8504000000003,3319.8894,summer,day5,21
2025-08-31 09:40:00,2626.5012,3319.3535,summer,day5,21
2025-08-31 09:45:00,1964.9772,3317.888,summer,day5,21
2025-08-31 09:50:00,1971.7044,3318.1216,summer,day5,21
2025-08-31 09:55:00,2005.4256,3317.8247,summer,day5,21
2025-08-31 10:00:00,2067.1572,3347.32,summer,day5,21
2025-08-31 10:05:00,2244.852,3351.672,summer,day5,21
2025-08-31 10:10:00,3416.1023999999998,3353.5354,summer,day5,21
2025-08-31 10:15:00,3862.4364,3355.8054,summer,day5,21
2025-08-31 10:20:00,3836.4936000000002,3356.9858,summer,day5,21
2025-08-31 10:25:00,3223.632,3358.1724,summer,day5,21
2025-08-31 10:30:00,2984.226,3359.4724,summer,day5,21
2025-08-31 10:35:00,2255.4672,3360.6807,summer,day5,21
2025-08-31 10:40:00,3035.508,3361.7908,summer,day5,21
2025-08-31 10:45:00,3573.0192,3362.791,summer,day5,21
2025-08-31 10:50:00,3498.6192,3365.3706,summer,day5,21
2025-08-31 10:55:00,2997.8003999999996,3367.0054,summer,day5,21
2025-08-31 11:00:00,2643.792,3362.5566,summer,day5,21
2025-08-31 11:05:00,3442.1771999999996,3366.3635,summer,day5,21
2025-08-31 11:10:00,2188.5804,3366.6812,summer,day5,21
2025-08-31 11:15:00,2405.3496,3366.769,summer,day5,21
2025-08-31 11:20:00,2584.6979999999994,3365.8088,summer,day5,21
2025-08-31 11:25:00,2462.0099999999998,3365.1938,summer,day5,21
2025-08-31 11:30:00,2161.662,3364.8965,summer,day5,21
2025-08-31 11:35:00,2140.29,3364.475,summer,day5,21
2025-08-31 11:40:00,2179.4292,3363.696,summer,day5,21
2025-08-31 11:45:00,2256.7428,3362.4539,summer,day5,21
2025-08-31 11:50:00,2426.5632,3361.6035,summer,day5,21
2025-08-31 11:55:00,2053.9788,3358.3003,summer,day5,21
2025-08-31 12:00:00,2084.1984,3355.0344,summer,day5,21
2025-08-31 12:05:00,2074.7232,3352.4895,summer,day5,21
2025-08-31 12:10:00,2848.9848,3346.849,summer,day5,21
2025-08-31 12:15:00,3339.7188,3341.6936,summer,day5,21
2025-08-31 12:20:00,2250.9828,3336.4937,summer,day5,21
2025-08-31 12:25:00,2207.862,3332.3953,summer,day5,21
2025-08-31 12:30:00,2535.6792,3329.2432,summer,day5,21
2025-08-31 12:35:00,2224.3764,3326.0415,summer,day5,21
2025-08-31 12:40:00,2402.472,3322.1416,summer,day5,21
2025-08-31 12:45:00,2056.6992,3317.3452,summer,day5,21
2025-08-31 12:50:00,1929.1284,3312.767,summer,day5,21
2025-08-31 12:55:00,2071.3872,3306.2546,summer,day5,21
2025-08-31 13:00:00,2795.3724,3306.8416,summer,day5,21
2025-08-31 13:05:00,3846.1284,3304.1665,summer,day5,21
2025-08-31 13:10:00,5238.2124,3299.1152,summer,day5,21
2025-08-31 13:15:00,4509.752399999999,3294.7087,summer,day5,21
2025-08-31 13:20:00,4622.245199999999,3290.3635,summer,day5,21
2025-08-31 13:25:00,4373.318399999999,3286.6548,summer,day5,21
2025-08-31 13:30:00,4350.6972000000005,3283.4172,summer,day5,21
2025-08-31 13:35:00,5883.780000000001,3279.944,summer,day5,21
2025-08-31 13:40:00,4219.455599999999,3276.5356,summer,day5,21
2025-08-31 13:45:00,4279.3428,3273.6396,summer,day5,21
2025-08-31 13:50:00,4733.3724,3272.3096,summer,day5,21
2025-08-31 13:55:00,4474.8588,3270.402,summer,day5,21
2025-08-31 14:00:00,4857.1776,3249.5767,summer,day5,21
2025-08-31 14:05:00,4142.4324,3251.5518,summer,day5,21
2025-08-31 14:10:00,5776.6992,3251.4326,summer,day5,21
2025-08-31 14:15:00,4289.4924,3251.8015,summer,day5,21
2025-08-31 14:20:00,4750.2924,3252.337,summer,day5,21
2025-08-31 14:25:00,4333.697999999999,3253.686,summer,day5,21
2025-08-31 14:30:00,4190.0592,3255.766,summer,day5,21
2025-08-31 14:35:00,5073.8844,3257.85,summer,day5,21
2025-08-31 14:40:00,4693.2372000000005,3260.0151,summer,day5,21
2025-08-31 14:45:00,5723.7504,3261.915,summer,day5,21
2025-08-31 14:50:00,6133.338000000001,3264.3994,summer,day5,21
2025-08-31 14:55:00,4434.3192,3265.2715,summer,day5,21
2025-08-31 15:00:00,4249.2936,3239.7332,summer,day5,21
2025-08-31 15:05:00,4138.8612,3243.1277,summer,day5,21
2025-08-31 15:10:00,5869.584,3244.2356,summer,day5,21
2025-08-31 15:15:00,4105.4856,3246.157,summer,day5,21
2025-08-31 15:20:00,4772.3135999999995,3248.4365,summer,day5,21
2025-08-31 15:25:00,7226.844,3251.9146,summer,day5,21
2025-08-31 15:30:00,4697.1396,3256.9827,summer,day5,21
2025-08-31 15:35:00,4431.940799999999,3263.002,summer,day5,21
2025-08-31 15:40:00,4453.8396,3270.2625,summer,day5,21
2025-08-31 15:45:00,4339.2372000000005,3277.9224,summer,day5,21
2025-08-31 15:50:00,4215.6876,3286.9697,summer,day5,21
2025-08-31 15:55:00,4487.0496,3294.9697,summer,day5,21
2025-08-31 16:00:00,4655.004,3259.4094,summer,day5,21
2025-08-31 16:05:00,6531.1428,3271.4702,summer,day5,21
2025-08-31 16:10:00,5223.3948,3281.2444,summer,day5,21
2025-08-31 16:15:00,5174.808,3292.5298,summer,day5,21
2025-08-31 16:20:00,5001.606,3304.6099,summer,day5,21
2025-08-31 16:25:00,8077.4352,3317.6758,summer,day5,21
2025-08-31 16:30:00,7781.7588000000005,3331.6929,summer,day5,21
2025-08-31 16:35:00,6015.5844,3344.9128,summer,day5,21
2025-08-31 16:40:00,5052.6924,3358.0544,summer,day5,21
2025-08-31 16:45:00,4952.0976,3370.064,summer,day5,21
2025-08-31 16:50:00,5160.8196,3381.7126,summer,day5,21
2025-08-31 16:55:00,6077.4324,3389.896,summer,day5,21
2025-08-31 17:00:00,8012.6352,3337.406,summer,day5,21
2025-08-31 17:05:00,6954.955199999999,3343.4656,summer,day5,21
2025-08-31 17:10:00,6484.3824,3341.9153,summer,day5,21
2025-08-31 17:15:00,6229.974,3337.3987,summer,day5,21
2025-08-31 17:20:00,6230.1012,3329.4434,summer,day5,21
2025-08-31 17:25:00,6915.224400000001,3319.32,summer,day5,21
2025-08-31 17:30:00,6302.778,3309.2395,summer,day5,21
2025-08-31 17:35:00,6173.4144,3298.3752,summer,day5,21
2025-08-31 17:40:00,6153.0216,3288.4153,summer,day5,21
2025-08-31 17:45:00,6950.794800000001,3278.179,summer,day5,21
2025-08-31 17:50:00,7280.1576000000005,3269.2983,summer,day5,21
2025-08-31 17:55:00,6939.375599999999,3259.0596,summer,day5,21
2025-08-31 18:00:00,6380.1323999999995,3248.1943,summer,day5,21
2025-08-31 18:05:00,6515.6424,3244.1162,summer,day5,21
2025-08-31 18:10:00,4805.9256000000005,3237.0972,summer,day5,21
2025-08-31 18:15:00,4628.286,3232.52,summer,day5,21
2025-08-31 18:20:00,4889.294400000001,3229.3667,summer,day5,21
2025-08-31 18:25:00,4872.770399999999,3227.9783,summer,day5,21
2025-08-31 18:30:00,3872.9748,3228.0068,summer,day5,21
2025-08-31 18:35:00,3762.5663999999997,3226.4868,summer,day5,21
2025-08-31 18:40:00,3813.8604,3223.4612,summer,day5,21
2025-08-31 18:45:00,3833.7264000000005,3217.4023,summer,day5,21
2025-08-31 18:50:00,3909.7284,3210.8264,summer,day5,21
2025-08-31 18:55:00,3944.4888,3202.068,summer,day5,21
2025-08-31 19:00:00,5147.4612,3202.3032,summer,day5,21
2025-08-31 19:05:00,4844.462399999999,3199.4792,summer,day5,21
2025-08-31 19:10:00,4242.972,3193.5083,summer,day5,21
2025-08-31 19:15:00,3783.0204,3188.7317,summer,day5,21
2025-08-31 19:20:00,3764.4767999999995,3183.4531,summer,day5,21
2025-08-31 19:25:00,3732.8520000000003,3178.2107,summer,day5,21
2025-08-31 19:30:00,3727.3704,3171.9849,summer,day5,21
2025-08-31 19:35:00,3835.8479999999995,3164.2856,summer,day5,21
2025-08-31 19:40:00,4004.9688,3155.598,summer,day5,21
2025-08-31 19:45:00,3859.8516000000004,3145.573,summer,day5,21
2025-08-31 19:50:00,4215.4056,3136.5225,summer,day5,21
2025-08-31 19:55:00,4371.5676,3125.2402,summer,day5,21
2025-08-31 20:00:00,4049.5752,3093.9875,summer,day5,21
2025-08-31 20:05:00,4192.674,3085.4375,summer,day5,21
2025-08-31 20:10:00,4126.7604,3073.4746,summer,day5,21
2025-08-31 20:15:00,4924.669199999999,3061.9062,summer,day5,21
2025-08-31 20:20:00,4501.0968,3049.7698,summer,day5,21
2025-08-31 20:25:00,4050.282,3039.0781,summer,day5,21
2025-08-31 20:30:00,3954.6612,3027.8386,summer,day5,21
2025-08-31 20:35:00,5177.9832,3016.8018,summer,day5,21
2025-08-31 20:40:00,6023.2248,3004.7722,summer,day5,21
2025-08-31 20:45:00,4444.468800000001,2991.2363,summer,day5,21
2025-08-31 20:50:00,4218.8928,2977.9849,summer,day5,21
2025-08-31 20:55:00,5574.2136,2960.722,summer,day5,21
2025-08-31 21:00:00,4219.7784,2766.3994,summer,day5,21
2025-08-31 21:05:00,3663.756,2752.4934,summer,day5,21
2025-08-31 21:10:00,3199.6356,2736.919,summer,day5,21
2025-08-31 21:15:00,3130.2432,2722.2446,summer,day5,21
2025-08-31 21:20:00,3049.0476,2707.6213,summer,day5,21
2025-08-31 21:25:00,3273.9696,2695.0574,summer,day5,21
2025-08-31 21:30:00,3364.7028,2683.3345,summer,day5,21
2025-08-31 21:35:00,3176.8272,2674.1501,summer,day5,21
2025-08-31 21:40:00,3206.7576,2666.45,summer,day5,21
2025-08-31 21:45:00,3216.1848,2660.4443,summer,day5,21
2025-08-31 21:50:00,3184.5828,2656.9163,summer,day5,21
2025-08-31 21:55:00,3230.1228,2653.2925,summer,day5,21
2025-08-31 22:00:00,3364.3284,2602.5273,summer,day5,21
2025-08-31 22:05:00,3308.3316,2602.144,summer,day5,21
2025-08-31 22:10:00,3490.9008000000003,2601.2593,summer,day5,21
2025-08-31 22:15:00,3602.454,2600.8555,summer,day5,21
2025-08-31 22:20:00,3511.1316000000006,2599.8347,summer,day5,21
2025-08-31 22:25:00,3519.972,2599.1768,summer,day5,21
2025-08-31 22:30:00,3696.5627999999997,2598.0615,summer,day5,21
2025-08-31 22:35:00,3609.7224,2597.608,summer,day5,21
2025-08-31 22:40:00,3199.3379999999997,2596.9478,summer,day5,21
2025-08-31 22:45:00,2989.5996,2596.3608,summer,day5,21
2025-08-31 22:50:00,3265.2072,2596.5986,summer,day5,21
2025-08-31 22:55:00,3382.1027999999997,2596.1719,summer,day5,21
2025-08-31 23:00:00,3412.0392,2568.7446,summer,day5,21
2025-08-31 23:05:00,3385.3644,2569.0698,summer,day5,21
2025-08-31 23:10:00,3303.9276,2568.6577,summer,day5,21
2025-08-31 23:15:00,3277.4028,2568.4849,summer,day5,21
2025-08-31 23:20:00,3480.042,2568.1,summer,day5,21
2025-08-31 23:25:00,3273.5628,2568.3564,summer,day5,21
2025-08-31 23:30:00,3248.9136,2568.4656,summer,day5,21
2025-08-31 23:35:00,3623.5368000000003,2568.9934,summer,day5,21
2025-08-31 23:40:00,3674.1804,2568.8286,summer,day5,21
2025-08-31 23:45:00,3651.9276,2568.2847,summer,day5,21
2025-08-31 23:50:00,3458.1588,2567.8906,summer,day5,21
2025-08-31 23:55:00,3396.2532,2566.3708,summer,day5,21
