timestamp,actual,prediction,season,day,n_selected_features
2025-01-31 00:00:00,2419.7136,2458.3918,winter,day1,14
2025-01-31 00:05:00,2421.2076,2452.8948,winter,day1,14
2025-01-31 00:10:00,2406.2376,2453.2234,winter,day1,14
2025-01-31 00:15:00,2448.138,2448.9731,winter,day1,14
2025-01-31 00:20:00,2446.1592,2437.6514,winter,day1,14
2025-01-31 00:25:00,2429.3184,2452.9011,winter,day1,14
2025-01-31 00:30:00,2415.4271999999996,2454.8994,winter,day1,14
2025-01-31 00:35:00,2436.0756,2447.5513,winter,day1,14
2025-01-31 00:40:00,2442.5879999999997,2447.4521,winter,day1,14
2025-01-31 00:45:00,2489.8392,2458.8496,winter,day1,14
2025-01-31 00:50:00,2574.8892000000005,2458.6233,winter,day1,14
2025-01-31 00:55:00,2494.1771999999996,2465.1204,winter,day1,14
2025-01-31 01:00:00,2460.7032,2469.291,winter,day1,14
2025-01-31 01:05:00,2478.7308000000003,2478.9937,winter,day1,14
2025-01-31 01:10:00,2655.1824,2470.8127,winter,day1,14
2025-01-31 01:15:00,2623.8792000000003,2483.4658,winter,day1,14
2025-01-31 01:20:00,2643.6804,2521.2283,winter,day1,14
2025-01-31 01:25:00,2677.7496,2539.0713,winter,day1,14
2025-01-31 01:30:00,2612.2164000000002,2575.5947,winter,day1,14
2025-01-31 01:35:00,2576.718,2588.849,winter,day1,14
2025-01-31 01:40:00,2567.16,2585.4507,winter,day1,14
2025-01-31 01:45:00,2857.2072,2616.8657,winter,day1,14
2025-01-31 01:50:00,3233.2403999999997,2656.6748,winter,day1,14
2025-01-31 01:55:00,2634.7596,2655.2227,winter,day1,14
2025-01-31 02:00:00,3291.1416,2670.504,winter,day1,14
2025-01-31 02:05:00,2764.3464,2696.0947,winter,day1,14
2025-01-31 02:10:00,3136.0596,2707.1182,winter,day1,14
2025-01-31 02:15:00,3107.1648,2733.4766,winter,day1,14
2025-01-31 02:20:00,2950.0908,2743.3105,winter,day1,14
2025-01-31 02:25:00,3388.2504,2734.5166,winter,day1,14
2025-01-31 02:30:00,2792.6447999999996,2736.2415,winter,day1,14
2025-01-31 02:35:00,3416.9544,2728.9438,winter,day1,14
2025-01-31 02:40:00,3290.1672,2807.4202,winter,day1,14
2025-01-31 02:45:00,3310.4148,2819.0303,winter,day1,14
2025-01-31 02:50:00,3021.81,2794.2832,winter,day1,14
2025-01-31 02:55:00,3089.8908,2802.1482,winter,day1,14
2025-01-31 03:00:00,3474.132,2806.8828,winter,day1,14
2025-01-31 03:05:00,3120.5652,2816.7737,winter,day1,14
2025-01-31 03:10:00,2604.7464,2788.3481,winter,day1,14
2025-01-31 03:15:00,3252.3288000000002,2762.9658,winter,day1,14
2025-01-31 03:20:00,3162.252,2731.5203,winter,day1,14
2025-01-31 03:25:00,2431.2168,2610.139,winter,day1,14
2025-01-31 03:30:00,2432.5091999999995,2560.5186,winter,day1,14
2025-01-31 03:35:00,2455.344,2550.6394,winter,day1,14
2025-01-31 03:40:00,2557.572,2560.6167,winter,day1,14
2025-01-31 03:45:00,2469.3948,2564.4253,winter,day1,14
2025-01-31 03:50:00,2462.4528,2544.6838,winter,day1,14
2025-01-31 03:55:00,2547.384,2546.504,winter,day1,14
2025-01-31 04:00:00,2612.8884,2556.793,winter,day1,14
2025-01-31 04:05:00,2651.478,2548.5386,winter,day1,14
2025-01-31 04:10:00,2652.9564,2544.2285,winter,day1,14
2025-01-31 04:15:00,2611.4268,2537.5503,winter,day1,14
2025-01-31 04:20:00,2538.81,2514.3777,winter,day1,14
2025-01-31 04:25:00,2501.904,2529.1943,winter,day1,14
2025-01-31 04:30:00,2600.8464,2536.4624,winter,day1,14
2025-01-31 04:35:00,2704.0416,2532.7422,winter,day1,14
2025-01-31 04:40:00,2662.4568,2530.896,winter,day1,14
2025-01-31 04:45:00,2502.9612,2556.7031,winter,day1,14
2025-01-31 04:50:00,2486.8968,2549.025,winter,day1,14
2025-01-31 04:55:00,2481.2088,2556.1511,winter,day1,14
2025-01-31 05:00:00,2460.0216,2556.271,winter,day1,14
2025-01-31 05:05:00,2467.8156,2560.0212,winter,day1,14
2025-01-31 05:10:00,2625.0348,2547.0923,winter,day1,14
2025-01-31 05:15:00,2701.698,2559.5356,winter,day1,14
2025-01-31 05:20:00,2665.6584,2567.0334,winter,day1,14
2025-01-31 05:25:00,2646.3732,2559.0432,winter,day1,14
2025-01-31 05:30:00,2630.1696,2556.668,winter,day1,14
2025-01-31 05:35:00,2554.8923999999997,2544.9614,winter,day1,14
2025-01-31 05:40:00,2540.9676,2521.7402,winter,day1,14
2025-01-31 05:45:00,2553.3516,2529.1777,winter,day1,14
2025-01-31 05:50:00,2523.4356,2532.47,winter,day1,14
2025-01-31 05:55:00,2493.5436,2517.4546,winter,day1,14
2025-01-31 06:00:00,2469.4991999999997,2502.3208,winter,day1,14
2025-01-31 06:05:00,2479.0164,2528.8682,winter,day1,14
2025-01-31 06:10:00,2474.82,2507.988,winter,day1,14
2025-01-31 06:15:00,2475.942,2518.518,winter,day1,14
2025-01-31 06:20:00,2560.44,2525.7014,winter,day1,14
2025-01-31 06:25:00,2689.5407999999998,2537.219,winter,day1,14
2025-01-31 06:30:00,2691.576,2533.341,winter,day1,14
2025-01-31 06:35:00,2586.3576000000003,2554.627,winter,day1,14
2025-01-31 06:40:00,2574.9108,2584.823,winter,day1,14
2025-01-31 06:45:00,2593.9031999999997,2577.146,winter,day1,14
2025-01-31 06:50:00,2597.6484,2572.2148,winter,day1,14
2025-01-31 06:55:00,2657.052,2561.8237,winter,day1,14
2025-01-31 07:00:00,2503.29,2575.6099,winter,day1,14
2025-01-31 07:05:00,2399.8536,2676.3376,winter,day1,14
2025-01-31 07:10:00,2796.7475999999997,2821.3025,winter,day1,14
2025-01-31 07:15:00,3094.368,2999.2573,winter,day1,14
2025-01-31 07:20:00,1062.0948,3079.7334,winter,day1,14
2025-01-31 07:25:00,0.0,3330.9116,winter,day1,14
2025-01-31 07:30:00,329.8464,3892.871,winter,day1,14
2025-01-31 07:35:00,4469.830800000001,5464.336,winter,day1,14
2025-01-31 07:40:00,3195.8712,7012.029,winter,day1,14
2025-01-31 07:45:00,3173.7912,6836.834,winter,day1,14
2025-01-31 07:50:00,3154.2168,6274.069,winter,day1,14
2025-01-31 07:55:00,3164.3784,6071.107,winter,day1,14
2025-01-31 08:00:00,3110.9256,5886.3184,winter,day1,14
2025-01-31 08:05:00,3053.4204,5734.721,winter,day1,14
2025-01-31 08:10:00,2941.5024000000003,5588.4927,winter,day1,14
2025-01-31 08:15:00,2826.8436,5351.782,winter,day1,14
2025-01-31 08:20:00,2778.8831999999998,5110.3564,winter,day1,14
2025-01-31 08:25:00,2879.9292,4979.239,winter,day1,14
2025-01-31 08:30:00,2893.1904,4895.9893,winter,day1,14
2025-01-31 08:35:00,2838.2712,4823.429,winter,day1,14
2025-01-31 08:40:00,2864.5692,4771.933,winter,day1,14
2025-01-31 08:45:00,3146.5944,4735.9775,winter,day1,14
2025-01-31 08:50:00,3818.0771999999997,4705.6807,winter,day1,14
2025-01-31 08:55:00,2896.1760000000004,4617.178,winter,day1,14
2025-01-31 09:00:00,3146.4948,4607.3066,winter,day1,14
2025-01-31 09:05:00,3097.1639999999998,4554.842,winter,day1,14
2025-01-31 09:10:00,2852.1804,4485.2295,winter,day1,14
2025-01-31 09:15:00,2902.47,4415.04,winter,day1,14
2025-01-31 09:20:00,2858.8464,4235.7544,winter,day1,14
2025-01-31 09:25:00,2969.58,4275.294,winter,day1,14
2025-01-31 09:30:00,3069.2843999999996,4364.444,winter,day1,14
2025-01-31 09:35:00,2776.5600000000004,4516.4985,winter,day1,14
2025-01-31 09:40:00,2763.0828,4691.4614,winter,day1,14
2025-01-31 09:45:00,2781.0827999999997,4806.8315,winter,day1,14
2025-01-31 09:50:00,2815.8372000000004,4853.069,winter,day1,14
2025-01-31 09:55:00,2843.6519999999996,4890.663,winter,day1,14
2025-01-31 10:00:00,3068.1444,4918.8794,winter,day1,14
2025-01-31 10:05:00,3093.9936000000002,4915.2344,winter,day1,14
2025-01-31 10:10:00,2814.2316,4924.9424,winter,day1,14
2025-01-31 10:15:00,2781.3828,4890.8145,winter,day1,14
2025-01-31 10:20:00,2811.6984,4769.3955,winter,day1,14
2025-01-31 10:25:00,2800.0080000000003,4641.728,winter,day1,14
2025-01-31 10:30:00,2792.0843999999997,4636.926,winter,day1,14
2025-01-31 10:35:00,2786.0892,4588.3516,winter,day1,14
2025-01-31 10:40:00,3025.9536,4316.0024,winter,day1,14
2025-01-31 10:45:00,3129.0924,4271.6274,winter,day1,14
2025-01-31 10:50:00,11905.8276,4243.6675,winter,day1,14
2025-01-31 10:55:00,7211.2044,4236.084,winter,day1,14
2025-01-31 11:00:00,5106.3192,4243.465,winter,day1,14
2025-01-31 11:05:00,5155.3848,4238.778,winter,day1,14
2025-01-31 11:10:00,4274.8716,4241.5347,winter,day1,14
2025-01-31 11:15:00,2854.3284,4187.229,winter,day1,14
2025-01-31 11:20:00,2956.7388,4145.431,winter,day1,14
2025-01-31 11:25:00,3654.8784,4078.8455,winter,day1,14
2025-01-31 11:30:00,2839.4579999999996,4010.481,winter,day1,14
2025-01-31 11:35:00,2797.7952,3986.246,winter,day1,14
2025-01-31 11:40:00,2320.0860000000002,3990.7537,winter,day1,14
2025-01-31 11:45:00,3245.9795999999997,3959.093,winter,day1,14
2025-01-31 11:50:00,1997.8655999999999,3887.4072,winter,day1,14
2025-01-31 11:55:00,1985.4227999999998,3827.7769,winter,day1,14
2025-01-31 12:00:00,2112.2736,3817.267,winter,day1,14
2025-01-31 12:05:00,2531.1336,3794.6064,winter,day1,14
2025-01-31 12:10:00,2235.1668,3777.626,winter,day1,14
2025-01-31 12:15:00,2350.9752,3721.668,winter,day1,14
2025-01-31 12:20:00,2110.1243999999997,3668.3154,winter,day1,14
2025-01-31 12:25:00,2110.1736,3675.8826,winter,day1,14
2025-01-31 12:30:00,2318.832,3669.1157,winter,day1,14
2025-01-31 12:35:00,2952.972,3652.959,winter,day1,14
2025-01-31 12:40:00,2047.9656,3643.1768,winter,day1,14
2025-01-31 12:45:00,2041.5672,3625.8516,winter,day1,14
2025-01-31 12:50:00,2436.7619999999997,3633.9893,winter,day1,14
2025-01-31 12:55:00,2047.6128,3625.3984,winter,day1,14
2025-01-31 13:00:00,2608.8540000000003,3606.8813,winter,day1,14
2025-01-31 13:05:00,3095.1996,3589.6702,winter,day1,14
2025-01-31 13:10:00,2278.9164,3565.605,winter,day1,14
2025-01-31 13:15:00,2230.1351999999997,3535.3804,winter,day1,14
2025-01-31 13:20:00,3371.2248,3543.7937,winter,day1,14
2025-01-31 13:25:00,2222.0628,3510.6362,winter,day1,14
2025-01-31 13:30:00,3055.6488,3491.5864,winter,day1,14
2025-01-31 13:35:00,2325.1392,3509.3767,winter,day1,14
2025-01-31 13:40:00,2361.2112,3501.8604,winter,day1,14
2025-01-31 13:45:00,2338.8456,3529.415,winter,day1,14
2025-01-31 13:50:00,2381.0556,3535.5273,winter,day1,14
2025-01-31 13:55:00,2489.7996,3524.3577,winter,day1,14
2025-01-31 14:00:00,2614.1279999999997,3492.019,winter,day1,14
2025-01-31 14:05:00,4218.2844,3463.1675,winter,day1,14
2025-01-31 14:10:00,3829.068,3472.0342,winter,day1,14
2025-01-31 14:15:00,2993.958,3493.77,winter,day1,14
2025-01-31 14:20:00,2935.1256000000003,3503.4321,winter,day1,14
2025-01-31 14:25:00,3198.9996,3517.313,winter,day1,14
2025-01-31 14:30:00,3069.672,3512.5757,winter,day1,14
2025-01-31 14:35:00,3663.1524000000004,3516.4585,winter,day1,14
2025-01-31 14:40:00,3035.2788,3642.003,winter,day1,14
2025-01-31 14:45:00,2981.6124,3652.1174,winter,day1,14
2025-01-31 14:50:00,3319.7892,3664.4634,winter,day1,14
2025-01-31 14:55:00,4121.4744,3700.9946,winter,day1,14
2025-01-31 15:00:00,3289.0932000000003,3767.898,winter,day1,14
2025-01-31 15:05:00,3411.0696,3798.7598,winter,day1,14
2025-01-31 15:10:00,3320.6339999999996,3868.8337,winter,day1,14
2025-01-31 15:15:00,3538.6992,3961.962,winter,day1,14
2025-01-31 15:20:00,3681.6839999999997,4015.1572,winter,day1,14
2025-01-31 15:25:00,3798.6876,4073.6665,winter,day1,14
2025-01-31 15:30:00,6839.639999999999,4222.4326,winter,day1,14
2025-01-31 15:35:00,5204.9928,4422.9917,winter,day1,14
2025-01-31 15:40:00,4172.244000000001,4725.0664,winter,day1,14
2025-01-31 15:45:00,3777.9048000000003,4961.784,winter,day1,14
2025-01-31 15:50:00,3975.4968,5076.752,winter,day1,14
2025-01-31 15:55:00,3809.7635999999998,5197.563,winter,day1,14
2025-01-31 16:00:00,4072.4808000000003,5551.4785,winter,day1,14
2025-01-31 16:05:00,5101.509599999999,5579.1504,winter,day1,14
2025-01-31 16:10:00,5849.4348,5616.1094,winter,day1,14
2025-01-31 16:15:00,4265.634,5599.919,winter,day1,14
2025-01-31 16:20:00,6059.244000000001,5581.5522,winter,day1,14
2025-01-31 16:25:00,6108.861599999999,5589.5044,winter,day1,14
2025-01-31 16:30:00,3822.9264000000003,5587.219,winter,day1,14
2025-01-31 16:35:00,4368.2699999999995,5616.4097,winter,day1,14
2025-01-31 16:40:00,5444.748,5649.442,winter,day1,14
2025-01-31 16:45:00,5331.2519999999995,5690.9634,winter,day1,14
2025-01-31 16:50:00,4275.2411999999995,5715.437,winter,day1,14
2025-01-31 16:55:00,4357.412399999999,5757.461,winter,day1,14
2025-01-31 17:00:00,4463.323200000001,5767.184,winter,day1,14
2025-01-31 17:05:00,4956.6804,5755.7554,winter,day1,14
2025-01-31 17:10:00,7434.4644,5706.321,winter,day1,14
2025-01-31 17:15:00,5788.616400000001,5684.969,winter,day1,14
2025-01-31 17:20:00,4697.286,5617.3994,winter,day1,14
2025-01-31 17:25:00,4403.4888,5570.715,winter,day1,14
2025-01-31 17:30:00,4285.9548,5695.8423,winter,day1,14
2025-01-31 17:35:00,5213.6352,5745.24,winter,day1,14
2025-01-31 17:40:00,6172.1292,5802.5723,winter,day1,14
2025-01-31 17:45:00,4718.4672,5915.981,winter,day1,14
2025-01-31 17:50:00,5186.240400000001,5953.2,winter,day1,14
2025-01-31 17:55:00,4587.0491999999995,5914.6904,winter,day1,14
2025-01-31 18:00:00,5823.6876,6235.255,winter,day1,14
2025-01-31 18:05:00,8507.269199999999,8648.863,winter,day1,14
2025-01-31 18:10:00,11902.4772,10900.084,winter,day1,14
2025-01-31 18:15:00,11655.633600000001,11039.081,winter,day1,14
2025-01-31 18:20:00,5160.3396,6072.197,winter,day1,14
2025-01-31 18:25:00,3717.7248,5315.5835,winter,day1,14
2025-01-31 18:30:00,5269.1724,5159.369,winter,day1,14
2025-01-31 18:35:00,4856.976000000001,5082.222,winter,day1,14
2025-01-31 18:40:00,4008.9468,4919.439,winter,day1,14
2025-01-31 18:45:00,4800.2136,4888.0044,winter,day1,14
2025-01-31 18:50:00,3721.53,4834.9463,winter,day1,14
2025-01-31 18:55:00,3683.9592,4812.732,winter,day1,14
2025-01-31 19:00:00,3895.4376,4832.247,winter,day1,14
2025-01-31 19:05:00,3802.4256,4813.2617,winter,day1,14
2025-01-31 19:10:00,3494.0424,4711.3945,winter,day1,14
2025-01-31 19:15:00,3520.9271999999996,4627.8047,winter,day1,14
2025-01-31 19:20:00,3634.2239999999997,4538.8945,winter,day1,14
2025-01-31 19:25:00,3646.3836,4334.017,winter,day1,14
2025-01-31 19:30:00,3716.0195999999996,4149.27,winter,day1,14
2025-01-31 19:35:00,3563.6051999999995,4057.8848,winter,day1,14
2025-01-31 19:40:00,3467.5968000000003,4017.7246,winter,day1,14
2025-01-31 19:45:00,3381.3479999999995,4004.2278,winter,day1,14
2025-01-31 19:50:00,3352.4472,3943.7395,winter,day1,14
2025-01-31 19:55:00,3341.6771999999996,3878.7744,winter,day1,14
2025-01-31 20:00:00,3418.7784,3715.896,winter,day1,14
2025-01-31 20:05:00,3528.0816,3616.9338,winter,day1,14
2025-01-31 20:10:00,3441.972,3527.207,winter,day1,14
2025-01-31 20:15:00,3466.8540000000003,3409.4016,winter,day1,14
2025-01-31 20:20:00,3511.7148,3305.902,winter,day1,14
2025-01-31 20:25:00,3541.2408000000005,3252.582,winter,day1,14
2025-01-31 20:30:00,3458.8896,3216.605,winter,day1,14
2025-01-31 20:35:00,3527.4875999999995,3194.4382,winter,day1,14
2025-01-31 20:40:00,3652.4676,3170.799,winter,day1,14
2025-01-31 20:45:00,3501.528,3143.4429,winter,day1,14
2025-01-31 20:50:00,3391.0944000000004,3105.6511,winter,day1,14
2025-01-31 20:55:00,3383.6675999999998,3072.8918,winter,day1,14
2025-01-31 21:00:00,3351.6288,3042.9934,winter,day1,14
2025-01-31 21:05:00,3343.6224,3010.5903,winter,day1,14
2025-01-31 21:10:00,3418.3812000000007,2972.1177,winter,day1,14
2025-01-31 21:15:00,3300.8892,2974.0889,winter,day1,14
2025-01-31 21:20:00,3487.3992,2937.8733,winter,day1,14
2025-01-31 21:25:00,3316.2119999999995,2915.85,winter,day1,14
2025-01-31 21:30:00,2800.2096,2900.8354,winter,day1,14
2025-01-31 21:35:00,2635.6800000000003,2905.3606,winter,day1,14
2025-01-31 21:40:00,2649.3432000000003,2859.5518,winter,day1,14
2025-01-31 21:45:00,2659.1639999999998,2841.9668,winter,day1,14
2025-01-31 21:50:00,2892.5184,2827.0522,winter,day1,14
2025-01-31 21:55:00,2654.2968,2733.811,winter,day1,14
2025-01-31 22:00:00,2338.524,2600.177,winter,day1,14
2025-01-31 22:05:00,2304.9372,2555.62,winter,day1,14
2025-01-31 22:10:00,2355.42,2535.5142,winter,day1,14
2025-01-31 22:15:00,2420.1408,2549.961,winter,day1,14
2025-01-31 22:20:00,2454.942,2541.5134,winter,day1,14
2025-01-31 22:25:00,2469.5027999999998,2534.445,winter,day1,14
2025-01-31 22:30:00,2496.9192,2524.5938,winter,day1,14
2025-01-31 22:35:00,2502.054,2521.1816,winter,day1,14
2025-01-31 22:40:00,2451.114,2478.5457,winter,day1,14
2025-01-31 22:45:00,2420.7167999999997,2472.9954,winter,day1,14
2025-01-31 22:50:00,2386.6548,2477.499,winter,day1,14
2025-01-31 22:55:00,2656.3896,2484.5842,winter,day1,14
2025-01-31 23:00:00,2482.7052,2462.7832,winter,day1,14
2025-01-31 23:05:00,2367.366,2478.839,winter,day1,14
2025-01-31 23:10:00,2323.6728,2491.2427,winter,day1,14
2025-01-31 23:15:00,2325.3540000000003,2486.9155,winter,day1,14
2025-01-31 23:20:00,2334.3468000000003,2483.082,winter,day1,14
2025-01-31 23:25:00,2387.064,2504.2861,winter,day1,14
2025-01-31 23:30:00,2426.784,2490.4521,winter,day1,14
2025-01-31 23:35:00,2455.0416,2496.5637,winter,day1,14
2025-01-31 23:40:00,2426.13,2501.4297,winter,day1,14
2025-01-31 23:45:00,2358.9696,2505.249,winter,day1,14
2025-01-31 23:50:00,2372.2799999999997,2490.822,winter,day1,14
2025-01-31 23:55:00,2386.9379999999996,2498.4644,winter,day1,14
2025-02-15 00:00:00,2488.5384,2611.7715,winter,day2,16
2025-02-15 00:05:00,2497.0703999999996,2629.8218,winter,day2,16
2025-02-15 00:10:00,2762.6688,2644.507,winter,day2,16
2025-02-15 00:15:00,2761.0692,2636.143,winter,day2,16
2025-02-15 00:20:00,2593.7484,2610.3613,winter,day2,16
2025-02-15 00:25:00,2635.5971999999997,2606.336,winter,day2,16
2025-02-15 00:30:00,2626.2876,2595.7932,winter,day2,16
2025-02-15 00:35:00,2579.4564,2576.1182,winter,day2,16
2025-02-15 00:40:00,2572.9091999999996,2559.4463,winter,day2,16
2025-02-15 00:45:00,2528.3172,2581.1523,winter,day2,16
2025-02-15 00:50:00,2526.468,2563.5205,winter,day2,16
2025-02-15 00:55:00,2652.132,2575.4636,winter,day2,16
2025-02-15 01:00:00,2831.778,2590.1846,winter,day2,16
2025-02-15 01:05:00,2576.6052,2610.6333,winter,day2,16
2025-02-15 01:10:00,2568.846,2619.6523,winter,day2,16
2025-02-15 01:15:00,2563.6367999999998,2647.8706,winter,day2,16
2025-02-15 01:20:00,2620.032,2652.7832,winter,day2,16
2025-02-15 01:25:00,2629.7076,2661.537,winter,day2,16
2025-02-15 01:30:00,2632.2468,2691.56,winter,day2,16
2025-02-15 01:35:00,2596.05,2713.107,winter,day2,16
2025-02-15 01:40:00,2657.7996,2717.9436,winter,day2,16
2025-02-15 01:45:00,2699.7708,2753.287,winter,day2,16
2025-02-15 01:50:00,3088.3104,2799.3406,winter,day2,16
2025-02-15 01:55:00,2952.6648,2843.9255,winter,day2,16
2025-02-15 02:00:00,3365.6771999999996,2886.5415,winter,day2,16
2025-02-15 02:05:00,2748.9912,2929.319,winter,day2,16
2025-02-15 02:10:00,3425.2812,2993.3215,winter,day2,16
2025-02-15 02:15:00,3386.4096,3046.993,winter,day2,16
2025-02-15 02:20:00,2955.0828,3081.0103,winter,day2,16
2025-02-15 02:25:00,3455.4984000000004,3136.7222,winter,day2,16
2025-02-15 02:30:00,3340.5888,3184.8945,winter,day2,16
2025-02-15 02:35:00,3299.0520000000006,3203.747,winter,day2,16
2025-02-15 02:40:00,3295.6968,3229.7368,winter,day2,16
2025-02-15 02:45:00,3496.2048000000004,3290.6372,winter,day2,16
2025-02-15 02:50:00,3678.81,3317.5579,winter,day2,16
2025-02-15 02:55:00,3431.8212,3336.6348,winter,day2,16
2025-02-15 03:00:00,2997.8568,3288.617,winter,day2,16
2025-02-15 03:05:00,3494.8248,3287.1948,winter,day2,16
2025-02-15 03:10:00,3501.9,3304.4097,winter,day2,16
2025-02-15 03:15:00,3167.2776,3304.0752,winter,day2,16
2025-02-15 03:20:00,3507.2136,3256.4512,winter,day2,16
2025-02-15 03:25:00,3349.2144,3234.199,winter,day2,16
2025-02-15 03:30:00,3250.1916,3246.4321,winter,day2,16
2025-02-15 03:35:00,3390.924,3254.122,winter,day2,16
2025-02-15 03:40:00,2922.5028,3014.498,winter,day2,16
2025-02-15 03:45:00,2559.2904000000003,2726.88,winter,day2,16
2025-02-15 03:50:00,2797.6764,2717.1577,winter,day2,16
2025-02-15 03:55:00,2562.6192,2715.9185,winter,day2,16
2025-02-15 04:00:00,2540.7732,2706.934,winter,day2,16
2025-02-15 04:05:00,2542.0536,2701.4517,winter,day2,16
2025-02-15 04:10:00,2665.9128,2697.2734,winter,day2,16
2025-02-15 04:15:00,2718.2088,2682.7676,winter,day2,16
2025-02-15 04:20:00,2717.5116,2664.424,winter,day2,16
2025-02-15 04:25:00,2653.6296,2664.6243,winter,day2,16
2025-02-15 04:30:00,2697.8544,2661.58,winter,day2,16
2025-02-15 04:35:00,2711.3399999999997,2649.8755,winter,day2,16
2025-02-15 04:40:00,2700.6528,2645.2334,winter,day2,16
2025-02-15 04:45:00,2799.0384000000004,2670.6196,winter,day2,16
2025-02-15 04:50:00,2976.3599999999997,2657.78,winter,day2,16
2025-02-15 04:55:00,2617.7652000000003,2675.4995,winter,day2,16
2025-02-15 05:00:00,2624.0424,2686.8545,winter,day2,16
2025-02-15 05:05:00,2733.1187999999997,2702.4346,winter,day2,16
2025-02-15 05:10:00,2724.3563999999997,2708.27,winter,day2,16
2025-02-15 05:15:00,2746.314,2731.78,winter,day2,16
2025-02-15 05:20:00,2761.5456,2722.6675,winter,day2,16
2025-02-15 05:25:00,2770.9211999999998,2722.811,winter,day2,16
2025-02-15 05:30:00,2778.6492,2723.2734,winter,day2,16
2025-02-15 05:35:00,2719.5144,2711.7275,winter,day2,16
2025-02-15 05:40:00,2715.99,2687.659,winter,day2,16
2025-02-15 05:45:00,2973.078,2682.491,winter,day2,16
2025-02-15 05:50:00,2825.2788,2678.9026,winter,day2,16
2025-02-15 05:55:00,2689.6044,2656.2808,winter,day2,16
2025-02-15 06:00:00,2615.4156000000003,2644.1934,winter,day2,16
2025-02-15 06:05:00,2624.5080000000003,2661.8447,winter,day2,16
2025-02-15 06:10:00,2611.782,2641.1536,winter,day2,16
2025-02-15 06:15:00,2592.9468,2648.5298,winter,day2,16
2025-02-15 06:20:00,2628.9048000000003,2654.0256,winter,day2,16
2025-02-15 06:25:00,2613.1932,2658.2473,winter,day2,16
2025-02-15 06:30:00,2612.5775999999996,2655.3135,winter,day2,16
2025-02-15 06:35:00,2545.6056,2670.5999,winter,day2,16
2025-02-15 06:40:00,2487.6396,2712.1868,winter,day2,16
2025-02-15 06:45:00,2432.4816,2731.146,winter,day2,16
2025-02-15 06:50:00,2675.988,2706.247,winter,day2,16
2025-02-15 06:55:00,2424.3216,2697.661,winter,day2,16
2025-02-15 07:00:00,2442.4272,2720.099,winter,day2,16
2025-02-15 07:05:00,2382.3648000000003,2798.6968,winter,day2,16
2025-02-15 07:10:00,2677.4316,2874.9353,winter,day2,16
2025-02-15 07:15:00,3024.7824,3120.7134,winter,day2,16
2025-02-15 07:20:00,3020.04,3237.4429,winter,day2,16
2025-02-15 07:25:00,3081.3347999999996,3349.4287,winter,day2,16
2025-02-15 07:30:00,4056.6732,3491.1477,winter,day2,16
2025-02-15 07:35:00,11292.3996,4129.2437,winter,day2,16
2025-02-15 07:40:00,11048.544,7142.2656,winter,day2,16
2025-02-15 07:45:00,5957.1264,7585.4697,winter,day2,16
2025-02-15 07:50:00,4076.0915999999997,5938.9365,winter,day2,16
2025-02-15 07:55:00,3772.0080000000003,4550.8345,winter,day2,16
2025-02-15 08:00:00,3840.4620000000004,4898.5225,winter,day2,16
2025-02-15 08:05:00,5717.4936,4967.5957,winter,day2,16
2025-02-15 08:10:00,7114.7555999999995,4978.2754,winter,day2,16
2025-02-15 08:15:00,6988.9128,4868.0815,winter,day2,16
2025-02-15 08:20:00,6578.6772,4820.801,winter,day2,16
2025-02-15 08:25:00,4691.0856,4812.23,winter,day2,16
2025-02-15 08:30:00,4353.1416,4831.8945,winter,day2,16
2025-02-15 08:35:00,4543.8528,4876.52,winter,day2,16
2025-02-15 08:40:00,4814.4108,4919.15,winter,day2,16
2025-02-15 08:45:00,4399.854,4930.554,winter,day2,16
2025-02-15 08:50:00,4330.0428,4927.9834,winter,day2,16
2025-02-15 08:55:00,5953.8024,4938.848,winter,day2,16
2025-02-15 09:00:00,5415.3864,4943.544,winter,day2,16
2025-02-15 09:05:00,5265.3576,4973.921,winter,day2,16
2025-02-15 09:10:00,4289.6376,4992.0103,winter,day2,16
2025-02-15 09:15:00,4193.6844,5007.9023,winter,day2,16
2025-02-15 09:20:00,4645.1424,5021.204,winter,day2,16
2025-02-15 09:25:00,4191.9552,5034.444,winter,day2,16
2025-02-15 09:30:00,4246.309200000001,5116.46,winter,day2,16
2025-02-15 09:35:00,4949.8524,5181.755,winter,day2,16
2025-02-15 09:40:00,4334.73,5212.709,winter,day2,16
2025-02-15 09:45:00,4737.3204,5228.656,winter,day2,16
2025-02-15 09:50:00,5548.7832,5255.809,winter,day2,16
2025-02-15 09:55:00,5322.1932,5278.8164,winter,day2,16
2025-02-15 10:00:00,4632.3588,5329.832,winter,day2,16
2025-02-15 10:05:00,5411.0076,5373.925,winter,day2,16
2025-02-15 10:10:00,6348.6888,5424.3413,winter,day2,16
2025-02-15 10:15:00,5285.1144,5409.544,winter,day2,16
2025-02-15 10:20:00,4419.2328,5386.001,winter,day2,16
2025-02-15 10:25:00,4396.9956,5387.0503,winter,day2,16
2025-02-15 10:30:00,4392.759599999999,5403.6646,winter,day2,16
2025-02-15 10:35:00,6185.994000000001,5402.7314,winter,day2,16
2025-02-15 10:40:00,5201.3652,5225.9756,winter,day2,16
2025-02-15 10:45:00,4983.3252,5249.492,winter,day2,16
2025-02-15 10:50:00,6062.6004,5247.5186,winter,day2,16
2025-02-15 10:55:00,4482.6528,5244.0513,winter,day2,16
2025-02-15 11:00:00,4369.5996,5230.897,winter,day2,16
2025-02-15 11:05:00,4604.948399999999,5214.407,winter,day2,16
2025-02-15 11:10:00,4555.5,5205.6396,winter,day2,16
2025-02-15 11:15:00,5872.7052,5167.923,winter,day2,16
2025-02-15 11:20:00,4895.9856,5140.9556,winter,day2,16
2025-02-15 11:25:00,6677.3724,5127.8643,winter,day2,16
2025-02-15 11:30:00,5196.2928,5098.0376,winter,day2,16
2025-02-15 11:35:00,4449.2304,5061.467,winter,day2,16
2025-02-15 11:40:00,4519.8348,5009.9204,winter,day2,16
2025-02-15 11:45:00,4362.051600000001,4960.9336,winter,day2,16
2025-02-15 11:50:00,5688.996,4908.8716,winter,day2,16
2025-02-15 11:55:00,6641.567999999999,4863.3564,winter,day2,16
2025-02-15 12:00:00,4780.4544000000005,4839.4463,winter,day2,16
2025-02-15 12:05:00,4838.2955999999995,4866.0557,winter,day2,16
2025-02-15 12:10:00,6261.8604,4857.57,winter,day2,16
2025-02-15 12:15:00,4966.3068,4818.628,winter,day2,16
2025-02-15 12:20:00,4915.3116,4795.032,winter,day2,16
2025-02-15 12:25:00,6678.210000000001,4745.1235,winter,day2,16
2025-02-15 12:30:00,5226.5712,4703.4644,winter,day2,16
2025-02-15 12:35:00,4141.104,4671.3086,winter,day2,16
2025-02-15 12:40:00,3603.4008000000003,4648.6006,winter,day2,16
2025-02-15 12:45:00,3644.2043999999996,4627.4385,winter,day2,16
2025-02-15 12:50:00,2812.5912,4606.792,winter,day2,16
2025-02-15 12:55:00,2937.4548000000004,4591.947,winter,day2,16
2025-02-15 13:00:00,3804.3947999999996,4594.648,winter,day2,16
2025-02-15 13:05:00,2557.9824,4590.1772,winter,day2,16
2025-02-15 13:10:00,3793.4616,4579.281,winter,day2,16
2025-02-15 13:15:00,3430.7484000000004,4571.684,winter,day2,16
2025-02-15 13:20:00,3147.3372,4446.971,winter,day2,16
2025-02-15 13:25:00,2454.6096000000002,4442.0146,winter,day2,16
2025-02-15 13:30:00,10347.3852,4441.2686,winter,day2,16
2025-02-15 13:35:00,12404.5884,4418.377,winter,day2,16
2025-02-15 13:40:00,11947.5432,4405.145,winter,day2,16
2025-02-15 13:45:00,12035.5848,4372.942,winter,day2,16
2025-02-15 13:50:00,12659.388,4364.3945,winter,day2,16
2025-02-15 13:55:00,12770.053199999998,4349.2725,winter,day2,16
2025-02-15 14:00:00,13642.8648,4341.943,winter,day2,16
2025-02-15 14:05:00,5633.1012,4356.791,winter,day2,16
2025-02-15 14:10:00,4914.022800000001,4382.7773,winter,day2,16
2025-02-15 14:15:00,4696.9056,4382.3325,winter,day2,16
2025-02-15 14:20:00,4501.5779999999995,4432.304,winter,day2,16
2025-02-15 14:25:00,5893.4148,4451.0513,winter,day2,16
2025-02-15 14:30:00,7143.294,4465.0454,winter,day2,16
2025-02-15 14:35:00,6570.2508,4478.0996,winter,day2,16
2025-02-15 14:40:00,6067.0908,4483.088,winter,day2,16
2025-02-15 14:45:00,7256.6952,4509.3066,winter,day2,16
2025-02-15 14:50:00,8559.5208,4575.401,winter,day2,16
2025-02-15 14:55:00,8953.0584,4607.8315,winter,day2,16
2025-02-15 15:00:00,6538.944,4683.8325,winter,day2,16
2025-02-15 15:05:00,4598.980799999999,4712.2373,winter,day2,16
2025-02-15 15:10:00,5760.027599999999,4781.9927,winter,day2,16
2025-02-15 15:15:00,6697.352400000001,4818.336,winter,day2,16
2025-02-15 15:20:00,5173.7568,4862.9253,winter,day2,16
2025-02-15 15:25:00,4370.5908,4964.3633,winter,day2,16
2025-02-15 15:30:00,4713.4812,5022.697,winter,day2,16
2025-02-15 15:35:00,4968.6468,5121.2617,winter,day2,16
2025-02-15 15:40:00,7555.3356,5177.614,winter,day2,16
2025-02-15 15:45:00,7059.3864,5257.86,winter,day2,16
2025-02-15 15:50:00,8549.5824,5272.391,winter,day2,16
2025-02-15 15:55:00,8541.6696,5316.479,winter,day2,16
2025-02-15 16:00:00,8092.132799999999,5538.9624,winter,day2,16
2025-02-15 16:05:00,6996.906,5629.2236,winter,day2,16
2025-02-15 16:10:00,6957.266399999999,5652.584,winter,day2,16
2025-02-15 16:15:00,6731.3724,5632.866,winter,day2,16
2025-02-15 16:20:00,7061.8008,5630.914,winter,day2,16
2025-02-15 16:25:00,7746.345600000001,5645.945,winter,day2,16
2025-02-15 16:30:00,7681.7352,5670.2993,winter,day2,16
2025-02-15 16:35:00,7173.738,5692.531,winter,day2,16
2025-02-15 16:40:00,6496.0092,5718.072,winter,day2,16
2025-02-15 16:45:00,5636.995199999999,5753.3765,winter,day2,16
2025-02-15 16:50:00,5181.9924,5798.9185,winter,day2,16
2025-02-15 16:55:00,5061.844800000001,5802.882,winter,day2,16
2025-02-15 17:00:00,5736.4704,5832.083,winter,day2,16
2025-02-15 17:05:00,5347.518,5869.4194,winter,day2,16
2025-02-15 17:10:00,6278.236800000001,5886.726,winter,day2,16
2025-02-15 17:15:00,7073.215200000001,5912.5635,winter,day2,16
2025-02-15 17:20:00,6359.3148,5901.99,winter,day2,16
2025-02-15 17:25:00,6632.8032,6044.131,winter,day2,16
2025-02-15 17:30:00,6291.6108,6024.029,winter,day2,16
2025-02-15 17:35:00,6996.260399999999,5955.5366,winter,day2,16
2025-02-15 17:40:00,6293.794800000001,5983.793,winter,day2,16
2025-02-15 17:45:00,7691.7444000000005,5979.802,winter,day2,16
2025-02-15 17:50:00,6314.8584,6104.379,winter,day2,16
2025-02-15 17:55:00,6229.6524,6133.605,winter,day2,16
2025-02-15 18:00:00,6089.13,6558.042,winter,day2,16
2025-02-15 18:05:00,9879.4008,8512.666,winter,day2,16
2025-02-15 18:10:00,11469.4416,9430.127,winter,day2,16
2025-02-15 18:15:00,11986.0548,9170.789,winter,day2,16
2025-02-15 18:20:00,7759.8924,6777.668,winter,day2,16
2025-02-15 18:25:00,7490.6772,6013.8926,winter,day2,16
2025-02-15 18:30:00,7945.158,6008.8867,winter,day2,16
2025-02-15 18:35:00,9408.1236,5858.826,winter,day2,16
2025-02-15 18:40:00,7508.767199999999,5912.6577,winter,day2,16
2025-02-15 18:45:00,6825.6216,5841.577,winter,day2,16
2025-02-15 18:50:00,5278.8432,5792.0293,winter,day2,16
2025-02-15 18:55:00,4547.1072,5713.804,winter,day2,16
2025-02-15 19:00:00,4536.4968,5668.1733,winter,day2,16
2025-02-15 19:05:00,4995.2388,5599.5103,winter,day2,16
2025-02-15 19:10:00,7088.988,5556.299,winter,day2,16
2025-02-15 19:15:00,5754.777599999999,5469.7466,winter,day2,16
2025-02-15 19:20:00,5796.762000000001,5365.125,winter,day2,16
2025-02-15 19:25:00,4289.941199999999,5293.927,winter,day2,16
2025-02-15 19:30:00,4289.2919999999995,5180.374,winter,day2,16
2025-02-15 19:35:00,4805.046,5105.3735,winter,day2,16
2025-02-15 19:40:00,4305.5568,5013.0205,winter,day2,16
2025-02-15 19:45:00,4204.6836,4893.628,winter,day2,16
2025-02-15 19:50:00,4491.5136,4785.763,winter,day2,16
2025-02-15 19:55:00,4038.1008,4717.699,winter,day2,16
2025-02-15 20:00:00,4228.7088,4622.7324,winter,day2,16
2025-02-15 20:05:00,4548.522,4564.358,winter,day2,16
2025-02-15 20:10:00,5616.1008,4500.8394,winter,day2,16
2025-02-15 20:15:00,5732.5608,4407.857,winter,day2,16
2025-02-15 20:20:00,3872.2488,4308.7397,winter,day2,16
2025-02-15 20:25:00,3953.9892,4189.1025,winter,day2,16
2025-02-15 20:30:00,3924.7884,4085.509,winter,day2,16
2025-02-15 20:35:00,4385.402400000001,3995.9265,winter,day2,16
2025-02-15 20:40:00,4002.9119999999994,3911.0847,winter,day2,16
2025-02-15 20:45:00,6012.9672,3843.216,winter,day2,16
2025-02-15 20:50:00,5836.6644,3791.3872,winter,day2,16
2025-02-15 20:55:00,4751.3016,3727.3564,winter,day2,16
2025-02-15 21:00:00,4026.8196,3681.8035,winter,day2,16
2025-02-15 21:05:00,3470.2619999999997,3642.6892,winter,day2,16
2025-02-15 21:10:00,3234.0612,3591.7007,winter,day2,16
2025-02-15 21:15:00,2808.1104,3520.6748,winter,day2,16
2025-02-15 21:20:00,2842.9559999999997,3387.1282,winter,day2,16
2025-02-15 21:25:00,2899.9248,3303.278,winter,day2,16
2025-02-15 21:30:00,2940.126,3251.9336,winter,day2,16
2025-02-15 21:35:00,3015.5256,3186.3281,winter,day2,16
2025-02-15 21:40:00,2942.934,3109.4182,winter,day2,16
2025-02-15 21:45:00,3243.2904,3056.8237,winter,day2,16
2025-02-15 21:50:00,3078.7044,2996.9277,winter,day2,16
2025-02-15 21:55:00,2939.5775999999996,2936.1587,winter,day2,16
2025-02-15 22:00:00,2648.214,2865.6558,winter,day2,16
2025-02-15 22:05:00,2525.3544,2801.9277,winter,day2,16
2025-02-15 22:10:00,2470.1268,2749.0693,winter,day2,16
2025-02-15 22:15:00,2454.642,2732.4202,winter,day2,16
2025-02-15 22:20:00,3749.8032,2704.4878,winter,day2,16
2025-02-15 22:25:00,3233.868,2690.1326,winter,day2,16
2025-02-15 22:30:00,2614.3848,2683.526,winter,day2,16
2025-02-15 22:35:00,2474.7624,2676.3286,winter,day2,16
2025-02-15 22:40:00,2493.3743999999997,2647.6274,winter,day2,16
2025-02-15 22:45:00,2640.4103999999998,2642.8984,winter,day2,16
2025-02-15 22:50:00,2646.7583999999997,2640.4993,winter,day2,16
2025-02-15 22:55:00,2626.6344,2639.893,winter,day2,16
2025-02-15 23:00:00,2640.1115999999997,2621.748,winter,day2,16
2025-02-15 23:05:00,2685.4056,2623.1433,winter,day2,16
2025-02-15 23:10:00,2946.2928,2627.744,winter,day2,16
2025-02-15 23:15:00,2753.5404000000003,2626.272,winter,day2,16
2025-02-15 23:20:00,2502.9816,2613.04,winter,day2,16
2025-02-15 23:25:00,2548.0272,2635.8523,winter,day2,16
2025-02-15 23:30:00,2540.3940000000002,2614.8486,winter,day2,16
2025-02-15 23:35:00,2539.1664,2623.831,winter,day2,16
2025-02-15 23:40:00,2457.7032,2625.8867,winter,day2,16
2025-02-15 23:45:00,2438.4072,2627.1885,winter,day2,16
2025-02-15 23:50:00,2441.1,2620.9014,winter,day2,16
2025-02-15 23:55:00,2596.3404,2627.8425,winter,day2,16
2025-12-02 00:00:00,2584.6764,2578.879,winter,day3,21
2025-12-02 00:05:00,2585.208,2576.1448,winter,day3,21
2025-12-02 00:10:00,2589.12,2577.4065,winter,day3,21
2025-12-02 00:15:00,2559.282,2571.5562,winter,day3,21
2025-12-02 00:20:00,2531.1192,2562.5085,winter,day3,21
2025-12-02 00:25:00,2496.3887999999997,2571.212,winter,day3,21
2025-12-02 00:30:00,2486.3280000000004,2573.4,winter,day3,21
2025-12-02 00:35:00,2690.9939999999997,2563.1377,winter,day3,21
2025-12-02 00:40:00,2574.9252,2558.9539,winter,day3,21
2025-12-02 00:45:00,2494.8108,2572.45,winter,day3,21
2025-12-02 00:50:00,2455.4892,2563.6006,winter,day3,21
2025-12-02 00:55:00,2462.4516,2566.8975,winter,day3,21
2025-12-02 01:00:00,2447.6135999999997,2568.394,winter,day3,21
2025-12-02 01:05:00,2474.5703999999996,2568.362,winter,day3,21
2025-12-02 01:10:00,2497.134,2556.6128,winter,day3,21
2025-12-02 01:15:00,2529.6516,2560.5342,winter,day3,21
2025-12-02 01:20:00,2571.4692000000005,2562.6582,winter,day3,21
2025-12-02 01:25:00,2593.9512,2560.75,winter,day3,21
2025-12-02 01:30:00,2562.9576,2566.1328,winter,day3,21
2025-12-02 01:35:00,2498.9148,2567.3413,winter,day3,21
2025-12-02 01:40:00,2532.2592,2555.1694,winter,day3,21
2025-12-02 01:45:00,2671.7832,2569.8044,winter,day3,21
2025-12-02 01:50:00,2719.0872,2575.353,winter,day3,21
2025-12-02 01:55:00,2499.786,2570.9492,winter,day3,21
2025-12-02 02:00:00,2475.3660000000004,2570.4492,winter,day3,21
2025-12-02 02:05:00,2435.1972,2587.9253,winter,day3,21
2025-12-02 02:10:00,2416.3512,2578.2878,winter,day3,21
2025-12-02 02:15:00,2404.0716,2582.6978,winter,day3,21
2025-12-02 02:20:00,2407.6464,2583.9407,winter,day3,21
2025-12-02 02:25:00,2513.4552,2585.1584,winter,day3,21
2025-12-02 02:30:00,2573.7744,2574.8945,winter,day3,21
2025-12-02 02:35:00,2593.4412,2583.805,winter,day3,21
2025-12-02 02:40:00,2579.1264,2582.779,winter,day3,21
2025-12-02 02:45:00,2561.5332000000003,2584.025,winter,day3,21
2025-12-02 02:50:00,2554.6704,2593.476,winter,day3,21
2025-12-02 02:55:00,2680.9188000000004,2594.8237,winter,day3,21
2025-12-02 03:00:00,2821.9284,2587.7217,winter,day3,21
2025-12-02 03:05:00,2529.4788,2598.7964,winter,day3,21
2025-12-02 03:10:00,2450.1108,2605.152,winter,day3,21
2025-12-02 03:15:00,2541.4308,2600.1362,winter,day3,21
2025-12-02 03:20:00,2563.3116,2599.4736,winter,day3,21
2025-12-02 03:25:00,2546.5824000000002,2614.9229,winter,day3,21
2025-12-02 03:30:00,2570.7768,2607.766,winter,day3,21
2025-12-02 03:35:00,2608.5348,2613.0327,winter,day3,21
2025-12-02 03:40:00,2459.814,2611.0042,winter,day3,21
2025-12-02 03:45:00,2487.6552,2614.2583,winter,day3,21
2025-12-02 03:50:00,2492.58,2606.5947,winter,day3,21
2025-12-02 03:55:00,2491.2708,2616.256,winter,day3,21
2025-12-02 04:00:00,2595.0984,2621.7366,winter,day3,21
2025-12-02 04:05:00,2754.0708,2615.8945,winter,day3,21
2025-12-02 04:10:00,2676.1644,2619.1914,winter,day3,21
2025-12-02 04:15:00,2469.6984,2623.6719,winter,day3,21
2025-12-02 04:20:00,2466.5412,2608.4233,winter,day3,21
2025-12-02 04:25:00,2462.928,2623.0708,winter,day3,21
2025-12-02 04:30:00,2440.3848000000003,2632.169,winter,day3,21
2025-12-02 04:35:00,2441.0292,2628.759,winter,day3,21
2025-12-02 04:40:00,2483.6016,2627.1191,winter,day3,21
2025-12-02 04:45:00,2476.2864,2648.0127,winter,day3,21
2025-12-02 04:50:00,2476.3128,2635.099,winter,day3,21
2025-12-02 04:55:00,2498.7888,2642.996,winter,day3,21
2025-12-02 05:00:00,2523.3660000000004,2645.8176,winter,day3,21
2025-12-02 05:05:00,2492.9892,2645.811,winter,day3,21
2025-12-02 05:10:00,2602.7760000000003,2634.6052,winter,day3,21
2025-12-02 05:15:00,2801.0388,2641.8105,winter,day3,21
2025-12-02 05:20:00,2673.4776,2667.2527,winter,day3,21
2025-12-02 05:25:00,2574.0732,2650.4338,winter,day3,21
2025-12-02 05:30:00,2596.2648,2638.0688,winter,day3,21
2025-12-02 05:35:00,2568.6384,2669.492,winter,day3,21
2025-12-02 05:40:00,2539.674,2671.28,winter,day3,21
2025-12-02 05:45:00,2670.9276,2701.579,winter,day3,21
2025-12-02 05:50:00,2813.7347999999997,2749.8267,winter,day3,21
2025-12-02 05:55:00,2841.3156,2832.992,winter,day3,21
2025-12-02 06:00:00,2828.9052,3014.855,winter,day3,21
2025-12-02 06:05:00,3314.8008,3273.774,winter,day3,21
2025-12-02 06:10:00,3381.696,3428.33,winter,day3,21
2025-12-02 06:15:00,3469.9020000000005,3514.529,winter,day3,21
2025-12-02 06:20:00,3127.2312,3524.88,winter,day3,21
2025-12-02 06:25:00,3247.2599999999998,3472.0784,winter,day3,21
2025-12-02 06:30:00,3546.2699999999995,3488.663,winter,day3,21
2025-12-02 06:35:00,3619.1964,3542.004,winter,day3,21
2025-12-02 06:40:00,3879.7032,3619.2622,winter,day3,21
2025-12-02 06:45:00,3268.986,3707.056,winter,day3,21
2025-12-02 06:50:00,3886.7904000000003,3776.5898,winter,day3,21
2025-12-02 06:55:00,3782.0352,3838.1255,winter,day3,21
2025-12-02 07:00:00,3783.4752,3942.7844,winter,day3,21
2025-12-02 07:05:00,3802.332,3951.0586,winter,day3,21
2025-12-02 07:10:00,3549.6432,4003.3416,winter,day3,21
2025-12-02 07:15:00,4389.8184,4070.057,winter,day3,21
2025-12-02 07:20:00,3724.4375999999997,4452.372,winter,day3,21
2025-12-02 07:25:00,3420.7776,4723.061,winter,day3,21
2025-12-02 07:30:00,3205.5792,5384.848,winter,day3,21
2025-12-02 07:35:00,10705.3956,5961.586,winter,day3,21
2025-12-02 07:40:00,10067.283599999999,7723.7573,winter,day3,21
2025-12-02 07:45:00,7560.3408,7207.5215,winter,day3,21
2025-12-02 07:50:00,4807.704,6289.7266,winter,day3,21
2025-12-02 07:55:00,4616.5488,5641.9434,winter,day3,21
2025-12-02 08:00:00,4571.3387999999995,5351.9546,winter,day3,21
2025-12-02 08:05:00,4221.3384,5315.87,winter,day3,21
2025-12-02 08:10:00,4044.636,5290.3022,winter,day3,21
2025-12-02 08:15:00,4346.2464,5302.464,winter,day3,21
2025-12-02 08:20:00,4628.1012,5256.8833,winter,day3,21
2025-12-02 08:25:00,3938.0112,5224.505,winter,day3,21
2025-12-02 08:30:00,4449.6516,5202.131,winter,day3,21
2025-12-02 08:35:00,4098.3972,5182.0156,winter,day3,21
2025-12-02 08:40:00,4391.9016,5211.8,winter,day3,21
2025-12-02 08:45:00,4145.3616,5193.0566,winter,day3,21
2025-12-02 08:50:00,4601.3772,5174.6045,winter,day3,21
2025-12-02 08:55:00,3736.4676,5142.813,winter,day3,21
2025-12-02 09:00:00,3649.4195999999997,5143.956,winter,day3,21
2025-12-02 09:05:00,3287.7876000000006,5155.881,winter,day3,21
2025-12-02 09:10:00,3704.5728000000004,5154.453,winter,day3,21
2025-12-02 09:15:00,3636.1944000000003,5145.5225,winter,day3,21
2025-12-02 09:20:00,3402.618,4994.2456,winter,day3,21
2025-12-02 09:25:00,3828.1452,4953.452,winter,day3,21
2025-12-02 09:30:00,4100.364,4940.4546,winter,day3,21
2025-12-02 09:35:00,5915.7228000000005,4909.591,winter,day3,21
2025-12-02 09:40:00,5611.8984,4901.248,winter,day3,21
2025-12-02 09:45:00,6284.7444000000005,4900.165,winter,day3,21
2025-12-02 09:50:00,5128.0464,4913.31,winter,day3,21
2025-12-02 09:55:00,3856.9595999999997,4950.868,winter,day3,21
2025-12-02 10:00:00,3329.1684,5025.544,winter,day3,21
2025-12-02 10:05:00,3522.4547999999995,5095.908,winter,day3,21
2025-12-02 10:10:00,4173.559200000001,5130.815,winter,day3,21
2025-12-02 10:15:00,3471.6612,5122.702,winter,day3,21
2025-12-02 10:20:00,3522.942,5099.131,winter,day3,21
2025-12-02 10:25:00,4584.6348,5078.0996,winter,day3,21
2025-12-02 10:30:00,3909.4919999999997,5022.0176,winter,day3,21
2025-12-02 10:35:00,3484.4916,5010.4077,winter,day3,21
2025-12-02 10:40:00,3428.1732,4970.074,winter,day3,21
2025-12-02 10:45:00,3359.4804000000004,4967.6104,winter,day3,21
2025-12-02 10:50:00,3126.1104,4993.7686,winter,day3,21
2025-12-02 10:55:00,3711.8604,5007.79,winter,day3,21
2025-12-02 11:00:00,5273.270399999999,4975.36,winter,day3,21
2025-12-02 11:05:00,4952.9976,4935.6704,winter,day3,21
2025-12-02 11:10:00,5216.586,4899.637,winter,day3,21
2025-12-02 11:15:00,3273.0155999999997,4861.3677,winter,day3,21
2025-12-02 11:20:00,3135.8532,4822.991,winter,day3,21
2025-12-02 11:25:00,3062.5092,4771.006,winter,day3,21
2025-12-02 11:30:00,3240.69,4716.5024,winter,day3,21
2025-12-02 11:35:00,3230.982,4686.9966,winter,day3,21
2025-12-02 11:40:00,3260.3904,4693.734,winter,day3,21
2025-12-02 11:45:00,3225.2184,4674.62,winter,day3,21
2025-12-02 11:50:00,3921.918,4627.232,winter,day3,21
2025-12-02 11:55:00,3512.7203999999997,4647.47,winter,day3,21
2025-12-02 12:00:00,4808.245199999999,4554.802,winter,day3,21
2025-12-02 12:05:00,3658.2396,4521.055,winter,day3,21
2025-12-02 12:10:00,2711.4744,4499.069,winter,day3,21
2025-12-02 12:15:00,2604.3948,4477.755,winter,day3,21
2025-12-02 12:20:00,2801.2212,4461.116,winter,day3,21
2025-12-02 12:25:00,2865.6012,4424.5757,winter,day3,21
2025-12-02 12:30:00,2542.9548000000004,4398.644,winter,day3,21
2025-12-02 12:35:00,2481.0984,4418.074,winter,day3,21
2025-12-02 12:40:00,2771.0076,4416.15,winter,day3,21
2025-12-02 12:45:00,2348.0148,4406.6704,winter,day3,21
2025-12-02 12:50:00,2308.3548,4372.1055,winter,day3,21
2025-12-02 12:55:00,3027.4595999999997,4357.975,winter,day3,21
2025-12-02 13:00:00,3510.2940000000003,4337.1655,winter,day3,21
2025-12-02 13:05:00,2609.2752,4305.76,winter,day3,21
2025-12-02 13:10:00,2433.036,4261.997,winter,day3,21
2025-12-02 13:15:00,2345.9052,4242.132,winter,day3,21
2025-12-02 13:20:00,2655.876,4112.423,winter,day3,21
2025-12-02 13:25:00,2783.5164,4058.4817,winter,day3,21
2025-12-02 13:30:00,2350.638,4025.434,winter,day3,21
2025-12-02 13:35:00,2416.8804,3984.651,winter,day3,21
2025-12-02 13:40:00,2738.5032,3973.316,winter,day3,21
2025-12-02 13:45:00,2698.3332,3976.6167,winter,day3,21
2025-12-02 13:50:00,3171.6468,4007.5051,winter,day3,21
2025-12-02 13:55:00,2537.556,4031.7646,winter,day3,21
2025-12-02 14:00:00,3734.082,4068.8936,winter,day3,21
2025-12-02 14:05:00,3048.7907999999998,4113.1016,winter,day3,21
2025-12-02 14:10:00,2487.3120000000004,4098.056,winter,day3,21
2025-12-02 14:15:00,2934.0072,4089.9834,winter,day3,21
2025-12-02 14:20:00,2624.2871999999998,4081.8147,winter,day3,21
2025-12-02 14:25:00,2740.02,4051.1736,winter,day3,21
2025-12-02 14:30:00,4219.794,4027.6824,winter,day3,21
2025-12-02 14:35:00,2654.328,4052.6816,winter,day3,21
2025-12-02 14:40:00,2405.3988,4170.887,winter,day3,21
2025-12-02 14:45:00,2550.5124,4316.021,winter,day3,21
2025-12-02 14:50:00,2943.7871999999998,4433.523,winter,day3,21
2025-12-02 14:55:00,3097.4543999999996,4512.073,winter,day3,21
2025-12-02 15:00:00,3536.3184,4609.359,winter,day3,21
2025-12-02 15:05:00,3761.1816,4649.5225,winter,day3,21
2025-12-02 15:10:00,5736.9144,4726.463,winter,day3,21
2025-12-02 15:15:00,3531.6684,4806.524,winter,day3,21
2025-12-02 15:20:00,3434.8368,4876.6514,winter,day3,21
2025-12-02 15:25:00,4197.5772,4957.965,winter,day3,21
2025-12-02 15:30:00,3837.726,4987.283,winter,day3,21
2025-12-02 15:35:00,3723.4392,5049.5264,winter,day3,21
2025-12-02 15:40:00,4281.906,5107.2637,winter,day3,21
2025-12-02 15:45:00,4808.8788,5134.8164,winter,day3,21
2025-12-02 15:50:00,8003.0748,5154.6074,winter,day3,21
2025-12-02 15:55:00,10921.180799999998,5214.3633,winter,day3,21
2025-12-02 16:00:00,7045.9512,5448.1406,winter,day3,21
2025-12-02 16:05:00,5442.3348,5493.731,winter,day3,21
2025-12-02 16:10:00,4902.6432,5530.509,winter,day3,21
2025-12-02 16:15:00,5564.142,5577.742,winter,day3,21
2025-12-02 16:20:00,5172.030000000001,5564.477,winter,day3,21
2025-12-02 16:25:00,4569.3876,5585.424,winter,day3,21
2025-12-02 16:30:00,6030.306,5602.545,winter,day3,21
2025-12-02 16:35:00,4963.482,5597.1025,winter,day3,21
2025-12-02 16:40:00,4907.358,5661.544,winter,day3,21
2025-12-02 16:45:00,4758.9276,5652.588,winter,day3,21
2025-12-02 16:50:00,5014.9980000000005,5653.5234,winter,day3,21
2025-12-02 16:55:00,4404.9828,5653.1743,winter,day3,21
2025-12-02 17:00:00,4670.3988,5675.944,winter,day3,21
2025-12-02 17:05:00,5168.3315999999995,5684.534,winter,day3,21
2025-12-02 17:10:00,5390.0964,5691.38,winter,day3,21
2025-12-02 17:15:00,6159.0216,5647.385,winter,day3,21
2025-12-02 17:20:00,4260.8243999999995,5819.626,winter,day3,21
2025-12-02 17:25:00,5884.4256000000005,5802.553,winter,day3,21
2025-12-02 17:30:00,4307.7312,5818.6895,winter,day3,21
2025-12-02 17:35:00,4909.2768,5764.558,winter,day3,21
2025-12-02 17:40:00,4737.6744,5828.879,winter,day3,21
2025-12-02 17:45:00,4368.9684,5840.9834,winter,day3,21
2025-12-02 17:50:00,4411.5156,5843.0117,winter,day3,21
2025-12-02 17:55:00,5227.368,6075.5303,winter,day3,21
2025-12-02 18:00:00,5888.1816,6691.7686,winter,day3,21
2025-12-02 18:05:00,9812.7636,7663.0986,winter,day3,21
2025-12-02 18:10:00,11284.710000000001,8820.875,winter,day3,21
2025-12-02 18:15:00,11618.9928,9216.189,winter,day3,21
2025-12-02 18:20:00,10094.826,8921.469,winter,day3,21
2025-12-02 18:25:00,10502.1132,8299.496,winter,day3,21
2025-12-02 18:30:00,12101.6124,8172.3525,winter,day3,21
2025-12-02 18:35:00,9531.9984,7925.7915,winter,day3,21
2025-12-02 18:40:00,10680.1812,8093.459,winter,day3,21
2025-12-02 18:45:00,12144.138,7807.02,winter,day3,21
2025-12-02 18:50:00,7109.723999999999,7719.8555,winter,day3,21
2025-12-02 18:55:00,7418.1972000000005,7783.699,winter,day3,21
2025-12-02 19:00:00,7708.2648,7769.55,winter,day3,21
2025-12-02 19:05:00,9314.2776,7589.871,winter,day3,21
2025-12-02 19:10:00,9864.9504,7489.077,winter,day3,21
2025-12-02 19:15:00,8999.8596,6923.396,winter,day3,21
2025-12-02 19:20:00,6535.7339999999995,5454.2715,winter,day3,21
2025-12-02 19:25:00,4100.412,4776.1987,winter,day3,21
2025-12-02 19:30:00,4550.5188,4453.2803,winter,day3,21
2025-12-02 19:35:00,4494.7788,4276.8857,winter,day3,21
2025-12-02 19:40:00,3748.4796,4201.7397,winter,day3,21
2025-12-02 19:45:00,5512.9872000000005,4180.388,winter,day3,21
2025-12-02 19:50:00,3661.0932000000003,4149.765,winter,day3,21
2025-12-02 19:55:00,3563.4252,4088.6982,winter,day3,21
2025-12-02 20:00:00,3712.278,4056.178,winter,day3,21
2025-12-02 20:05:00,3904.3032,4004.1587,winter,day3,21
2025-12-02 20:10:00,4927.479600000001,3962.3225,winter,day3,21
2025-12-02 20:15:00,3493.1376000000005,3910.7092,winter,day3,21
2025-12-02 20:20:00,3690.5063999999998,3852.0784,winter,day3,21
2025-12-02 20:25:00,5000.07,3791.7793,winter,day3,21
2025-12-02 20:30:00,3994.9392,3743.6082,winter,day3,21
2025-12-02 20:35:00,3530.514,3708.644,winter,day3,21
2025-12-02 20:40:00,4586.4767999999995,3676.544,winter,day3,21
2025-12-02 20:45:00,3391.0656000000004,3635.0688,winter,day3,21
2025-12-02 20:50:00,3483.6696,3553.4307,winter,day3,21
2025-12-02 20:55:00,3330.3588000000004,3485.3936,winter,day3,21
2025-12-02 21:00:00,3306.4811999999997,3396.6074,winter,day3,21
2025-12-02 21:05:00,3287.6268000000005,3332.2744,winter,day3,21
2025-12-02 21:10:00,3172.2275999999997,3265.0308,winter,day3,21
2025-12-02 21:15:00,3150.8544,3166.692,winter,day3,21
2025-12-02 21:20:00,3292.8588000000004,2876.8203,winter,day3,21
2025-12-02 21:25:00,3413.5824000000002,2786.349,winter,day3,21
2025-12-02 21:30:00,3162.7932,2691.582,winter,day3,21
2025-12-02 21:35:00,2532.1032,2638.1184,winter,day3,21
2025-12-02 21:40:00,2470.866,2586.0771,winter,day3,21
2025-12-02 21:45:00,2432.8896,2584.4636,winter,day3,21
2025-12-02 21:50:00,2435.016,2568.9268,winter,day3,21
2025-12-02 21:55:00,2388.636,2569.9321,winter,day3,21
2025-12-02 22:00:00,2384.8104,2580.9414,winter,day3,21
2025-12-02 22:05:00,2335.4088,2587.7217,winter,day3,21
2025-12-02 22:10:00,2418.3408,2580.2227,winter,day3,21
2025-12-02 22:15:00,2474.7095999999997,2579.4802,winter,day3,21
2025-12-02 22:20:00,2393.5464,2573.1782,winter,day3,21
2025-12-02 22:25:00,2419.8024,2571.434,winter,day3,21
2025-12-02 22:30:00,2450.4492,2569.8206,winter,day3,21
2025-12-02 22:35:00,2568.1416,2555.526,winter,day3,21
2025-12-02 22:40:00,2598.1284,2533.5933,winter,day3,21
2025-12-02 22:45:00,2508.744,2529.079,winter,day3,21
2025-12-02 22:50:00,2466.5652,2537.5386,winter,day3,21
2025-12-02 22:55:00,2458.7472,2547.3105,winter,day3,21
2025-12-02 23:00:00,2433.3815999999997,2533.3218,winter,day3,21
2025-12-02 23:05:00,2410.7076,2542.2646,winter,day3,21
2025-12-02 23:10:00,2413.4472,2549.713,winter,day3,21
2025-12-02 23:15:00,2412.6312000000003,2550.415,winter,day3,21
2025-12-02 23:20:00,2454.2844,2544.9473,winter,day3,21
2025-12-02 23:25:00,2464.9236,2575.871,winter,day3,21
2025-12-02 23:30:00,2458.1592,2566.2202,winter,day3,21
2025-12-02 23:35:00,2471.8356,2582.5217,winter,day3,21
2025-12-02 23:40:00,2516.2943999999998,2586.6792,winter,day3,21
2025-12-02 23:45:00,2607.6972,2592.7222,winter,day3,21
2025-12-02 23:50:00,2705.5236,2585.7346,winter,day3,21
2025-12-02 23:55:00,2556.8328,2601.0168,winter,day3,21
2025-12-16 00:00:00,2537.6531999999997,2478.7651,winter,day4,21
2025-12-16 00:05:00,2463.0612,2482.7866,winter,day4,21
2025-12-16 00:10:00,2478.9552,2492.1982,winter,day4,21
2025-12-16 00:15:00,2475.5952,2495.944,winter,day4,21
2025-12-16 00:20:00,2526.93,2492.7603,winter,day4,21
2025-12-16 00:25:00,2661.3804,2506.7646,winter,day4,21
2025-12-16 00:30:00,2497.9211999999998,2512.7349,winter,day4,21
2025-12-16 00:35:00,2512.8108,2510.983,winter,day4,21
2025-12-16 00:40:00,2480.7372,2508.9265,winter,day4,21
2025-12-16 00:45:00,2447.2524,2520.8508,winter,day4,21
2025-12-16 00:50:00,2428.0188000000003,2513.008,winter,day4,21
2025-12-16 00:55:00,2469.3876,2513.916,winter,day4,21
2025-12-16 01:00:00,2464.098,2508.13,winter,day4,21
2025-12-16 01:05:00,2487.9096,2506.7598,winter,day4,21
2025-12-16 01:10:00,2482.6068,2497.3218,winter,day4,21
2025-12-16 01:15:00,2474.6244,2503.5618,winter,day4,21
2025-12-16 01:20:00,2426.1996,2496.9958,winter,day4,21
2025-12-16 01:25:00,2422.1484,2499.3335,winter,day4,21
2025-12-16 01:30:00,2423.5595999999996,2506.5684,winter,day4,21
2025-12-16 01:35:00,2611.6068000000005,2508.2988,winter,day4,21
2025-12-16 01:40:00,2671.5756,2500.3352,winter,day4,21
2025-12-16 01:45:00,2519.8584,2510.463,winter,day4,21
2025-12-16 01:50:00,2502.0,2512.503,winter,day4,21
2025-12-16 01:55:00,2512.4988,2503.522,winter,day4,21
2025-12-16 02:00:00,2486.046,2495.4556,winter,day4,21
2025-12-16 02:05:00,2490.7403999999997,2503.6074,winter,day4,21
2025-12-16 02:10:00,2474.5836,2493.769,winter,day4,21
2025-12-16 02:15:00,2457.4428,2499.4592,winter,day4,21
2025-12-16 02:20:00,2506.3812,2499.8535,winter,day4,21
2025-12-16 02:25:00,2499.4668,2506.458,winter,day4,21
2025-12-16 02:30:00,2483.6232,2501.9185,winter,day4,21
2025-12-16 02:35:00,2487.9108,2511.4111,winter,day4,21
2025-12-16 02:40:00,2523.3455999999996,2503.8564,winter,day4,21
2025-12-16 02:45:00,2520.9156000000003,2506.424,winter,day4,21
2025-12-16 02:50:00,2706.6036,2512.0046,winter,day4,21
2025-12-16 02:55:00,2766.4248,2509.516,winter,day4,21
2025-12-16 03:00:00,2290.1076000000003,2495.7197,winter,day4,21
2025-12-16 03:05:00,2421.8496,2507.251,winter,day4,21
2025-12-16 03:10:00,2512.548,2510.2588,winter,day4,21
2025-12-16 03:15:00,2539.3104,2502.6902,winter,day4,21
2025-12-16 03:20:00,2553.546,2501.0562,winter,day4,21
2025-12-16 03:25:00,2564.2932,2516.5215,winter,day4,21
2025-12-16 03:30:00,2555.55,2510.3076,winter,day4,21
2025-12-16 03:35:00,2529.3684000000003,2517.6052,winter,day4,21
2025-12-16 03:40:00,2524.3296,2517.226,winter,day4,21
2025-12-16 03:45:00,2553.1776,2523.2666,winter,day4,21
2025-12-16 03:50:00,2598.0492,2516.8857,winter,day4,21
2025-12-16 03:55:00,2610.4031999999997,2524.7446,winter,day4,21
2025-12-16 04:00:00,2672.9664000000002,2531.1672,winter,day4,21
2025-12-16 04:05:00,2769.1476,2527.7166,winter,day4,21
2025-12-16 04:10:00,2510.9796,2528.8188,winter,day4,21
2025-12-16 04:15:00,2513.3496,2525.838,winter,day4,21
2025-12-16 04:20:00,2461.6572,2507.4604,winter,day4,21
2025-12-16 04:25:00,2454.2832000000003,2519.0383,winter,day4,21
2025-12-16 04:30:00,2431.9415999999997,2524.9214,winter,day4,21
2025-12-16 04:35:00,2428.5168000000003,2521.5562,winter,day4,21
2025-12-16 04:40:00,2429.9412,2520.2378,winter,day4,21
2025-12-16 04:45:00,2432.2812,2539.4,winter,day4,21
2025-12-16 04:50:00,2449.4688,2532.5974,winter,day4,21
2025-12-16 04:55:00,2473.9968,2541.6,winter,day4,21
2025-12-16 05:00:00,2527.7064,2543.4607,winter,day4,21
2025-12-16 05:05:00,2551.5227999999997,2544.4546,winter,day4,21
2025-12-16 05:10:00,2566.3548,2534.9075,winter,day4,21
2025-12-16 05:15:00,2722.0716,2547.8962,winter,day4,21
2025-12-16 05:20:00,2673.9900000000002,2560.9583,winter,day4,21
2025-12-16 05:25:00,2507.898,2550.0352,winter,day4,21
2025-12-16 05:30:00,2523.1512000000002,2560.2842,winter,day4,21
2025-12-16 05:35:00,2549.0676,2574.834,winter,day4,21
2025-12-16 05:40:00,2525.4012,2572.5115,winter,day4,21
2025-12-16 05:45:00,2511.8568,2601.486,winter,day4,21
2025-12-16 05:50:00,2513.7456,2638.601,winter,day4,21
2025-12-16 05:55:00,2576.892,2686.87,winter,day4,21
2025-12-16 06:00:00,3618.0396,2773.4434,winter,day4,21
2025-12-16 06:05:00,3193.9272,2897.443,winter,day4,21
2025-12-16 06:10:00,3056.322,2966.3003,winter,day4,21
2025-12-16 06:15:00,3188.802,3016.454,winter,day4,21
2025-12-16 06:20:00,3320.8584,3085.4587,winter,day4,21
2025-12-16 06:25:00,3678.6936,3099.0417,winter,day4,21
2025-12-16 06:30:00,3141.4139999999998,3128.1978,winter,day4,21
2025-12-16 06:35:00,3588.9756,3171.3977,winter,day4,21
2025-12-16 06:40:00,3585.9936000000002,3267.3237,winter,day4,21
2025-12-16 06:45:00,3242.9543999999996,3245.477,winter,day4,21
2025-12-16 06:50:00,3911.3903999999993,3229.5198,winter,day4,21
2025-12-16 06:55:00,3752.6135999999997,3241.4143,winter,day4,21
2025-12-16 07:00:00,3536.4792,3264.1284,winter,day4,21
2025-12-16 07:05:00,3213.9744,3386.2998,winter,day4,21
2025-12-16 07:10:00,3840.2915999999996,3502.9653,winter,day4,21
2025-12-16 07:15:00,3452.256,3680.3833,winter,day4,21
2025-12-16 07:20:00,4289.8572,3950.0232,winter,day4,21
2025-12-16 07:25:00,3764.9388,4191.3574,winter,day4,21
2025-12-16 07:30:00,3594.4968,4723.42,winter,day4,21
2025-12-16 07:35:00,8889.6912,6008.0566,winter,day4,21
2025-12-16 07:40:00,13350.6684,6463.4917,winter,day4,21
2025-12-16 07:45:00,8135.238,5999.13,winter,day4,21
2025-12-16 07:50:00,7084.504800000001,5565.0684,winter,day4,21
2025-12-16 07:55:00,7205.719200000001,5311.9336,winter,day4,21
2025-12-16 08:00:00,5879.8068,4986.061,winter,day4,21
2025-12-16 08:05:00,4666.3068,4864.022,winter,day4,21
2025-12-16 08:10:00,4394.0808,4807.4175,winter,day4,21
2025-12-16 08:15:00,5070.0396,4796.515,winter,day4,21
2025-12-16 08:20:00,5125.4232,4774.16,winter,day4,21
2025-12-16 08:25:00,4303.0656,4757.502,winter,day4,21
2025-12-16 08:30:00,4704.1788,4758.4814,winter,day4,21
2025-12-16 08:35:00,4075.7591999999995,4756.4077,winter,day4,21
2025-12-16 08:40:00,5405.31,4755.45,winter,day4,21
2025-12-16 08:45:00,4404.897599999999,4761.173,winter,day4,21
2025-12-16 08:50:00,4950.6528,4747.8613,winter,day4,21
2025-12-16 08:55:00,6181.3092,4753.8916,winter,day4,21
2025-12-16 09:00:00,7122.306,4775.406,winter,day4,21
2025-12-16 09:05:00,6685.9908,4771.9814,winter,day4,21
2025-12-16 09:10:00,5233.7771999999995,4746.1143,winter,day4,21
2025-12-16 09:15:00,4153.1268,4750.701,winter,day4,21
2025-12-16 09:20:00,4161.3144,4729.9263,winter,day4,21
2025-12-16 09:25:00,4026.3971999999994,4696.7734,winter,day4,21
2025-12-16 09:30:00,5052.306,4721.3096,winter,day4,21
2025-12-16 09:35:00,4094.2668,4713.498,winter,day4,21
2025-12-16 09:40:00,4127.8476,4708.437,winter,day4,21
2025-12-16 09:45:00,4505.4204,4729.176,winter,day4,21
2025-12-16 09:50:00,4041.7356,4724.803,winter,day4,21
2025-12-16 09:55:00,4273.462799999999,4712.2905,winter,day4,21
2025-12-16 10:00:00,4452.0552,4714.9307,winter,day4,21
2025-12-16 10:05:00,4339.7004,4726.0933,winter,day4,21
2025-12-16 10:10:00,4576.8612,4726.9634,winter,day4,21
2025-12-16 10:15:00,4096.518,4688.4746,winter,day4,21
2025-12-16 10:20:00,4990.0284,4683.3994,winter,day4,21
2025-12-16 10:25:00,4283.2356,4678.566,winter,day4,21
2025-12-16 10:30:00,4198.0848,4669.2314,winter,day4,21
2025-12-16 10:35:00,4275.766799999999,4644.978,winter,day4,21
2025-12-16 10:40:00,4266.4704,4615.0635,winter,day4,21
2025-12-16 10:45:00,4146.7356,4606.408,winter,day4,21
2025-12-16 10:50:00,4051.476,4590.5356,winter,day4,21
2025-12-16 10:55:00,4008.6924,4567.433,winter,day4,21
2025-12-16 11:00:00,3833.4636,4531.978,winter,day4,21
2025-12-16 11:05:00,3885.5519999999997,4508.42,winter,day4,21
2025-12-16 11:10:00,4982.191199999999,4450.2188,winter,day4,21
2025-12-16 11:15:00,4509.4524,4418.6636,winter,day4,21
2025-12-16 11:20:00,5283.576,4361.111,winter,day4,21
2025-12-16 11:25:00,5901.5736,4313.0386,winter,day4,21
2025-12-16 11:30:00,4369.2048,4280.6284,winter,day4,21
2025-12-16 11:35:00,3914.8235999999997,4254.306,winter,day4,21
2025-12-16 11:40:00,3608.1084,4258.983,winter,day4,21
2025-12-16 11:45:00,3877.2612,4253.371,winter,day4,21
2025-12-16 11:50:00,4029.2700000000004,4230.1123,winter,day4,21
2025-12-16 11:55:00,3742.668,4240.9663,winter,day4,21
2025-12-16 12:00:00,6038.3544,4177.3525,winter,day4,21
2025-12-16 12:05:00,4067.7383999999997,4194.7163,winter,day4,21
2025-12-16 12:10:00,4482.716399999999,4186.9297,winter,day4,21
2025-12-16 12:15:00,3729.8424,4139.856,winter,day4,21
2025-12-16 12:20:00,3680.1672,4126.135,winter,day4,21
2025-12-16 12:25:00,3748.7160000000003,4100.9995,winter,day4,21
2025-12-16 12:30:00,4284.1068,4060.4102,winter,day4,21
2025-12-16 12:35:00,3777.2724000000003,4043.3044,winter,day4,21
2025-12-16 12:40:00,4806.6084,4029.5671,winter,day4,21
2025-12-16 12:45:00,4121.4264,4005.1316,winter,day4,21
2025-12-16 12:50:00,3663.7932,3993.7395,winter,day4,21
2025-12-16 12:55:00,3641.1803999999997,3974.4202,winter,day4,21
2025-12-16 13:00:00,4079.0616,3961.028,winter,day4,21
2025-12-16 13:05:00,5389.7448,3929.0222,winter,day4,21
2025-12-16 13:10:00,4180.530000000001,3910.2612,winter,day4,21
2025-12-16 13:15:00,3867.5292,3875.8147,winter,day4,21
2025-12-16 13:20:00,3947.0832,3812.0208,winter,day4,21
2025-12-16 13:25:00,4291.2084,3785.6304,winter,day4,21
2025-12-16 13:30:00,3750.8556,3794.771,winter,day4,21
2025-12-16 13:35:00,3951.222,3785.9788,winter,day4,21
2025-12-16 13:40:00,3920.4024,3791.3433,winter,day4,21
2025-12-16 13:45:00,3324.2484000000004,3818.2842,winter,day4,21
2025-12-16 13:50:00,3828.1944000000003,3862.655,winter,day4,21
2025-12-16 13:55:00,3311.3136,3907.2239,winter,day4,21
2025-12-16 14:00:00,3627.4115999999995,3963.0105,winter,day4,21
2025-12-16 14:05:00,3714.8712,4022.9639,winter,day4,21
2025-12-16 14:10:00,4166.5199999999995,4070.2888,winter,day4,21
2025-12-16 14:15:00,3917.3808000000004,4099.762,winter,day4,21
2025-12-16 14:20:00,5278.9044,4121.434,winter,day4,21
2025-12-16 14:25:00,3564.9252,4138.2373,winter,day4,21
2025-12-16 14:30:00,3410.8896,4157.354,winter,day4,21
2025-12-16 14:35:00,3794.142,4212.552,winter,day4,21
2025-12-16 14:40:00,4064.0759999999996,4304.357,winter,day4,21
2025-12-16 14:45:00,4060.0187999999994,4392.46,winter,day4,21
2025-12-16 14:50:00,5638.8264,4473.2773,winter,day4,21
2025-12-16 14:55:00,4045.8311999999996,4549.6475,winter,day4,21
2025-12-16 15:00:00,5577.5988,4644.001,winter,day4,21
2025-12-16 15:05:00,5338.7663999999995,4741.545,winter,day4,21
2025-12-16 15:10:00,4601.8332,4814.994,winter,day4,21
2025-12-16 15:15:00,4514.3004,4898.013,winter,day4,21
2025-12-16 15:20:00,4651.674000000001,4951.695,winter,day4,21
2025-12-16 15:25:00,4688.780400000001,5024.897,winter,day4,21
2025-12-16 15:30:00,5018.646,5073.565,winter,day4,21
2025-12-16 15:35:00,4649.3124,5135.826,winter,day4,21
2025-12-16 15:40:00,5036.8956,5243.8066,winter,day4,21
2025-12-16 15:45:00,6101.222400000001,5346.272,winter,day4,21
2025-12-16 15:50:00,5310.1344,5408.3022,winter,day4,21
2025-12-16 15:55:00,5578.8444,5450.905,winter,day4,21
2025-12-16 16:00:00,6418.926,5680.3438,winter,day4,21
2025-12-16 16:05:00,6934.9872000000005,5766.593,winter,day4,21
2025-12-16 16:10:00,5723.4084,5851.127,winter,day4,21
2025-12-16 16:15:00,6220.02,5854.923,winter,day4,21
2025-12-16 16:20:00,6189.9816,5831.658,winter,day4,21
2025-12-16 16:25:00,8523.5976,5845.1143,winter,day4,21
2025-12-16 16:30:00,6921.2136,5840.957,winter,day4,21
2025-12-16 16:35:00,6369.4176,5857.979,winter,day4,21
2025-12-16 16:40:00,5543.4936,5921.3193,winter,day4,21
2025-12-16 16:45:00,5541.312,5906.9795,winter,day4,21
2025-12-16 16:50:00,6021.54,5928.872,winter,day4,21
2025-12-16 16:55:00,5594.2212,5914.0303,winter,day4,21
2025-12-16 17:00:00,5404.383599999999,5933.366,winter,day4,21
2025-12-16 17:05:00,5644.6044,5941.5605,winter,day4,21
2025-12-16 17:10:00,5346.6396,5915.4053,winter,day4,21
2025-12-16 17:15:00,5382.9756,5854.0674,winter,day4,21
2025-12-16 17:20:00,5437.419599999999,5545.0396,winter,day4,21
2025-12-16 17:25:00,5168.364,5399.1226,winter,day4,21
2025-12-16 17:30:00,4849.17,5473.6694,winter,day4,21
2025-12-16 17:35:00,4824.846,5336.4985,winter,day4,21
2025-12-16 17:40:00,4795.218,5387.7764,winter,day4,21
2025-12-16 17:45:00,4838.4264,5437.683,winter,day4,21
2025-12-16 17:50:00,5375.1948,5738.7207,winter,day4,21
2025-12-16 17:55:00,6129.4152,5875.404,winter,day4,21
2025-12-16 18:00:00,7022.948399999999,6416.09,winter,day4,21
2025-12-16 18:05:00,9322.598399999999,8234.262,winter,day4,21
2025-12-16 18:10:00,12304.332,9874.176,winter,day4,21
2025-12-16 18:15:00,13883.9892,10194.456,winter,day4,21
2025-12-16 18:20:00,10606.9176,9798.415,winter,day4,21
2025-12-16 18:25:00,11033.883600000001,9555.387,winter,day4,21
2025-12-16 18:30:00,10770.066,9561.412,winter,day4,21
2025-12-16 18:35:00,10817.2656,9306.221,winter,day4,21
2025-12-16 18:40:00,10768.5732,9394.879,winter,day4,21
2025-12-16 18:45:00,11083.158,8866.389,winter,day4,21
2025-12-16 18:50:00,10502.316,8495.285,winter,day4,21
2025-12-16 18:55:00,11726.8764,8786.363,winter,day4,21
2025-12-16 19:00:00,9362.4708,9053.077,winter,day4,21
2025-12-16 19:05:00,8939.4012,8849.996,winter,day4,21
2025-12-16 19:10:00,9068.5296,8514.404,winter,day4,21
2025-12-16 19:15:00,10369.382399999999,8572.017,winter,day4,21
2025-12-16 19:20:00,4406.4276,5347.733,winter,day4,21
2025-12-16 19:25:00,4186.9980000000005,4501.812,winter,day4,21
2025-12-16 19:30:00,3759.4103999999998,4461.4854,winter,day4,21
2025-12-16 19:35:00,3591.4980000000005,4387.1284,winter,day4,21
2025-12-16 19:40:00,3997.8432000000003,4269.86,winter,day4,21
2025-12-16 19:45:00,4548.5256,4279.847,winter,day4,21
2025-12-16 19:50:00,3994.7388,4214.5923,winter,day4,21
2025-12-16 19:55:00,3709.2588000000005,4163.0576,winter,day4,21
2025-12-16 20:00:00,3851.6184000000003,4071.0896,winter,day4,21
2025-12-16 20:05:00,3718.47,4064.1558,winter,day4,21
2025-12-16 20:10:00,3542.9483999999998,4032.7095,winter,day4,21
2025-12-16 20:15:00,3521.2992,3936.859,winter,day4,21
2025-12-16 20:20:00,3372.9900000000002,3860.632,winter,day4,21
2025-12-16 20:25:00,3389.2332,3781.3835,winter,day4,21
2025-12-16 20:30:00,3283.4328,3682.0146,winter,day4,21
2025-12-16 20:35:00,3479.4120000000003,3611.276,winter,day4,21
2025-12-16 20:40:00,3745.8095999999996,3544.776,winter,day4,21
2025-12-16 20:45:00,3636.8256,3454.1619,winter,day4,21
2025-12-16 20:50:00,3511.9475999999995,3350.2437,winter,day4,21
2025-12-16 20:55:00,3160.8300000000004,3268.5156,winter,day4,21
2025-12-16 21:00:00,2850.8544,3174.339,winter,day4,21
2025-12-16 21:05:00,3042.5196,3069.9565,winter,day4,21
2025-12-16 21:10:00,2641.8276,3005.3184,winter,day4,21
2025-12-16 21:15:00,2519.262,2930.1206,winter,day4,21
2025-12-16 21:20:00,2553.0744,2631.0156,winter,day4,21
2025-12-16 21:25:00,2424.522,2557.8608,winter,day4,21
2025-12-16 21:30:00,2406.6228,2529.359,winter,day4,21
2025-12-16 21:35:00,2408.4168,2520.0813,winter,day4,21
2025-12-16 21:40:00,2452.5396,2502.7173,winter,day4,21
2025-12-16 21:45:00,2527.0487999999996,2503.3135,winter,day4,21
2025-12-16 21:50:00,2566.5407999999998,2498.2627,winter,day4,21
2025-12-16 21:55:00,2691.1824,2498.7642,winter,day4,21
2025-12-16 22:00:00,2636.7324,2504.2651,winter,day4,21
2025-12-16 22:05:00,2519.8163999999997,2525.0068,winter,day4,21
2025-12-16 22:10:00,2459.0063999999998,2512.77,winter,day4,21
2025-12-16 22:15:00,2469.444,2525.8193,winter,day4,21
2025-12-16 22:20:00,2629.8804,2524.9463,winter,day4,21
2025-12-16 22:25:00,2411.6412,2524.0403,winter,day4,21
2025-12-16 22:30:00,2404.7952,2523.5437,winter,day4,21
2025-12-16 22:35:00,2386.5227999999997,2522.7578,winter,day4,21
2025-12-16 22:40:00,2356.6524,2496.5703,winter,day4,21
2025-12-16 22:45:00,2410.1699999999996,2493.9224,winter,day4,21
2025-12-16 22:50:00,2458.6308,2495.727,winter,day4,21
2025-12-16 22:55:00,2457.5592,2500.295,winter,day4,21
2025-12-16 23:00:00,2356.7484,2489.7183,winter,day4,21
2025-12-16 23:05:00,2337.0996,2498.0603,winter,day4,21
2025-12-16 23:10:00,2441.2511999999997,2507.4358,winter,day4,21
2025-12-16 23:15:00,2482.1556,2500.4578,winter,day4,21
2025-12-16 23:20:00,2489.8968,2500.219,winter,day4,21
2025-12-16 23:25:00,2577.7008,2518.2212,winter,day4,21
2025-12-16 23:30:00,2728.6416,2510.1099,winter,day4,21
2025-12-16 23:35:00,2683.764,2516.1543,winter,day4,21
2025-12-16 23:40:00,2471.9808000000003,2516.7178,winter,day4,21
2025-12-16 23:45:00,2458.0584,2518.9688,winter,day4,21
2025-12-16 23:50:00,2508.2268,2510.1064,winter,day4,21
2025-12-16 23:55:00,2562.8736,2519.0088,winter,day4,21
2025-12-31 00:00:00,3338.9136,3288.1147,winter,day5,21
2025-12-31 00:05:00,3319.3343999999997,3295.3064,winter,day5,21
2025-12-31 00:10:00,2794.9272,3329.9912,winter,day5,21
2025-12-31 00:15:00,3241.1208,3361.5469,winter,day5,21
2025-12-31 00:20:00,2992.0703999999996,3366.3838,winter,day5,21
2025-12-31 00:25:00,3351.4127999999996,3399.0945,winter,day5,21
2025-12-31 00:30:00,3351.6444,3417.6467,winter,day5,21
2025-12-31 00:35:00,2985.12,3431.1138,winter,day5,21
2025-12-31 00:40:00,3308.274,3443.315,winter,day5,21
2025-12-31 00:45:00,3283.6752,3435.0522,winter,day5,21
2025-12-31 00:50:00,3266.0256,3454.7795,winter,day5,21
2025-12-31 00:55:00,3306.7512,3468.6746,winter,day5,21
2025-12-31 01:00:00,2924.0676,3467.2053,winter,day5,21
2025-12-31 01:05:00,3583.3644,3419.3025,winter,day5,21
2025-12-31 01:10:00,3572.2008,3390.2856,winter,day5,21
2025-12-31 01:15:00,3407.7563999999998,3351.2856,winter,day5,21
2025-12-31 01:20:00,3333.2388,3104.3306,winter,day5,21
2025-12-31 01:25:00,3103.6272,3059.2664,winter,day5,21
2025-12-31 01:30:00,3114.5016,2959.8516,winter,day5,21
2025-12-31 01:35:00,2717.7156,2836.505,winter,day5,21
2025-12-31 01:40:00,2677.3104,2762.2583,winter,day5,21
2025-12-31 01:45:00,2759.4504,2718.9507,winter,day5,21
2025-12-31 01:50:00,2732.4624,2702.1465,winter,day5,21
2025-12-31 01:55:00,2525.8248,2675.2883,winter,day5,21
2025-12-31 02:00:00,2513.3172,2653.2966,winter,day5,21
2025-12-31 02:05:00,2507.8452,2655.4055,winter,day5,21
2025-12-31 02:10:00,2518.17,2628.3943,winter,day5,21
2025-12-31 02:15:00,2575.4700000000003,2615.2053,winter,day5,21
2025-12-31 02:20:00,2600.076,2597.5547,winter,day5,21
2025-12-31 02:25:00,2733.7608,2598.7231,winter,day5,21
2025-12-31 02:30:00,2878.1268,2607.2988,winter,day5,21
2025-12-31 02:35:00,2681.0556,2626.7598,winter,day5,21
2025-12-31 02:40:00,2654.16,2651.007,winter,day5,21
2025-12-31 02:45:00,2642.2284,2650.2043,winter,day5,21
2025-12-31 02:50:00,2643.522,2667.3208,winter,day5,21
2025-12-31 02:55:00,2711.7408000000005,2660.436,winter,day5,21
2025-12-31 03:00:00,2456.0964,2644.2617,winter,day5,21
2025-12-31 03:05:00,2610.2784,2657.9006,winter,day5,21
2025-12-31 03:10:00,2780.85,2669.815,winter,day5,21
2025-12-31 03:15:00,2629.2455999999997,2678.71,winter,day5,21
2025-12-31 03:20:00,2558.4924,2679.9875,winter,day5,21
2025-12-31 03:25:00,2607.1164,2709.7166,winter,day5,21
2025-12-31 03:30:00,2624.0988,2703.9458,winter,day5,21
2025-12-31 03:35:00,2653.4604,2716.0881,winter,day5,21
2025-12-31 03:40:00,2596.5335999999998,2710.0247,winter,day5,21
2025-12-31 03:45:00,2587.9199999999996,2704.8145,winter,day5,21
2025-12-31 03:50:00,2564.3892,2681.973,winter,day5,21
2025-12-31 03:55:00,2620.44,2684.5068,winter,day5,21
2025-12-31 04:00:00,2676.4896,2678.0405,winter,day5,21
2025-12-31 04:05:00,2725.3512,2671.4788,winter,day5,21
2025-12-31 04:10:00,2698.3068,2670.0112,winter,day5,21
2025-12-31 04:15:00,2618.6076000000003,2662.5137,winter,day5,21
2025-12-31 04:20:00,2582.802,2643.7622,winter,day5,21
2025-12-31 04:25:00,2585.6232,2654.8418,winter,day5,21
2025-12-31 04:30:00,2729.1276,2665.819,winter,day5,21
2025-12-31 04:35:00,2707.9440000000004,2654.436,winter,day5,21
2025-12-31 04:40:00,2614.2036,2652.112,winter,day5,21
2025-12-31 04:45:00,2609.3724,2671.9102,winter,day5,21
2025-12-31 04:50:00,2532.6348,2662.0308,winter,day5,21
2025-12-31 04:55:00,2524.2924,2669.472,winter,day5,21
2025-12-31 05:00:00,2552.7192,2673.651,winter,day5,21
2025-12-31 05:05:00,2590.962,2674.024,winter,day5,21
2025-12-31 05:10:00,2662.6608,2666.4023,winter,day5,21
2025-12-31 05:15:00,2660.9856,2679.6182,winter,day5,21
2025-12-31 05:20:00,2644.1448,2660.7778,winter,day5,21
2025-12-31 05:25:00,2650.6716,2651.4668,winter,day5,21
2025-12-31 05:30:00,2610.084,2654.8237,winter,day5,21
2025-12-31 05:35:00,2720.0328,2661.4849,winter,day5,21
2025-12-31 05:40:00,2779.6992,2648.1067,winter,day5,21
2025-12-31 05:45:00,2879.2716,2672.0713,winter,day5,21
2025-12-31 05:50:00,2901.7116,2686.705,winter,day5,21
2025-12-31 05:55:00,2602.9991999999997,2696.3125,winter,day5,21
2025-12-31 06:00:00,2562.9984,2697.3513,winter,day5,21
2025-12-31 06:05:00,2562.6924,2725.232,winter,day5,21
2025-12-31 06:10:00,2514.3912,2724.5898,winter,day5,21
2025-12-31 06:15:00,2505.2196,2745.8616,winter,day5,21
2025-12-31 06:20:00,2627.9424,2762.9932,winter,day5,21
2025-12-31 06:25:00,2631.9516,2781.2876,winter,day5,21
2025-12-31 06:30:00,2570.6196,2815.039,winter,day5,21
2025-12-31 06:35:00,2528.904,2861.8533,winter,day5,21
2025-12-31 06:40:00,2597.9376,2966.5984,winter,day5,21
2025-12-31 06:45:00,3277.6716,2988.0542,winter,day5,21
2025-12-31 06:50:00,2724.3419999999996,3111.3032,winter,day5,21
2025-12-31 06:55:00,3794.3148,3264.4463,winter,day5,21
2025-12-31 07:00:00,3542.3412,3364.9482,winter,day5,21
2025-12-31 07:05:00,3736.728,3421.31,winter,day5,21
2025-12-31 07:10:00,3571.6476000000002,3451.1135,winter,day5,21
2025-12-31 07:15:00,3651.3527999999997,3586.1555,winter,day5,21
2025-12-31 07:20:00,3699.6192,3928.1003,winter,day5,21
2025-12-31 07:25:00,3630.0996,4424.898,winter,day5,21
2025-12-31 07:30:00,3662.142,4799.615,winter,day5,21
2025-12-31 07:35:00,3685.2119999999995,4995.8765,winter,day5,21
2025-12-31 07:40:00,3743.3592,5180.3213,winter,day5,21
2025-12-31 07:45:00,3919.9871999999996,5021.5195,winter,day5,21
2025-12-31 07:50:00,4016.8248,4972.7046,winter,day5,21
2025-12-31 07:55:00,3773.514,4990.443,winter,day5,21
2025-12-31 08:00:00,3514.1724000000004,4937.7676,winter,day5,21
2025-12-31 08:05:00,3398.4924,4959.283,winter,day5,21
2025-12-31 08:10:00,3332.1804,4952.1367,winter,day5,21
2025-12-31 08:15:00,3295.9188000000004,4955.8667,winter,day5,21
2025-12-31 08:20:00,3875.2344,4967.841,winter,day5,21
2025-12-31 08:25:00,4055.7504,4967.259,winter,day5,21
2025-12-31 08:30:00,4329.8328,4952.59,winter,day5,21
2025-12-31 08:35:00,3847.4483999999998,4965.5605,winter,day5,21
2025-12-31 08:40:00,3638.88,4972.9644,winter,day5,21
2025-12-31 08:45:00,4250.6004,4982.0586,winter,day5,21
2025-12-31 08:50:00,5217.933599999999,4990.604,winter,day5,21
2025-12-31 08:55:00,5401.4208,4975.12,winter,day5,21
2025-12-31 09:00:00,5468.3712,5007.5625,winter,day5,21
2025-12-31 09:05:00,6148.494000000001,5012.2256,winter,day5,21
2025-12-31 09:10:00,5363.1864000000005,4978.8306,winter,day5,21
2025-12-31 09:15:00,5088.996,4963.779,winter,day5,21
2025-12-31 09:20:00,4635.3804,4684.4966,winter,day5,21
2025-12-31 09:25:00,4231.6344,4666.5796,winter,day5,21
2025-12-31 09:30:00,4401.9384,4672.766,winter,day5,21
2025-12-31 09:35:00,4285.6488,4670.3022,winter,day5,21
2025-12-31 09:40:00,4400.7660000000005,4693.46,winter,day5,21
2025-12-31 09:45:00,10283.52,4697.634,winter,day5,21
2025-12-31 09:50:00,9461.2608,4659.3623,winter,day5,21
2025-12-31 09:55:00,6320.339999999999,4683.2344,winter,day5,21
2025-12-31 10:00:00,5219.9544000000005,4688.518,winter,day5,21
2025-12-31 10:05:00,6990.068399999999,4700.7393,winter,day5,21
2025-12-31 10:10:00,7397.634000000001,4691.5713,winter,day5,21
2025-12-31 10:15:00,6904.8912,4695.1553,winter,day5,21
2025-12-31 10:20:00,7039.7004,4707.841,winter,day5,21
2025-12-31 10:25:00,5734.6788,4715.532,winter,day5,21
2025-12-31 10:30:00,4595.825999999999,4702.3867,winter,day5,21
2025-12-31 10:35:00,4877.7708,4717.5264,winter,day5,21
2025-12-31 10:40:00,4928.214,4719.7866,winter,day5,21
2025-12-31 10:45:00,4913.7684,4746.213,winter,day5,21
2025-12-31 10:50:00,4863.794400000001,4762.502,winter,day5,21
2025-12-31 10:55:00,4884.3576,4774.7817,winter,day5,21
2025-12-31 11:00:00,6113.4084,4794.278,winter,day5,21
2025-12-31 11:05:00,6825.190799999999,4780.373,winter,day5,21
2025-12-31 11:10:00,4889.0424,4739.9707,winter,day5,21
2025-12-31 11:15:00,4561.323600000001,4722.4346,winter,day5,21
2025-12-31 11:20:00,4379.131200000001,4690.311,winter,day5,21
2025-12-31 11:25:00,4388.6124,4676.8057,winter,day5,21
2025-12-31 11:30:00,4846.6488,4636.1455,winter,day5,21
2025-12-31 11:35:00,4757.1408,4645.259,winter,day5,21
2025-12-31 11:40:00,4462.3944,4637.181,winter,day5,21
2025-12-31 11:45:00,4755.7464,4633.874,winter,day5,21
2025-12-31 11:50:00,4390.89,4589.7305,winter,day5,21
2025-12-31 11:55:00,4404.8412,4601.548,winter,day5,21
2025-12-31 12:00:00,5794.1556,4573.204,winter,day5,21
2025-12-31 12:05:00,4418.346,4574.337,winter,day5,21
2025-12-31 12:10:00,5056.236,4557.1978,winter,day5,21
2025-12-31 12:15:00,5098.2708,4534.8887,winter,day5,21
2025-12-31 12:20:00,4206.414,4517.5996,winter,day5,21
2025-12-31 12:25:00,3740.4792,4474.578,winter,day5,21
2025-12-31 12:30:00,4270.369199999999,4429.2793,winter,day5,21
2025-12-31 12:35:00,3738.846,4445.602,winter,day5,21
2025-12-31 12:40:00,3676.3055999999997,4422.6787,winter,day5,21
2025-12-31 12:45:00,3983.2188,4412.698,winter,day5,21
2025-12-31 12:50:00,4142.532,4381.884,winter,day5,21
2025-12-31 12:55:00,4682.7924,4402.6772,winter,day5,21
2025-12-31 13:00:00,3651.5472,4377.984,winter,day5,21
2025-12-31 13:05:00,3380.8475999999996,4355.297,winter,day5,21
2025-12-31 13:10:00,3235.3272,4296.024,winter,day5,21
2025-12-31 13:15:00,3393.5544,4268.6753,winter,day5,21
2025-12-31 13:20:00,3722.7455999999997,4174.9565,winter,day5,21
2025-12-31 13:25:00,3094.4916,4114.705,winter,day5,21
2025-12-31 13:30:00,3354.0228,4101.3823,winter,day5,21
2025-12-31 13:35:00,3534.4464,4108.3433,winter,day5,21
2025-12-31 13:40:00,4910.742,4112.978,winter,day5,21
2025-12-31 13:45:00,3182.7648,4090.7166,winter,day5,21
2025-12-31 13:50:00,3054.1944,4067.6072,winter,day5,21
2025-12-31 13:55:00,3002.3016000000002,4104.4517,winter,day5,21
2025-12-31 14:00:00,2984.1696,4101.5894,winter,day5,21
2025-12-31 14:05:00,3174.0047999999997,4102.575,winter,day5,21
2025-12-31 14:10:00,3060.2676,4109.044,winter,day5,21
2025-12-31 14:15:00,3016.8,4132.4854,winter,day5,21
2025-12-31 14:20:00,3024.552,4145.846,winter,day5,21
2025-12-31 14:25:00,3008.0016,4153.866,winter,day5,21
2025-12-31 14:30:00,2977.5504,4153.84,winter,day5,21
2025-12-31 14:35:00,2995.1868,4211.6562,winter,day5,21
2025-12-31 14:40:00,3277.6440000000002,4318.4146,winter,day5,21
2025-12-31 14:45:00,3150.348,4361.112,winter,day5,21
2025-12-31 14:50:00,3066.4632,4423.932,winter,day5,21
2025-12-31 14:55:00,3065.202,4517.098,winter,day5,21
2025-12-31 15:00:00,3021.1884,4570.712,winter,day5,21
2025-12-31 15:05:00,2968.5,4589.494,winter,day5,21
2025-12-31 15:10:00,2935.4376,4604.505,winter,day5,21
2025-12-31 15:15:00,3112.5912,4673.689,winter,day5,21
2025-12-31 15:20:00,3107.9436,4738.039,winter,day5,21
2025-12-31 15:25:00,2957.5236,4808.421,winter,day5,21
2025-12-31 15:30:00,2978.1096,4869.0586,winter,day5,21
2025-12-31 15:35:00,2978.2392,4914.752,winter,day5,21
2025-12-31 15:40:00,2978.1612,5015.573,winter,day5,21
2025-12-31 15:45:00,2993.9676,5068.3916,winter,day5,21
2025-12-31 15:50:00,3241.9056,5115.7617,winter,day5,21
2025-12-31 15:55:00,3256.4268,5183.9824,winter,day5,21
2025-12-31 16:00:00,3148.1603999999998,5431.5566,winter,day5,21
2025-12-31 16:05:00,3193.7232,5472.168,winter,day5,21
2025-12-31 16:10:00,3213.4632,5511.0596,winter,day5,21
2025-12-31 16:15:00,3326.7936,5518.967,winter,day5,21
2025-12-31 16:20:00,3319.1495999999997,5535.6143,winter,day5,21
2025-12-31 16:25:00,3282.486,5545.045,winter,day5,21
2025-12-31 16:30:00,3423.804,5546.878,winter,day5,21
2025-12-31 16:35:00,3312.3659999999995,5586.4966,winter,day5,21
2025-12-31 16:40:00,3215.3652,5626.236,winter,day5,21
2025-12-31 16:45:00,3342.4656000000004,5628.3745,winter,day5,21
2025-12-31 16:50:00,3411.024,5660.2134,winter,day5,21
2025-12-31 16:55:00,3581.5235999999995,5653.804,winter,day5,21
2025-12-31 17:00:00,3520.2288,5705.0737,winter,day5,21
2025-12-31 17:05:00,3353.9616,5683.428,winter,day5,21
2025-12-31 17:10:00,3362.9724,5640.9834,winter,day5,21
2025-12-31 17:15:00,3338.9352,5566.795,winter,day5,21
2025-12-31 17:20:00,3324.5736000000006,5376.144,winter,day5,21
2025-12-31 17:25:00,3249.9816,5228.9824,winter,day5,21
2025-12-31 17:30:00,3212.5800000000004,5164.841,winter,day5,21
2025-12-31 17:35:00,3211.5263999999997,5091.6562,winter,day5,21
2025-12-31 17:40:00,3443.358,5178.69,winter,day5,21
2025-12-31 17:45:00,3471.1619999999994,5124.422,winter,day5,21
2025-12-31 17:50:00,3254.922,5164.027,winter,day5,21
2025-12-31 17:55:00,3212.4456,5234.5625,winter,day5,21
2025-12-31 18:00:00,3897.6492,5769.4365,winter,day5,21
2025-12-31 18:05:00,6079.2816,8626.279,winter,day5,21
2025-12-31 18:10:00,8732.07,10473.752,winter,day5,21
2025-12-31 18:15:00,10121.2344,10624.658,winter,day5,21
2025-12-31 18:20:00,10166.0112,10206.207,winter,day5,21
2025-12-31 18:25:00,9286.32,9987.264,winter,day5,21
2025-12-31 18:30:00,9876.8364,9916.891,winter,day5,21
2025-12-31 18:35:00,9728.7576,9880.571,winter,day5,21
2025-12-31 18:40:00,10754.2644,10061.749,winter,day5,21
2025-12-31 18:45:00,9422.2032,9957.008,winter,day5,21
2025-12-31 18:50:00,10060.2228,9678.207,winter,day5,21
2025-12-31 18:55:00,9426.3576,9747.227,winter,day5,21
2025-12-31 19:00:00,10228.1712,9837.469,winter,day5,21
2025-12-31 19:05:00,9329.5824,9843.444,winter,day5,21
2025-12-31 19:10:00,9846.7392,9765.831,winter,day5,21
2025-12-31 19:15:00,9757.6764,9206.566,winter,day5,21
2025-12-31 19:20:00,3601.8120000000004,5216.4194,winter,day5,21
2025-12-31 19:25:00,2518.1063999999997,4259.8027,winter,day5,21
2025-12-31 19:30:00,2554.3332,4064.8518,winter,day5,21
2025-12-31 19:35:00,2569.9883999999997,3896.6416,winter,day5,21
2025-12-31 19:40:00,2584.7196,3838.9282,winter,day5,21
2025-12-31 19:45:00,2544.3527999999997,3890.6934,winter,day5,21
2025-12-31 19:50:00,2550.6443999999997,3807.359,winter,day5,21
2025-12-31 19:55:00,2509.4736000000003,3670.8582,winter,day5,21
2025-12-31 20:00:00,2468.7516,3506.6714,winter,day5,21
2025-12-31 20:05:00,2578.404,3356.3533,winter,day5,21
2025-12-31 20:10:00,2585.016,3189.3845,winter,day5,21
2025-12-31 20:15:00,2491.5156,3057.4824,winter,day5,21
2025-12-31 20:20:00,2616.33,2920.1616,winter,day5,21
2025-12-31 20:25:00,2699.3508,2844.0703,winter,day5,21
2025-12-31 20:30:00,2727.7608,2765.0828,winter,day5,21
2025-12-31 20:35:00,2821.0836000000004,2734.2837,winter,day5,21
2025-12-31 20:40:00,2587.2383999999997,2733.213,winter,day5,21
2025-12-31 20:45:00,2546.3856,2720.7163,winter,day5,21
2025-12-31 20:50:00,2522.6184000000003,2684.4553,winter,day5,21
2025-12-31 20:55:00,2542.3464,2672.88,winter,day5,21
2025-12-31 21:00:00,2529.996,2659.9224,winter,day5,21
2025-12-31 21:05:00,2506.7016,2637.2148,winter,day5,21
2025-12-31 21:10:00,2507.3232,2634.1453,winter,day5,21
2025-12-31 21:15:00,2447.2799999999997,2616.2446,winter,day5,21
2025-12-31 21:20:00,2453.8836,2623.3303,winter,day5,21
2025-12-31 21:25:00,2469.5328,2620.8086,winter,day5,21
2025-12-31 21:30:00,2475.8928,2620.103,winter,day5,21
2025-12-31 21:35:00,2655.1764,2618.9731,winter,day5,21
2025-12-31 21:40:00,2679.09,2601.1462,winter,day5,21
2025-12-31 21:45:00,2519.6688000000004,2609.022,winter,day5,21
2025-12-31 21:50:00,2522.1984,2619.163,winter,day5,21
2025-12-31 21:55:00,2541.0371999999998,2608.3286,winter,day5,21
2025-12-31 22:00:00,2644.1531999999997,2602.17,winter,day5,21
2025-12-31 22:05:00,2618.184,2622.0073,winter,day5,21
2025-12-31 22:10:00,2623.7676,2606.4707,winter,day5,21
2025-12-31 22:15:00,2541.876,2612.2642,winter,day5,21
2025-12-31 22:20:00,2579.6711999999998,2612.3179,winter,day5,21
2025-12-31 22:25:00,2563.0739999999996,2613.4812,winter,day5,21
2025-12-31 22:30:00,2559.7188,2604.1562,winter,day5,21
2025-12-31 22:35:00,2531.4911999999995,2621.6697,winter,day5,21
2025-12-31 22:40:00,2508.1008,2613.1372,winter,day5,21
2025-12-31 22:45:00,2500.602,2607.5103,winter,day5,21
2025-12-31 22:50:00,2753.952,2621.0525,winter,day5,21
2025-12-31 22:55:00,2793.0588,2631.269,winter,day5,21
2025-12-31 23:00:00,2577.3888,2624.7532,winter,day5,21
2025-12-31 23:05:00,2533.2312,2633.7397,winter,day5,21
2025-12-31 23:10:00,2484.7104,2643.1687,winter,day5,21
2025-12-31 23:15:00,2511.4008000000003,2653.1677,winter,day5,21
2025-12-31 23:20:00,2530.2252,2650.143,winter,day5,21
2025-12-31 23:25:00,2549.9352,2699.859,winter,day5,21
2025-12-31 23:30:00,2534.6004000000003,2697.5188,winter,day5,21
2025-12-31 23:35:00,2584.8216,2729.275,winter,day5,21
2025-12-31 23:40:00,2595.6192,2764.5537,winter,day5,21
2025-12-31 23:45:00,2565.9672,2796.2773,winter,day5,21
2025-12-31 23:50:00,2620.8684000000003,2838.7104,winter,day5,21
2025-12-31 23:55:00,2719.3668000000002,2906.037,winter,day5,21
2025-06-01 00:00:00,2526.7452000000003,2514.7163,summer,day1,20
2025-06-01 00:05:00,2463.0612,2504.7598,summer,day1,20
2025-06-01 00:10:00,2445.3624,2499.4985,summer,day1,20
2025-06-01 00:15:00,2434.8624,2491.1035,summer,day1,20
2025-06-01 00:20:00,2444.8836,2479.6855,summer,day1,20
2025-06-01 00:25:00,2443.6536,2487.7378,summer,day1,20
2025-06-01 00:30:00,2400.8712,2499.5356,summer,day1,20
2025-06-01 00:35:00,2397.0864,2498.9272,summer,day1,20
2025-06-01 00:40:00,2408.7204,2508.323,summer,day1,20
2025-06-01 00:45:00,2576.5236,2529.6182,summer,day1,20
2025-06-01 00:50:00,2515.4268,2529.0889,summer,day1,20
2025-06-01 00:55:00,2153.4936000000002,2533.4553,summer,day1,20
2025-06-01 01:00:00,2206.2684,2537.6055,summer,day1,20
2025-06-01 01:05:00,2483.8824,2533.9329,summer,day1,20
2025-06-01 01:10:00,2487.558,2520.6128,summer,day1,20
2025-06-01 01:15:00,2458.3416,2515.0295,summer,day1,20
2025-06-01 01:20:00,2445.9036,2498.1077,summer,day1,20
2025-06-01 01:25:00,2436.6744,2499.8174,summer,day1,20
2025-06-01 01:30:00,2437.7196,2502.9644,summer,day1,20
2025-06-01 01:35:00,2587.3559999999998,2504.037,summer,day1,20
2025-06-01 01:40:00,2479.992,2496.4521,summer,day1,20
2025-06-01 01:45:00,2388.192,2505.037,summer,day1,20
2025-06-01 01:50:00,2394.2076,2513.982,summer,day1,20
2025-06-01 01:55:00,2490.8304,2513.7275,summer,day1,20
2025-06-01 02:00:00,2550.2843999999996,2512.154,summer,day1,20
2025-06-01 02:05:00,2232.5172,2524.3108,summer,day1,20
2025-06-01 02:10:00,2317.0955999999996,2515.6726,summer,day1,20
2025-06-01 02:15:00,2408.6268,2517.5503,summer,day1,20
2025-06-01 02:20:00,2410.9224,2517.4084,summer,day1,20
2025-06-01 02:25:00,2668.9451999999997,2517.8896,summer,day1,20
2025-06-01 02:30:00,2585.2272000000003,2514.1665,summer,day1,20
2025-06-01 02:35:00,2479.1099999999997,2519.4058,summer,day1,20
2025-06-01 02:40:00,2463.4188,2510.2485,summer,day1,20
2025-06-01 02:45:00,2463.426,2511.2612,summer,day1,20
2025-06-01 02:50:00,2449.2504,2509.8347,summer,day1,20
2025-06-01 02:55:00,2430.3516,2503.9453,summer,day1,20
2025-06-01 03:00:00,2278.2048,2497.392,summer,day1,20
2025-06-01 03:05:00,2049.5772,2500.8345,summer,day1,20
2025-06-01 03:10:00,2396.1804,2500.9246,summer,day1,20
2025-06-01 03:15:00,2571.4836,2492.5576,summer,day1,20
2025-06-01 03:20:00,2472.3228,2490.3374,summer,day1,20
2025-06-01 03:25:00,2364.7223999999997,2503.078,summer,day1,20
2025-06-01 03:30:00,2362.8804,2492.0747,summer,day1,20
2025-06-01 03:35:00,2403.0744,2495.022,summer,day1,20
2025-06-01 03:40:00,2472.7284,2496.3887,summer,day1,20
2025-06-01 03:45:00,2457.0335999999998,2497.3892,summer,day1,20
2025-06-01 03:50:00,2505.8808,2491.9106,summer,day1,20
2025-06-01 03:55:00,2628.3024,2496.1787,summer,day1,20
2025-06-01 04:00:00,2548.8804,2500.142,summer,day1,20
2025-06-01 04:05:00,2958.8952,2500.0474,summer,day1,20
2025-06-01 04:10:00,2742.2664,2497.4343,summer,day1,20
2025-06-01 04:15:00,2707.5528,2490.647,summer,day1,20
2025-06-01 04:20:00,2519.6711999999998,2483.9324,summer,day1,20
2025-06-01 04:25:00,2526.5076,2487.4604,summer,day1,20
2025-06-01 04:30:00,2333.9604,2486.2986,summer,day1,20
2025-06-01 04:35:00,2619.3684000000003,2474.6519,summer,day1,20
2025-06-01 04:40:00,2623.7064,2468.021,summer,day1,20
2025-06-01 04:45:00,2598.2364000000002,2478.445,summer,day1,20
2025-06-01 04:50:00,2679.3684000000003,2458.9714,summer,day1,20
2025-06-01 04:55:00,2428.9248,2462.5066,summer,day1,20
2025-06-01 05:00:00,2514.702,2463.3755,summer,day1,20
2025-06-01 05:05:00,2484.4308,2459.8208,summer,day1,20
2025-06-01 05:10:00,2354.9424,2452.3096,summer,day1,20
2025-06-01 05:15:00,2305.1148000000003,2457.0615,summer,day1,20
2025-06-01 05:20:00,2247.9636,2448.9504,summer,day1,20
2025-06-01 05:25:00,2213.5667999999996,2442.6626,summer,day1,20
2025-06-01 05:30:00,2216.1144,2435.4282,summer,day1,20
2025-06-01 05:35:00,2200.464,2429.1335,summer,day1,20
2025-06-01 05:40:00,2392.1304,2414.4253,summer,day1,20
2025-06-01 05:45:00,2271.996,2414.2026,summer,day1,20
2025-06-01 05:50:00,1770.0084,2413.7505,summer,day1,20
2025-06-01 05:55:00,2016.8064,2410.0964,summer,day1,20
2025-06-01 06:00:00,2133.8292,2408.4038,summer,day1,20
2025-06-01 06:05:00,2130.4919999999997,2414.2178,summer,day1,20
2025-06-01 06:10:00,2230.986,2400.8545,summer,day1,20
2025-06-01 06:15:00,2238.2808,2416.6885,summer,day1,20
2025-06-01 06:20:00,2225.3784,2427.854,summer,day1,20
2025-06-01 06:25:00,2329.7064,2449.056,summer,day1,20
2025-06-01 06:30:00,2475.1596,2465.6345,summer,day1,20
2025-06-01 06:35:00,2459.2691999999997,2480.4292,summer,day1,20
2025-06-01 06:40:00,2403.2580000000003,2523.8677,summer,day1,20
2025-06-01 06:45:00,2256.264,2496.9397,summer,day1,20
2025-06-01 06:50:00,1824.366,2498.1309,summer,day1,20
2025-06-01 06:55:00,2134.1207999999997,2498.708,summer,day1,20
2025-06-01 07:00:00,2114.7612,2489.8953,summer,day1,20
2025-06-01 07:05:00,2258.0135999999998,2521.8743,summer,day1,20
2025-06-01 07:10:00,2336.9784,2554.8987,summer,day1,20
2025-06-01 07:15:00,2308.5888,2626.8213,summer,day1,20
2025-06-01 07:20:00,2138.7804,2667.3496,summer,day1,20
2025-06-01 07:25:00,2185.3416,2732.6934,summer,day1,20
2025-06-01 07:30:00,2207.0724,2821.4517,summer,day1,20
2025-06-01 07:35:00,2170.8455999999996,2973.406,summer,day1,20
2025-06-01 07:40:00,2332.9175999999998,3071.164,summer,day1,20
2025-06-01 07:45:00,2384.088,3103.1245,summer,day1,20
2025-06-01 07:50:00,2123.6772,3114.7207,summer,day1,20
2025-06-01 07:55:00,1838.58,3107.3027,summer,day1,20
2025-06-01 08:00:00,2112.7272000000003,3162.097,summer,day1,20
2025-06-01 08:05:00,2153.328,3147.1465,summer,day1,20
2025-06-01 08:10:00,2160.3684000000003,3173.8687,summer,day1,20
2025-06-01 08:15:00,2475.5544,3217.938,summer,day1,20
2025-06-01 08:20:00,2394.636,3271.2065,summer,day1,20
2025-06-01 08:25:00,2184.186,3311.3584,summer,day1,20
2025-06-01 08:30:00,2254.5948,3374.0051,summer,day1,20
2025-06-01 08:35:00,2363.4900000000002,3412.3308,summer,day1,20
2025-06-01 08:40:00,2342.436,3440.7385,summer,day1,20
2025-06-01 08:45:00,2388.0108,3493.519,summer,day1,20
2025-06-01 08:50:00,2300.2776000000003,3515.105,summer,day1,20
2025-06-01 08:55:00,2314.1412,3570.5715,summer,day1,20
2025-06-01 09:00:00,2255.1216,3606.628,summer,day1,20
2025-06-01 09:05:00,2313.3948,3627.3254,summer,day1,20
2025-06-01 09:10:00,2415.1488,3645.3872,summer,day1,20
2025-06-01 09:15:00,2218.5576,3646.3616,summer,day1,20
2025-06-01 09:20:00,2022.6299999999999,3675.1125,summer,day1,20
2025-06-01 09:25:00,2324.4804,3732.9814,summer,day1,20
2025-06-01 09:30:00,2429.7347999999997,3762.095,summer,day1,20
2025-06-01 09:35:00,2425.4712,3805.9888,summer,day1,20
2025-06-01 09:40:00,2634.6984,3826.793,summer,day1,20
2025-06-01 09:45:00,2589.936,3850.5981,summer,day1,20
2025-06-01 09:50:00,2985.9504,3888.2498,summer,day1,20
2025-06-01 09:55:00,3118.7580000000003,3943.0303,summer,day1,20
2025-06-01 10:00:00,3145.3296,3966.392,summer,day1,20
2025-06-01 10:05:00,3000.0155999999997,3984.1807,summer,day1,20
2025-06-01 10:10:00,3243.4548000000004,3979.766,summer,day1,20
2025-06-01 10:15:00,3048.8723999999997,4001.9824,summer,day1,20
2025-06-01 10:20:00,3718.5312,4015.203,summer,day1,20
2025-06-01 10:25:00,5525.8536,3991.3335,summer,day1,20
2025-06-01 10:30:00,5728.9068,4013.765,summer,day1,20
2025-06-01 10:35:00,4920.803999999999,4002.1191,summer,day1,20
2025-06-01 10:40:00,4729.0068,3950.4788,summer,day1,20
2025-06-01 10:45:00,3853.2576,3963.8645,summer,day1,20
2025-06-01 10:50:00,2675.8728,3954.2952,summer,day1,20
2025-06-01 10:55:00,2582.5896,3936.599,summer,day1,20
2025-06-01 11:00:00,2453.0532,3942.4434,summer,day1,20
2025-06-01 11:05:00,2372.7012,3926.3157,summer,day1,20
2025-06-01 11:10:00,2824.2048,3916.1704,summer,day1,20
2025-06-01 11:15:00,2350.6644,3928.113,summer,day1,20
2025-06-01 11:20:00,2357.4336,3923.144,summer,day1,20
2025-06-01 11:25:00,2379.8388,3918.2754,summer,day1,20
2025-06-01 11:30:00,2499.0504,3898.429,summer,day1,20
2025-06-01 11:35:00,2567.2272000000003,3897.0806,summer,day1,20
2025-06-01 11:40:00,2478.8772,3893.103,summer,day1,20
2025-06-01 11:45:00,2295.3540000000003,3858.7449,summer,day1,20
2025-06-01 11:50:00,3115.3415999999997,3851.2493,summer,day1,20
2025-06-01 11:55:00,3889.0332000000003,3825.4854,summer,day1,20
2025-06-01 12:00:00,3719.8884,3784.9692,summer,day1,20
2025-06-01 12:05:00,3485.3304000000003,3778.758,summer,day1,20
2025-06-01 12:10:00,2500.02,3759.2542,summer,day1,20
2025-06-01 12:15:00,2617.29,3744.1257,summer,day1,20
2025-06-01 12:20:00,2718.5292,3741.68,summer,day1,20
2025-06-01 12:25:00,2607.4476,3736.117,summer,day1,20
2025-06-01 12:30:00,2617.8552,3734.3281,summer,day1,20
2025-06-01 12:35:00,2815.4244,3741.015,summer,day1,20
2025-06-01 12:40:00,4412.1384,3724.6091,summer,day1,20
2025-06-01 12:45:00,2853.0396,3713.4683,summer,day1,20
2025-06-01 12:50:00,2855.496,3693.877,summer,day1,20
2025-06-01 12:55:00,2674.8887999999997,3689.8748,summer,day1,20
2025-06-01 13:00:00,2721.9348,3667.917,summer,day1,20
2025-06-01 13:05:00,2948.1132,3651.8677,summer,day1,20
2025-06-01 13:10:00,2809.6452,3631.332,summer,day1,20
2025-06-01 13:15:00,2726.0027999999998,3592.2014,summer,day1,20
2025-06-01 13:20:00,2850.1968,3575.2031,summer,day1,20
2025-06-01 13:25:00,3645.504,3558.8691,summer,day1,20
2025-06-01 13:30:00,2543.5356,3538.51,summer,day1,20
2025-06-01 13:35:00,2949.6636000000003,3534.0674,summer,day1,20
2025-06-01 13:40:00,2862.3936000000003,3506.9807,summer,day1,20
2025-06-01 13:45:00,3786.2771999999995,3480.0583,summer,day1,20
2025-06-01 13:50:00,3468.108,3466.0847,summer,day1,20
2025-06-01 13:55:00,2655.426,3466.6765,summer,day1,20
2025-06-01 14:00:00,2680.296,3419.0042,summer,day1,20
2025-06-01 14:05:00,2841.2519999999995,3400.9165,summer,day1,20
2025-06-01 14:10:00,2700.8604,3376.201,summer,day1,20
2025-06-01 14:15:00,2827.1531999999997,3371.1272,summer,day1,20
2025-06-01 14:20:00,2387.9148,3370.4106,summer,day1,20
2025-06-01 14:25:00,2899.1928,3347.9636,summer,day1,20
2025-06-01 14:30:00,2663.7648,3351.975,summer,day1,20
2025-06-01 14:35:00,2387.2248,3356.8718,summer,day1,20
2025-06-01 14:40:00,4273.9836000000005,3329.4275,summer,day1,20
2025-06-01 14:45:00,2890.9271999999996,3330.7466,summer,day1,20
2025-06-01 14:50:00,2668.7364000000002,3316.2974,summer,day1,20
2025-06-01 14:55:00,3903.7128,3314.1128,summer,day1,20
2025-06-01 15:00:00,2540.7792,3310.686,summer,day1,20
2025-06-01 15:05:00,2755.254,3317.1177,summer,day1,20
2025-06-01 15:10:00,2635.0212,3333.5078,summer,day1,20
2025-06-01 15:15:00,2438.8092,3346.283,summer,day1,20
2025-06-01 15:20:00,2891.064,3330.705,summer,day1,20
2025-06-01 15:25:00,3213.5328,3360.9836,summer,day1,20
2025-06-01 15:30:00,3069.1188,3348.0322,summer,day1,20
2025-06-01 15:35:00,2916.8148,3365.3215,summer,day1,20
2025-06-01 15:40:00,2681.3484,3388.8354,summer,day1,20
2025-06-01 15:45:00,2591.9196,3389.1973,summer,day1,20
2025-06-01 15:50:00,2534.0412,3405.8025,summer,day1,20
2025-06-01 15:55:00,2495.9292,3418.687,summer,day1,20
2025-06-01 16:00:00,2491.0932000000003,3376.3115,summer,day1,20
2025-06-01 16:05:00,2664.2856,3373.6152,summer,day1,20
2025-06-01 16:10:00,2811.6516,3373.8894,summer,day1,20
2025-06-01 16:15:00,3117.8592,3395.0447,summer,day1,20
2025-06-01 16:20:00,4169.6952,3411.0103,summer,day1,20
2025-06-01 16:25:00,2414.3124,3433.8284,summer,day1,20
2025-06-01 16:30:00,2393.514,3469.3062,summer,day1,20
2025-06-01 16:35:00,2857.5096000000003,3492.3674,summer,day1,20
2025-06-01 16:40:00,4026.078,3485.6243,summer,day1,20
2025-06-01 16:45:00,2541.4656000000004,3512.3645,summer,day1,20
2025-06-01 16:50:00,2174.7504,3508.7185,summer,day1,20
2025-06-01 16:55:00,2387.6387999999997,3535.8884,summer,day1,20
2025-06-01 17:00:00,2397.7716,3560.1624,summer,day1,20
2025-06-01 17:05:00,2432.6843999999996,3568.1807,summer,day1,20
2025-06-01 17:10:00,2457.018,3572.6238,summer,day1,20
2025-06-01 17:15:00,2702.7419999999997,3563.7505,summer,day1,20
2025-06-01 17:20:00,4379.1444,3602.21,summer,day1,20
2025-06-01 17:25:00,3323.6051999999995,3620.4482,summer,day1,20
2025-06-01 17:30:00,2690.2488,3620.097,summer,day1,20
2025-06-01 17:35:00,2122.3416,3664.347,summer,day1,20
2025-06-01 17:40:00,2711.0268,3669.311,summer,day1,20
2025-06-01 17:45:00,2545.4892,3686.1729,summer,day1,20
2025-06-01 17:50:00,2521.1124,3705.8062,summer,day1,20
2025-06-01 17:55:00,2543.04,3727.7002,summer,day1,20
2025-06-01 18:00:00,2570.8884000000003,3705.2693,summer,day1,20
2025-06-01 18:05:00,2498.3952,3717.5498,summer,day1,20
2025-06-01 18:10:00,2600.8848,3693.1392,summer,day1,20
2025-06-01 18:15:00,2658.8952,3701.7131,summer,day1,20
2025-06-01 18:20:00,2163.9036,3698.174,summer,day1,20
2025-06-01 18:25:00,2102.6904,3706.71,summer,day1,20
2025-06-01 18:30:00,2507.7168,3693.295,summer,day1,20
2025-06-01 18:35:00,3421.4592000000002,3674.669,summer,day1,20
2025-06-01 18:40:00,2807.2884,3619.7937,summer,day1,20
2025-06-01 18:45:00,2499.4464,3619.11,summer,day1,20
2025-06-01 18:50:00,2503.9452,3579.0159,summer,day1,20
2025-06-01 18:55:00,2464.7424,3569.4546,summer,day1,20
2025-06-01 19:00:00,2600.79,3526.411,summer,day1,20
2025-06-01 19:05:00,3695.5464,3486.3857,summer,day1,20
2025-06-01 19:10:00,2330.4816,3451.9807,summer,day1,20
2025-06-01 19:15:00,4419.794400000001,3439.2585,summer,day1,20
2025-06-01 19:20:00,3815.7084000000004,3396.4204,summer,day1,20
2025-06-01 19:25:00,2421.7824,3387.6086,summer,day1,20
2025-06-01 19:30:00,2543.9724,3341.3274,summer,day1,20
2025-06-01 19:35:00,2655.9828,3317.4402,summer,day1,20
2025-06-01 19:40:00,2640.4056,3309.6719,summer,day1,20
2025-06-01 19:45:00,2566.278,3274.5713,summer,day1,20
2025-06-01 19:50:00,3982.7364000000002,3251.9033,summer,day1,20
2025-06-01 19:55:00,2547.8172,3230.9912,summer,day1,20
2025-06-01 20:00:00,2575.1304,3099.6223,summer,day1,20
2025-06-01 20:05:00,2425.5816,3090.4785,summer,day1,20
2025-06-01 20:10:00,2405.0676,3061.944,summer,day1,20
2025-06-01 20:15:00,2391.6888,3034.264,summer,day1,20
2025-06-01 20:20:00,2529.078,3018.2617,summer,day1,20
2025-06-01 20:25:00,2718.7656,3017.011,summer,day1,20
2025-06-01 20:30:00,2516.5908,3010.7573,summer,day1,20
2025-06-01 20:35:00,2565.996,3006.0618,summer,day1,20
2025-06-01 20:40:00,2844.4092,2995.2798,summer,day1,20
2025-06-01 20:45:00,2795.7275999999997,2977.5151,summer,day1,20
2025-06-01 20:50:00,3136.416,2977.63,summer,day1,20
2025-06-01 20:55:00,2801.3436,2984.9487,summer,day1,20
2025-06-01 21:00:00,3487.9380000000006,2980.0527,summer,day1,20
2025-06-01 21:05:00,5444.5428,2973.2583,summer,day1,20
2025-06-01 21:10:00,2689.6331999999998,2954.1118,summer,day1,20
2025-06-01 21:15:00,2623.1232,2926.0283,summer,day1,20
2025-06-01 21:20:00,2600.0004,2873.7095,summer,day1,20
2025-06-01 21:25:00,2670.3216,2849.0244,summer,day1,20
2025-06-01 21:30:00,2692.434,2830.294,summer,day1,20
2025-06-01 21:35:00,2714.4372,2802.026,summer,day1,20
2025-06-01 21:40:00,2700.2760000000003,2771.043,summer,day1,20
2025-06-01 21:45:00,3052.0656,2751.4175,summer,day1,20
2025-06-01 21:50:00,3078.2484,2710.7954,summer,day1,20
2025-06-01 21:55:00,3035.1684,2665.1726,summer,day1,20
2025-06-01 22:00:00,2783.4648,2611.5452,summer,day1,20
2025-06-01 22:05:00,2785.8815999999997,2588.8777,summer,day1,20
2025-06-01 22:10:00,4259.868,2554.9307,summer,day1,20
2025-06-01 22:15:00,2610.0072,2558.145,summer,day1,20
2025-06-01 22:20:00,2425.2203999999997,2555.9126,summer,day1,20
2025-06-01 22:25:00,2425.6223999999997,2553.0476,summer,day1,20
2025-06-01 22:30:00,2810.292,2544.1084,summer,day1,20
2025-06-01 22:35:00,2570.988,2558.9087,summer,day1,20
2025-06-01 22:40:00,2472.0468,2532.5088,summer,day1,20
2025-06-01 22:45:00,2311.9932,2533.4736,summer,day1,20
2025-06-01 22:50:00,2304.8507999999997,2528.9268,summer,day1,20
2025-06-01 22:55:00,2339.7288,2521.543,summer,day1,20
2025-06-01 23:00:00,2386.2048,2518.7627,summer,day1,20
2025-06-01 23:05:00,2396.2596000000003,2518.1577,summer,day1,20
2025-06-01 23:10:00,2407.5312,2518.5251,summer,day1,20
2025-06-01 23:15:00,2741.9652,2502.4072,summer,day1,20
2025-06-01 23:20:00,2382.4175999999998,2499.08,summer,day1,20
2025-06-01 23:25:00,3181.968,2514.0325,summer,day1,20
2025-06-01 23:30:00,3738.246,2500.04,summer,day1,20
2025-06-01 23:35:00,2528.7792,2506.9717,summer,day1,20
2025-06-01 23:40:00,2630.2608,2512.3137,summer,day1,20
2025-06-01 23:45:00,2449.3128,2514.0708,summer,day1,20
2025-06-01 23:50:00,2401.1412,2504.2651,summer,day1,20
2025-06-01 23:55:00,2395.2372,2514.2305,summer,day1,20
2025-06-24 00:00:00,2356.5696,2463.016,summer,day2,20
2025-06-24 00:05:00,2411.358,2463.831,summer,day2,20
2025-06-24 00:10:00,2821.9272,2462.7002,summer,day2,20
2025-06-24 00:15:00,2831.8404,2444.725,summer,day2,20
2025-06-24 00:20:00,2597.4588,2434.4924,summer,day2,20
2025-06-24 00:25:00,2563.5384000000004,2422.6501,summer,day2,20
2025-06-24 00:30:00,3407.8908,2420.5786,summer,day2,20
2025-06-24 00:35:00,2765.4792,2407.913,summer,day2,20
2025-06-24 00:40:00,2452.8432000000003,2404.5593,summer,day2,20
2025-06-24 00:45:00,2434.3848000000003,2414.087,summer,day2,20
2025-06-24 00:50:00,2451.7644,2398.2441,summer,day2,20
2025-06-24 00:55:00,2130.21,2408.7231,summer,day2,20
2025-06-24 01:00:00,2233.194,2411.9763,summer,day2,20
2025-06-24 01:05:00,3605.7839999999997,2415.7583,summer,day2,20
2025-06-24 01:10:00,2808.7475999999997,2414.547,summer,day2,20
2025-06-24 01:15:00,2943.5292,2426.9897,summer,day2,20
2025-06-24 01:20:00,2578.9368,2449.2046,summer,day2,20
2025-06-24 01:25:00,2534.5584,2451.685,summer,day2,20
2025-06-24 01:30:00,2113.9812,2449.336,summer,day2,20
2025-06-24 01:35:00,2514.7836,2442.9192,summer,day2,20
2025-06-24 01:40:00,2447.6808,2436.038,summer,day2,20
2025-06-24 01:45:00,2441.1288,2440.6206,summer,day2,20
2025-06-24 01:50:00,2577.3671999999997,2449.3306,summer,day2,20
2025-06-24 01:55:00,2676.3347999999996,2437.2876,summer,day2,20
2025-06-24 02:00:00,2500.8156000000004,2441.3037,summer,day2,20
2025-06-24 02:05:00,2388.3792000000003,2458.434,summer,day2,20
2025-06-24 02:10:00,2485.8072,2444.4272,summer,day2,20
2025-06-24 02:15:00,2500.4004,2451.5596,summer,day2,20
2025-06-24 02:20:00,2470.71,2457.789,summer,day2,20
2025-06-24 02:25:00,3962.8644,2455.2075,summer,day2,20
2025-06-24 02:30:00,2498.4768,2440.1792,summer,day2,20
2025-06-24 02:35:00,2558.0376,2444.2964,summer,day2,20
2025-06-24 02:40:00,2158.6176,2472.3906,summer,day2,20
2025-06-24 02:45:00,2369.4336,2480.1948,summer,day2,20
2025-06-24 02:50:00,2774.3916,2486.1821,summer,day2,20
2025-06-24 02:55:00,2358.1403999999998,2480.2844,summer,day2,20
2025-06-24 03:00:00,2350.6272,2476.0923,summer,day2,20
2025-06-24 03:05:00,2805.0072,2477.489,summer,day2,20
2025-06-24 03:10:00,2867.67,2480.9038,summer,day2,20
2025-06-24 03:15:00,2564.4936000000002,2467.1726,summer,day2,20
2025-06-24 03:20:00,2998.6512,2465.8003,summer,day2,20
2025-06-24 03:25:00,2742.8676,2480.6309,summer,day2,20
2025-06-24 03:30:00,2620.1232,2465.4958,summer,day2,20
2025-06-24 03:35:00,2824.1856,2481.7852,summer,day2,20
2025-06-24 03:40:00,2424.4332000000004,2487.0183,summer,day2,20
2025-06-24 03:45:00,3818.7059999999997,2488.958,summer,day2,20
2025-06-24 03:50:00,1940.8883999999998,2477.0552,summer,day2,20
2025-06-24 03:55:00,2519.2560000000003,2482.4924,summer,day2,20
2025-06-24 04:00:00,2640.1248,2488.5117,summer,day2,20
2025-06-24 04:05:00,2472.1752,2482.3623,summer,day2,20
2025-06-24 04:10:00,2479.2708,2467.1753,summer,day2,20
2025-06-24 04:15:00,2458.1256000000003,2445.0862,summer,day2,20
2025-06-24 04:20:00,2945.9124,2406.566,summer,day2,20
2025-06-24 04:25:00,1830.9707999999998,2372.7483,summer,day2,20
2025-06-24 04:30:00,2352.888,2353.6155,summer,day2,20
2025-06-24 04:35:00,2333.8559999999998,2322.04,summer,day2,20
2025-06-24 04:40:00,2529.5676,2312.186,summer,day2,20
2025-06-24 04:45:00,2345.9615999999996,2318.4897,summer,day2,20
2025-06-24 04:50:00,2276.46,2299.399,summer,day2,20
2025-06-24 04:55:00,2291.118,2309.8813,summer,day2,20
2025-06-24 05:00:00,3367.95,2318.9185,summer,day2,20
2025-06-24 05:05:00,2908.398,2321.462,summer,day2,20
2025-06-24 05:10:00,2540.8356,2314.7046,summer,day2,20
2025-06-24 05:15:00,2495.7576,2335.114,summer,day2,20
2025-06-24 05:20:00,2464.8887999999997,2332.752,summer,day2,20
2025-06-24 05:25:00,2481.648,2336.9067,summer,day2,20
2025-06-24 05:30:00,2339.3903999999998,2338.375,summer,day2,20
2025-06-24 05:35:00,1834.0224000000003,2337.6016,summer,day2,20
2025-06-24 05:40:00,2187.312,2332.1836,summer,day2,20
2025-06-24 05:45:00,2216.6675999999998,2338.142,summer,day2,20
2025-06-24 05:50:00,2267.7648,2348.981,summer,day2,20
2025-06-24 05:55:00,2734.9883999999997,2345.8818,summer,day2,20
2025-06-24 06:00:00,2195.4792,2356.2688,summer,day2,20
2025-06-24 06:05:00,2311.0451999999996,2379.1448,summer,day2,20
2025-06-24 06:10:00,2231.256,2369.7651,summer,day2,20
2025-06-24 06:15:00,2256.5316,2389.957,summer,day2,20
2025-06-24 06:20:00,3915.5832,2403.2441,summer,day2,20
2025-06-24 06:25:00,2262.4116000000004,2406.976,summer,day2,20
2025-06-24 06:30:00,2237.8740000000003,2406.8662,summer,day2,20
2025-06-24 06:35:00,2517.7056000000002,2413.2007,summer,day2,20
2025-06-24 06:40:00,2973.66,2536.8557,summer,day2,20
2025-06-24 06:45:00,2641.7376,2564.3608,summer,day2,20
2025-06-24 06:50:00,2818.2924,2551.5962,summer,day2,20
2025-06-24 06:55:00,3222.3311999999996,2574.8213,summer,day2,20
2025-06-24 07:00:00,3169.374,2582.5583,summer,day2,20
2025-06-24 07:05:00,2716.782,2588.1848,summer,day2,20
2025-06-24 07:10:00,2466.1644,2619.4824,summer,day2,20
2025-06-24 07:15:00,2439.5088,2740.6426,summer,day2,20
2025-06-24 07:20:00,2492.7756,2846.7637,summer,day2,20
2025-06-24 07:25:00,2633.3292,2980.1196,summer,day2,20
2025-06-24 07:30:00,3860.7888,3230.8813,summer,day2,20
2025-06-24 07:35:00,12758.3508,3982.4226,summer,day2,20
2025-06-24 07:40:00,13033.7784,6298.2314,summer,day2,20
2025-06-24 07:45:00,10706.01,6228.9814,summer,day2,20
2025-06-24 07:50:00,4031.3784,4739.167,summer,day2,20
2025-06-24 07:55:00,4538.0664,4084.943,summer,day2,20
2025-06-24 08:00:00,5770.6068,4154.526,summer,day2,20
2025-06-24 08:05:00,6086.1528,4105.5586,summer,day2,20
2025-06-24 08:10:00,4450.2888,4107.269,summer,day2,20
2025-06-24 08:15:00,4173.3096,4096.876,summer,day2,20
2025-06-24 08:20:00,5067.804,4113.294,summer,day2,20
2025-06-24 08:25:00,4492.3512,4119.9385,summer,day2,20
2025-06-24 08:30:00,4050.0384,4133.422,summer,day2,20
2025-06-24 08:35:00,5833.9800000000005,4170.11,summer,day2,20
2025-06-24 08:40:00,4507.8888,4212.624,summer,day2,20
2025-06-24 08:45:00,4903.134,4231.5586,summer,day2,20
2025-06-24 08:50:00,5765.508,4232.2056,summer,day2,20
2025-06-24 08:55:00,6054.8496,4240.427,summer,day2,20
2025-06-24 09:00:00,6162.2616,4251.3877,summer,day2,20
2025-06-24 09:05:00,4468.8624,4243.004,summer,day2,20
2025-06-24 09:10:00,4301.638800000001,4256.7773,summer,day2,20
2025-06-24 09:15:00,5098.83,4312.4673,summer,day2,20
2025-06-24 09:20:00,5291.5632,4233.7964,summer,day2,20
2025-06-24 09:25:00,4459.9259999999995,4235.2285,summer,day2,20
2025-06-24 09:30:00,4992.5064,4242.5273,summer,day2,20
2025-06-24 09:35:00,4522.630800000001,4229.091,summer,day2,20
2025-06-24 09:40:00,4221.2748,4214.676,summer,day2,20
2025-06-24 09:45:00,3979.6692000000003,4187.712,summer,day2,20
2025-06-24 09:50:00,4549.5923999999995,4194.084,summer,day2,20
2025-06-24 09:55:00,4840.4256000000005,4227.562,summer,day2,20
2025-06-24 10:00:00,5219.3796,4251.3213,summer,day2,20
2025-06-24 10:05:00,5934.624,4270.865,summer,day2,20
2025-06-24 10:10:00,4991.5212,4251.4067,summer,day2,20
2025-06-24 10:15:00,6135.784799999999,4271.222,summer,day2,20
2025-06-24 10:20:00,7249.9547999999995,4259.332,summer,day2,20
2025-06-24 10:25:00,6449.8332,4243.9385,summer,day2,20
2025-06-24 10:30:00,5611.7064,4222.996,summer,day2,20
2025-06-24 10:35:00,5147.0172,4227.7295,summer,day2,20
2025-06-24 10:40:00,6022.651199999999,4219.4463,summer,day2,20
2025-06-24 10:45:00,2209.1148000000003,4198.994,summer,day2,20
2025-06-24 10:50:00,0.0,4199.718,summer,day2,20
2025-06-24 10:55:00,0.0,4195.03,summer,day2,20
2025-06-24 11:00:00,0.0,4194.0127,summer,day2,20
2025-06-24 11:05:00,0.0,4171.5977,summer,day2,20
2025-06-24 11:10:00,0.0,4166.2544,summer,day2,20
2025-06-24 11:15:00,0.0,4169.9106,summer,day2,20
2025-06-24 11:20:00,0.0,4173.626,summer,day2,20
2025-06-24 11:25:00,10374.148799999999,4173.998,summer,day2,20
2025-06-24 11:30:00,8077.9836,4141.4873,summer,day2,20
2025-06-24 11:35:00,8140.6032000000005,4152.6846,summer,day2,20
2025-06-24 11:40:00,5274.2544,4133.7227,summer,day2,20
2025-06-24 11:45:00,4511.8464,4119.374,summer,day2,20
2025-06-24 11:50:00,4432.8192,4082.121,summer,day2,20
2025-06-24 11:55:00,4059.4175999999998,4081.022,summer,day2,20
2025-06-24 12:00:00,4351.0296,4120.4214,summer,day2,20
2025-06-24 12:05:00,4626.9876,4097.7773,summer,day2,20
2025-06-24 12:10:00,4543.6848,4097.1245,summer,day2,20
2025-06-24 12:15:00,4715.955599999999,4075.874,summer,day2,20
2025-06-24 12:20:00,5139.732,4073.6753,summer,day2,20
2025-06-24 12:25:00,4729.7076,4036.2827,summer,day2,20
2025-06-24 12:30:00,4742.9388,4000.0293,summer,day2,20
2025-06-24 12:35:00,4532.0748,3984.271,summer,day2,20
2025-06-24 12:40:00,4787.046,3978.7634,summer,day2,20
2025-06-24 12:45:00,6061.9944000000005,3974.4487,summer,day2,20
2025-06-24 12:50:00,4309.6464,3944.1016,summer,day2,20
2025-06-24 12:55:00,4927.7688,3942.2886,summer,day2,20
2025-06-24 13:00:00,4759.4136,3936.5,summer,day2,20
2025-06-24 13:05:00,4881.195600000001,3918.1694,summer,day2,20
2025-06-24 13:10:00,5205.7608,3906.4893,summer,day2,20
2025-06-24 13:15:00,4842.1584,3924.4995,summer,day2,20
2025-06-24 13:20:00,4565.3916,4003.6133,summer,day2,20
2025-06-24 13:25:00,4868.202,3998.0083,summer,day2,20
2025-06-24 13:30:00,5420.0676,4001.7065,summer,day2,20
2025-06-24 13:35:00,4323.3936,3974.894,summer,day2,20
2025-06-24 13:40:00,5516.91,3948.8948,summer,day2,20
2025-06-24 13:45:00,3799.548,3901.1475,summer,day2,20
2025-06-24 13:50:00,4270.5972,3885.243,summer,day2,20
2025-06-24 13:55:00,4795.6308,3881.198,summer,day2,20
2025-06-24 14:00:00,6366.4368,3876.4907,summer,day2,20
2025-06-24 14:05:00,4284.882,3870.557,summer,day2,20
2025-06-24 14:10:00,3199.1567999999997,3850.1443,summer,day2,20
2025-06-24 14:15:00,3085.3104,3853.2747,summer,day2,20
2025-06-24 14:20:00,3536.8404,3851.8926,summer,day2,20
2025-06-24 14:25:00,3320.964,3835.0037,summer,day2,20
2025-06-24 14:30:00,3471.9648,3818.2212,summer,day2,20
2025-06-24 14:35:00,3321.666,3832.05,summer,day2,20
2025-06-24 14:40:00,3339.8076,3855.3733,summer,day2,20
2025-06-24 14:45:00,3742.1616000000004,3840.924,summer,day2,20
2025-06-24 14:50:00,3813.8124,3828.044,summer,day2,20
2025-06-24 14:55:00,3377.4335999999994,3832.8792,summer,day2,20
2025-06-24 15:00:00,3785.9628,3831.4248,summer,day2,20
2025-06-24 15:05:00,3971.3556,3806.8926,summer,day2,20
2025-06-24 15:10:00,3921.0804,3807.8115,summer,day2,20
2025-06-24 15:15:00,3370.3032,3821.6711,summer,day2,20
2025-06-24 15:20:00,4189.9344,3832.1655,summer,day2,20
2025-06-24 15:25:00,2810.4336,3830.2607,summer,day2,20
2025-06-24 15:30:00,3074.682,3815.4033,summer,day2,20
2025-06-24 15:35:00,2481.8448,3823.8794,summer,day2,20
2025-06-24 15:40:00,3805.3296,3834.9685,summer,day2,20
2025-06-24 15:45:00,3129.2508000000003,3832.412,summer,day2,20
2025-06-24 15:50:00,2580.4908,3816.236,summer,day2,20
2025-06-24 15:55:00,2946.5568,3832.5012,summer,day2,20
2025-06-24 16:00:00,3111.4716,3838.1736,summer,day2,20
2025-06-24 16:05:00,3135.0924,3828.655,summer,day2,20
2025-06-24 16:10:00,2783.4528,3825.5776,summer,day2,20
2025-06-24 16:15:00,3239.4624,3828.1814,summer,day2,20
2025-06-24 16:20:00,3294.3407999999995,3835.8818,summer,day2,20
2025-06-24 16:25:00,4283.1324,3818.7515,summer,day2,20
2025-06-24 16:30:00,2500.4712,3808.966,summer,day2,20
2025-06-24 16:35:00,3620.7479999999996,3810.7896,summer,day2,20
2025-06-24 16:40:00,3150.3084,3814.392,summer,day2,20
2025-06-24 16:45:00,2960.8824,3819.3333,summer,day2,20
2025-06-24 16:50:00,2897.2116,3800.8772,summer,day2,20
2025-06-24 16:55:00,2918.454,3794.6357,summer,day2,20
2025-06-24 17:00:00,4798.6584,3802.9587,summer,day2,20
2025-06-24 17:05:00,2999.7792,3787.4207,summer,day2,20
2025-06-24 17:10:00,2923.0044,3774.8364,summer,day2,20
2025-06-24 17:15:00,2641.3896,3788.2156,summer,day2,20
2025-06-24 17:20:00,2671.7760000000003,3794.3022,summer,day2,20
2025-06-24 17:25:00,2650.9716,3783.3818,summer,day2,20
2025-06-24 17:30:00,2825.0496,3782.787,summer,day2,20
2025-06-24 17:35:00,2896.6572,3779.976,summer,day2,20
2025-06-24 17:40:00,3510.9528,3772.468,summer,day2,20
2025-06-24 17:45:00,4574.4612,3749.8354,summer,day2,20
2025-06-24 17:50:00,2827.3464,3739.3499,summer,day2,20
2025-06-24 17:55:00,3183.7536,3747.8252,summer,day2,20
2025-06-24 18:00:00,6137.4144,3748.268,summer,day2,20
2025-06-24 18:05:00,13028.5596,3756.5037,summer,day2,20
2025-06-24 18:10:00,12003.9588,3726.82,summer,day2,20
2025-06-24 18:15:00,4283.983200000001,3710.8938,summer,day2,20
2025-06-24 18:20:00,3900.2591999999995,3720.1638,summer,day2,20
2025-06-24 18:25:00,3571.0476000000003,3689.182,summer,day2,20
2025-06-24 18:30:00,4422.8664,3671.158,summer,day2,20
2025-06-24 18:35:00,4603.4748,3670.6536,summer,day2,20
2025-06-24 18:40:00,3922.4208,3591.9165,summer,day2,20
2025-06-24 18:45:00,5402.8668,3562.5842,summer,day2,20
2025-06-24 18:50:00,4105.824,3537.8643,summer,day2,20
2025-06-24 18:55:00,6040.26,3510.8774,summer,day2,20
2025-06-24 19:00:00,6760.8516,3492.817,summer,day2,20
2025-06-24 19:05:00,4314.4788,3453.118,summer,day2,20
2025-06-24 19:10:00,3982.2588000000005,3434.2131,summer,day2,20
2025-06-24 19:15:00,5452.4472000000005,3414.896,summer,day2,20
2025-06-24 19:20:00,3731.5775999999996,3399.1643,summer,day2,20
2025-06-24 19:25:00,2943.654,3384.95,summer,day2,20
2025-06-24 19:30:00,3148.674,3342.3499,summer,day2,20
2025-06-24 19:35:00,2842.8444,3328.349,summer,day2,20
2025-06-24 19:40:00,4424.7624,3322.9663,summer,day2,20
2025-06-24 19:45:00,2855.5667999999996,3304.5693,summer,day2,20
2025-06-24 19:50:00,2756.3256,3275.6782,summer,day2,20
2025-06-24 19:55:00,2818.3848000000003,3251.013,summer,day2,20
2025-06-24 20:00:00,3068.9736000000003,3162.6924,summer,day2,20
2025-06-24 20:05:00,4017.7236,3135.4504,summer,day2,20
2025-06-24 20:10:00,3180.042,3123.939,summer,day2,20
2025-06-24 20:15:00,2247.564,3091.3594,summer,day2,20
2025-06-24 20:20:00,2287.1531999999997,3046.6948,summer,day2,20
2025-06-24 20:25:00,2420.6387999999997,3020.2183,summer,day2,20
2025-06-24 20:30:00,4464.534,2987.3037,summer,day2,20
2025-06-24 20:35:00,3274.3548,2964.5383,summer,day2,20
2025-06-24 20:40:00,1980.7788,2943.467,summer,day2,20
2025-06-24 20:45:00,2157.738,2909.913,summer,day2,20
2025-06-24 20:50:00,2306.8032,2906.8867,summer,day2,20
2025-06-24 20:55:00,2534.0748,2917.0369,summer,day2,20
2025-06-24 21:00:00,2524.3692,2916.496,summer,day2,20
2025-06-24 21:05:00,2142.9612,2918.2495,summer,day2,20
2025-06-24 21:10:00,2104.218,2918.8232,summer,day2,20
2025-06-24 21:15:00,3007.1592,2919.1074,summer,day2,20
2025-06-24 21:20:00,2693.538,2961.6182,summer,day2,20
2025-06-24 21:25:00,2847.2256,2977.0312,summer,day2,20
2025-06-24 21:30:00,2899.1220000000003,3001.6875,summer,day2,20
2025-06-24 21:35:00,2790.2484,2993.0017,summer,day2,20
2025-06-24 21:40:00,2656.9428,2937.8254,summer,day2,20
2025-06-24 21:45:00,2621.6328000000003,2884.3687,summer,day2,20
2025-06-24 21:50:00,2624.322,2841.517,summer,day2,20
2025-06-24 21:55:00,2582.082,2786.6997,summer,day2,20
2025-06-24 22:00:00,2492.7912,2727.817,summer,day2,20
2025-06-24 22:05:00,2343.1403999999998,2696.5132,summer,day2,20
2025-06-24 22:10:00,2291.2308000000003,2686.689,summer,day2,20
2025-06-24 22:15:00,2364.4236,2699.6538,summer,day2,20
2025-06-24 22:20:00,2391.6059999999998,2714.962,summer,day2,20
2025-06-24 22:25:00,2501.1684,2686.0737,summer,day2,20
2025-06-24 22:30:00,2982.7956,2659.899,summer,day2,20
2025-06-24 22:35:00,2872.9128,2635.1094,summer,day2,20
2025-06-24 22:40:00,2819.4684,2610.3232,summer,day2,20
2025-06-24 22:45:00,2847.5784,2606.8394,summer,day2,20
2025-06-24 22:50:00,2850.1812,2607.5303,summer,day2,20
2025-06-24 22:55:00,2677.2192,2620.3232,summer,day2,20
2025-06-24 23:00:00,2564.2596,2617.957,summer,day2,20
2025-06-24 23:05:00,2354.1588,2613.2566,summer,day2,20
2025-06-24 23:10:00,2379.594,2616.5264,summer,day2,20
2025-06-24 23:15:00,2559.54,2628.1587,summer,day2,20
2025-06-24 23:20:00,2436.492,2633.0596,summer,day2,20
2025-06-24 23:25:00,2404.9175999999998,2641.9617,summer,day2,20
2025-06-24 23:30:00,2388.7176,2630.5508,summer,day2,20
2025-06-24 23:35:00,2431.6716,2632.063,summer,day2,20
2025-06-24 23:40:00,2481.1356,2639.458,summer,day2,20
2025-06-24 23:45:00,2668.3704,2631.7578,summer,day2,20
2025-06-24 23:50:00,2523.8172000000004,2637.2507,summer,day2,20
2025-06-24 23:55:00,2377.2336,2647.4858,summer,day2,20
2025-07-17 00:00:00,5246.0484,5434.7393,summer,day3,21
2025-07-17 00:05:00,5356.5491999999995,5242.052,summer,day3,21
2025-07-17 00:10:00,5203.0692,5142.8525,summer,day3,21
2025-07-17 00:15:00,5114.8428,5019.382,summer,day3,21
2025-07-17 00:20:00,5111.4,4937.4624,summer,day3,21
2025-07-17 00:25:00,4177.302000000001,4805.5894,summer,day3,21
2025-07-17 00:30:00,3789.2208,4726.9893,summer,day3,21
2025-07-17 00:35:00,3766.1652000000004,4625.419,summer,day3,21
2025-07-17 00:40:00,3981.3,4563.1816,summer,day3,21
2025-07-17 00:45:00,3932.2392,4484.704,summer,day3,21
2025-07-17 00:50:00,4200.8148,4382.557,summer,day3,21
2025-07-17 00:55:00,3925.5864,4305.13,summer,day3,21
2025-07-17 01:00:00,4000.392,4244.99,summer,day3,21
2025-07-17 01:05:00,3869.9772000000003,4178.8345,summer,day3,21
2025-07-17 01:10:00,3786.9983999999995,4134.227,summer,day3,21
2025-07-17 01:15:00,3910.2767999999996,4100.251,summer,day3,21
2025-07-17 01:20:00,3882.3659999999995,4191.3315,summer,day3,21
2025-07-17 01:25:00,3814.8792000000003,4130.099,summer,day3,21
2025-07-17 01:30:00,3929.1024000000007,4118.3384,summer,day3,21
2025-07-17 01:35:00,3919.0188000000003,4085.399,summer,day3,21
2025-07-17 01:40:00,4097.3076,4069.293,summer,day3,21
2025-07-17 01:45:00,4060.0032,4045.4585,summer,day3,21
2025-07-17 01:50:00,4196.1264,4037.6648,summer,day3,21
2025-07-17 01:55:00,4211.3124,4019.2651,summer,day3,21
2025-07-17 02:00:00,3966.1452,3993.3098,summer,day3,21
2025-07-17 02:05:00,3856.932,3949.1138,summer,day3,21
2025-07-17 02:10:00,3851.5968000000003,3945.359,summer,day3,21
2025-07-17 02:15:00,2869.5348,3921.2122,summer,day3,21
2025-07-17 02:20:00,2371.6428,3908.508,summer,day3,21
2025-07-17 02:25:00,2450.4708,3881.2993,summer,day3,21
2025-07-17 02:30:00,2315.2763999999997,3874.192,summer,day3,21
2025-07-17 02:35:00,2376.9648,3875.4836,summer,day3,21
2025-07-17 02:40:00,2425.7136,3808.613,summer,day3,21
2025-07-17 02:45:00,2429.9352,3800.9792,summer,day3,21
2025-07-17 02:50:00,2390.3856,3792.8772,summer,day3,21
2025-07-17 02:55:00,2386.8552,3772.066,summer,day3,21
2025-07-17 03:00:00,2431.0488,3777.284,summer,day3,21
2025-07-17 03:05:00,2698.674,3754.6467,summer,day3,21
2025-07-17 03:10:00,2730.6624,3757.9756,summer,day3,21
2025-07-17 03:15:00,2747.6892,3753.2852,summer,day3,21
2025-07-17 03:20:00,2523.4991999999997,3760.908,summer,day3,21
2025-07-17 03:25:00,2460.6456,3733.227,summer,day3,21
2025-07-17 03:30:00,2440.014,3735.076,summer,day3,21
2025-07-17 03:35:00,2432.5992,3731.557,summer,day3,21
2025-07-17 03:40:00,2599.3776,3729.0627,summer,day3,21
2025-07-17 03:45:00,2705.4552,3716.1785,summer,day3,21
2025-07-17 03:50:00,2623.6236,3711.6848,summer,day3,21
2025-07-17 03:55:00,2478.0384000000004,3710.8337,summer,day3,21
2025-07-17 04:00:00,2335.9368000000004,3736.9048,summer,day3,21
2025-07-17 04:05:00,2251.9632,3705.8425,summer,day3,21
2025-07-17 04:10:00,2529.6984,3696.1584,summer,day3,21
2025-07-17 04:15:00,2788.8228,3669.9563,summer,day3,21
2025-07-17 04:20:00,2851.6332,3670.3262,summer,day3,21
2025-07-17 04:25:00,2461.8024,3648.7056,summer,day3,21
2025-07-17 04:30:00,2586.2183999999997,3649.1243,summer,day3,21
2025-07-17 04:35:00,2548.9356,3627.8438,summer,day3,21
2025-07-17 04:40:00,2482.7676,3623.839,summer,day3,21
2025-07-17 04:45:00,2635.4016,3579.1948,summer,day3,21
2025-07-17 04:50:00,2669.6448,3572.932,summer,day3,21
2025-07-17 04:55:00,2490.3444,3546.6223,summer,day3,21
2025-07-17 05:00:00,2453.6315999999997,3539.8625,summer,day3,21
2025-07-17 05:05:00,2496.9624,3507.7957,summer,day3,21
2025-07-17 05:10:00,2487.0912,3514.7188,summer,day3,21
2025-07-17 05:15:00,2354.1288,3524.504,summer,day3,21
2025-07-17 05:20:00,2367.9612,3488.0151,summer,day3,21
2025-07-17 05:25:00,2027.0747999999999,3462.4263,summer,day3,21
2025-07-17 05:30:00,2033.0387999999998,3452.7964,summer,day3,21
2025-07-17 05:35:00,2132.3436,3440.038,summer,day3,21
2025-07-17 05:40:00,2186.538,3442.15,summer,day3,21
2025-07-17 05:45:00,2277.5208,3445.089,summer,day3,21
2025-07-17 05:50:00,2383.4532,3445.668,summer,day3,21
2025-07-17 05:55:00,2263.3512,3440.2917,summer,day3,21
2025-07-17 06:00:00,2142.2964,3407.1445,summer,day3,21
2025-07-17 06:05:00,2132.5476,3390.9517,summer,day3,21
2025-07-17 06:10:00,2150.2956,3380.7004,summer,day3,21
2025-07-17 06:15:00,2239.2588,3373.783,summer,day3,21
2025-07-17 06:20:00,2391.6612,3394.4797,summer,day3,21
2025-07-17 06:25:00,2539.6872000000003,3387.9768,summer,day3,21
2025-07-17 06:30:00,2463.282,3428.974,summer,day3,21
2025-07-17 06:35:00,2265.4955999999997,3484.6575,summer,day3,21
2025-07-17 06:40:00,2153.3052,3294.0425,summer,day3,21
2025-07-17 06:45:00,2090.0616,3324.9846,summer,day3,21
2025-07-17 06:50:00,2232.0252,3363.2488,summer,day3,21
2025-07-17 06:55:00,2288.1564,3376.0222,summer,day3,21
2025-07-17 07:00:00,2431.6992,3402.692,summer,day3,21
2025-07-17 07:05:00,2459.5032,3450.3267,summer,day3,21
2025-07-17 07:10:00,2412.8052,3506.5315,summer,day3,21
2025-07-17 07:15:00,2845.1148000000003,3532.7002,summer,day3,21
2025-07-17 07:20:00,3148.1328000000003,3589.7092,summer,day3,21
2025-07-17 07:25:00,3165.2424,3653.5325,summer,day3,21
2025-07-17 07:30:00,3216.468,3724.4846,summer,day3,21
2025-07-17 07:35:00,3406.0248,3836.9468,summer,day3,21
2025-07-17 07:40:00,3412.6344,3964.4685,summer,day3,21
2025-07-17 07:45:00,3796.7232000000004,4071.319,summer,day3,21
2025-07-17 07:50:00,12464.6484,4181.655,summer,day3,21
2025-07-17 07:55:00,11088.114,4219.3755,summer,day3,21
2025-07-17 08:00:00,6102.2028,4165.2764,summer,day3,21
2025-07-17 08:05:00,6575.924400000001,4148.43,summer,day3,21
2025-07-17 08:10:00,6474.072,4216.4717,summer,day3,21
2025-07-17 08:15:00,7917.368400000001,4235.596,summer,day3,21
2025-07-17 08:20:00,5783.8344,4258.1963,summer,day3,21
2025-07-17 08:25:00,4748.4828,4282.5586,summer,day3,21
2025-07-17 08:30:00,4604.4228,4330.64,summer,day3,21
2025-07-17 08:35:00,4767.498,4328.8213,summer,day3,21
2025-07-17 08:40:00,4559.272800000001,4376.8047,summer,day3,21
2025-07-17 08:45:00,4849.681200000001,4360.647,summer,day3,21
2025-07-17 08:50:00,5948.52,4369.0986,summer,day3,21
2025-07-17 08:55:00,6792.8063999999995,4386.8115,summer,day3,21
2025-07-17 09:00:00,6504.967200000001,4399.995,summer,day3,21
2025-07-17 09:05:00,5775.3168000000005,4426.507,summer,day3,21
2025-07-17 09:10:00,4880.7108,4445.02,summer,day3,21
2025-07-17 09:15:00,5552.7036,4464.366,summer,day3,21
2025-07-17 09:20:00,6530.7624000000005,4609.612,summer,day3,21
2025-07-17 09:25:00,5388.566400000001,4639.3105,summer,day3,21
2025-07-17 09:30:00,5798.6232,4689.2876,summer,day3,21
2025-07-17 09:35:00,5717.1276,4707.367,summer,day3,21
2025-07-17 09:40:00,5498.9712,4742.9033,summer,day3,21
2025-07-17 09:45:00,4674.5160000000005,4743.4863,summer,day3,21
2025-07-17 09:50:00,5567.778,4731.175,summer,day3,21
2025-07-17 09:55:00,5435.2248,4734.4004,summer,day3,21
2025-07-17 10:00:00,4890.4344,4732.8276,summer,day3,21
2025-07-17 10:05:00,4255.0512,4677.4297,summer,day3,21
2025-07-17 10:10:00,4441.3284,4661.4766,summer,day3,21
2025-07-17 10:15:00,4890.2976,4654.932,summer,day3,21
2025-07-17 10:20:00,4805.6196,4652.3477,summer,day3,21
2025-07-17 10:25:00,6851.9232,4656.9365,summer,day3,21
2025-07-17 10:30:00,5099.004,4671.6865,summer,day3,21
2025-07-17 10:35:00,4659.8508,4678.551,summer,day3,21
2025-07-17 10:40:00,6122.6844,4715.8184,summer,day3,21
2025-07-17 10:45:00,4203.4800000000005,4758.612,summer,day3,21
2025-07-17 10:50:00,4802.1576000000005,4786.8896,summer,day3,21
2025-07-17 10:55:00,4432.9236,4760.0967,summer,day3,21
2025-07-17 11:00:00,4953.2532,4793.8013,summer,day3,21
2025-07-17 11:05:00,5866.8576,4777.284,summer,day3,21
2025-07-17 11:10:00,5520.3012,4768.3643,summer,day3,21
2025-07-17 11:15:00,5037.6252,4805.1504,summer,day3,21
2025-07-17 11:20:00,4809.15,4817.05,summer,day3,21
2025-07-17 11:25:00,5365.188,4796.2935,summer,day3,21
2025-07-17 11:30:00,4426.3884,4809.9277,summer,day3,21
2025-07-17 11:35:00,4918.7592,4818.661,summer,day3,21
2025-07-17 11:40:00,5263.7256,4839.9297,summer,day3,21
2025-07-17 11:45:00,4268.602800000001,4823.782,summer,day3,21
2025-07-17 11:50:00,4858.2036,4828.578,summer,day3,21
2025-07-17 11:55:00,5438.0904,4838.6865,summer,day3,21
2025-07-17 12:00:00,4499.245199999999,4712.3213,summer,day3,21
2025-07-17 12:05:00,4930.468800000001,4741.384,summer,day3,21
2025-07-17 12:10:00,4484.1,4768.568,summer,day3,21
2025-07-17 12:15:00,5279.354399999999,4738.4014,summer,day3,21
2025-07-17 12:20:00,5635.4208,4762.0684,summer,day3,21
2025-07-17 12:25:00,7468.26,4744.2866,summer,day3,21
2025-07-17 12:30:00,5192.6436,4729.5864,summer,day3,21
2025-07-17 12:35:00,4543.9488,4743.658,summer,day3,21
2025-07-17 12:40:00,6092.5008,4751.7744,summer,day3,21
2025-07-17 12:45:00,7782.559200000001,4716.939,summer,day3,21
2025-07-17 12:50:00,6412.6092,4697.1094,summer,day3,21
2025-07-17 12:55:00,6379.0584,4680.1685,summer,day3,21
2025-07-17 13:00:00,4599.3876,4692.507,summer,day3,21
2025-07-17 13:05:00,4737.0216,4675.1924,summer,day3,21
2025-07-17 13:10:00,6574.3068,4678.1953,summer,day3,21
2025-07-17 13:15:00,5047.7232,4688.9746,summer,day3,21
2025-07-17 13:20:00,6563.8068,4733.9814,summer,day3,21
2025-07-17 13:25:00,7114.498799999999,4775.085,summer,day3,21
2025-07-17 13:30:00,5494.794,4807.29,summer,day3,21
2025-07-17 13:35:00,4849.7352,4782.218,summer,day3,21
2025-07-17 13:40:00,5346.7044000000005,4810.3013,summer,day3,21
2025-07-17 13:45:00,4955.202,4788.5215,summer,day3,21
2025-07-17 13:50:00,5024.3364,4746.8013,summer,day3,21
2025-07-17 13:55:00,4966.8852,4742.8105,summer,day3,21
2025-07-17 14:00:00,4621.818,4715.3916,summer,day3,21
2025-07-17 14:05:00,5243.9112000000005,4666.4087,summer,day3,21
2025-07-17 14:10:00,6409.0632,4641.2773,summer,day3,21
2025-07-17 14:15:00,4819.956,4626.4546,summer,day3,21
2025-07-17 14:20:00,4747.390799999999,4625.3296,summer,day3,21
2025-07-17 14:25:00,6238.9308,4614.9375,summer,day3,21
2025-07-17 14:30:00,5582.022,4614.6523,summer,day3,21
2025-07-17 14:35:00,4787.9088,4619.5117,summer,day3,21
2025-07-17 14:40:00,4944.138,4655.8145,summer,day3,21
2025-07-17 14:45:00,5074.722,4692.3076,summer,day3,21
2025-07-17 14:50:00,5499.2352,4690.537,summer,day3,21
2025-07-17 14:55:00,4968.6384,4635.764,summer,day3,21
2025-07-17 15:00:00,5770.7616,4662.2603,summer,day3,21
2025-07-17 15:05:00,5905.2468,4644.0063,summer,day3,21
2025-07-17 15:10:00,5332.9752,4640.037,summer,day3,21
2025-07-17 15:15:00,4588.5576,4649.8823,summer,day3,21
2025-07-17 15:20:00,4382.6664,4681.509,summer,day3,21
2025-07-17 15:25:00,4640.8212,4660.0146,summer,day3,21
2025-07-17 15:30:00,4833.7644,4656.1787,summer,day3,21
2025-07-17 15:35:00,4735.32,4658.2847,summer,day3,21
2025-07-17 15:40:00,5593.9956,4665.9976,summer,day3,21
2025-07-17 15:45:00,6699.9204,4684.6543,summer,day3,21
2025-07-17 15:50:00,5349.530400000001,4684.0024,summer,day3,21
2025-07-17 15:55:00,4272.5472,4671.849,summer,day3,21
2025-07-17 16:00:00,5156.5692,4634.451,summer,day3,21
2025-07-17 16:05:00,3829.3248,4646.963,summer,day3,21
2025-07-17 16:10:00,3904.7964,4647.97,summer,day3,21
2025-07-17 16:15:00,3894.5555999999997,4610.3164,summer,day3,21
2025-07-17 16:20:00,3870.8376000000003,4633.774,summer,day3,21
2025-07-17 16:25:00,4002.0528,4604.5938,summer,day3,21
2025-07-17 16:30:00,3569.1551999999997,4597.2275,summer,day3,21
2025-07-17 16:35:00,3827.4168,4591.997,summer,day3,21
2025-07-17 16:40:00,4213.9656,4623.883,summer,day3,21
2025-07-17 16:45:00,3695.3868,4584.8584,summer,day3,21
2025-07-17 16:50:00,3703.0847999999996,4560.721,summer,day3,21
2025-07-17 16:55:00,5570.166,4540.1963,summer,day3,21
2025-07-17 17:00:00,4633.2624,4532.047,summer,day3,21
2025-07-17 17:05:00,6476.478,4536.5044,summer,day3,21
2025-07-17 17:10:00,5138.442,4533.632,summer,day3,21
2025-07-17 17:15:00,5058.0504,4540.1123,summer,day3,21
2025-07-17 17:20:00,5018.3351999999995,4586.5186,summer,day3,21
2025-07-17 17:25:00,4594.0596000000005,4592.1836,summer,day3,21
2025-07-17 17:30:00,3719.3544,4603.0254,summer,day3,21
2025-07-17 17:35:00,3734.5440000000003,4579.6816,summer,day3,21
2025-07-17 17:40:00,3975.9672,4606.837,summer,day3,21
2025-07-17 17:45:00,4450.2204,4569.753,summer,day3,21
2025-07-17 17:50:00,4235.4132,4540.783,summer,day3,21
2025-07-17 17:55:00,3930.0624,4530.817,summer,day3,21
2025-07-17 18:00:00,5268.5292,4529.631,summer,day3,21
2025-07-17 18:05:00,5162.6532,4494.2104,summer,day3,21
2025-07-17 18:10:00,4423.0344,4475.335,summer,day3,21
2025-07-17 18:15:00,5258.8056,4460.6855,summer,day3,21
2025-07-17 18:20:00,4014.7344,4447.132,summer,day3,21
2025-07-17 18:25:00,3932.4660000000003,4440.74,summer,day3,21
2025-07-17 18:30:00,3727.0728000000004,4431.594,summer,day3,21
2025-07-17 18:35:00,3610.1976000000004,4447.4917,summer,day3,21
2025-07-17 18:40:00,3780.9444000000003,4439.9043,summer,day3,21
2025-07-17 18:45:00,3828.2172000000005,4468.574,summer,day3,21
2025-07-17 18:50:00,3959.0099999999998,4452.045,summer,day3,21
2025-07-17 18:55:00,4518.9228,4417.752,summer,day3,21
2025-07-17 19:00:00,3927.3635999999997,4426.5884,summer,day3,21
2025-07-17 19:05:00,3844.9199999999996,4389.9595,summer,day3,21
2025-07-17 19:10:00,4531.116,4384.5864,summer,day3,21
2025-07-17 19:15:00,6519.4812,4361.8647,summer,day3,21
2025-07-17 19:20:00,5548.7663999999995,4397.584,summer,day3,21
2025-07-17 19:25:00,4800.1116,4384.9126,summer,day3,21
2025-07-17 19:30:00,3718.7748,4375.631,summer,day3,21
2025-07-17 19:35:00,4131.6144,4378.1157,summer,day3,21
2025-07-17 19:40:00,3456.3072,4363.647,summer,day3,21
2025-07-17 19:45:00,3640.9728000000005,4371.624,summer,day3,21
2025-07-17 19:50:00,3621.3959999999997,4363.261,summer,day3,21
2025-07-17 19:55:00,3452.7012000000004,4354.948,summer,day3,21
2025-07-17 20:00:00,3340.0343999999996,4250.7163,summer,day3,21
2025-07-17 20:05:00,3938.4468,4234.627,summer,day3,21
2025-07-17 20:10:00,5138.5524,4234.9355,summer,day3,21
2025-07-17 20:15:00,4519.9536,4190.426,summer,day3,21
2025-07-17 20:20:00,3926.7612,4196.4985,summer,day3,21
2025-07-17 20:25:00,3740.0208,4170.4653,summer,day3,21
2025-07-17 20:30:00,4663.9524,4168.314,summer,day3,21
2025-07-17 20:35:00,4187.022,4116.874,summer,day3,21
2025-07-17 20:40:00,3741.7536,4144.4697,summer,day3,21
2025-07-17 20:45:00,4081.4483999999998,4113.8037,summer,day3,21
2025-07-17 20:50:00,4111.0248,4089.6636,summer,day3,21
2025-07-17 20:55:00,4040.1852,4073.375,summer,day3,21
2025-07-17 21:00:00,4022.5296000000003,4052.4177,summer,day3,21
2025-07-17 21:05:00,5074.1916,4064.407,summer,day3,21
2025-07-17 21:10:00,5019.6864000000005,4049.9282,summer,day3,21
2025-07-17 21:15:00,5235.1056,4045.9963,summer,day3,21
2025-07-17 21:20:00,5198.7276,4222.3037,summer,day3,21
2025-07-17 21:25:00,5041.8972,4210.468,summer,day3,21
2025-07-17 21:30:00,4947.7572,4227.259,summer,day3,21
2025-07-17 21:35:00,4845.9983999999995,4210.8486,summer,day3,21
2025-07-17 21:40:00,4915.1556,4189.711,summer,day3,21
2025-07-17 21:45:00,4995.6108,4150.9404,summer,day3,21
2025-07-17 21:50:00,5145.023999999999,4104.6836,summer,day3,21
2025-07-17 21:55:00,4821.938400000001,3843.5933,summer,day3,21
2025-07-17 22:00:00,5224.206,3507.8455,summer,day3,21
2025-07-17 22:05:00,5409.0491999999995,3374.4543,summer,day3,21
2025-07-17 22:10:00,7144.282800000001,3367.7925,summer,day3,21
2025-07-17 22:15:00,7163.3364,3329.7178,summer,day3,21
2025-07-17 22:20:00,5021.166,3309.3704,summer,day3,21
2025-07-17 22:25:00,5094.3084,3270.8584,summer,day3,21
2025-07-17 22:30:00,5358.468,3262.1616,summer,day3,21
2025-07-17 22:35:00,5151.765600000001,3253.669,summer,day3,21
2025-07-17 22:40:00,5313.6588,3390.8433,summer,day3,21
2025-07-17 22:45:00,5620.0271999999995,3358.3008,summer,day3,21
2025-07-17 22:50:00,5626.4496,3369.3145,summer,day3,21
2025-07-17 22:55:00,5536.8804,3335.9482,summer,day3,21
2025-07-17 23:00:00,5400.3396,3304.1475,summer,day3,21
2025-07-17 23:05:00,5470.469999999999,3301.3975,summer,day3,21
2025-07-17 23:10:00,5739.8243999999995,3297.0334,summer,day3,21
2025-07-17 23:15:00,5787.3996,3288.9187,summer,day3,21
2025-07-17 23:20:00,5927.4816,3282.5693,summer,day3,21
2025-07-17 23:25:00,5834.090399999999,3266.3071,summer,day3,21
2025-07-17 23:30:00,5615.3124,3264.3699,summer,day3,21
2025-07-17 23:35:00,5421.51,3273.9717,summer,day3,21
2025-07-17 23:40:00,5291.3436,3272.7253,summer,day3,21
2025-07-17 23:45:00,6521.7792,3286.8518,summer,day3,21
2025-07-17 23:50:00,5161.5504,3277.809,summer,day3,21
2025-07-17 23:55:00,4628.9604,3231.9893,summer,day3,21
2025-08-08 00:00:00,2905.4832,3813.6323,summer,day4,21
2025-08-08 00:05:00,2841.84,3642.6858,summer,day4,21
2025-08-08 00:10:00,3052.6944,3495.9014,summer,day4,21
2025-08-08 00:15:00,3142.6728,3363.422,summer,day4,21
2025-08-08 00:20:00,2870.1984,3284.6213,summer,day4,21
2025-08-08 00:25:00,2817.8292,3215.6313,summer,day4,21
2025-08-08 00:30:00,2915.0568,3179.649,summer,day4,21
2025-08-08 00:35:00,2962.2383999999997,3140.032,summer,day4,21
2025-08-08 00:40:00,2623.6164,3111.6736,summer,day4,21
2025-08-08 00:45:00,2690.5608,3075.117,summer,day4,21
2025-08-08 00:50:00,2906.832,3072.8323,summer,day4,21
2025-08-08 00:55:00,2565.0204,3066.3508,summer,day4,21
2025-08-08 01:00:00,2503.4616,3062.9453,summer,day4,21
2025-08-08 01:05:00,2474.418,3055.9072,summer,day4,21
2025-08-08 01:10:00,2648.3604,3037.419,summer,day4,21
2025-08-08 01:15:00,2786.8572,2991.7275,summer,day4,21
2025-08-08 01:20:00,2711.532,2877.3054,summer,day4,21
2025-08-08 01:25:00,2803.4472,2843.3213,summer,day4,21
2025-08-08 01:30:00,2854.1808,2809.6526,summer,day4,21
2025-08-08 01:35:00,2967.666,2789.8003,summer,day4,21
2025-08-08 01:40:00,2924.532,2789.771,summer,day4,21
2025-08-08 01:45:00,2853.4332,2774.8594,summer,day4,21
2025-08-08 01:50:00,2575.8959999999997,2778.4082,summer,day4,21
2025-08-08 01:55:00,2489.8164,2786.8235,summer,day4,21
2025-08-08 02:00:00,2426.1984,2796.1685,summer,day4,21
2025-08-08 02:05:00,2760.0792,2800.7095,summer,day4,21
2025-08-08 02:10:00,3409.6788,2785.0808,summer,day4,21
2025-08-08 02:15:00,3478.7292,2764.4421,summer,day4,21
2025-08-08 02:20:00,3429.4031999999997,2758.1165,summer,day4,21
2025-08-08 02:25:00,3368.4684,2741.406,summer,day4,21
2025-08-08 02:30:00,3050.1252,2735.0059,summer,day4,21
2025-08-08 02:35:00,2940.1956,2735.832,summer,day4,21
2025-08-08 02:40:00,3120.0227999999997,2700.8975,summer,day4,21
2025-08-08 02:45:00,4267.158,2700.2234,summer,day4,21
2025-08-08 02:50:00,4474.515600000001,2704.2559,summer,day4,21
2025-08-08 02:55:00,3739.8084000000003,2682.6316,summer,day4,21
2025-08-08 03:00:00,5022.6144,2701.1228,summer,day4,21
2025-08-08 03:05:00,4454.8908,2696.6394,summer,day4,21
2025-08-08 03:10:00,2717.2367999999997,2693.9536,summer,day4,21
2025-08-08 03:15:00,3616.4352,2681.2073,summer,day4,21
2025-08-08 03:20:00,5155.7544,2681.435,summer,day4,21
2025-08-08 03:25:00,3559.5,2690.3403,summer,day4,21
2025-08-08 03:30:00,2605.1423999999997,2666.8523,summer,day4,21
2025-08-08 03:35:00,2508.5832,2668.226,summer,day4,21
2025-08-08 03:40:00,2695.8588000000004,2671.3408,summer,day4,21
2025-08-08 03:45:00,2457.4272,2675.1428,summer,day4,21
2025-08-08 03:50:00,2337.6576,2669.8574,summer,day4,21
2025-08-08 03:55:00,2346.7884,2678.8428,summer,day4,21
2025-08-08 04:00:00,2334.5664,2671.0688,summer,day4,21
2025-08-08 04:05:00,2381.9700000000003,2677.8684,summer,day4,21
2025-08-08 04:10:00,2430.6504,2668.9546,summer,day4,21
2025-08-08 04:15:00,2522.2812,2640.2769,summer,day4,21
2025-08-08 04:20:00,2233.764,2632.3066,summer,day4,21
2025-08-08 04:25:00,2555.6351999999997,2618.918,summer,day4,21
2025-08-08 04:30:00,2582.2488000000003,2632.1592,summer,day4,21
2025-08-08 04:35:00,3999.4116000000004,2616.1653,summer,day4,21
2025-08-08 04:40:00,2532.3635999999997,2621.922,summer,day4,21
2025-08-08 04:45:00,2868.2604,2623.7334,summer,day4,21
2025-08-08 04:50:00,3039.5508,2603.0964,summer,day4,21
2025-08-08 04:55:00,2912.1144,2611.2705,summer,day4,21
2025-08-08 05:00:00,2723.4708,2621.2253,summer,day4,21
2025-08-08 05:05:00,2702.4924,2623.8962,summer,day4,21
2025-08-08 05:10:00,2537.0099999999998,2603.448,summer,day4,21
2025-08-08 05:15:00,2216.7768,2581.2659,summer,day4,21
2025-08-08 05:20:00,2429.4576,2432.7087,summer,day4,21
2025-08-08 05:25:00,2355.9864000000002,2398.1904,summer,day4,21
2025-08-08 05:30:00,2164.7628,2363.1553,summer,day4,21
2025-08-08 05:35:00,2109.3347999999996,2344.2307,summer,day4,21
2025-08-08 05:40:00,2062.8455999999996,2330.0464,summer,day4,21
2025-08-08 05:45:00,2216.46,2320.6438,summer,day4,21
2025-08-08 05:50:00,2434.5024,2316.0205,summer,day4,21
2025-08-08 05:55:00,2256.9624,2331.3457,summer,day4,21
2025-08-08 06:00:00,2086.1076000000003,2353.387,summer,day4,21
2025-08-08 06:05:00,2038.9080000000001,2362.4492,summer,day4,21
2025-08-08 06:10:00,2045.8739999999998,2349.4326,summer,day4,21
2025-08-08 06:15:00,2038.7652000000003,2362.6104,summer,day4,21
2025-08-08 06:20:00,2295.6876,2375.3728,summer,day4,21
2025-08-08 06:25:00,2334.8376,2401.1875,summer,day4,21
2025-08-08 06:30:00,2314.3343999999997,2406.2925,summer,day4,21
2025-08-08 06:35:00,2259.6408,2440.255,summer,day4,21
2025-08-08 06:40:00,2163.0119999999997,2610.9556,summer,day4,21
2025-08-08 06:45:00,2305.9932,2675.5916,summer,day4,21
2025-08-08 06:50:00,2580.3732,2721.8228,summer,day4,21
2025-08-08 06:55:00,2479.3308,2761.384,summer,day4,21
2025-08-08 07:00:00,2469.1236,2778.1768,summer,day4,21
2025-08-08 07:05:00,2567.5296,2819.4868,summer,day4,21
2025-08-08 07:10:00,2516.7912,2845.5327,summer,day4,21
2025-08-08 07:15:00,2933.8487999999998,2886.0225,summer,day4,21
2025-08-08 07:20:00,4157.588400000001,2941.5168,summer,day4,21
2025-08-08 07:25:00,3769.9464,3004.597,summer,day4,21
2025-08-08 07:30:00,3520.6008,3077.9321,summer,day4,21
2025-08-08 07:35:00,3993.84,3150.2449,summer,day4,21
2025-08-08 07:40:00,3469.446,3241.112,summer,day4,21
2025-08-08 07:45:00,3332.5608,3314.8218,summer,day4,21
2025-08-08 07:50:00,4370.982,3377.064,summer,day4,21
2025-08-08 07:55:00,5928.4632,3461.2676,summer,day4,21
2025-08-08 08:00:00,6051.9216,3482.1746,summer,day4,21
2025-08-08 08:05:00,7442.5740000000005,3524.3083,summer,day4,21
2025-08-08 08:10:00,6914.742,3550.6482,summer,day4,21
2025-08-08 08:15:00,4370.236800000001,3589.4492,summer,day4,21
2025-08-08 08:20:00,3859.41,3607.062,summer,day4,21
2025-08-08 08:25:00,3873.5616,3641.379,summer,day4,21
2025-08-08 08:30:00,3982.8959999999997,3670.002,summer,day4,21
2025-08-08 08:35:00,4137.0887999999995,3715.1768,summer,day4,21
2025-08-08 08:40:00,4582.818,3755.1104,summer,day4,21
2025-08-08 08:45:00,4052.8572,3794.2876,summer,day4,21
2025-08-08 08:50:00,3729.6876,3812.8262,summer,day4,21
2025-08-08 08:55:00,3790.8612000000003,3852.8909,summer,day4,21
2025-08-08 09:00:00,3798.4464,3866.4531,summer,day4,21
2025-08-08 09:05:00,5274.7428,3898.7866,summer,day4,21
2025-08-08 09:10:00,4159.0452000000005,3929.874,summer,day4,21
2025-08-08 09:15:00,4181.5740000000005,3940.331,summer,day4,21
2025-08-08 09:20:00,5541.3996,3925.1248,summer,day4,21
2025-08-08 09:25:00,4343.9496,3937.0334,summer,day4,21
2025-08-08 09:30:00,5387.140799999999,3955.2837,summer,day4,21
2025-08-08 09:35:00,4316.7192,3941.9866,summer,day4,21
2025-08-08 09:40:00,4500.069600000001,3953.578,summer,day4,21
2025-08-08 09:45:00,4473.2916,3969.9956,summer,day4,21
2025-08-08 09:50:00,6840.2064,3970.0537,summer,day4,21
2025-08-08 09:55:00,5347.7736,3979.5103,summer,day4,21
2025-08-08 10:00:00,4514.2572,3992.4585,summer,day4,21
2025-08-08 10:05:00,5084.0124,3999.7932,summer,day4,21
2025-08-08 10:10:00,5008.0896,4000.1287,summer,day4,21
2025-08-08 10:15:00,4081.65,3998.9668,summer,day4,21
2025-08-08 10:20:00,4155.3396,3983.6047,summer,day4,21
2025-08-08 10:25:00,4868.2476,3993.9897,summer,day4,21
2025-08-08 10:30:00,5180.252399999999,3999.0369,summer,day4,21
2025-08-08 10:35:00,4211.556,4006.1455,summer,day4,21
2025-08-08 10:40:00,4728.6048,4024.9954,summer,day4,21
2025-08-08 10:45:00,4576.3128,4046.9814,summer,day4,21
2025-08-08 10:50:00,4665.6708,4046.1785,summer,day4,21
2025-08-08 10:55:00,3503.478,4030.9832,summer,day4,21
2025-08-08 11:00:00,3574.1040000000003,4040.0352,summer,day4,21
2025-08-08 11:05:00,3782.2296,4048.6855,summer,day4,21
2025-08-08 11:10:00,5051.9436000000005,4041.3271,summer,day4,21
2025-08-08 11:15:00,4720.2924,4028.3958,summer,day4,21
2025-08-08 11:20:00,5171.43,4024.8296,summer,day4,21
2025-08-08 11:25:00,5189.8332,4023.6465,summer,day4,21
2025-08-08 11:30:00,6781.4364000000005,4011.9995,summer,day4,21
2025-08-08 11:35:00,5262.777599999999,4014.317,summer,day4,21
2025-08-08 11:40:00,5481.5484,4011.8733,summer,day4,21
2025-08-08 11:45:00,4569.4092,4029.7607,summer,day4,21
2025-08-08 11:50:00,2638.8288000000002,4029.6616,summer,day4,21
2025-08-08 11:55:00,2600.8296,4030.2744,summer,day4,21
2025-08-08 12:00:00,2749.0620000000004,4084.7334,summer,day4,21
2025-08-08 12:05:00,3770.9472,4098.1685,summer,day4,21
2025-08-08 12:10:00,4299.8112,4079.1934,summer,day4,21
2025-08-08 12:15:00,4665.4152,4050.4375,summer,day4,21
2025-08-08 12:20:00,2908.5612,4051.519,summer,day4,21
2025-08-08 12:25:00,2706.7356,4036.2266,summer,day4,21
2025-08-08 12:30:00,2959.0415999999996,4038.0134,summer,day4,21
2025-08-08 12:35:00,2706.6168000000002,4028.6116,summer,day4,21
2025-08-08 12:40:00,2692.866,4042.0586,summer,day4,21
2025-08-08 12:45:00,2798.7972,4054.8904,summer,day4,21
2025-08-08 12:50:00,2721.0768,4051.6414,summer,day4,21
2025-08-08 12:55:00,3447.0324,4058.878,summer,day4,21
2025-08-08 13:00:00,3030.2988,4057.4043,summer,day4,21
2025-08-08 13:05:00,3751.1796000000004,4074.038,summer,day4,21
2025-08-08 13:10:00,4783.0992,4077.0762,summer,day4,21
2025-08-08 13:15:00,7185.755999999999,4065.4756,summer,day4,21
2025-08-08 13:20:00,5689.8216,4132.8955,summer,day4,21
2025-08-08 13:25:00,5006.1312,4139.305,summer,day4,21
2025-08-08 13:30:00,3681.2316,4124.639,summer,day4,21
2025-08-08 13:35:00,3398.9496,4106.6313,summer,day4,21
2025-08-08 13:40:00,4802.8212,4122.9443,summer,day4,21
2025-08-08 13:45:00,3532.0811999999996,4120.8047,summer,day4,21
2025-08-08 13:50:00,5046.8928,4118.1465,summer,day4,21
2025-08-08 13:55:00,3782.6591999999996,4115.58,summer,day4,21
2025-08-08 14:00:00,5003.0352,4117.418,summer,day4,21
2025-08-08 14:05:00,4340.454,4123.4424,summer,day4,21
2025-08-08 14:10:00,4120.7292,4117.052,summer,day4,21
2025-08-08 14:15:00,3413.1551999999997,4115.416,summer,day4,21
2025-08-08 14:20:00,3355.8695999999995,4108.9463,summer,day4,21
2025-08-08 14:25:00,3638.7228000000005,4117.646,summer,day4,21
2025-08-08 14:30:00,4723.7112,4117.5005,summer,day4,21
2025-08-08 14:35:00,5800.7076,4124.907,summer,day4,21
2025-08-08 14:40:00,4699.6812,4158.413,summer,day4,21
2025-08-08 14:45:00,4796.1576000000005,4182.213,summer,day4,21
2025-08-08 14:50:00,4215.8184,4174.4844,summer,day4,21
2025-08-08 14:55:00,3505.9067999999997,4161.6855,summer,day4,21
2025-08-08 15:00:00,3366.9396,4174.9644,summer,day4,21
2025-08-08 15:05:00,2607.7943999999998,4168.7764,summer,day4,21
2025-08-08 15:10:00,2683.9067999999997,4154.4463,summer,day4,21
2025-08-08 15:15:00,3289.518,4126.5483,summer,day4,21
2025-08-08 15:20:00,3239.2763999999997,4118.3013,summer,day4,21
2025-08-08 15:25:00,3709.536,4112.971,summer,day4,21
2025-08-08 15:30:00,3970.7555999999995,4098.8496,summer,day4,21
2025-08-08 15:35:00,3985.5864,4093.2974,summer,day4,21
2025-08-08 15:40:00,4568.6796,4082.0632,summer,day4,21
2025-08-08 15:45:00,3415.3487999999998,4092.903,summer,day4,21
2025-08-08 15:50:00,4920.3684,4086.3877,summer,day4,21
2025-08-08 15:55:00,3361.9080000000004,4089.211,summer,day4,21
2025-08-08 16:00:00,3421.9584000000004,4094.891,summer,day4,21
2025-08-08 16:05:00,3696.834,4112.2476,summer,day4,21
2025-08-08 16:10:00,4050.3455999999996,4076.4204,summer,day4,21
2025-08-08 16:15:00,4786.476000000001,4030.0718,summer,day4,21
2025-08-08 16:20:00,5060.3364,4011.9531,summer,day4,21
2025-08-08 16:25:00,3897.1176,3979.8528,summer,day4,21
2025-08-08 16:30:00,4117.412399999999,3976.2515,summer,day4,21
2025-08-08 16:35:00,3502.3224,3956.282,summer,day4,21
2025-08-08 16:40:00,3515.2404,3955.8867,summer,day4,21
2025-08-08 16:45:00,4857.1788,3953.9075,summer,day4,21
2025-08-08 16:50:00,4484.3351999999995,3925.8093,summer,day4,21
2025-08-08 16:55:00,3655.2156000000004,3910.5374,summer,day4,21
2025-08-08 17:00:00,3561.2088000000003,3897.737,summer,day4,21
2025-08-08 17:05:00,3523.1760000000004,3909.3286,summer,day4,21
2025-08-08 17:10:00,3922.7532,3884.8994,summer,day4,21
2025-08-08 17:15:00,4652.664,3857.4167,summer,day4,21
2025-08-08 17:20:00,4405.8264,3782.6199,summer,day4,21
2025-08-08 17:25:00,4178.4924,3778.338,summer,day4,21
2025-08-08 17:30:00,5473.3824,3747.667,summer,day4,21
2025-08-08 17:35:00,3859.8455999999996,3728.0854,summer,day4,21
2025-08-08 17:40:00,3788.3196000000003,3709.533,summer,day4,21
2025-08-08 17:45:00,4298.9592,3690.8618,summer,day4,21
2025-08-08 17:50:00,3523.536,3682.75,summer,day4,21
2025-08-08 17:55:00,3408.1704,3679.904,summer,day4,21
2025-08-08 18:00:00,3892.5996,3675.3027,summer,day4,21
2025-08-08 18:05:00,5197.6044,3685.7256,summer,day4,21
2025-08-08 18:10:00,4862.986800000001,3665.201,summer,day4,21
2025-08-08 18:15:00,3944.046,3627.0154,summer,day4,21
2025-08-08 18:20:00,3285.3455999999996,3627.8062,summer,day4,21
2025-08-08 18:25:00,2748.4847999999997,3607.9702,summer,day4,21
2025-08-08 18:30:00,2445.9864000000002,3601.2026,summer,day4,21
2025-08-08 18:35:00,2176.9584000000004,3594.9407,summer,day4,21
2025-08-08 18:40:00,2878.4148,3606.3733,summer,day4,21
2025-08-08 18:45:00,2829.4811999999997,3610.1196,summer,day4,21
2025-08-08 18:50:00,2444.1924,3593.4424,summer,day4,21
2025-08-08 18:55:00,2611.938,3586.9246,summer,day4,21
2025-08-08 19:00:00,3374.5512000000003,3584.6619,summer,day4,21
2025-08-08 19:05:00,2960.0088000000005,3570.9507,summer,day4,21
2025-08-08 19:10:00,4092.1416,3557.247,summer,day4,21
2025-08-08 19:15:00,4772.0532,3541.4683,summer,day4,21
2025-08-08 19:20:00,2430.786,3529.141,summer,day4,21
2025-08-08 19:25:00,2479.8048,3544.6125,summer,day4,21
2025-08-08 19:30:00,2630.2752,3525.7324,summer,day4,21
2025-08-08 19:35:00,2845.0608,3504.2058,summer,day4,21
2025-08-08 19:40:00,2938.3392,3515.268,summer,day4,21
2025-08-08 19:45:00,2988.6756,3504.1494,summer,day4,21
2025-08-08 19:50:00,4017.8328,3516.3303,summer,day4,21
2025-08-08 19:55:00,2619.2712,3518.4731,summer,day4,21
2025-08-08 20:00:00,2265.0191999999997,3579.8164,summer,day4,21
2025-08-08 20:05:00,2141.1264,3581.512,summer,day4,21
2025-08-08 20:10:00,2102.7912,3563.3557,summer,day4,21
2025-08-08 20:15:00,2098.248,3536.0698,summer,day4,21
2025-08-08 20:20:00,2046.3192,3525.5818,summer,day4,21
2025-08-08 20:25:00,2141.1876,3510.2844,summer,day4,21
2025-08-08 20:30:00,2322.7776,3508.8254,summer,day4,21
2025-08-08 20:35:00,2007.8604,3500.889,summer,day4,21
2025-08-08 20:40:00,2347.452,3513.305,summer,day4,21
2025-08-08 20:45:00,2397.0984,3540.5117,summer,day4,21
2025-08-08 20:50:00,2293.8131999999996,3523.9268,summer,day4,21
2025-08-08 20:55:00,2290.6295999999998,3511.6978,summer,day4,21
2025-08-08 21:00:00,2288.046,3527.299,summer,day4,21
2025-08-08 21:05:00,2324.6964,3516.2527,summer,day4,21
2025-08-08 21:10:00,2523.294,3505.9148,summer,day4,21
2025-08-08 21:15:00,2329.0008000000003,3468.1433,summer,day4,21
2025-08-08 21:20:00,2381.2511999999997,3386.6787,summer,day4,21
2025-08-08 21:25:00,2403.864,3335.9495,summer,day4,21
2025-08-08 21:30:00,2394.0804,3309.5166,summer,day4,21
2025-08-08 21:35:00,2208.7619999999997,3265.9634,summer,day4,21
2025-08-08 21:40:00,2059.0595999999996,3251.907,summer,day4,21
2025-08-08 21:45:00,2403.7248,3246.1465,summer,day4,21
2025-08-08 21:50:00,2643.1368,3235.2268,summer,day4,21
2025-08-08 21:55:00,2519.4636,3222.4504,summer,day4,21
2025-08-08 22:00:00,2748.9156000000003,3212.251,summer,day4,21
2025-08-08 22:05:00,2819.1731999999997,3207.3152,summer,day4,21
2025-08-08 22:10:00,2797.3787999999995,3180.9163,summer,day4,21
2025-08-08 22:15:00,2728.8216,3171.948,summer,day4,21
2025-08-08 22:20:00,2633.6316,3157.7585,summer,day4,21
2025-08-08 22:25:00,2613.8088,3152.3013,summer,day4,21
2025-08-08 22:30:00,2962.7928,3140.899,summer,day4,21
2025-08-08 22:35:00,2505.8232,3120.041,summer,day4,21
2025-08-08 22:40:00,2656.6367999999998,3007.5918,summer,day4,21
2025-08-08 22:45:00,2846.6796,2998.0618,summer,day4,21
2025-08-08 22:50:00,2746.4292,2986.2974,summer,day4,21
2025-08-08 22:55:00,2563.2732,2988.1826,summer,day4,21
2025-08-08 23:00:00,2549.2188,2984.564,summer,day4,21
2025-08-08 23:05:00,2521.6368,2984.8755,summer,day4,21
2025-08-08 23:10:00,2702.8176,2969.9404,summer,day4,21
2025-08-08 23:15:00,2504.3064,2952.106,summer,day4,21
2025-08-08 23:20:00,2510.2596000000003,2927.1692,summer,day4,21
2025-08-08 23:25:00,2516.4468,2920.0332,summer,day4,21
2025-08-08 23:30:00,2216.4096,2901.1995,summer,day4,21
2025-08-08 23:35:00,2404.7748,2890.545,summer,day4,21
2025-08-08 23:40:00,2587.326,2893.8381,summer,day4,21
2025-08-08 23:45:00,2509.5348,2874.3857,summer,day4,21
2025-08-08 23:50:00,2691.5496000000003,2867.239,summer,day4,21
2025-08-08 23:55:00,2451.072,2858.8975,summer,day4,21
2025-08-31 00:00:00,2182.0248,2383.747,summer,day5,21
2025-08-31 00:05:00,2171.3016,2386.5388,summer,day5,21
2025-08-31 00:10:00,2179.698,2394.6558,summer,day5,21
2025-08-31 00:15:00,2367.0263999999997,2396.7227,summer,day5,21
2025-08-31 00:20:00,2488.9332,2397.4148,summer,day5,21
2025-08-31 00:25:00,2413.3188,2398.4106,summer,day5,21
2025-08-31 00:30:00,2379.0276,2405.5767,summer,day5,21
2025-08-31 00:35:00,2326.3428,2401.0127,summer,day5,21
2025-08-31 00:40:00,2281.1736,2400.1538,summer,day5,21
2025-08-31 00:45:00,2240.9832,2413.2402,summer,day5,21
2025-08-31 00:50:00,2339.43,2397.6714,summer,day5,21
2025-08-31 00:55:00,2428.9248,2398.5063,summer,day5,21
2025-08-31 01:00:00,2334.294,2395.9658,summer,day5,21
2025-08-31 01:05:00,2190.9312,2397.3335,summer,day5,21
2025-08-31 01:10:00,2169.1596,2393.5146,summer,day5,21
2025-08-31 01:15:00,2111.2547999999997,2398.9702,summer,day5,21
2025-08-31 01:20:00,2149.638,2390.4836,summer,day5,21
2025-08-31 01:25:00,2269.2131999999997,2392.8857,summer,day5,21
2025-08-31 01:30:00,2388.1440000000002,2395.1694,summer,day5,21
2025-08-31 01:35:00,2309.5524,2397.6287,summer,day5,21
2025-08-31 01:40:00,2106.84,2392.907,summer,day5,21
2025-08-31 01:45:00,2144.9196,2394.035,summer,day5,21
2025-08-31 01:50:00,2150.5368000000003,2399.877,summer,day5,21
2025-08-31 01:55:00,2092.8300000000004,2395.413,summer,day5,21
2025-08-31 02:00:00,2155.7448,2397.9336,summer,day5,21
2025-08-31 02:05:00,2274.1344,2407.393,summer,day5,21
2025-08-31 02:10:00,2262.8508,2393.306,summer,day5,21
2025-08-31 02:15:00,2125.1784,2396.0334,summer,day5,21
2025-08-31 02:20:00,2130.1404,2398.5205,summer,day5,21
2025-08-31 02:25:00,2179.1448,2400.4812,summer,day5,21
2025-08-31 02:30:00,2169.3563999999997,2399.6929,summer,day5,21
2025-08-31 02:35:00,2281.506,2407.9065,summer,day5,21
2025-08-31 02:40:00,2460.4584,2422.6836,summer,day5,21
2025-08-31 02:45:00,2300.6772,2426.6602,summer,day5,21
2025-08-31 02:50:00,2135.4096,2433.0796,summer,day5,21
2025-08-31 02:55:00,2109.5292,2436.3174,summer,day5,21
2025-08-31 03:00:00,2105.1396,2433.8813,summer,day5,21
2025-08-31 03:05:00,2159.7383999999997,2441.6147,summer,day5,21
2025-08-31 03:10:00,2250.6012,2448.7979,summer,day5,21
2025-08-31 03:15:00,2335.6188,2443.4495,summer,day5,21
2025-08-31 03:20:00,2230.9847999999997,2446.3916,summer,day5,21
2025-08-31 03:25:00,2123.4684,2459.9646,summer,day5,21
2025-08-31 03:30:00,2129.9424,2448.7622,summer,day5,21
2025-08-31 03:35:00,2201.3148,2456.1948,summer,day5,21
2025-08-31 03:40:00,2191.3212,2459.1765,summer,day5,21
2025-08-31 03:45:00,2239.4388,2459.13,summer,day5,21
2025-08-31 03:50:00,2352.6924,2454.9092,summer,day5,21
2025-08-31 03:55:00,2211.0936,2461.4404,summer,day5,21
2025-08-31 04:00:00,2164.3068,2454.7568,summer,day5,21
2025-08-31 04:05:00,2287.62,2459.519,summer,day5,21
2025-08-31 04:10:00,2700.0996,2460.9531,summer,day5,21
2025-08-31 04:15:00,2477.7419999999997,2456.0244,summer,day5,21
2025-08-31 04:20:00,2596.2275999999997,2450.7722,summer,day5,21
2025-08-31 04:25:00,2646.3095999999996,2453.851,summer,day5,21
2025-08-31 04:30:00,2636.9880000000003,2457.0688,summer,day5,21
2025-08-31 04:35:00,2435.2727999999997,2445.0894,summer,day5,21
2025-08-31 04:40:00,2260.7400000000002,2445.8499,summer,day5,21
2025-08-31 04:45:00,2271.9948,2454.0864,summer,day5,21
2025-08-31 04:50:00,2605.2828,2435.1758,summer,day5,21
2025-08-31 04:55:00,2715.6156,2438.3574,summer,day5,21
2025-08-31 05:00:00,2876.3772,2434.8975,summer,day5,21
2025-08-31 05:05:00,2702.5811999999996,2430.0674,summer,day5,21
2025-08-31 05:10:00,2473.926,2420.0532,summer,day5,21
2025-08-31 05:15:00,2450.0244,2423.8965,summer,day5,21
2025-08-31 05:20:00,2296.3368,2358.55,summer,day5,21
2025-08-31 05:25:00,2158.2192000000005,2351.2231,summer,day5,21
2025-08-31 05:30:00,2101.218,2340.1387,summer,day5,21
2025-08-31 05:35:00,2207.7648,2324.7532,summer,day5,21
2025-08-31 05:40:00,2161.4616,2298.727,summer,day5,21
2025-08-31 05:45:00,2376.87,2272.683,summer,day5,21
2025-08-31 05:50:00,2385.6744,2263.2534,summer,day5,21
2025-08-31 05:55:00,2232.6072,2245.3987,summer,day5,21
2025-08-31 06:00:00,2064.4416,2233.067,summer,day5,21
2025-08-31 06:05:00,2381.2632000000003,2222.374,summer,day5,21
2025-08-31 06:10:00,2458.8036,2205.537,summer,day5,21
2025-08-31 06:15:00,2302.2167999999997,2205.1333,summer,day5,21
2025-08-31 06:20:00,2281.3416,2207.4795,summer,day5,21
2025-08-31 06:25:00,2290.0896000000002,2212.488,summer,day5,21
2025-08-31 06:30:00,2123.9892,2215.7852,summer,day5,21
2025-08-31 06:35:00,2123.946,2232.4507,summer,day5,21
2025-08-31 06:40:00,2096.8224,2263.3184,summer,day5,21
2025-08-31 06:45:00,1990.8756,2283.8635,summer,day5,21
2025-08-31 06:50:00,1907.2992,2303.6743,summer,day5,21
2025-08-31 06:55:00,1924.4784,2312.1575,summer,day5,21
2025-08-31 07:00:00,1899.3,2326.936,summer,day5,21
2025-08-31 07:05:00,1934.532,2364.6685,summer,day5,21
2025-08-31 07:10:00,2058.1404,2471.0847,summer,day5,21
2025-08-31 07:15:00,2033.2908,2633.1787,summer,day5,21
2025-08-31 07:20:00,1949.8044000000002,2793.6926,summer,day5,21
2025-08-31 07:25:00,1825.3044000000002,2902.3716,summer,day5,21
2025-08-31 07:30:00,1910.9268,3026.487,summer,day5,21
2025-08-31 07:35:00,2020.998,3170.9329,summer,day5,21
2025-08-31 07:40:00,2011.0392,3268.1577,summer,day5,21
2025-08-31 07:45:00,2001.1487999999997,3285.672,summer,day5,21
2025-08-31 07:50:00,2134.5996,3275.7227,summer,day5,21
2025-08-31 07:55:00,2044.752,3256.3882,summer,day5,21
2025-08-31 08:00:00,1855.0716,3215.2434,summer,day5,21
2025-08-31 08:05:00,1842.3108,3233.7778,summer,day5,21
2025-08-31 08:10:00,1864.1748,3254.1658,summer,day5,21
2025-08-31 08:15:00,1817.7900000000002,3279.9658,summer,day5,21
2025-08-31 08:20:00,1829.7252,3300.672,summer,day5,21
2025-08-31 08:25:00,2058.3815999999997,3331.495,summer,day5,21
2025-08-31 08:30:00,2041.7628,3357.846,summer,day5,21
2025-08-31 08:35:00,1887.4584,3377.415,summer,day5,21
2025-08-31 08:40:00,1857.786,3400.996,summer,day5,21
2025-08-31 08:45:00,1862.8727999999999,3429.7925,summer,day5,21
2025-08-31 08:50:00,1895.7408,3440.639,summer,day5,21
2025-08-31 08:55:00,1874.7972000000002,3468.6804,summer,day5,21
2025-08-31 09:00:00,2894.6099999999997,3480.63,summer,day5,21
2025-08-31 09:05:00,4606.0332,3503.4087,summer,day5,21
2025-08-31 09:10:00,4738.5612,3519.0688,summer,day5,21
2025-08-31 09:15:00,4384.8336,3531.5664,summer,day5,21
2025-08-31 09:20:00,2424.528,3540.0347,summer,day5,21
2025-08-31 09:25:00,2227.5624,3541.5864,summer,day5,21
2025-08-31 09:30:00,2263.3368,3558.6155,summer,day5,21
2025-08-31 09:35:00,2350.8504000000003,3563.674,summer,day5,21
2025-08-31 09:40:00,2626.5012,3570.2563,summer,day5,21
2025-08-31 09:45:00,1964.9772,3577.375,summer,day5,21
2025-08-31 09:50:00,1971.7044,3592.491,summer,day5,21
2025-08-31 09:55:00,2005.4256,3605.72,summer,day5,21
2025-08-31 10:00:00,2067.1572,3619.6445,summer,day5,21
2025-08-31 10:05:00,2244.852,3632.643,summer,day5,21
2025-08-31 10:10:00,3416.1023999999998,3636.623,summer,day5,21
2025-08-31 10:15:00,3862.4364,3632.8552,summer,day5,21
2025-08-31 10:20:00,3836.4936000000002,3639.3145,summer,day5,21
2025-08-31 10:25:00,3223.632,3636.7942,summer,day5,21
2025-08-31 10:30:00,2984.226,3648.5918,summer,day5,21
2025-08-31 10:35:00,2255.4672,3671.7766,summer,day5,21
2025-08-31 10:40:00,3035.508,3661.6243,summer,day5,21
2025-08-31 10:45:00,3573.0192,3692.4011,summer,day5,21
2025-08-31 10:50:00,3498.6192,3700.6802,summer,day5,21
2025-08-31 10:55:00,2997.8003999999996,3699.013,summer,day5,21
2025-08-31 11:00:00,2643.792,3718.454,summer,day5,21
2025-08-31 11:05:00,3442.1771999999996,3718.3953,summer,day5,21
2025-08-31 11:10:00,2188.5804,3719.0747,summer,day5,21
2025-08-31 11:15:00,2405.3496,3724.7744,summer,day5,21
2025-08-31 11:20:00,2584.6979999999994,3728.4802,summer,day5,21
2025-08-31 11:25:00,2462.0099999999998,3733.9104,summer,day5,21
2025-08-31 11:30:00,2161.662,3736.9734,summer,day5,21
2025-08-31 11:35:00,2140.29,3732.6516,summer,day5,21
2025-08-31 11:40:00,2179.4292,3742.4124,summer,day5,21
2025-08-31 11:45:00,2256.7428,3733.8257,summer,day5,21
2025-08-31 11:50:00,2426.5632,3732.7773,summer,day5,21
2025-08-31 11:55:00,2053.9788,3735.2712,summer,day5,21
2025-08-31 12:00:00,2084.1984,3705.3928,summer,day5,21
2025-08-31 12:05:00,2074.7232,3715.8442,summer,day5,21
2025-08-31 12:10:00,2848.9848,3722.3027,summer,day5,21
2025-08-31 12:15:00,3339.7188,3697.5227,summer,day5,21
2025-08-31 12:20:00,2250.9828,3706.154,summer,day5,21
2025-08-31 12:25:00,2207.862,3687.247,summer,day5,21
2025-08-31 12:30:00,2535.6792,3687.4248,summer,day5,21
2025-08-31 12:35:00,2224.3764,3681.5657,summer,day5,21
2025-08-31 12:40:00,2402.472,3676.114,summer,day5,21
2025-08-31 12:45:00,2056.6992,3674.4883,summer,day5,21
2025-08-31 12:50:00,1929.1284,3658.3816,summer,day5,21
2025-08-31 12:55:00,2071.3872,3651.622,summer,day5,21
2025-08-31 13:00:00,2795.3724,3660.4043,summer,day5,21
2025-08-31 13:05:00,3846.1284,3654.557,summer,day5,21
2025-08-31 13:10:00,5238.2124,3644.6301,summer,day5,21
2025-08-31 13:15:00,4509.752399999999,3638.6858,summer,day5,21
2025-08-31 13:20:00,4622.245199999999,3533.63,summer,day5,21
2025-08-31 13:25:00,4373.318399999999,3533.3713,summer,day5,21
2025-08-31 13:30:00,4350.6972000000005,3536.8325,summer,day5,21
2025-08-31 13:35:00,5883.780000000001,3524.6433,summer,day5,21
2025-08-31 13:40:00,4219.455599999999,3510.0693,summer,day5,21
2025-08-31 13:45:00,4279.3428,3499.1685,summer,day5,21
2025-08-31 13:50:00,4733.3724,3497.192,summer,day5,21
2025-08-31 13:55:00,4474.8588,3489.6206,summer,day5,21
2025-08-31 14:00:00,4857.1776,3493.1243,summer,day5,21
2025-08-31 14:05:00,4142.4324,3501.7764,summer,day5,21
2025-08-31 14:10:00,5776.6992,3486.273,summer,day5,21
2025-08-31 14:15:00,4289.4924,3486.945,summer,day5,21
2025-08-31 14:20:00,4750.2924,3479.4504,summer,day5,21
2025-08-31 14:25:00,4333.697999999999,3483.9631,summer,day5,21
2025-08-31 14:30:00,4190.0592,3482.8333,summer,day5,21
2025-08-31 14:35:00,5073.8844,3492.2021,summer,day5,21
2025-08-31 14:40:00,4693.2372000000005,3462.911,summer,day5,21
2025-08-31 14:45:00,5723.7504,3482.0044,summer,day5,21
2025-08-31 14:50:00,6133.338000000001,3493.8623,summer,day5,21
2025-08-31 14:55:00,4434.3192,3489.5898,summer,day5,21
2025-08-31 15:00:00,4249.2936,3506.4766,summer,day5,21
2025-08-31 15:05:00,4138.8612,3512.0938,summer,day5,21
2025-08-31 15:10:00,5869.584,3525.0178,summer,day5,21
2025-08-31 15:15:00,4105.4856,3523.255,summer,day5,21
2025-08-31 15:20:00,4772.3135999999995,3532.7764,summer,day5,21
2025-08-31 15:25:00,7226.844,3544.6892,summer,day5,21
2025-08-31 15:30:00,4697.1396,3540.707,summer,day5,21
2025-08-31 15:35:00,4431.940799999999,3547.047,summer,day5,21
2025-08-31 15:40:00,4453.8396,3564.2424,summer,day5,21
2025-08-31 15:45:00,4339.2372000000005,3568.548,summer,day5,21
2025-08-31 15:50:00,4215.6876,3570.9712,summer,day5,21
2025-08-31 15:55:00,4487.0496,3576.7231,summer,day5,21
2025-08-31 16:00:00,4655.004,3560.038,summer,day5,21
2025-08-31 16:05:00,6531.1428,3575.6597,summer,day5,21
2025-08-31 16:10:00,5223.3948,3584.995,summer,day5,21
2025-08-31 16:15:00,5174.808,3575.4075,summer,day5,21
2025-08-31 16:20:00,5001.606,3592.3364,summer,day5,21
2025-08-31 16:25:00,8077.4352,3607.26,summer,day5,21
2025-08-31 16:30:00,7781.7588000000005,3619.3545,summer,day5,21
2025-08-31 16:35:00,6015.5844,3621.1165,summer,day5,21
2025-08-31 16:40:00,5052.6924,3634.7075,summer,day5,21
2025-08-31 16:45:00,4952.0976,3645.658,summer,day5,21
2025-08-31 16:50:00,5160.8196,3645.5112,summer,day5,21
2025-08-31 16:55:00,6077.4324,3645.307,summer,day5,21
2025-08-31 17:00:00,8012.6352,3664.0793,summer,day5,21
2025-08-31 17:05:00,6954.955199999999,3660.0408,summer,day5,21
2025-08-31 17:10:00,6484.3824,3662.5352,summer,day5,21
2025-08-31 17:15:00,6229.974,3669.4182,summer,day5,21
2025-08-31 17:20:00,6230.1012,3636.553,summer,day5,21
2025-08-31 17:25:00,6915.224400000001,3651.031,summer,day5,21
2025-08-31 17:30:00,6302.778,3665.2603,summer,day5,21
2025-08-31 17:35:00,6173.4144,3660.2827,summer,day5,21
2025-08-31 17:40:00,6153.0216,3676.4077,summer,day5,21
2025-08-31 17:45:00,6950.794800000001,3681.081,summer,day5,21
2025-08-31 17:50:00,7280.1576000000005,3685.3103,summer,day5,21
2025-08-31 17:55:00,6939.375599999999,3695.6716,summer,day5,21
2025-08-31 18:00:00,6380.1323999999995,3708.739,summer,day5,21
2025-08-31 18:05:00,6515.6424,3716.4412,summer,day5,21
2025-08-31 18:10:00,4805.9256000000005,3721.0322,summer,day5,21
2025-08-31 18:15:00,4628.286,3720.8926,summer,day5,21
2025-08-31 18:20:00,4889.294400000001,3737.0945,summer,day5,21
2025-08-31 18:25:00,4872.770399999999,3727.9978,summer,day5,21
2025-08-31 18:30:00,3872.9748,3733.2122,summer,day5,21
2025-08-31 18:35:00,3762.5663999999997,3755.9814,summer,day5,21
2025-08-31 18:40:00,3813.8604,3745.9233,summer,day5,21
2025-08-31 18:45:00,3833.7264000000005,3768.2217,summer,day5,21
2025-08-31 18:50:00,3909.7284,3783.003,summer,day5,21
2025-08-31 18:55:00,3944.4888,3777.094,summer,day5,21
2025-08-31 19:00:00,5147.4612,3794.1646,summer,day5,21
2025-08-31 19:05:00,4844.462399999999,3791.2039,summer,day5,21
2025-08-31 19:10:00,4242.972,3790.5193,summer,day5,21
2025-08-31 19:15:00,3783.0204,3805.4795,summer,day5,21
2025-08-31 19:20:00,3764.4767999999995,3804.3298,summer,day5,21
2025-08-31 19:25:00,3732.8520000000003,3798.2966,summer,day5,21
2025-08-31 19:30:00,3727.3704,3802.247,summer,day5,21
2025-08-31 19:35:00,3835.8479999999995,3791.1094,summer,day5,21
2025-08-31 19:40:00,4004.9688,3796.9675,summer,day5,21
2025-08-31 19:45:00,3859.8516000000004,3786.2788,summer,day5,21
2025-08-31 19:50:00,4215.4056,3769.9229,summer,day5,21
2025-08-31 19:55:00,4371.5676,3769.8914,summer,day5,21
2025-08-31 20:00:00,4049.5752,3667.6396,summer,day5,21
2025-08-31 20:05:00,4192.674,3670.9983,summer,day5,21
2025-08-31 20:10:00,4126.7604,3661.0396,summer,day5,21
2025-08-31 20:15:00,4924.669199999999,3632.6948,summer,day5,21
2025-08-31 20:20:00,4501.0968,3617.5835,summer,day5,21
2025-08-31 20:25:00,4050.282,3585.1719,summer,day5,21
2025-08-31 20:30:00,3954.6612,3559.7131,summer,day5,21
2025-08-31 20:35:00,5177.9832,3529.46,summer,day5,21
2025-08-31 20:40:00,6023.2248,3502.682,summer,day5,21
2025-08-31 20:45:00,4444.468800000001,3481.084,summer,day5,21
2025-08-31 20:50:00,4218.8928,3438.8418,summer,day5,21
2025-08-31 20:55:00,5574.2136,3394.0837,summer,day5,21
2025-08-31 21:00:00,4219.7784,3346.2822,summer,day5,21
2025-08-31 21:05:00,3663.756,3303.2524,summer,day5,21
2025-08-31 21:10:00,3199.6356,3256.516,summer,day5,21
2025-08-31 21:15:00,3130.2432,3210.438,summer,day5,21
2025-08-31 21:20:00,3049.0476,2951.8022,summer,day5,21
2025-08-31 21:25:00,3273.9696,2897.9368,summer,day5,21
2025-08-31 21:30:00,3364.7028,2875.4,summer,day5,21
2025-08-31 21:35:00,3176.8272,2828.1553,summer,day5,21
2025-08-31 21:40:00,3206.7576,2766.2734,summer,day5,21
2025-08-31 21:45:00,3216.1848,2719.166,summer,day5,21
2025-08-31 21:50:00,3184.5828,2672.6973,summer,day5,21
2025-08-31 21:55:00,3230.1228,2644.6892,summer,day5,21
2025-08-31 22:00:00,3364.3284,2628.4058,summer,day5,21
2025-08-31 22:05:00,3308.3316,2613.4683,summer,day5,21
2025-08-31 22:10:00,3490.9008000000003,2590.856,summer,day5,21
2025-08-31 22:15:00,3602.454,2586.2065,summer,day5,21
2025-08-31 22:20:00,3511.1316000000006,2572.7173,summer,day5,21
2025-08-31 22:25:00,3519.972,2556.5388,summer,day5,21
2025-08-31 22:30:00,3696.5627999999997,2535.7708,summer,day5,21
2025-08-31 22:35:00,3609.7224,2534.3997,summer,day5,21
2025-08-31 22:40:00,3199.3379999999997,2561.1082,summer,day5,21
2025-08-31 22:45:00,2989.5996,2563.6614,summer,day5,21
2025-08-31 22:50:00,3265.2072,2564.5127,summer,day5,21
2025-08-31 22:55:00,3382.1027999999997,2563.061,summer,day5,21
2025-08-31 23:00:00,3412.0392,2559.0635,summer,day5,21
2025-08-31 23:05:00,3385.3644,2557.6704,summer,day5,21
2025-08-31 23:10:00,3303.9276,2564.8352,summer,day5,21
2025-08-31 23:15:00,3277.4028,2553.6963,summer,day5,21
2025-08-31 23:20:00,3480.042,2554.7373,summer,day5,21
2025-08-31 23:25:00,3273.5628,2566.8406,summer,day5,21
2025-08-31 23:30:00,3248.9136,2557.715,summer,day5,21
2025-08-31 23:35:00,3623.5368000000003,2565.2603,summer,day5,21
2025-08-31 23:40:00,3674.1804,2569.3423,summer,day5,21
2025-08-31 23:45:00,3651.9276,2567.1484,summer,day5,21
2025-08-31 23:50:00,3458.1588,2560.6973,summer,day5,21
2025-08-31 23:55:00,3396.2532,2563.1777,summer,day5,21
