timestamp,actual,prediction,season,day
2025-01-31 00:00:00,2419.7136,2446.56,winter,day1
2025-01-31 00:05:00,2421.2076,2441.287,winter,day1
2025-01-31 00:10:00,2406.2376,2435.065,winter,day1
2025-01-31 00:15:00,2448.138,2436.2034,winter,day1
2025-01-31 00:20:00,2446.1592,2443.767,winter,day1
2025-01-31 00:25:00,2429.3184,2446.5376,winter,day1
2025-01-31 00:30:00,2415.4271999999996,2435.7134,winter,day1
2025-01-31 00:35:00,2436.0756,2449.0151,winter,day1
2025-01-31 00:40:00,2442.5879999999997,2460.6797,winter,day1
2025-01-31 00:45:00,2489.8392,2469.576,winter,day1
2025-01-31 00:50:00,2574.8892000000005,2487.4854,winter,day1
2025-01-31 00:55:00,2494.1771999999996,2502.732,winter,day1
2025-01-31 01:00:00,2460.7032,2531.1448,winter,day1
2025-01-31 01:05:00,2478.7308000000003,2558.0845,winter,day1
2025-01-31 01:10:00,2655.1824,2587.8623,winter,day1
2025-01-31 01:15:00,2623.8792000000003,2630.0327,winter,day1
2025-01-31 01:20:00,2643.6804,2672.4707,winter,day1
2025-01-31 01:25:00,2677.7496,2699.404,winter,day1
2025-01-31 01:30:00,2612.2164000000002,2723.4197,winter,day1
2025-01-31 01:35:00,2576.718,2735.075,winter,day1
2025-01-31 01:40:00,2567.16,2750.6724,winter,day1
2025-01-31 01:45:00,2857.2072,2755.392,winter,day1
2025-01-31 01:50:00,3233.2403999999997,2782.4214,winter,day1
2025-01-31 01:55:00,2634.7596,2799.087,winter,day1
2025-01-31 02:00:00,3291.1416,2800.8938,winter,day1
2025-01-31 02:05:00,2764.3464,2815.5718,winter,day1
2025-01-31 02:10:00,3136.0596,2823.2305,winter,day1
2025-01-31 02:15:00,3107.1648,2817.2148,winter,day1
2025-01-31 02:20:00,2950.0908,2822.7844,winter,day1
2025-01-31 02:25:00,3388.2504,2817.988,winter,day1
2025-01-31 02:30:00,2792.6447999999996,2812.174,winter,day1
2025-01-31 02:35:00,3416.9544,2801.3044,winter,day1
2025-01-31 02:40:00,3290.1672,2816.55,winter,day1
2025-01-31 02:45:00,3310.4148,2811.6611,winter,day1
2025-01-31 02:50:00,3021.81,2808.1736,winter,day1
2025-01-31 02:55:00,3089.8908,2799.5767,winter,day1
2025-01-31 03:00:00,3474.132,2800.5874,winter,day1
2025-01-31 03:05:00,3120.5652,2806.119,winter,day1
2025-01-31 03:10:00,2604.7464,2804.8481,winter,day1
2025-01-31 03:15:00,3252.3288000000002,2797.5796,winter,day1
2025-01-31 03:20:00,3162.252,2797.3848,winter,day1
2025-01-31 03:25:00,2431.2168,2814.6716,winter,day1
2025-01-31 03:30:00,2432.5091999999995,2839.9612,winter,day1
2025-01-31 03:35:00,2455.344,2841.8328,winter,day1
2025-01-31 03:40:00,2557.572,2853.2764,winter,day1
2025-01-31 03:45:00,2469.3948,2863.222,winter,day1
2025-01-31 03:50:00,2462.4528,2869.1938,winter,day1
2025-01-31 03:55:00,2547.384,2881.6348,winter,day1
2025-01-31 04:00:00,2612.8884,2890.0405,winter,day1
2025-01-31 04:05:00,2651.478,2900.2988,winter,day1
2025-01-31 04:10:00,2652.9564,2920.5044,winter,day1
2025-01-31 04:15:00,2611.4268,2927.3333,winter,day1
2025-01-31 04:20:00,2538.81,2953.7017,winter,day1
2025-01-31 04:25:00,2501.904,2966.1426,winter,day1
2025-01-31 04:30:00,2600.8464,2987.1792,winter,day1
2025-01-31 04:35:00,2704.0416,2990.1572,winter,day1
2025-01-31 04:40:00,2662.4568,2995.0967,winter,day1
2025-01-31 04:45:00,2502.9612,3002.4165,winter,day1
2025-01-31 04:50:00,2486.8968,3017.8506,winter,day1
2025-01-31 04:55:00,2481.2088,3020.4014,winter,day1
2025-01-31 05:00:00,2460.0216,3023.312,winter,day1
2025-01-31 05:05:00,2467.8156,3048.73,winter,day1
2025-01-31 05:10:00,2625.0348,3043.4995,winter,day1
2025-01-31 05:15:00,2701.698,3068.3677,winter,day1
2025-01-31 05:20:00,2665.6584,3084.5107,winter,day1
2025-01-31 05:25:00,2646.3732,3089.4497,winter,day1
2025-01-31 05:30:00,2630.1696,3082.2317,winter,day1
2025-01-31 05:35:00,2554.8923999999997,3089.5583,winter,day1
2025-01-31 05:40:00,2540.9676,3126.868,winter,day1
2025-01-31 05:45:00,2553.3516,3130.063,winter,day1
2025-01-31 05:50:00,2523.4356,3158.605,winter,day1
2025-01-31 05:55:00,2493.5436,3175.0425,winter,day1
2025-01-31 06:00:00,2469.4991999999997,3234.7705,winter,day1
2025-01-31 06:05:00,2479.0164,3248.9822,winter,day1
2025-01-31 06:10:00,2474.82,3253.781,winter,day1
2025-01-31 06:15:00,2475.942,3296.2163,winter,day1
2025-01-31 06:20:00,2560.44,3261.8364,winter,day1
2025-01-31 06:25:00,2689.5407999999998,3323.2515,winter,day1
2025-01-31 06:30:00,2691.576,3278.3335,winter,day1
2025-01-31 06:35:00,2586.3576000000003,3277.786,winter,day1
2025-01-31 06:40:00,2574.9108,3297.3096,winter,day1
2025-01-31 06:45:00,2593.9031999999997,3267.8796,winter,day1
2025-01-31 06:50:00,2597.6484,3299.434,winter,day1
2025-01-31 06:55:00,2657.052,3309.9219,winter,day1
2025-01-31 07:00:00,2503.29,3322.0898,winter,day1
2025-01-31 07:05:00,2399.8536,3358.1277,winter,day1
2025-01-31 07:10:00,2796.7475999999997,3322.0166,winter,day1
2025-01-31 07:15:00,3094.368,3298.7104,winter,day1
2025-01-31 07:20:00,1062.0948,3292.5366,winter,day1
2025-01-31 07:25:00,0.0,3343.3667,winter,day1
2025-01-31 07:30:00,329.8464,3348.0767,winter,day1
2025-01-31 07:35:00,4469.830800000001,3347.6494,winter,day1
2025-01-31 07:40:00,3195.8712,3343.27,winter,day1
2025-01-31 07:45:00,3173.7912,3343.8665,winter,day1
2025-01-31 07:50:00,3154.2168,3334.3616,winter,day1
2025-01-31 07:55:00,3164.3784,3370.5847,winter,day1
2025-01-31 08:00:00,3110.9256,3374.6675,winter,day1
2025-01-31 08:05:00,3053.4204,3379.8193,winter,day1
2025-01-31 08:10:00,2941.5024000000003,3381.666,winter,day1
2025-01-31 08:15:00,2826.8436,3380.81,winter,day1
2025-01-31 08:20:00,2778.8831999999998,3387.9849,winter,day1
2025-01-31 08:25:00,2879.9292,3396.144,winter,day1
2025-01-31 08:30:00,2893.1904,3391.7188,winter,day1
2025-01-31 08:35:00,2838.2712,3389.8237,winter,day1
2025-01-31 08:40:00,2864.5692,3381.829,winter,day1
2025-01-31 08:45:00,3146.5944,3381.8174,winter,day1
2025-01-31 08:50:00,3818.0771999999997,3380.9785,winter,day1
2025-01-31 08:55:00,2896.1760000000004,3396.155,winter,day1
2025-01-31 09:00:00,3146.4948,3407.2117,winter,day1
2025-01-31 09:05:00,3097.1639999999998,3412.1086,winter,day1
2025-01-31 09:10:00,2852.1804,3405.0742,winter,day1
2025-01-31 09:15:00,2902.47,3405.5332,winter,day1
2025-01-31 09:20:00,2858.8464,3409.4165,winter,day1
2025-01-31 09:25:00,2969.58,3404.8596,winter,day1
2025-01-31 09:30:00,3069.2843999999996,3442.738,winter,day1
2025-01-31 09:35:00,2776.5600000000004,3465.3157,winter,day1
2025-01-31 09:40:00,2763.0828,3503.579,winter,day1
2025-01-31 09:45:00,2781.0827999999997,3498.1902,winter,day1
2025-01-31 09:50:00,2815.8372000000004,3505.391,winter,day1
2025-01-31 09:55:00,2843.6519999999996,3498.907,winter,day1
2025-01-31 10:00:00,3068.1444,3496.3616,winter,day1
2025-01-31 10:05:00,3093.9936000000002,3481.1814,winter,day1
2025-01-31 10:10:00,2814.2316,3479.3418,winter,day1
2025-01-31 10:15:00,2781.3828,3488.8276,winter,day1
2025-01-31 10:20:00,2811.6984,3497.4446,winter,day1
2025-01-31 10:25:00,2800.0080000000003,3505.335,winter,day1
2025-01-31 10:30:00,2792.0843999999997,3497.9836,winter,day1
2025-01-31 10:35:00,2786.0892,3517.2266,winter,day1
2025-01-31 10:40:00,3025.9536,3514.601,winter,day1
2025-01-31 10:45:00,3129.0924,3527.6743,winter,day1
2025-01-31 10:50:00,11905.8276,3516.8647,winter,day1
2025-01-31 10:55:00,7211.2044,3522.9238,winter,day1
2025-01-31 11:00:00,5106.3192,3529.6606,winter,day1
2025-01-31 11:05:00,5155.3848,3539.1152,winter,day1
2025-01-31 11:10:00,4274.8716,3533.5352,winter,day1
2025-01-31 11:15:00,2854.3284,3570.2922,winter,day1
2025-01-31 11:20:00,2956.7388,3584.8838,winter,day1
2025-01-31 11:25:00,3654.8784,3583.206,winter,day1
2025-01-31 11:30:00,2839.4579999999996,3553.1763,winter,day1
2025-01-31 11:35:00,2797.7952,3540.6414,winter,day1
2025-01-31 11:40:00,2320.0860000000002,3551.776,winter,day1
2025-01-31 11:45:00,3245.9795999999997,3540.2158,winter,day1
2025-01-31 11:50:00,1997.8655999999999,3604.3677,winter,day1
2025-01-31 11:55:00,1985.4227999999998,3615.0232,winter,day1
2025-01-31 12:00:00,2112.2736,3681.9849,winter,day1
2025-01-31 12:05:00,2531.1336,3650.9731,winter,day1
2025-01-31 12:10:00,2235.1668,3622.704,winter,day1
2025-01-31 12:15:00,2350.9752,3592.7153,winter,day1
2025-01-31 12:20:00,2110.1243999999997,3582.9521,winter,day1
2025-01-31 12:25:00,2110.1736,3589.8652,winter,day1
2025-01-31 12:30:00,2318.832,3610.6094,winter,day1
2025-01-31 12:35:00,2952.972,3623.1025,winter,day1
2025-01-31 12:40:00,2047.9656,3607.7876,winter,day1
2025-01-31 12:45:00,2041.5672,3624.6821,winter,day1
2025-01-31 12:50:00,2436.7619999999997,3625.415,winter,day1
2025-01-31 12:55:00,2047.6128,3621.4082,winter,day1
2025-01-31 13:00:00,2608.8540000000003,3626.1965,winter,day1
2025-01-31 13:05:00,3095.1996,3625.9421,winter,day1
2025-01-31 13:10:00,2278.9164,3630.8137,winter,day1
2025-01-31 13:15:00,2230.1351999999997,3671.3005,winter,day1
2025-01-31 13:20:00,3371.2248,3669.1475,winter,day1
2025-01-31 13:25:00,2222.0628,3696.8066,winter,day1
2025-01-31 13:30:00,3055.6488,3697.0254,winter,day1
2025-01-31 13:35:00,2325.1392,3710.7158,winter,day1
2025-01-31 13:40:00,2361.2112,3713.9956,winter,day1
2025-01-31 13:45:00,2338.8456,3694.8494,winter,day1
2025-01-31 13:50:00,2381.0556,3669.7566,winter,day1
2025-01-31 13:55:00,2489.7996,3655.826,winter,day1
2025-01-31 14:00:00,2614.1279999999997,3615.8687,winter,day1
2025-01-31 14:05:00,4218.2844,3616.6567,winter,day1
2025-01-31 14:10:00,3829.068,3622.5142,winter,day1
2025-01-31 14:15:00,2993.958,3622.6868,winter,day1
2025-01-31 14:20:00,2935.1256000000003,3628.2715,winter,day1
2025-01-31 14:25:00,3198.9996,3636.7676,winter,day1
2025-01-31 14:30:00,3069.672,3601.2397,winter,day1
2025-01-31 14:35:00,3663.1524000000004,3590.3586,winter,day1
2025-01-31 14:40:00,3035.2788,3595.41,winter,day1
2025-01-31 14:45:00,2981.6124,3569.9973,winter,day1
2025-01-31 14:50:00,3319.7892,3572.1072,winter,day1
2025-01-31 14:55:00,4121.4744,3586.495,winter,day1
2025-01-31 15:00:00,3289.0932000000003,3598.3274,winter,day1
2025-01-31 15:05:00,3411.0696,3592.2065,winter,day1
2025-01-31 15:10:00,3320.6339999999996,3594.0266,winter,day1
2025-01-31 15:15:00,3538.6992,3578.2378,winter,day1
2025-01-31 15:20:00,3681.6839999999997,3574.8628,winter,day1
2025-01-31 15:25:00,3798.6876,3560.7637,winter,day1
2025-01-31 15:30:00,6839.639999999999,3564.2556,winter,day1
2025-01-31 15:35:00,5204.9928,3564.1614,winter,day1
2025-01-31 15:40:00,4172.244000000001,3562.8293,winter,day1
2025-01-31 15:45:00,3777.9048000000003,3564.92,winter,day1
2025-01-31 15:50:00,3975.4968,3569.9863,winter,day1
2025-01-31 15:55:00,3809.7635999999998,3549.294,winter,day1
2025-01-31 16:00:00,4072.4808000000003,3564.4912,winter,day1
2025-01-31 16:05:00,5101.509599999999,3572.015,winter,day1
2025-01-31 16:10:00,5849.4348,3574.9868,winter,day1
2025-01-31 16:15:00,4265.634,3586.24,winter,day1
2025-01-31 16:20:00,6059.244000000001,3583.5168,winter,day1
2025-01-31 16:25:00,6108.861599999999,3597.982,winter,day1
2025-01-31 16:30:00,3822.9264000000003,3606.2432,winter,day1
2025-01-31 16:35:00,4368.2699999999995,3696.254,winter,day1
2025-01-31 16:40:00,5444.748,3731.187,winter,day1
2025-01-31 16:45:00,5331.2519999999995,3704.6738,winter,day1
2025-01-31 16:50:00,4275.2411999999995,3655.4612,winter,day1
2025-01-31 16:55:00,4357.412399999999,3645.1392,winter,day1
2025-01-31 17:00:00,4463.323200000001,3700.3364,winter,day1
2025-01-31 17:05:00,4956.6804,3743.5542,winter,day1
2025-01-31 17:10:00,7434.4644,3772.166,winter,day1
2025-01-31 17:15:00,5788.616400000001,3765.8525,winter,day1
2025-01-31 17:20:00,4697.286,3712.9084,winter,day1
2025-01-31 17:25:00,4403.4888,3682.2295,winter,day1
2025-01-31 17:30:00,4285.9548,3687.2449,winter,day1
2025-01-31 17:35:00,5213.6352,3679.9268,winter,day1
2025-01-31 17:40:00,6172.1292,3669.2239,winter,day1
2025-01-31 17:45:00,4718.4672,3684.2405,winter,day1
2025-01-31 17:50:00,5186.240400000001,3709.827,winter,day1
2025-01-31 17:55:00,4587.0491999999995,3686.0508,winter,day1
2025-01-31 18:00:00,5823.6876,3685.7827,winter,day1
2025-01-31 18:05:00,8507.269199999999,3730.9226,winter,day1
2025-01-31 18:10:00,11902.4772,3740.7388,winter,day1
2025-01-31 18:15:00,11655.633600000001,3780.5427,winter,day1
2025-01-31 18:20:00,5160.3396,3781.3108,winter,day1
2025-01-31 18:25:00,3717.7248,3783.5308,winter,day1
2025-01-31 18:30:00,5269.1724,3772.56,winter,day1
2025-01-31 18:35:00,4856.976000000001,3781.7295,winter,day1
2025-01-31 18:40:00,4008.9468,3778.6914,winter,day1
2025-01-31 18:45:00,4800.2136,3779.1,winter,day1
2025-01-31 18:50:00,3721.53,3773.055,winter,day1
2025-01-31 18:55:00,3683.9592,3785.7505,winter,day1
2025-01-31 19:00:00,3895.4376,3752.6194,winter,day1
2025-01-31 19:05:00,3802.4256,3720.5457,winter,day1
2025-01-31 19:10:00,3494.0424,3677.4668,winter,day1
2025-01-31 19:15:00,3520.9271999999996,3654.6611,winter,day1
2025-01-31 19:20:00,3634.2239999999997,3610.4412,winter,day1
2025-01-31 19:25:00,3646.3836,3603.0168,winter,day1
2025-01-31 19:30:00,3716.0195999999996,3606.782,winter,day1
2025-01-31 19:35:00,3563.6051999999995,3607.6997,winter,day1
2025-01-31 19:40:00,3467.5968000000003,3611.014,winter,day1
2025-01-31 19:45:00,3381.3479999999995,3616.2754,winter,day1
2025-01-31 19:50:00,3352.4472,3612.9363,winter,day1
2025-01-31 19:55:00,3341.6771999999996,3612.37,winter,day1
2025-01-31 20:00:00,3418.7784,3608.273,winter,day1
2025-01-31 20:05:00,3528.0816,3601.081,winter,day1
2025-01-31 20:10:00,3441.972,3607.1921,winter,day1
2025-01-31 20:15:00,3466.8540000000003,3622.0818,winter,day1
2025-01-31 20:20:00,3511.7148,3643.4058,winter,day1
2025-01-31 20:25:00,3541.2408000000005,3628.233,winter,day1
2025-01-31 20:30:00,3458.8896,3640.1917,winter,day1
2025-01-31 20:35:00,3527.4875999999995,3623.3135,winter,day1
2025-01-31 20:40:00,3652.4676,3623.984,winter,day1
2025-01-31 20:45:00,3501.528,3620.8071,winter,day1
2025-01-31 20:50:00,3391.0944000000004,3625.271,winter,day1
2025-01-31 20:55:00,3383.6675999999998,3639.5767,winter,day1
2025-01-31 21:00:00,3351.6288,3651.8433,winter,day1
2025-01-31 21:05:00,3343.6224,3668.754,winter,day1
2025-01-31 21:10:00,3418.3812000000007,3662.308,winter,day1
2025-01-31 21:15:00,3300.8892,3663.4448,winter,day1
2025-01-31 21:20:00,3487.3992,3671.8953,winter,day1
2025-01-31 21:25:00,3316.2119999999995,3680.0076,winter,day1
2025-01-31 21:30:00,2800.2096,3672.3857,winter,day1
2025-01-31 21:35:00,2635.6800000000003,3684.021,winter,day1
2025-01-31 21:40:00,2649.3432000000003,3702.4185,winter,day1
2025-01-31 21:45:00,2659.1639999999998,3697.9336,winter,day1
2025-01-31 21:50:00,2892.5184,3693.3367,winter,day1
2025-01-31 21:55:00,2654.2968,3722.5183,winter,day1
2025-01-31 22:00:00,2338.524,3735.2537,winter,day1
2025-01-31 22:05:00,2304.9372,3745.9294,winter,day1
2025-01-31 22:10:00,2355.42,3691.0789,winter,day1
2025-01-31 22:15:00,2420.1408,3684.003,winter,day1
2025-01-31 22:20:00,2454.942,3707.6765,winter,day1
2025-01-31 22:25:00,2469.5027999999998,3690.2146,winter,day1
2025-01-31 22:30:00,2496.9192,3748.9844,winter,day1
2025-01-31 22:35:00,2502.054,3794.5322,winter,day1
2025-01-31 22:40:00,2451.114,3757.1873,winter,day1
2025-01-31 22:45:00,2420.7167999999997,3750.351,winter,day1
2025-01-31 22:50:00,2386.6548,3739.6377,winter,day1
2025-01-31 22:55:00,2656.3896,3725.3298,winter,day1
2025-01-31 23:00:00,2482.7052,3716.3354,winter,day1
2025-01-31 23:05:00,2367.366,3710.449,winter,day1
2025-01-31 23:10:00,2323.6728,3709.148,winter,day1
2025-01-31 23:15:00,2325.3540000000003,3698.1301,winter,day1
2025-01-31 23:20:00,2334.3468000000003,3675.5342,winter,day1
2025-01-31 23:25:00,2387.064,3677.6084,winter,day1
2025-01-31 23:30:00,2426.784,3702.558,winter,day1
2025-01-31 23:35:00,2455.0416,3734.1294,winter,day1
2025-01-31 23:40:00,2426.13,3741.318,winter,day1
2025-01-31 23:45:00,2358.9696,3743.3496,winter,day1
2025-01-31 23:50:00,2372.2799999999997,3752.4055,winter,day1
2025-01-31 23:55:00,2386.9379999999996,3765.5015,winter,day1
2025-02-15 00:00:00,2488.5384,2518.5225,winter,day2
2025-02-15 00:05:00,2497.0703999999996,2514.858,winter,day2
2025-02-15 00:10:00,2762.6688,2517.6333,winter,day2
2025-02-15 00:15:00,2761.0692,2525.6765,winter,day2
2025-02-15 00:20:00,2593.7484,2534.3623,winter,day2
2025-02-15 00:25:00,2635.5971999999997,2541.4727,winter,day2
2025-02-15 00:30:00,2626.2876,2543.6091,winter,day2
2025-02-15 00:35:00,2579.4564,2562.7197,winter,day2
2025-02-15 00:40:00,2572.9091999999996,2579.0098,winter,day2
2025-02-15 00:45:00,2528.3172,2592.7334,winter,day2
2025-02-15 00:50:00,2526.468,2617.1697,winter,day2
2025-02-15 00:55:00,2652.132,2636.9702,winter,day2
2025-02-15 01:00:00,2831.778,2675.1428,winter,day2
2025-02-15 01:05:00,2576.6052,2706.8684,winter,day2
2025-02-15 01:10:00,2568.846,2744.7798,winter,day2
2025-02-15 01:15:00,2563.6367999999998,2793.2344,winter,day2
2025-02-15 01:20:00,2620.032,2846.854,winter,day2
2025-02-15 01:25:00,2629.7076,2884.8071,winter,day2
2025-02-15 01:30:00,2632.2468,2922.1406,winter,day2
2025-02-15 01:35:00,2596.05,2945.8496,winter,day2
2025-02-15 01:40:00,2657.7996,2974.3513,winter,day2
2025-02-15 01:45:00,2699.7708,2977.796,winter,day2
2025-02-15 01:50:00,3088.3104,3004.974,winter,day2
2025-02-15 01:55:00,2952.6648,3036.9146,winter,day2
2025-02-15 02:00:00,3365.6771999999996,3041.6602,winter,day2
2025-02-15 02:05:00,2748.9912,3064.6116,winter,day2
2025-02-15 02:10:00,3425.2812,3070.9507,winter,day2
2025-02-15 02:15:00,3386.4096,3056.871,winter,day2
2025-02-15 02:20:00,2955.0828,3053.5247,winter,day2
2025-02-15 02:25:00,3455.4984000000004,3044.204,winter,day2
2025-02-15 02:30:00,3340.5888,3029.8594,winter,day2
2025-02-15 02:35:00,3299.0520000000006,3021.333,winter,day2
2025-02-15 02:40:00,3295.6968,3020.7646,winter,day2
2025-02-15 02:45:00,3496.2048000000004,3004.245,winter,day2
2025-02-15 02:50:00,3678.81,2989.4094,winter,day2
2025-02-15 02:55:00,3431.8212,2972.1265,winter,day2
2025-02-15 03:00:00,2997.8568,2955.398,winter,day2
2025-02-15 03:05:00,3494.8248,2946.3394,winter,day2
2025-02-15 03:10:00,3501.9,2929.7192,winter,day2
2025-02-15 03:15:00,3167.2776,2919.6445,winter,day2
2025-02-15 03:20:00,3507.2136,2897.9805,winter,day2
2025-02-15 03:25:00,3349.2144,2897.6982,winter,day2
2025-02-15 03:30:00,3250.1916,2905.5532,winter,day2
2025-02-15 03:35:00,3390.924,2899.2698,winter,day2
2025-02-15 03:40:00,2922.5028,2892.5056,winter,day2
2025-02-15 03:45:00,2559.2904000000003,2891.4766,winter,day2
2025-02-15 03:50:00,2797.6764,2884.8833,winter,day2
2025-02-15 03:55:00,2562.6192,2884.9512,winter,day2
2025-02-15 04:00:00,2540.7732,2879.0215,winter,day2
2025-02-15 04:05:00,2542.0536,2876.3804,winter,day2
2025-02-15 04:10:00,2665.9128,2880.0356,winter,day2
2025-02-15 04:15:00,2718.2088,2875.7788,winter,day2
2025-02-15 04:20:00,2717.5116,2889.615,winter,day2
2025-02-15 04:25:00,2653.6296,2891.254,winter,day2
2025-02-15 04:30:00,2697.8544,2903.3145,winter,day2
2025-02-15 04:35:00,2711.3399999999997,2901.3203,winter,day2
2025-02-15 04:40:00,2700.6528,2906.9727,winter,day2
2025-02-15 04:45:00,2799.0384000000004,2912.051,winter,day2
2025-02-15 04:50:00,2976.3599999999997,2917.5088,winter,day2
2025-02-15 04:55:00,2617.7652000000003,2922.7896,winter,day2
2025-02-15 05:00:00,2624.0424,2934.5942,winter,day2
2025-02-15 05:05:00,2733.1187999999997,2959.7197,winter,day2
2025-02-15 05:10:00,2724.3563999999997,2966.1025,winter,day2
2025-02-15 05:15:00,2746.314,2994.9194,winter,day2
2025-02-15 05:20:00,2761.5456,2991.9792,winter,day2
2025-02-15 05:25:00,2770.9211999999998,2996.2192,winter,day2
2025-02-15 05:30:00,2778.6492,2996.9414,winter,day2
2025-02-15 05:35:00,2719.5144,3002.331,winter,day2
2025-02-15 05:40:00,2715.99,3019.8647,winter,day2
2025-02-15 05:45:00,2973.078,3025.367,winter,day2
2025-02-15 05:50:00,2825.2788,3022.255,winter,day2
2025-02-15 05:55:00,2689.6044,3030.232,winter,day2
2025-02-15 06:00:00,2615.4156000000003,3030.579,winter,day2
2025-02-15 06:05:00,2624.5080000000003,3097.3147,winter,day2
2025-02-15 06:10:00,2611.782,3083.7007,winter,day2
2025-02-15 06:15:00,2592.9468,3083.9114,winter,day2
2025-02-15 06:20:00,2628.9048000000003,3129.3896,winter,day2
2025-02-15 06:25:00,2613.1932,3073.3608,winter,day2
2025-02-15 06:30:00,2612.5775999999996,3100.1816,winter,day2
2025-02-15 06:35:00,2545.6056,3108.2166,winter,day2
2025-02-15 06:40:00,2487.6396,3104.4636,winter,day2
2025-02-15 06:45:00,2432.4816,3135.48,winter,day2
2025-02-15 06:50:00,2675.988,3138.9836,winter,day2
2025-02-15 06:55:00,2424.3216,3143.8745,winter,day2
2025-02-15 07:00:00,2442.4272,3144.5496,winter,day2
2025-02-15 07:05:00,2382.3648000000003,3153.1309,winter,day2
2025-02-15 07:10:00,2677.4316,3148.8164,winter,day2
2025-02-15 07:15:00,3024.7824,3149.3782,winter,day2
2025-02-15 07:20:00,3020.04,3143.1255,winter,day2
2025-02-15 07:25:00,3081.3347999999996,3135.7988,winter,day2
2025-02-15 07:30:00,4056.6732,3176.6292,winter,day2
2025-02-15 07:35:00,11292.3996,3204.6729,winter,day2
2025-02-15 07:40:00,11048.544,3161.3628,winter,day2
2025-02-15 07:45:00,5957.1264,3150.093,winter,day2
2025-02-15 07:50:00,4076.0915999999997,3123.5918,winter,day2
2025-02-15 07:55:00,3772.0080000000003,3157.6204,winter,day2
2025-02-15 08:00:00,3840.4620000000004,3176.7332,winter,day2
2025-02-15 08:05:00,5717.4936,3171.4521,winter,day2
2025-02-15 08:10:00,7114.7555999999995,3169.2993,winter,day2
2025-02-15 08:15:00,6988.9128,3160.9646,winter,day2
2025-02-15 08:20:00,6578.6772,3161.2317,winter,day2
2025-02-15 08:25:00,4691.0856,3189.2402,winter,day2
2025-02-15 08:30:00,4353.1416,3198.178,winter,day2
2025-02-15 08:35:00,4543.8528,3210.0059,winter,day2
2025-02-15 08:40:00,4814.4108,3224.0225,winter,day2
2025-02-15 08:45:00,4399.854,3274.677,winter,day2
2025-02-15 08:50:00,4330.0428,3299.8604,winter,day2
2025-02-15 08:55:00,5953.8024,3329.635,winter,day2
2025-02-15 09:00:00,5415.3864,3346.4336,winter,day2
2025-02-15 09:05:00,5265.3576,3371.4685,winter,day2
2025-02-15 09:10:00,4289.6376,3390.5918,winter,day2
2025-02-15 09:15:00,4193.6844,3384.3198,winter,day2
2025-02-15 09:20:00,4645.1424,3395.3105,winter,day2
2025-02-15 09:25:00,4191.9552,3388.7546,winter,day2
2025-02-15 09:30:00,4246.309200000001,3403.5537,winter,day2
2025-02-15 09:35:00,4949.8524,3416.3374,winter,day2
2025-02-15 09:40:00,4334.73,3453.2998,winter,day2
2025-02-15 09:45:00,4737.3204,3466.1313,winter,day2
2025-02-15 09:50:00,5548.7832,3478.9841,winter,day2
2025-02-15 09:55:00,5322.1932,3465.9893,winter,day2
2025-02-15 10:00:00,4632.3588,3460.734,winter,day2
2025-02-15 10:05:00,5411.0076,3459.5234,winter,day2
2025-02-15 10:10:00,6348.6888,3456.3882,winter,day2
2025-02-15 10:15:00,5285.1144,3460.9553,winter,day2
2025-02-15 10:20:00,4419.2328,3466.1885,winter,day2
2025-02-15 10:25:00,4396.9956,3487.4314,winter,day2
2025-02-15 10:30:00,4392.759599999999,3482.8667,winter,day2
2025-02-15 10:35:00,6185.994000000001,3514.6072,winter,day2
2025-02-15 10:40:00,5201.3652,3498.0117,winter,day2
2025-02-15 10:45:00,4983.3252,3515.2769,winter,day2
2025-02-15 10:50:00,6062.6004,3510.8928,winter,day2
2025-02-15 10:55:00,4482.6528,3516.375,winter,day2
2025-02-15 11:00:00,4369.5996,3532.533,winter,day2
2025-02-15 11:05:00,4604.948399999999,3532.177,winter,day2
2025-02-15 11:10:00,4555.5,3526.1077,winter,day2
2025-02-15 11:15:00,5872.7052,3566.8062,winter,day2
2025-02-15 11:20:00,4895.9856,3584.2969,winter,day2
2025-02-15 11:25:00,6677.3724,3593.568,winter,day2
2025-02-15 11:30:00,5196.2928,3606.6587,winter,day2
2025-02-15 11:35:00,4449.2304,3619.3833,winter,day2
2025-02-15 11:40:00,4519.8348,3648.4758,winter,day2
2025-02-15 11:45:00,4362.051600000001,3571.616,winter,day2
2025-02-15 11:50:00,5688.996,3665.6375,winter,day2
2025-02-15 11:55:00,6641.567999999999,3657.792,winter,day2
2025-02-15 12:00:00,4780.4544000000005,3623.8003,winter,day2
2025-02-15 12:05:00,4838.2955999999995,3636.4329,winter,day2
2025-02-15 12:10:00,6261.8604,3670.8,winter,day2
2025-02-15 12:15:00,4966.3068,3693.2148,winter,day2
2025-02-15 12:20:00,4915.3116,3711.6707,winter,day2
2025-02-15 12:25:00,6678.210000000001,3707.9233,winter,day2
2025-02-15 12:30:00,5226.5712,3706.8184,winter,day2
2025-02-15 12:35:00,4141.104,3698.4202,winter,day2
2025-02-15 12:40:00,3603.4008000000003,3703.3323,winter,day2
2025-02-15 12:45:00,3644.2043999999996,3679.9204,winter,day2
2025-02-15 12:50:00,2812.5912,3749.097,winter,day2
2025-02-15 12:55:00,2937.4548000000004,3737.3994,winter,day2
2025-02-15 13:00:00,3804.3947999999996,3722.454,winter,day2
2025-02-15 13:05:00,2557.9824,3706.0293,winter,day2
2025-02-15 13:10:00,3793.4616,3692.3875,winter,day2
2025-02-15 13:15:00,3430.7484000000004,3667.1028,winter,day2
2025-02-15 13:20:00,3147.3372,3652.6375,winter,day2
2025-02-15 13:25:00,2454.6096000000002,3654.6033,winter,day2
2025-02-15 13:30:00,10347.3852,3668.2563,winter,day2
2025-02-15 13:35:00,12404.5884,3686.9736,winter,day2
2025-02-15 13:40:00,11947.5432,3709.1729,winter,day2
2025-02-15 13:45:00,12035.5848,3749.9382,winter,day2
2025-02-15 13:50:00,12659.388,3764.697,winter,day2
2025-02-15 13:55:00,12770.053199999998,3756.1145,winter,day2
2025-02-15 14:00:00,13642.8648,3772.3608,winter,day2
2025-02-15 14:05:00,5633.1012,3765.8936,winter,day2
2025-02-15 14:10:00,4914.022800000001,3746.6262,winter,day2
2025-02-15 14:15:00,4696.9056,3730.3835,winter,day2
2025-02-15 14:20:00,4501.5779999999995,3717.0479,winter,day2
2025-02-15 14:25:00,5893.4148,3721.054,winter,day2
2025-02-15 14:30:00,7143.294,3698.5854,winter,day2
2025-02-15 14:35:00,6570.2508,3688.1355,winter,day2
2025-02-15 14:40:00,6067.0908,3687.4636,winter,day2
2025-02-15 14:45:00,7256.6952,3682.5781,winter,day2
2025-02-15 14:50:00,8559.5208,3678.9277,winter,day2
2025-02-15 14:55:00,8953.0584,3677.8586,winter,day2
2025-02-15 15:00:00,6538.944,3677.2175,winter,day2
2025-02-15 15:05:00,4598.980799999999,3670.0042,winter,day2
2025-02-15 15:10:00,5760.027599999999,3679.7747,winter,day2
2025-02-15 15:15:00,6697.352400000001,3663.3584,winter,day2
2025-02-15 15:20:00,5173.7568,3661.9316,winter,day2
2025-02-15 15:25:00,4370.5908,3658.6619,winter,day2
2025-02-15 15:30:00,4713.4812,3667.395,winter,day2
2025-02-15 15:35:00,4968.6468,3675.9624,winter,day2
2025-02-15 15:40:00,7555.3356,3679.0469,winter,day2
2025-02-15 15:45:00,7059.3864,3688.8042,winter,day2
2025-02-15 15:50:00,8549.5824,3686.6677,winter,day2
2025-02-15 15:55:00,8541.6696,3698.4644,winter,day2
2025-02-15 16:00:00,8092.132799999999,3690.7756,winter,day2
2025-02-15 16:05:00,6996.906,3697.801,winter,day2
2025-02-15 16:10:00,6957.266399999999,3697.5513,winter,day2
2025-02-15 16:15:00,6731.3724,3705.2632,winter,day2
2025-02-15 16:20:00,7061.8008,3700.4917,winter,day2
2025-02-15 16:25:00,7746.345600000001,3693.04,winter,day2
2025-02-15 16:30:00,7681.7352,3671.143,winter,day2
2025-02-15 16:35:00,7173.738,3697.9849,winter,day2
2025-02-15 16:40:00,6496.0092,3696.2861,winter,day2
2025-02-15 16:45:00,5636.995199999999,3691.1392,winter,day2
2025-02-15 16:50:00,5181.9924,3707.9565,winter,day2
2025-02-15 16:55:00,5061.844800000001,3653.371,winter,day2
2025-02-15 17:00:00,5736.4704,3699.5188,winter,day2
2025-02-15 17:05:00,5347.518,3648.019,winter,day2
2025-02-15 17:10:00,6278.236800000001,3662.6626,winter,day2
2025-02-15 17:15:00,7073.215200000001,3672.2913,winter,day2
2025-02-15 17:20:00,6359.3148,3689.4268,winter,day2
2025-02-15 17:25:00,6632.8032,3672.5173,winter,day2
2025-02-15 17:30:00,6291.6108,3727.4631,winter,day2
2025-02-15 17:35:00,6996.260399999999,3712.8574,winter,day2
2025-02-15 17:40:00,6293.794800000001,3689.9165,winter,day2
2025-02-15 17:45:00,7691.7444000000005,3686.441,winter,day2
2025-02-15 17:50:00,6314.8584,3705.801,winter,day2
2025-02-15 17:55:00,6229.6524,3690.003,winter,day2
2025-02-15 18:00:00,6089.13,3682.2566,winter,day2
2025-02-15 18:05:00,9879.4008,3693.4968,winter,day2
2025-02-15 18:10:00,11469.4416,3680.1848,winter,day2
2025-02-15 18:15:00,11986.0548,3688.4268,winter,day2
2025-02-15 18:20:00,7759.8924,3691.1067,winter,day2
2025-02-15 18:25:00,7490.6772,3659.1748,winter,day2
2025-02-15 18:30:00,7945.158,3652.0583,winter,day2
2025-02-15 18:35:00,9408.1236,3668.4092,winter,day2
2025-02-15 18:40:00,7508.767199999999,3690.2234,winter,day2
2025-02-15 18:45:00,6825.6216,3688.827,winter,day2
2025-02-15 18:50:00,5278.8432,3655.826,winter,day2
2025-02-15 18:55:00,4547.1072,3607.5215,winter,day2
2025-02-15 19:00:00,4536.4968,3598.5493,winter,day2
2025-02-15 19:05:00,4995.2388,3626.2415,winter,day2
2025-02-15 19:10:00,7088.988,3630.814,winter,day2
2025-02-15 19:15:00,5754.777599999999,3617.1436,winter,day2
2025-02-15 19:20:00,5796.762000000001,3638.1274,winter,day2
2025-02-15 19:25:00,4289.941199999999,3651.9507,winter,day2
2025-02-15 19:30:00,4289.2919999999995,3670.3862,winter,day2
2025-02-15 19:35:00,4805.046,3679.3894,winter,day2
2025-02-15 19:40:00,4305.5568,3673.89,winter,day2
2025-02-15 19:45:00,4204.6836,3662.1545,winter,day2
2025-02-15 19:50:00,4491.5136,3668.2627,winter,day2
2025-02-15 19:55:00,4038.1008,3671.4502,winter,day2
2025-02-15 20:00:00,4228.7088,3686.2087,winter,day2
2025-02-15 20:05:00,4548.522,3679.8535,winter,day2
2025-02-15 20:10:00,5616.1008,3691.251,winter,day2
2025-02-15 20:15:00,5732.5608,3692.2983,winter,day2
2025-02-15 20:20:00,3872.2488,3704.4126,winter,day2
2025-02-15 20:25:00,3953.9892,3702.4312,winter,day2
2025-02-15 20:30:00,3924.7884,3707.03,winter,day2
2025-02-15 20:35:00,4385.402400000001,3689.935,winter,day2
2025-02-15 20:40:00,4002.9119999999994,3691.0918,winter,day2
2025-02-15 20:45:00,6012.9672,3682.446,winter,day2
2025-02-15 20:50:00,5836.6644,3685.4004,winter,day2
2025-02-15 20:55:00,4751.3016,3685.2134,winter,day2
2025-02-15 21:00:00,4026.8196,3686.391,winter,day2
2025-02-15 21:05:00,3470.2619999999997,3703.2896,winter,day2
2025-02-15 21:10:00,3234.0612,3698.2656,winter,day2
2025-02-15 21:15:00,2808.1104,3695.881,winter,day2
2025-02-15 21:20:00,2842.9559999999997,3689.6453,winter,day2
2025-02-15 21:25:00,2899.9248,3693.5706,winter,day2
2025-02-15 21:30:00,2940.126,3690.096,winter,day2
2025-02-15 21:35:00,3015.5256,3695.407,winter,day2
2025-02-15 21:40:00,2942.934,3684.1558,winter,day2
2025-02-15 21:45:00,3243.2904,3650.5718,winter,day2
2025-02-15 21:50:00,3078.7044,3639.6853,winter,day2
2025-02-15 21:55:00,2939.5775999999996,3656.0854,winter,day2
2025-02-15 22:00:00,2648.214,3646.161,winter,day2
2025-02-15 22:05:00,2525.3544,3604.8442,winter,day2
2025-02-15 22:10:00,2470.1268,3642.2942,winter,day2
2025-02-15 22:15:00,2454.642,3630.026,winter,day2
2025-02-15 22:20:00,3749.8032,3630.9863,winter,day2
2025-02-15 22:25:00,3233.868,3628.0864,winter,day2
2025-02-15 22:30:00,2614.3848,3620.56,winter,day2
2025-02-15 22:35:00,2474.7624,3621.9585,winter,day2
2025-02-15 22:40:00,2493.3743999999997,3597.064,winter,day2
2025-02-15 22:45:00,2640.4103999999998,3591.792,winter,day2
2025-02-15 22:50:00,2646.7583999999997,3616.006,winter,day2
2025-02-15 22:55:00,2626.6344,3619.3506,winter,day2
2025-02-15 23:00:00,2640.1115999999997,3583.2134,winter,day2
2025-02-15 23:05:00,2685.4056,3552.716,winter,day2
2025-02-15 23:10:00,2946.2928,3573.1833,winter,day2
2025-02-15 23:15:00,2753.5404000000003,3587.679,winter,day2
2025-02-15 23:20:00,2502.9816,3592.95,winter,day2
2025-02-15 23:25:00,2548.0272,3631.0488,winter,day2
2025-02-15 23:30:00,2540.3940000000002,3637.0261,winter,day2
2025-02-15 23:35:00,2539.1664,3629.7874,winter,day2
2025-02-15 23:40:00,2457.7032,3626.916,winter,day2
2025-02-15 23:45:00,2438.4072,3627.2256,winter,day2
2025-02-15 23:50:00,2441.1,3627.2996,winter,day2
2025-02-15 23:55:00,2596.3404,3632.0881,winter,day2
2025-12-02 00:00:00,2584.6764,2567.1025,winter,day3
2025-12-02 00:05:00,2585.208,2570.7017,winter,day3
2025-12-02 00:10:00,2589.12,2568.016,winter,day3
2025-12-02 00:15:00,2559.282,2578.79,winter,day3
2025-12-02 00:20:00,2531.1192,2587.4211,winter,day3
2025-12-02 00:25:00,2496.3887999999997,2589.859,winter,day3
2025-12-02 00:30:00,2486.3280000000004,2584.0112,winter,day3
2025-12-02 00:35:00,2690.9939999999997,2588.3047,winter,day3
2025-12-02 00:40:00,2574.9252,2597.219,winter,day3
2025-12-02 00:45:00,2494.8108,2599.4575,winter,day3
2025-12-02 00:50:00,2455.4892,2607.222,winter,day3
2025-12-02 00:55:00,2462.4516,2615.6501,winter,day3
2025-12-02 01:00:00,2447.6135999999997,2621.0093,winter,day3
2025-12-02 01:05:00,2474.5703999999996,2636.8914,winter,day3
2025-12-02 01:10:00,2497.134,2648.7349,winter,day3
2025-12-02 01:15:00,2529.6516,2672.4814,winter,day3
2025-12-02 01:20:00,2571.4692000000005,2690.6624,winter,day3
2025-12-02 01:25:00,2593.9512,2705.6194,winter,day3
2025-12-02 01:30:00,2562.9576,2712.9736,winter,day3
2025-12-02 01:35:00,2498.9148,2715.3674,winter,day3
2025-12-02 01:40:00,2532.2592,2715.7651,winter,day3
2025-12-02 01:45:00,2671.7832,2713.8406,winter,day3
2025-12-02 01:50:00,2719.0872,2729.2842,winter,day3
2025-12-02 01:55:00,2499.786,2739.2688,winter,day3
2025-12-02 02:00:00,2475.3660000000004,2737.0293,winter,day3
2025-12-02 02:05:00,2435.1972,2736.6045,winter,day3
2025-12-02 02:10:00,2416.3512,2743.2856,winter,day3
2025-12-02 02:15:00,2404.0716,2734.815,winter,day3
2025-12-02 02:20:00,2407.6464,2731.938,winter,day3
2025-12-02 02:25:00,2513.4552,2728.7358,winter,day3
2025-12-02 02:30:00,2573.7744,2724.04,winter,day3
2025-12-02 02:35:00,2593.4412,2710.5078,winter,day3
2025-12-02 02:40:00,2579.1264,2711.078,winter,day3
2025-12-02 02:45:00,2561.5332000000003,2699.1147,winter,day3
2025-12-02 02:50:00,2554.6704,2695.378,winter,day3
2025-12-02 02:55:00,2680.9188000000004,2685.601,winter,day3
2025-12-02 03:00:00,2821.9284,2679.4106,winter,day3
2025-12-02 03:05:00,2529.4788,2685.6252,winter,day3
2025-12-02 03:10:00,2450.1108,2668.7979,winter,day3
2025-12-02 03:15:00,2541.4308,2663.6382,winter,day3
2025-12-02 03:20:00,2563.3116,2653.9834,winter,day3
2025-12-02 03:25:00,2546.5824000000002,2662.5298,winter,day3
2025-12-02 03:30:00,2570.7768,2679.9858,winter,day3
2025-12-02 03:35:00,2608.5348,2676.2676,winter,day3
2025-12-02 03:40:00,2459.814,2681.1172,winter,day3
2025-12-02 03:45:00,2487.6552,2689.3872,winter,day3
2025-12-02 03:50:00,2492.58,2696.232,winter,day3
2025-12-02 03:55:00,2491.2708,2704.034,winter,day3
2025-12-02 04:00:00,2595.0984,2711.1821,winter,day3
2025-12-02 04:05:00,2754.0708,2718.7207,winter,day3
2025-12-02 04:10:00,2676.1644,2727.8293,winter,day3
2025-12-02 04:15:00,2469.6984,2736.9688,winter,day3
2025-12-02 04:20:00,2466.5412,2756.804,winter,day3
2025-12-02 04:25:00,2462.928,2767.1301,winter,day3
2025-12-02 04:30:00,2440.3848000000003,2782.0718,winter,day3
2025-12-02 04:35:00,2441.0292,2789.102,winter,day3
2025-12-02 04:40:00,2483.6016,2789.497,winter,day3
2025-12-02 04:45:00,2476.2864,2796.8914,winter,day3
2025-12-02 04:50:00,2476.3128,2802.8994,winter,day3
2025-12-02 04:55:00,2498.7888,2807.9946,winter,day3
2025-12-02 05:00:00,2523.3660000000004,2815.67,winter,day3
2025-12-02 05:05:00,2492.9892,2824.2637,winter,day3
2025-12-02 05:10:00,2602.7760000000003,2827.3345,winter,day3
2025-12-02 05:15:00,2801.0388,2843.8193,winter,day3
2025-12-02 05:20:00,2673.4776,2848.1602,winter,day3
2025-12-02 05:25:00,2574.0732,2851.0735,winter,day3
2025-12-02 05:30:00,2596.2648,2843.6362,winter,day3
2025-12-02 05:35:00,2568.6384,2861.2588,winter,day3
2025-12-02 05:40:00,2539.674,2878.276,winter,day3
2025-12-02 05:45:00,2670.9276,2883.212,winter,day3
2025-12-02 05:50:00,2813.7347999999997,2911.1455,winter,day3
2025-12-02 05:55:00,2841.3156,2956.464,winter,day3
2025-12-02 06:00:00,2828.9052,3006.3843,winter,day3
2025-12-02 06:05:00,3314.8008,2998.4897,winter,day3
2025-12-02 06:10:00,3381.696,2983.1543,winter,day3
2025-12-02 06:15:00,3469.9020000000005,2986.2317,winter,day3
2025-12-02 06:20:00,3127.2312,3032.586,winter,day3
2025-12-02 06:25:00,3247.2599999999998,3031.0654,winter,day3
2025-12-02 06:30:00,3546.2699999999995,3084.6306,winter,day3
2025-12-02 06:35:00,3619.1964,3086.269,winter,day3
2025-12-02 06:40:00,3879.7032,3024.6455,winter,day3
2025-12-02 06:45:00,3268.986,3043.2861,winter,day3
2025-12-02 06:50:00,3886.7904000000003,3064.0068,winter,day3
2025-12-02 06:55:00,3782.0352,3073.5164,winter,day3
2025-12-02 07:00:00,3783.4752,3060.6294,winter,day3
2025-12-02 07:05:00,3802.332,3058.8828,winter,day3
2025-12-02 07:10:00,3549.6432,3061.559,winter,day3
2025-12-02 07:15:00,4389.8184,3075.3545,winter,day3
2025-12-02 07:20:00,3724.4375999999997,3053.727,winter,day3
2025-12-02 07:25:00,3420.7776,3047.2769,winter,day3
2025-12-02 07:30:00,3205.5792,3077.868,winter,day3
2025-12-02 07:35:00,10705.3956,3115.4219,winter,day3
2025-12-02 07:40:00,10067.283599999999,3101.0613,winter,day3
2025-12-02 07:45:00,7560.3408,3099.344,winter,day3
2025-12-02 07:50:00,4807.704,3090.914,winter,day3
2025-12-02 07:55:00,4616.5488,3082.9873,winter,day3
2025-12-02 08:00:00,4571.3387999999995,3076.4092,winter,day3
2025-12-02 08:05:00,4221.3384,3080.746,winter,day3
2025-12-02 08:10:00,4044.636,3085.7546,winter,day3
2025-12-02 08:15:00,4346.2464,3087.491,winter,day3
2025-12-02 08:20:00,4628.1012,3094.2153,winter,day3
2025-12-02 08:25:00,3938.0112,3108.7197,winter,day3
2025-12-02 08:30:00,4449.6516,3101.655,winter,day3
2025-12-02 08:35:00,4098.3972,3103.7026,winter,day3
2025-12-02 08:40:00,4391.9016,3098.2405,winter,day3
2025-12-02 08:45:00,4145.3616,3110.1753,winter,day3
2025-12-02 08:50:00,4601.3772,3115.0952,winter,day3
2025-12-02 08:55:00,3736.4676,3103.3108,winter,day3
2025-12-02 09:00:00,3649.4195999999997,3098.8833,winter,day3
2025-12-02 09:05:00,3287.7876000000006,3100.8906,winter,day3
2025-12-02 09:10:00,3704.5728000000004,3116.6982,winter,day3
2025-12-02 09:15:00,3636.1944000000003,3131.4492,winter,day3
2025-12-02 09:20:00,3402.618,3162.8,winter,day3
2025-12-02 09:25:00,3828.1452,3173.6318,winter,day3
2025-12-02 09:30:00,4100.364,3181.1265,winter,day3
2025-12-02 09:35:00,5915.7228000000005,3186.6262,winter,day3
2025-12-02 09:40:00,5611.8984,3196.5264,winter,day3
2025-12-02 09:45:00,6284.7444000000005,3201.9944,winter,day3
2025-12-02 09:50:00,5128.0464,3229.895,winter,day3
2025-12-02 09:55:00,3856.9595999999997,3231.5989,winter,day3
2025-12-02 10:00:00,3329.1684,3240.9336,winter,day3
2025-12-02 10:05:00,3522.4547999999995,3240.2397,winter,day3
2025-12-02 10:10:00,4173.559200000001,3236.8904,winter,day3
2025-12-02 10:15:00,3471.6612,3244.4688,winter,day3
2025-12-02 10:20:00,3522.942,3247.0027,winter,day3
2025-12-02 10:25:00,4584.6348,3249.8416,winter,day3
2025-12-02 10:30:00,3909.4919999999997,3260.795,winter,day3
2025-12-02 10:35:00,3484.4916,3239.6633,winter,day3
2025-12-02 10:40:00,3428.1732,3242.6135,winter,day3
2025-12-02 10:45:00,3359.4804000000004,3247.9722,winter,day3
2025-12-02 10:50:00,3126.1104,3237.1807,winter,day3
2025-12-02 10:55:00,3711.8604,3246.8794,winter,day3
2025-12-02 11:00:00,5273.270399999999,3245.0322,winter,day3
2025-12-02 11:05:00,4952.9976,3265.001,winter,day3
2025-12-02 11:10:00,5216.586,3275.4746,winter,day3
2025-12-02 11:15:00,3273.0155999999997,3331.4656,winter,day3
2025-12-02 11:20:00,3135.8532,3375.374,winter,day3
2025-12-02 11:25:00,3062.5092,3336.873,winter,day3
2025-12-02 11:30:00,3240.69,3318.2354,winter,day3
2025-12-02 11:35:00,3230.982,3351.7524,winter,day3
2025-12-02 11:40:00,3260.3904,3387.104,winter,day3
2025-12-02 11:45:00,3225.2184,3418.1685,winter,day3
2025-12-02 11:50:00,3921.918,3426.8635,winter,day3
2025-12-02 11:55:00,3512.7203999999997,3484.455,winter,day3
2025-12-02 12:00:00,4808.245199999999,3415.6401,winter,day3
2025-12-02 12:05:00,3658.2396,3444.5337,winter,day3
2025-12-02 12:10:00,2711.4744,3455.425,winter,day3
2025-12-02 12:15:00,2604.3948,3473.6206,winter,day3
2025-12-02 12:20:00,2801.2212,3465.6138,winter,day3
2025-12-02 12:25:00,2865.6012,3450.9385,winter,day3
2025-12-02 12:30:00,2542.9548000000004,3456.4014,winter,day3
2025-12-02 12:35:00,2481.0984,3449.151,winter,day3
2025-12-02 12:40:00,2771.0076,3462.9111,winter,day3
2025-12-02 12:45:00,2348.0148,3449.347,winter,day3
2025-12-02 12:50:00,2308.3548,3519.3447,winter,day3
2025-12-02 12:55:00,3027.4595999999997,3485.9956,winter,day3
2025-12-02 13:00:00,3510.2940000000003,3466.143,winter,day3
2025-12-02 13:05:00,2609.2752,3473.9614,winter,day3
2025-12-02 13:10:00,2433.036,3494.1372,winter,day3
2025-12-02 13:15:00,2345.9052,3509.4246,winter,day3
2025-12-02 13:20:00,2655.876,3477.433,winter,day3
2025-12-02 13:25:00,2783.5164,3462.5952,winter,day3
2025-12-02 13:30:00,2350.638,3454.336,winter,day3
2025-12-02 13:35:00,2416.8804,3462.879,winter,day3
2025-12-02 13:40:00,2738.5032,3456.471,winter,day3
2025-12-02 13:45:00,2698.3332,3469.5996,winter,day3
2025-12-02 13:50:00,3171.6468,3458.5093,winter,day3
2025-12-02 13:55:00,2537.556,3457.6973,winter,day3
2025-12-02 14:00:00,3734.082,3440.5518,winter,day3
2025-12-02 14:05:00,3048.7907999999998,3442.684,winter,day3
2025-12-02 14:10:00,2487.3120000000004,3453.1726,winter,day3
2025-12-02 14:15:00,2934.0072,3448.252,winter,day3
2025-12-02 14:20:00,2624.2871999999998,3448.3784,winter,day3
2025-12-02 14:25:00,2740.02,3447.408,winter,day3
2025-12-02 14:30:00,4219.794,3432.38,winter,day3
2025-12-02 14:35:00,2654.328,3429.0532,winter,day3
2025-12-02 14:40:00,2405.3988,3424.8125,winter,day3
2025-12-02 14:45:00,2550.5124,3417.4158,winter,day3
2025-12-02 14:50:00,2943.7871999999998,3403.2651,winter,day3
2025-12-02 14:55:00,3097.4543999999996,3408.5728,winter,day3
2025-12-02 15:00:00,3536.3184,3393.9414,winter,day3
2025-12-02 15:05:00,3761.1816,3393.4067,winter,day3
2025-12-02 15:10:00,5736.9144,3392.4248,winter,day3
2025-12-02 15:15:00,3531.6684,3384.6018,winter,day3
2025-12-02 15:20:00,3434.8368,3384.597,winter,day3
2025-12-02 15:25:00,4197.5772,3381.9873,winter,day3
2025-12-02 15:30:00,3837.726,3382.9844,winter,day3
2025-12-02 15:35:00,3723.4392,3396.8276,winter,day3
2025-12-02 15:40:00,4281.906,3398.1567,winter,day3
2025-12-02 15:45:00,4808.8788,3395.399,winter,day3
2025-12-02 15:50:00,8003.0748,3392.0227,winter,day3
2025-12-02 15:55:00,10921.180799999998,3392.469,winter,day3
2025-12-02 16:00:00,7045.9512,3391.8628,winter,day3
2025-12-02 16:05:00,5442.3348,3400.6763,winter,day3
2025-12-02 16:10:00,4902.6432,3391.014,winter,day3
2025-12-02 16:15:00,5564.142,3408.2886,winter,day3
2025-12-02 16:20:00,5172.030000000001,3404.4143,winter,day3
2025-12-02 16:25:00,4569.3876,3401.3296,winter,day3
2025-12-02 16:30:00,6030.306,3398.8362,winter,day3
2025-12-02 16:35:00,4963.482,3412.9746,winter,day3
2025-12-02 16:40:00,4907.358,3400.9587,winter,day3
2025-12-02 16:45:00,4758.9276,3454.7363,winter,day3
2025-12-02 16:50:00,5014.9980000000005,3416.903,winter,day3
2025-12-02 16:55:00,4404.9828,3405.6013,winter,day3
2025-12-02 17:00:00,4670.3988,3415.309,winter,day3
2025-12-02 17:05:00,5168.3315999999995,3434.251,winter,day3
2025-12-02 17:10:00,5390.0964,3378.2761,winter,day3
2025-12-02 17:15:00,6159.0216,3395.9658,winter,day3
2025-12-02 17:20:00,4260.8243999999995,3396.3545,winter,day3
2025-12-02 17:25:00,5884.4256000000005,3468.2283,winter,day3
2025-12-02 17:30:00,4307.7312,3464.6726,winter,day3
2025-12-02 17:35:00,4909.2768,3479.017,winter,day3
2025-12-02 17:40:00,4737.6744,3467.062,winter,day3
2025-12-02 17:45:00,4368.9684,3456.8223,winter,day3
2025-12-02 17:50:00,4411.5156,3440.7708,winter,day3
2025-12-02 17:55:00,5227.368,3449.7046,winter,day3
2025-12-02 18:00:00,5888.1816,3440.5535,winter,day3
2025-12-02 18:05:00,9812.7636,3450.2275,winter,day3
2025-12-02 18:10:00,11284.710000000001,3448.3242,winter,day3
2025-12-02 18:15:00,11618.9928,3447.6855,winter,day3
2025-12-02 18:20:00,10094.826,3446.4805,winter,day3
2025-12-02 18:25:00,10502.1132,3421.7332,winter,day3
2025-12-02 18:30:00,12101.6124,3381.616,winter,day3
2025-12-02 18:35:00,9531.9984,3372.5273,winter,day3
2025-12-02 18:40:00,10680.1812,3358.8745,winter,day3
2025-12-02 18:45:00,12144.138,3358.4297,winter,day3
2025-12-02 18:50:00,7109.723999999999,3350.938,winter,day3
2025-12-02 18:55:00,7418.1972000000005,3359.4023,winter,day3
2025-12-02 19:00:00,7708.2648,3360.2295,winter,day3
2025-12-02 19:05:00,9314.2776,3381.2578,winter,day3
2025-12-02 19:10:00,9864.9504,3359.8513,winter,day3
2025-12-02 19:15:00,8999.8596,3350.9336,winter,day3
2025-12-02 19:20:00,6535.7339999999995,3357.9126,winter,day3
2025-12-02 19:25:00,4100.412,3370.9248,winter,day3
2025-12-02 19:30:00,4550.5188,3391.333,winter,day3
2025-12-02 19:35:00,4494.7788,3392.1848,winter,day3
2025-12-02 19:40:00,3748.4796,3389.7617,winter,day3
2025-12-02 19:45:00,5512.9872000000005,3388.042,winter,day3
2025-12-02 19:50:00,3661.0932000000003,3383.79,winter,day3
2025-12-02 19:55:00,3563.4252,3387.4614,winter,day3
2025-12-02 20:00:00,3712.278,3390.1145,winter,day3
2025-12-02 20:05:00,3904.3032,3383.4492,winter,day3
2025-12-02 20:10:00,4927.479600000001,3393.2761,winter,day3
2025-12-02 20:15:00,3493.1376000000005,3406.5303,winter,day3
2025-12-02 20:20:00,3690.5063999999998,3412.5728,winter,day3
2025-12-02 20:25:00,5000.07,3404.3337,winter,day3
2025-12-02 20:30:00,3994.9392,3413.5884,winter,day3
2025-12-02 20:35:00,3530.514,3402.0762,winter,day3
2025-12-02 20:40:00,4586.4767999999995,3400.6265,winter,day3
2025-12-02 20:45:00,3391.0656000000004,3396.1223,winter,day3
2025-12-02 20:50:00,3483.6696,3401.064,winter,day3
2025-12-02 20:55:00,3330.3588000000004,3414.8743,winter,day3
2025-12-02 21:00:00,3306.4811999999997,3421.1592,winter,day3
2025-12-02 21:05:00,3287.6268000000005,3436.3965,winter,day3
2025-12-02 21:10:00,3172.2275999999997,3427.9023,winter,day3
2025-12-02 21:15:00,3150.8544,3422.0588,winter,day3
2025-12-02 21:20:00,3292.8588000000004,3421.5215,winter,day3
2025-12-02 21:25:00,3413.5824000000002,3428.0908,winter,day3
2025-12-02 21:30:00,3162.7932,3423.542,winter,day3
2025-12-02 21:35:00,2532.1032,3432.7532,winter,day3
2025-12-02 21:40:00,2470.866,3424.343,winter,day3
2025-12-02 21:45:00,2432.8896,3418.5928,winter,day3
2025-12-02 21:50:00,2435.016,3409.668,winter,day3
2025-12-02 21:55:00,2388.636,3430.6506,winter,day3
2025-12-02 22:00:00,2384.8104,3425.0156,winter,day3
2025-12-02 22:05:00,2335.4088,3416.4578,winter,day3
2025-12-02 22:10:00,2418.3408,3420.7156,winter,day3
2025-12-02 22:15:00,2474.7095999999997,3414.3113,winter,day3
2025-12-02 22:20:00,2393.5464,3413.6404,winter,day3
2025-12-02 22:25:00,2419.8024,3381.5808,winter,day3
2025-12-02 22:30:00,2450.4492,3423.2612,winter,day3
2025-12-02 22:35:00,2568.1416,3378.5027,winter,day3
2025-12-02 22:40:00,2598.1284,3372.2134,winter,day3
2025-12-02 22:45:00,2508.744,3400.8462,winter,day3
2025-12-02 22:50:00,2466.5652,3372.0874,winter,day3
2025-12-02 22:55:00,2458.7472,3381.5398,winter,day3
2025-12-02 23:00:00,2433.3815999999997,3371.3118,winter,day3
2025-12-02 23:05:00,2410.7076,3393.434,winter,day3
2025-12-02 23:10:00,2413.4472,3409.2207,winter,day3
2025-12-02 23:15:00,2412.6312000000003,3423.991,winter,day3
2025-12-02 23:20:00,2454.2844,3420.5876,winter,day3
2025-12-02 23:25:00,2464.9236,3441.7915,winter,day3
2025-12-02 23:30:00,2458.1592,3427.934,winter,day3
2025-12-02 23:35:00,2471.8356,3415.1528,winter,day3
2025-12-02 23:40:00,2516.2943999999998,3405.8586,winter,day3
2025-12-02 23:45:00,2607.6972,3400.477,winter,day3
2025-12-02 23:50:00,2705.5236,3386.6377,winter,day3
2025-12-02 23:55:00,2556.8328,3393.6836,winter,day3
2025-12-16 00:00:00,2537.6531999999997,2463.076,winter,day4
2025-12-16 00:05:00,2463.0612,2460.2314,winter,day4
2025-12-16 00:10:00,2478.9552,2466.9478,winter,day4
2025-12-16 00:15:00,2475.5952,2468.2727,winter,day4
2025-12-16 00:20:00,2526.93,2481.3105,winter,day4
2025-12-16 00:25:00,2661.3804,2488.5146,winter,day4
2025-12-16 00:30:00,2497.9211999999998,2492.6765,winter,day4
2025-12-16 00:35:00,2512.8108,2507.25,winter,day4
2025-12-16 00:40:00,2480.7372,2516.2712,winter,day4
2025-12-16 00:45:00,2447.2524,2525.1333,winter,day4
2025-12-16 00:50:00,2428.0188000000003,2544.3125,winter,day4
2025-12-16 00:55:00,2469.3876,2562.5205,winter,day4
2025-12-16 01:00:00,2464.098,2584.4946,winter,day4
2025-12-16 01:05:00,2487.9096,2614.7861,winter,day4
2025-12-16 01:10:00,2482.6068,2647.4048,winter,day4
2025-12-16 01:15:00,2474.6244,2692.6094,winter,day4
2025-12-16 01:20:00,2426.1996,2737.532,winter,day4
2025-12-16 01:25:00,2422.1484,2764.552,winter,day4
2025-12-16 01:30:00,2423.5595999999996,2795.4023,winter,day4
2025-12-16 01:35:00,2611.6068000000005,2811.915,winter,day4
2025-12-16 01:40:00,2671.5756,2828.1846,winter,day4
2025-12-16 01:45:00,2519.8584,2826.0676,winter,day4
2025-12-16 01:50:00,2502.0,2848.1829,winter,day4
2025-12-16 01:55:00,2512.4988,2868.247,winter,day4
2025-12-16 02:00:00,2486.046,2865.083,winter,day4
2025-12-16 02:05:00,2490.7403999999997,2873.9604,winter,day4
2025-12-16 02:10:00,2474.5836,2880.3625,winter,day4
2025-12-16 02:15:00,2457.4428,2874.1748,winter,day4
2025-12-16 02:20:00,2506.3812,2878.8208,winter,day4
2025-12-16 02:25:00,2499.4668,2884.101,winter,day4
2025-12-16 02:30:00,2483.6232,2875.706,winter,day4
2025-12-16 02:35:00,2487.9108,2867.841,winter,day4
2025-12-16 02:40:00,2523.3455999999996,2875.0962,winter,day4
2025-12-16 02:45:00,2520.9156000000003,2869.5781,winter,day4
2025-12-16 02:50:00,2706.6036,2861.3596,winter,day4
2025-12-16 02:55:00,2766.4248,2855.8032,winter,day4
2025-12-16 03:00:00,2290.1076000000003,2846.6084,winter,day4
2025-12-16 03:05:00,2421.8496,2849.287,winter,day4
2025-12-16 03:10:00,2512.548,2841.275,winter,day4
2025-12-16 03:15:00,2539.3104,2836.5347,winter,day4
2025-12-16 03:20:00,2553.546,2827.3198,winter,day4
2025-12-16 03:25:00,2564.2932,2841.0085,winter,day4
2025-12-16 03:30:00,2555.55,2856.0522,winter,day4
2025-12-16 03:35:00,2529.3684000000003,2859.0413,winter,day4
2025-12-16 03:40:00,2524.3296,2858.8794,winter,day4
2025-12-16 03:45:00,2553.1776,2859.8,winter,day4
2025-12-16 03:50:00,2598.0492,2857.3906,winter,day4
2025-12-16 03:55:00,2610.4031999999997,2868.8916,winter,day4
2025-12-16 04:00:00,2672.9664000000002,2875.9546,winter,day4
2025-12-16 04:05:00,2769.1476,2885.8293,winter,day4
2025-12-16 04:10:00,2510.9796,2891.2856,winter,day4
2025-12-16 04:15:00,2513.3496,2905.0737,winter,day4
2025-12-16 04:20:00,2461.6572,2911.2065,winter,day4
2025-12-16 04:25:00,2454.2832000000003,2926.0703,winter,day4
2025-12-16 04:30:00,2431.9415999999997,2942.7974,winter,day4
2025-12-16 04:35:00,2428.5168000000003,2946.7104,winter,day4
2025-12-16 04:40:00,2429.9412,2957.989,winter,day4
2025-12-16 04:45:00,2432.2812,2963.6875,winter,day4
2025-12-16 04:50:00,2449.4688,2971.541,winter,day4
2025-12-16 04:55:00,2473.9968,2976.3208,winter,day4
2025-12-16 05:00:00,2527.7064,2981.7993,winter,day4
2025-12-16 05:05:00,2551.5227999999997,2998.5942,winter,day4
2025-12-16 05:10:00,2566.3548,3004.9297,winter,day4
2025-12-16 05:15:00,2722.0716,3029.758,winter,day4
2025-12-16 05:20:00,2673.9900000000002,3031.1108,winter,day4
2025-12-16 05:25:00,2507.898,3034.6907,winter,day4
2025-12-16 05:30:00,2523.1512000000002,3036.6094,winter,day4
2025-12-16 05:35:00,2549.0676,3048.871,winter,day4
2025-12-16 05:40:00,2525.4012,3085.3074,winter,day4
2025-12-16 05:45:00,2511.8568,3098.662,winter,day4
2025-12-16 05:50:00,2513.7456,3142.4321,winter,day4
2025-12-16 05:55:00,2576.892,3144.4048,winter,day4
2025-12-16 06:00:00,3618.0396,3200.0857,winter,day4
2025-12-16 06:05:00,3193.9272,3261.599,winter,day4
2025-12-16 06:10:00,3056.322,3263.255,winter,day4
2025-12-16 06:15:00,3188.802,3262.3564,winter,day4
2025-12-16 06:20:00,3320.8584,3274.2893,winter,day4
2025-12-16 06:25:00,3678.6936,3264.2253,winter,day4
2025-12-16 06:30:00,3141.4139999999998,3316.7156,winter,day4
2025-12-16 06:35:00,3588.9756,3267.8,winter,day4
2025-12-16 06:40:00,3585.9936000000002,3310.3127,winter,day4
2025-12-16 06:45:00,3242.9543999999996,3306.858,winter,day4
2025-12-16 06:50:00,3911.3903999999993,3330.857,winter,day4
2025-12-16 06:55:00,3752.6135999999997,3364.6187,winter,day4
2025-12-16 07:00:00,3536.4792,3376.8037,winter,day4
2025-12-16 07:05:00,3213.9744,3373.0713,winter,day4
2025-12-16 07:10:00,3840.2915999999996,3373.9688,winter,day4
2025-12-16 07:15:00,3452.256,3344.0032,winter,day4
2025-12-16 07:20:00,4289.8572,3353.753,winter,day4
2025-12-16 07:25:00,3764.9388,3361.9087,winter,day4
2025-12-16 07:30:00,3594.4968,3362.2236,winter,day4
2025-12-16 07:35:00,8889.6912,3363.358,winter,day4
2025-12-16 07:40:00,13350.6684,3347.7373,winter,day4
2025-12-16 07:45:00,8135.238,3335.9392,winter,day4
2025-12-16 07:50:00,7084.504800000001,3316.6094,winter,day4
2025-12-16 07:55:00,7205.719200000001,3330.1177,winter,day4
2025-12-16 08:00:00,5879.8068,3342.6934,winter,day4
2025-12-16 08:05:00,4666.3068,3347.74,winter,day4
2025-12-16 08:10:00,4394.0808,3354.8367,winter,day4
2025-12-16 08:15:00,5070.0396,3372.1973,winter,day4
2025-12-16 08:20:00,5125.4232,3390.5056,winter,day4
2025-12-16 08:25:00,4303.0656,3401.8787,winter,day4
2025-12-16 08:30:00,4704.1788,3400.2563,winter,day4
2025-12-16 08:35:00,4075.7591999999995,3403.7134,winter,day4
2025-12-16 08:40:00,5405.31,3400.2441,winter,day4
2025-12-16 08:45:00,4404.897599999999,3411.1807,winter,day4
2025-12-16 08:50:00,4950.6528,3432.3162,winter,day4
2025-12-16 08:55:00,6181.3092,3434.0356,winter,day4
2025-12-16 09:00:00,7122.306,3433.235,winter,day4
2025-12-16 09:05:00,6685.9908,3427.585,winter,day4
2025-12-16 09:10:00,5233.7771999999995,3437.7712,winter,day4
2025-12-16 09:15:00,4153.1268,3461.2993,winter,day4
2025-12-16 09:20:00,4161.3144,3476.911,winter,day4
2025-12-16 09:25:00,4026.3971999999994,3467.0737,winter,day4
2025-12-16 09:30:00,5052.306,3485.4546,winter,day4
2025-12-16 09:35:00,4094.2668,3507.8184,winter,day4
2025-12-16 09:40:00,4127.8476,3522.5457,winter,day4
2025-12-16 09:45:00,4505.4204,3516.108,winter,day4
2025-12-16 09:50:00,4041.7356,3531.449,winter,day4
2025-12-16 09:55:00,4273.462799999999,3519.4304,winter,day4
2025-12-16 10:00:00,4452.0552,3523.4375,winter,day4
2025-12-16 10:05:00,4339.7004,3521.59,winter,day4
2025-12-16 10:10:00,4576.8612,3526.599,winter,day4
2025-12-16 10:15:00,4096.518,3536.484,winter,day4
2025-12-16 10:20:00,4990.0284,3545.462,winter,day4
2025-12-16 10:25:00,4283.2356,3552.648,winter,day4
2025-12-16 10:30:00,4198.0848,3559.912,winter,day4
2025-12-16 10:35:00,4275.766799999999,3555.0015,winter,day4
2025-12-16 10:40:00,4266.4704,3547.4866,winter,day4
2025-12-16 10:45:00,4146.7356,3561.253,winter,day4
2025-12-16 10:50:00,4051.476,3547.7705,winter,day4
2025-12-16 10:55:00,4008.6924,3558.356,winter,day4
2025-12-16 11:00:00,3833.4636,3562.3025,winter,day4
2025-12-16 11:05:00,3885.5519999999997,3560.257,winter,day4
2025-12-16 11:10:00,4982.191199999999,3554.795,winter,day4
2025-12-16 11:15:00,4509.4524,3546.8628,winter,day4
2025-12-16 11:20:00,5283.576,3588.282,winter,day4
2025-12-16 11:25:00,5901.5736,3589.4263,winter,day4
2025-12-16 11:30:00,4369.2048,3584.691,winter,day4
2025-12-16 11:35:00,3914.8235999999997,3562.1387,winter,day4
2025-12-16 11:40:00,3608.1084,3604.9915,winter,day4
2025-12-16 11:45:00,3877.2612,3546.8984,winter,day4
2025-12-16 11:50:00,4029.2700000000004,3646.0203,winter,day4
2025-12-16 11:55:00,3742.668,3639.6646,winter,day4
2025-12-16 12:00:00,6038.3544,3655.0269,winter,day4
2025-12-16 12:05:00,4067.7383999999997,3631.3608,winter,day4
2025-12-16 12:10:00,4482.716399999999,3614.5054,winter,day4
2025-12-16 12:15:00,3729.8424,3599.6465,winter,day4
2025-12-16 12:20:00,3680.1672,3584.641,winter,day4
2025-12-16 12:25:00,3748.7160000000003,3588.0347,winter,day4
2025-12-16 12:30:00,4284.1068,3610.5496,winter,day4
2025-12-16 12:35:00,3777.2724000000003,3616.831,winter,day4
2025-12-16 12:40:00,4806.6084,3601.0564,winter,day4
2025-12-16 12:45:00,4121.4264,3628.2012,winter,day4
2025-12-16 12:50:00,3663.7932,3662.5896,winter,day4
2025-12-16 12:55:00,3641.1803999999997,3660.6138,winter,day4
2025-12-16 13:00:00,4079.0616,3662.7505,winter,day4
2025-12-16 13:05:00,5389.7448,3667.1477,winter,day4
2025-12-16 13:10:00,4180.530000000001,3669.6938,winter,day4
2025-12-16 13:15:00,3867.5292,3673.0269,winter,day4
2025-12-16 13:20:00,3947.0832,3671.9797,winter,day4
2025-12-16 13:25:00,4291.2084,3688.3027,winter,day4
2025-12-16 13:30:00,3750.8556,3681.8042,winter,day4
2025-12-16 13:35:00,3951.222,3688.2363,winter,day4
2025-12-16 13:40:00,3920.4024,3690.232,winter,day4
2025-12-16 13:45:00,3324.2484000000004,3705.9617,winter,day4
2025-12-16 13:50:00,3828.1944000000003,3694.4111,winter,day4
2025-12-16 13:55:00,3311.3136,3686.9932,winter,day4
2025-12-16 14:00:00,3627.4115999999995,3669.217,winter,day4
2025-12-16 14:05:00,3714.8712,3670.1133,winter,day4
2025-12-16 14:10:00,4166.5199999999995,3659.6484,winter,day4
2025-12-16 14:15:00,3917.3808000000004,3654.6445,winter,day4
2025-12-16 14:20:00,5278.9044,3650.5688,winter,day4
2025-12-16 14:25:00,3564.9252,3651.5378,winter,day4
2025-12-16 14:30:00,3410.8896,3636.8298,winter,day4
2025-12-16 14:35:00,3794.142,3631.7307,winter,day4
2025-12-16 14:40:00,4064.0759999999996,3644.5454,winter,day4
2025-12-16 14:45:00,4060.0187999999994,3630.6738,winter,day4
2025-12-16 14:50:00,5638.8264,3633.7444,winter,day4
2025-12-16 14:55:00,4045.8311999999996,3637.4688,winter,day4
2025-12-16 15:00:00,5577.5988,3628.7913,winter,day4
2025-12-16 15:05:00,5338.7663999999995,3642.7522,winter,day4
2025-12-16 15:10:00,4601.8332,3625.9224,winter,day4
2025-12-16 15:15:00,4514.3004,3614.7668,winter,day4
2025-12-16 15:20:00,4651.674000000001,3624.6387,winter,day4
2025-12-16 15:25:00,4688.780400000001,3626.5232,winter,day4
2025-12-16 15:30:00,5018.646,3620.1128,winter,day4
2025-12-16 15:35:00,4649.3124,3635.1206,winter,day4
2025-12-16 15:40:00,5036.8956,3643.92,winter,day4
2025-12-16 15:45:00,6101.222400000001,3655.651,winter,day4
2025-12-16 15:50:00,5310.1344,3651.7998,winter,day4
2025-12-16 15:55:00,5578.8444,3654.3516,winter,day4
2025-12-16 16:00:00,6418.926,3652.4187,winter,day4
2025-12-16 16:05:00,6934.9872000000005,3663.0996,winter,day4
2025-12-16 16:10:00,5723.4084,3656.668,winter,day4
2025-12-16 16:15:00,6220.02,3670.287,winter,day4
2025-12-16 16:20:00,6189.9816,3675.6743,winter,day4
2025-12-16 16:25:00,8523.5976,3674.831,winter,day4
2025-12-16 16:30:00,6921.2136,3672.0715,winter,day4
2025-12-16 16:35:00,6369.4176,3666.5889,winter,day4
2025-12-16 16:40:00,5543.4936,3703.8342,winter,day4
2025-12-16 16:45:00,5541.312,3719.6804,winter,day4
2025-12-16 16:50:00,6021.54,3708.7043,winter,day4
2025-12-16 16:55:00,5594.2212,3683.0264,winter,day4
2025-12-16 17:00:00,5404.383599999999,3671.267,winter,day4
2025-12-16 17:05:00,5644.6044,3672.9487,winter,day4
2025-12-16 17:10:00,5346.6396,3675.098,winter,day4
2025-12-16 17:15:00,5382.9756,3684.0276,winter,day4
2025-12-16 17:20:00,5437.419599999999,3691.8108,winter,day4
2025-12-16 17:25:00,5168.364,3706.0994,winter,day4
2025-12-16 17:30:00,4849.17,3680.418,winter,day4
2025-12-16 17:35:00,4824.846,3661.4863,winter,day4
2025-12-16 17:40:00,4795.218,3649.5237,winter,day4
2025-12-16 17:45:00,4838.4264,3664.272,winter,day4
2025-12-16 17:50:00,5375.1948,3693.1108,winter,day4
2025-12-16 17:55:00,6129.4152,3693.26,winter,day4
2025-12-16 18:00:00,7022.948399999999,3673.371,winter,day4
2025-12-16 18:05:00,9322.598399999999,3678.8916,winter,day4
2025-12-16 18:10:00,12304.332,3668.2822,winter,day4
2025-12-16 18:15:00,13883.9892,3662.9429,winter,day4
2025-12-16 18:20:00,10606.9176,3658.4602,winter,day4
2025-12-16 18:25:00,11033.883600000001,3659.9194,winter,day4
2025-12-16 18:30:00,10770.066,3649.518,winter,day4
2025-12-16 18:35:00,10817.2656,3654.8247,winter,day4
2025-12-16 18:40:00,10768.5732,3664.0945,winter,day4
2025-12-16 18:45:00,11083.158,3664.1587,winter,day4
2025-12-16 18:50:00,10502.316,3650.403,winter,day4
2025-12-16 18:55:00,11726.8764,3644.122,winter,day4
2025-12-16 19:00:00,9362.4708,3631.941,winter,day4
2025-12-16 19:05:00,8939.4012,3643.8882,winter,day4
2025-12-16 19:10:00,9068.5296,3643.4968,winter,day4
2025-12-16 19:15:00,10369.382399999999,3631.9585,winter,day4
2025-12-16 19:20:00,4406.4276,3637.701,winter,day4
2025-12-16 19:25:00,4186.9980000000005,3637.5364,winter,day4
2025-12-16 19:30:00,3759.4103999999998,3657.392,winter,day4
2025-12-16 19:35:00,3591.4980000000005,3649.8164,winter,day4
2025-12-16 19:40:00,3997.8432000000003,3640.7285,winter,day4
2025-12-16 19:45:00,4548.5256,3638.8008,winter,day4
2025-12-16 19:50:00,3994.7388,3616.106,winter,day4
2025-12-16 19:55:00,3709.2588000000005,3610.413,winter,day4
2025-12-16 20:00:00,3851.6184000000003,3614.892,winter,day4
2025-12-16 20:05:00,3718.47,3601.5974,winter,day4
2025-12-16 20:10:00,3542.9483999999998,3602.2114,winter,day4
2025-12-16 20:15:00,3521.2992,3609.9463,winter,day4
2025-12-16 20:20:00,3372.9900000000002,3624.9172,winter,day4
2025-12-16 20:25:00,3389.2332,3608.665,winter,day4
2025-12-16 20:30:00,3283.4328,3621.6453,winter,day4
2025-12-16 20:35:00,3479.4120000000003,3604.6733,winter,day4
2025-12-16 20:40:00,3745.8095999999996,3608.282,winter,day4
2025-12-16 20:45:00,3636.8256,3607.2363,winter,day4
2025-12-16 20:50:00,3511.9475999999995,3612.976,winter,day4
2025-12-16 20:55:00,3160.8300000000004,3634.321,winter,day4
2025-12-16 21:00:00,2850.8544,3657.9883,winter,day4
2025-12-16 21:05:00,3042.5196,3670.5154,winter,day4
2025-12-16 21:10:00,2641.8276,3674.5696,winter,day4
2025-12-16 21:15:00,2519.262,3678.762,winter,day4
2025-12-16 21:20:00,2553.0744,3672.7502,winter,day4
2025-12-16 21:25:00,2424.522,3681.1968,winter,day4
2025-12-16 21:30:00,2406.6228,3678.6458,winter,day4
2025-12-16 21:35:00,2408.4168,3691.5552,winter,day4
2025-12-16 21:40:00,2452.5396,3686.9792,winter,day4
2025-12-16 21:45:00,2527.0487999999996,3683.9465,winter,day4
2025-12-16 21:50:00,2566.5407999999998,3680.739,winter,day4
2025-12-16 21:55:00,2691.1824,3699.7922,winter,day4
2025-12-16 22:00:00,2636.7324,3672.7678,winter,day4
2025-12-16 22:05:00,2519.8163999999997,3682.0925,winter,day4
2025-12-16 22:10:00,2459.0063999999998,3664.7148,winter,day4
2025-12-16 22:15:00,2469.444,3686.103,winter,day4
2025-12-16 22:20:00,2629.8804,3650.3235,winter,day4
2025-12-16 22:25:00,2411.6412,3652.4226,winter,day4
2025-12-16 22:30:00,2404.7952,3646.7825,winter,day4
2025-12-16 22:35:00,2386.5227999999997,3650.871,winter,day4
2025-12-16 22:40:00,2356.6524,3668.7637,winter,day4
2025-12-16 22:45:00,2410.1699999999996,3654.3657,winter,day4
2025-12-16 22:50:00,2458.6308,3650.2158,winter,day4
2025-12-16 22:55:00,2457.5592,3647.2612,winter,day4
2025-12-16 23:00:00,2356.7484,3655.501,winter,day4
2025-12-16 23:05:00,2337.0996,3651.1433,winter,day4
2025-12-16 23:10:00,2441.2511999999997,3618.6833,winter,day4
2025-12-16 23:15:00,2482.1556,3619.3918,winter,day4
2025-12-16 23:20:00,2489.8968,3615.317,winter,day4
2025-12-16 23:25:00,2577.7008,3652.812,winter,day4
2025-12-16 23:30:00,2728.6416,3644.2285,winter,day4
2025-12-16 23:35:00,2683.764,3640.6318,winter,day4
2025-12-16 23:40:00,2471.9808000000003,3636.5068,winter,day4
2025-12-16 23:45:00,2458.0584,3644.2744,winter,day4
2025-12-16 23:50:00,2508.2268,3657.4636,winter,day4
2025-12-16 23:55:00,2562.8736,3661.835,winter,day4
2025-12-31 00:00:00,3338.9136,3439.1692,winter,day5
2025-12-31 00:05:00,3319.3343999999997,3495.4077,winter,day5
2025-12-31 00:10:00,2794.9272,3518.3945,winter,day5
2025-12-31 00:15:00,3241.1208,3570.6072,winter,day5
2025-12-31 00:20:00,2992.0703999999996,3619.146,winter,day5
2025-12-31 00:25:00,3351.4127999999996,3654.3354,winter,day5
2025-12-31 00:30:00,3351.6444,3681.0063,winter,day5
2025-12-31 00:35:00,2985.12,3706.8252,winter,day5
2025-12-31 00:40:00,3308.274,3714.86,winter,day5
2025-12-31 00:45:00,3283.6752,3732.1697,winter,day5
2025-12-31 00:50:00,3266.0256,3742.6287,winter,day5
2025-12-31 00:55:00,3306.7512,3740.754,winter,day5
2025-12-31 01:00:00,2924.0676,3744.78,winter,day5
2025-12-31 01:05:00,3583.3644,3739.3677,winter,day5
2025-12-31 01:10:00,3572.2008,3730.5889,winter,day5
2025-12-31 01:15:00,3407.7563999999998,3727.1235,winter,day5
2025-12-31 01:20:00,3333.2388,3708.3477,winter,day5
2025-12-31 01:25:00,3103.6272,3695.8518,winter,day5
2025-12-31 01:30:00,3114.5016,3677.496,winter,day5
2025-12-31 01:35:00,2717.7156,3659.1084,winter,day5
2025-12-31 01:40:00,2677.3104,3645.0076,winter,day5
2025-12-31 01:45:00,2759.4504,3624.5532,winter,day5
2025-12-31 01:50:00,2732.4624,3612.77,winter,day5
2025-12-31 01:55:00,2525.8248,3607.4697,winter,day5
2025-12-31 02:00:00,2513.3172,3576.0452,winter,day5
2025-12-31 02:05:00,2507.8452,3569.8188,winter,day5
2025-12-31 02:10:00,2518.17,3557.1504,winter,day5
2025-12-31 02:15:00,2575.4700000000003,3527.0703,winter,day5
2025-12-31 02:20:00,2600.076,3506.357,winter,day5
2025-12-31 02:25:00,2733.7608,3487.5889,winter,day5
2025-12-31 02:30:00,2878.1268,3460.0205,winter,day5
2025-12-31 02:35:00,2681.0556,3444.887,winter,day5
2025-12-31 02:40:00,2654.16,3421.8887,winter,day5
2025-12-31 02:45:00,2642.2284,3400.5498,winter,day5
2025-12-31 02:50:00,2643.522,3376.319,winter,day5
2025-12-31 02:55:00,2711.7408000000005,3363.4634,winter,day5
2025-12-31 03:00:00,2456.0964,3354.708,winter,day5
2025-12-31 03:05:00,2610.2784,3364.5942,winter,day5
2025-12-31 03:10:00,2780.85,3355.9775,winter,day5
2025-12-31 03:15:00,2629.2455999999997,3346.4348,winter,day5
2025-12-31 03:20:00,2558.4924,3333.065,winter,day5
2025-12-31 03:25:00,2607.1164,3339.9956,winter,day5
2025-12-31 03:30:00,2624.0988,3338.338,winter,day5
2025-12-31 03:35:00,2653.4604,3337.1514,winter,day5
2025-12-31 03:40:00,2596.5335999999998,3342.562,winter,day5
2025-12-31 03:45:00,2587.9199999999996,3348.1284,winter,day5
2025-12-31 03:50:00,2564.3892,3351.857,winter,day5
2025-12-31 03:55:00,2620.44,3361.7659,winter,day5
2025-12-31 04:00:00,2676.4896,3377.5293,winter,day5
2025-12-31 04:05:00,2725.3512,3390.7024,winter,day5
2025-12-31 04:10:00,2698.3068,3403.5413,winter,day5
2025-12-31 04:15:00,2618.6076000000003,3413.1558,winter,day5
2025-12-31 04:20:00,2582.802,3411.8513,winter,day5
2025-12-31 04:25:00,2585.6232,3434.4255,winter,day5
2025-12-31 04:30:00,2729.1276,3436.374,winter,day5
2025-12-31 04:35:00,2707.9440000000004,3429.4404,winter,day5
2025-12-31 04:40:00,2614.2036,3440.146,winter,day5
2025-12-31 04:45:00,2609.3724,3438.8357,winter,day5
2025-12-31 04:50:00,2532.6348,3430.1753,winter,day5
2025-12-31 04:55:00,2524.2924,3451.7036,winter,day5
2025-12-31 05:00:00,2552.7192,3449.8323,winter,day5
2025-12-31 05:05:00,2590.962,3459.091,winter,day5
2025-12-31 05:10:00,2662.6608,3470.4255,winter,day5
2025-12-31 05:15:00,2660.9856,3465.9475,winter,day5
2025-12-31 05:20:00,2644.1448,3464.0862,winter,day5
2025-12-31 05:25:00,2650.6716,3469.5193,winter,day5
2025-12-31 05:30:00,2610.084,3464.423,winter,day5
2025-12-31 05:35:00,2720.0328,3462.0537,winter,day5
2025-12-31 05:40:00,2779.6992,3456.1216,winter,day5
2025-12-31 05:45:00,2879.2716,3447.1377,winter,day5
2025-12-31 05:50:00,2901.7116,3434.3438,winter,day5
2025-12-31 05:55:00,2602.9991999999997,3424.22,winter,day5
2025-12-31 06:00:00,2562.9984,3413.9424,winter,day5
2025-12-31 06:05:00,2562.6924,3385.2295,winter,day5
2025-12-31 06:10:00,2514.3912,3399.1008,winter,day5
2025-12-31 06:15:00,2505.2196,3394.2957,winter,day5
2025-12-31 06:20:00,2627.9424,3394.567,winter,day5
2025-12-31 06:25:00,2631.9516,3378.643,winter,day5
2025-12-31 06:30:00,2570.6196,3368.234,winter,day5
2025-12-31 06:35:00,2528.904,3337.7324,winter,day5
2025-12-31 06:40:00,2597.9376,3373.6191,winter,day5
2025-12-31 06:45:00,3277.6716,3369.695,winter,day5
2025-12-31 06:50:00,2724.3419999999996,3367.3552,winter,day5
2025-12-31 06:55:00,3794.3148,3350.8823,winter,day5
2025-12-31 07:00:00,3542.3412,3298.4937,winter,day5
2025-12-31 07:05:00,3736.728,3356.9832,winter,day5
2025-12-31 07:10:00,3571.6476000000002,3358.7693,winter,day5
2025-12-31 07:15:00,3651.3527999999997,3363.4626,winter,day5
2025-12-31 07:20:00,3699.6192,3350.0872,winter,day5
2025-12-31 07:25:00,3630.0996,3358.5132,winter,day5
2025-12-31 07:30:00,3662.142,3356.118,winter,day5
2025-12-31 07:35:00,3685.2119999999995,3360.2378,winter,day5
2025-12-31 07:40:00,3743.3592,3363.098,winter,day5
2025-12-31 07:45:00,3919.9871999999996,3374.4634,winter,day5
2025-12-31 07:50:00,4016.8248,3378.4116,winter,day5
2025-12-31 07:55:00,3773.514,3392.916,winter,day5
2025-12-31 08:00:00,3514.1724000000004,3392.0276,winter,day5
2025-12-31 08:05:00,3398.4924,3397.3684,winter,day5
2025-12-31 08:10:00,3332.1804,3383.9106,winter,day5
2025-12-31 08:15:00,3295.9188000000004,3406.679,winter,day5
2025-12-31 08:20:00,3875.2344,3415.4517,winter,day5
2025-12-31 08:25:00,4055.7504,3424.1904,winter,day5
2025-12-31 08:30:00,4329.8328,3421.9094,winter,day5
2025-12-31 08:35:00,3847.4483999999998,3423.7576,winter,day5
2025-12-31 08:40:00,3638.88,3418.836,winter,day5
2025-12-31 08:45:00,4250.6004,3427.891,winter,day5
2025-12-31 08:50:00,5217.933599999999,3439.2046,winter,day5
2025-12-31 08:55:00,5401.4208,3442.4204,winter,day5
2025-12-31 09:00:00,5468.3712,3449.0527,winter,day5
2025-12-31 09:05:00,6148.494000000001,3448.6094,winter,day5
2025-12-31 09:10:00,5363.1864000000005,3439.717,winter,day5
2025-12-31 09:15:00,5088.996,3445.0654,winter,day5
2025-12-31 09:20:00,4635.3804,3460.8232,winter,day5
2025-12-31 09:25:00,4231.6344,3465.2651,winter,day5
2025-12-31 09:30:00,4401.9384,3472.836,winter,day5
2025-12-31 09:35:00,4285.6488,3471.2192,winter,day5
2025-12-31 09:40:00,4400.7660000000005,3464.5999,winter,day5
2025-12-31 09:45:00,10283.52,3462.815,winter,day5
2025-12-31 09:50:00,9461.2608,3459.8628,winter,day5
2025-12-31 09:55:00,6320.339999999999,3449.8745,winter,day5
2025-12-31 10:00:00,5219.9544000000005,3446.3257,winter,day5
2025-12-31 10:05:00,6990.068399999999,3444.0676,winter,day5
2025-12-31 10:10:00,7397.634000000001,3444.6147,winter,day5
2025-12-31 10:15:00,6904.8912,3447.501,winter,day5
2025-12-31 10:20:00,7039.7004,3447.546,winter,day5
2025-12-31 10:25:00,5734.6788,3453.568,winter,day5
2025-12-31 10:30:00,4595.825999999999,3454.7686,winter,day5
2025-12-31 10:35:00,4877.7708,3448.6362,winter,day5
2025-12-31 10:40:00,4928.214,3443.7961,winter,day5
2025-12-31 10:45:00,4913.7684,3452.9277,winter,day5
2025-12-31 10:50:00,4863.794400000001,3448.9185,winter,day5
2025-12-31 10:55:00,4884.3576,3450.7925,winter,day5
2025-12-31 11:00:00,6113.4084,3465.987,winter,day5
2025-12-31 11:05:00,6825.190799999999,3453.0874,winter,day5
2025-12-31 11:10:00,4889.0424,3456.952,winter,day5
2025-12-31 11:15:00,4561.323600000001,3455.1445,winter,day5
2025-12-31 11:20:00,4379.131200000001,3459.0833,winter,day5
2025-12-31 11:25:00,4388.6124,3452.918,winter,day5
2025-12-31 11:30:00,4846.6488,3496.8386,winter,day5
2025-12-31 11:35:00,4757.1408,3463.986,winter,day5
2025-12-31 11:40:00,4462.3944,3474.1028,winter,day5
2025-12-31 11:45:00,4755.7464,3491.2756,winter,day5
2025-12-31 11:50:00,4390.89,3532.814,winter,day5
2025-12-31 11:55:00,4404.8412,3526.0093,winter,day5
2025-12-31 12:00:00,5794.1556,3556.0095,winter,day5
2025-12-31 12:05:00,4418.346,3570.3076,winter,day5
2025-12-31 12:10:00,5056.236,3585.707,winter,day5
2025-12-31 12:15:00,5098.2708,3583.567,winter,day5
2025-12-31 12:20:00,4206.414,3552.5603,winter,day5
2025-12-31 12:25:00,3740.4792,3575.4917,winter,day5
2025-12-31 12:30:00,4270.369199999999,3579.2246,winter,day5
2025-12-31 12:35:00,3738.846,3573.8564,winter,day5
2025-12-31 12:40:00,3676.3055999999997,3573.6948,winter,day5
2025-12-31 12:45:00,3983.2188,3568.8364,winter,day5
2025-12-31 12:50:00,4142.532,3557.8164,winter,day5
2025-12-31 12:55:00,4682.7924,3563.1448,winter,day5
2025-12-31 13:00:00,3651.5472,3589.22,winter,day5
2025-12-31 13:05:00,3380.8475999999996,3603.381,winter,day5
2025-12-31 13:10:00,3235.3272,3581.2764,winter,day5
2025-12-31 13:15:00,3393.5544,3574.8093,winter,day5
2025-12-31 13:20:00,3722.7455999999997,3588.3877,winter,day5
2025-12-31 13:25:00,3094.4916,3593.3252,winter,day5
2025-12-31 13:30:00,3354.0228,3593.817,winter,day5
2025-12-31 13:35:00,3534.4464,3582.2139,winter,day5
2025-12-31 13:40:00,4910.742,3540.5513,winter,day5
2025-12-31 13:45:00,3182.7648,3549.1357,winter,day5
2025-12-31 13:50:00,3054.1944,3536.2715,winter,day5
2025-12-31 13:55:00,3002.3016000000002,3533.444,winter,day5
2025-12-31 14:00:00,2984.1696,3526.5107,winter,day5
2025-12-31 14:05:00,3174.0047999999997,3529.6255,winter,day5
2025-12-31 14:10:00,3060.2676,3530.0854,winter,day5
2025-12-31 14:15:00,3016.8,3526.3174,winter,day5
2025-12-31 14:20:00,3024.552,3526.6199,winter,day5
2025-12-31 14:25:00,3008.0016,3525.8193,winter,day5
2025-12-31 14:30:00,2977.5504,3519.3647,winter,day5
2025-12-31 14:35:00,2995.1868,3511.872,winter,day5
2025-12-31 14:40:00,3277.6440000000002,3510.6372,winter,day5
2025-12-31 14:45:00,3150.348,3503.3003,winter,day5
2025-12-31 14:50:00,3066.4632,3511.4282,winter,day5
2025-12-31 14:55:00,3065.202,3517.62,winter,day5
2025-12-31 15:00:00,3021.1884,3536.3992,winter,day5
2025-12-31 15:05:00,2968.5,3531.2324,winter,day5
2025-12-31 15:10:00,2935.4376,3545.5576,winter,day5
2025-12-31 15:15:00,3112.5912,3533.0322,winter,day5
2025-12-31 15:20:00,3107.9436,3531.678,winter,day5
2025-12-31 15:25:00,2957.5236,3535.289,winter,day5
2025-12-31 15:30:00,2978.1096,3538.192,winter,day5
2025-12-31 15:35:00,2978.2392,3541.949,winter,day5
2025-12-31 15:40:00,2978.1612,3552.238,winter,day5
2025-12-31 15:45:00,2993.9676,3561.5676,winter,day5
2025-12-31 15:50:00,3241.9056,3557.1086,winter,day5
2025-12-31 15:55:00,3256.4268,3555.3193,winter,day5
2025-12-31 16:00:00,3148.1603999999998,3543.6296,winter,day5
2025-12-31 16:05:00,3193.7232,3552.9814,winter,day5
2025-12-31 16:10:00,3213.4632,3550.625,winter,day5
2025-12-31 16:15:00,3326.7936,3557.1035,winter,day5
2025-12-31 16:20:00,3319.1495999999997,3553.977,winter,day5
2025-12-31 16:25:00,3282.486,3546.418,winter,day5
2025-12-31 16:30:00,3423.804,3560.295,winter,day5
2025-12-31 16:35:00,3312.3659999999995,3580.9385,winter,day5
2025-12-31 16:40:00,3215.3652,3555.9702,winter,day5
2025-12-31 16:45:00,3342.4656000000004,3549.1807,winter,day5
2025-12-31 16:50:00,3411.024,3559.4683,winter,day5
2025-12-31 16:55:00,3581.5235999999995,3551.0884,winter,day5
2025-12-31 17:00:00,3520.2288,3554.7178,winter,day5
2025-12-31 17:05:00,3353.9616,3563.7766,winter,day5
2025-12-31 17:10:00,3362.9724,3567.5942,winter,day5
2025-12-31 17:15:00,3338.9352,3523.2588,winter,day5
2025-12-31 17:20:00,3324.5736000000006,3591.2603,winter,day5
2025-12-31 17:25:00,3249.9816,3594.0645,winter,day5
2025-12-31 17:30:00,3212.5800000000004,3587.2002,winter,day5
2025-12-31 17:35:00,3211.5263999999997,3572.326,winter,day5
2025-12-31 17:40:00,3443.358,3553.5188,winter,day5
2025-12-31 17:45:00,3471.1619999999994,3547.1445,winter,day5
2025-12-31 17:50:00,3254.922,3582.9438,winter,day5
2025-12-31 17:55:00,3212.4456,3601.9497,winter,day5
2025-12-31 18:00:00,3897.6492,3602.1904,winter,day5
2025-12-31 18:05:00,6079.2816,3590.0312,winter,day5
2025-12-31 18:10:00,8732.07,3564.1667,winter,day5
2025-12-31 18:15:00,10121.2344,3536.1372,winter,day5
2025-12-31 18:20:00,10166.0112,3517.4016,winter,day5
2025-12-31 18:25:00,9286.32,3516.6697,winter,day5
2025-12-31 18:30:00,9876.8364,3526.4385,winter,day5
2025-12-31 18:35:00,9728.7576,3540.1628,winter,day5
2025-12-31 18:40:00,10754.2644,3534.602,winter,day5
2025-12-31 18:45:00,9422.2032,3516.0708,winter,day5
2025-12-31 18:50:00,10060.2228,3509.2627,winter,day5
2025-12-31 18:55:00,9426.3576,3512.587,winter,day5
2025-12-31 19:00:00,10228.1712,3509.7913,winter,day5
2025-12-31 19:05:00,9329.5824,3517.17,winter,day5
2025-12-31 19:10:00,9846.7392,3510.398,winter,day5
2025-12-31 19:15:00,9757.6764,3510.1277,winter,day5
2025-12-31 19:20:00,3601.8120000000004,3505.4294,winter,day5
2025-12-31 19:25:00,2518.1063999999997,3513.4297,winter,day5
2025-12-31 19:30:00,2554.3332,3531.208,winter,day5
2025-12-31 19:35:00,2569.9883999999997,3535.2937,winter,day5
2025-12-31 19:40:00,2584.7196,3531.0679,winter,day5
2025-12-31 19:45:00,2544.3527999999997,3526.0833,winter,day5
2025-12-31 19:50:00,2550.6443999999997,3531.107,winter,day5
2025-12-31 19:55:00,2509.4736000000003,3529.377,winter,day5
2025-12-31 20:00:00,2468.7516,3536.117,winter,day5
2025-12-31 20:05:00,2578.404,3523.9075,winter,day5
2025-12-31 20:10:00,2585.016,3534.5876,winter,day5
2025-12-31 20:15:00,2491.5156,3545.3787,winter,day5
2025-12-31 20:20:00,2616.33,3545.25,winter,day5
2025-12-31 20:25:00,2699.3508,3540.1504,winter,day5
2025-12-31 20:30:00,2727.7608,3527.1426,winter,day5
2025-12-31 20:35:00,2821.0836000000004,3511.3047,winter,day5
2025-12-31 20:40:00,2587.2383999999997,3508.3704,winter,day5
2025-12-31 20:45:00,2546.3856,3505.12,winter,day5
2025-12-31 20:50:00,2522.6184000000003,3507.7715,winter,day5
2025-12-31 20:55:00,2542.3464,3509.2278,winter,day5
2025-12-31 21:00:00,2529.996,3511.481,winter,day5
2025-12-31 21:05:00,2506.7016,3517.708,winter,day5
2025-12-31 21:10:00,2507.3232,3518.475,winter,day5
2025-12-31 21:15:00,2447.2799999999997,3511.4734,winter,day5
2025-12-31 21:20:00,2453.8836,3511.2705,winter,day5
2025-12-31 21:25:00,2469.5328,3518.917,winter,day5
2025-12-31 21:30:00,2475.8928,3516.1226,winter,day5
2025-12-31 21:35:00,2655.1764,3522.189,winter,day5
2025-12-31 21:40:00,2679.09,3520.7117,winter,day5
2025-12-31 21:45:00,2519.6688000000004,3508.157,winter,day5
2025-12-31 21:50:00,2522.1984,3513.5422,winter,day5
2025-12-31 21:55:00,2541.0371999999998,3492.6494,winter,day5
2025-12-31 22:00:00,2644.1531999999997,3519.0093,winter,day5
2025-12-31 22:05:00,2618.184,3513.1042,winter,day5
2025-12-31 22:10:00,2623.7676,3525.9526,winter,day5
2025-12-31 22:15:00,2541.876,3493.3438,winter,day5
2025-12-31 22:20:00,2579.6711999999998,3476.2417,winter,day5
2025-12-31 22:25:00,2563.0739999999996,3478.4333,winter,day5
2025-12-31 22:30:00,2559.7188,3471.6895,winter,day5
2025-12-31 22:35:00,2531.4911999999995,3479.9414,winter,day5
2025-12-31 22:40:00,2508.1008,3551.0947,winter,day5
2025-12-31 22:45:00,2500.602,3539.7993,winter,day5
2025-12-31 22:50:00,2753.952,3544.1787,winter,day5
2025-12-31 22:55:00,2793.0588,3532.645,winter,day5
2025-12-31 23:00:00,2577.3888,3511.8708,winter,day5
2025-12-31 23:05:00,2533.2312,3497.7588,winter,day5
2025-12-31 23:10:00,2484.7104,3501.874,winter,day5
2025-12-31 23:15:00,2511.4008000000003,3510.9866,winter,day5
2025-12-31 23:20:00,2530.2252,3503.0554,winter,day5
2025-12-31 23:25:00,2549.9352,3513.3904,winter,day5
2025-12-31 23:30:00,2534.6004000000003,3501.0872,winter,day5
2025-12-31 23:35:00,2584.8216,3482.8896,winter,day5
2025-12-31 23:40:00,2595.6192,3491.6357,winter,day5
2025-12-31 23:45:00,2565.9672,3497.6558,winter,day5
2025-12-31 23:50:00,2620.8684000000003,3476.7078,winter,day5
2025-12-31 23:55:00,2719.3668000000002,3483.546,winter,day5
2025-06-01 00:00:00,2526.7452000000003,2541.0151,summer,day1
2025-06-01 00:05:00,2463.0612,2554.1382,summer,day1
2025-06-01 00:10:00,2445.3624,2560.914,summer,day1
2025-06-01 00:15:00,2434.8624,2572.1064,summer,day1
2025-06-01 00:20:00,2444.8836,2582.469,summer,day1
2025-06-01 00:25:00,2443.6536,2591.5618,summer,day1
2025-06-01 00:30:00,2400.8712,2597.701,summer,day1
2025-06-01 00:35:00,2397.0864,2611.4563,summer,day1
2025-06-01 00:40:00,2408.7204,2623.6042,summer,day1
2025-06-01 00:45:00,2576.5236,2627.462,summer,day1
2025-06-01 00:50:00,2515.4268,2634.3113,summer,day1
2025-06-01 00:55:00,2153.4936000000002,2640.9355,summer,day1
2025-06-01 01:00:00,2206.2684,2645.077,summer,day1
2025-06-01 01:05:00,2483.8824,2655.5557,summer,day1
2025-06-01 01:10:00,2487.558,2665.5254,summer,day1
2025-06-01 01:15:00,2458.3416,2675.2397,summer,day1
2025-06-01 01:20:00,2445.9036,2675.4912,summer,day1
2025-06-01 01:25:00,2436.6744,2677.5913,summer,day1
2025-06-01 01:30:00,2437.7196,2671.1338,summer,day1
2025-06-01 01:35:00,2587.3559999999998,2669.849,summer,day1
2025-06-01 01:40:00,2479.992,2662.8687,summer,day1
2025-06-01 01:45:00,2388.192,2655.2285,summer,day1
2025-06-01 01:50:00,2394.2076,2651.043,summer,day1
2025-06-01 01:55:00,2490.8304,2655.6414,summer,day1
2025-06-01 02:00:00,2550.2843999999996,2650.105,summer,day1
2025-06-01 02:05:00,2232.5172,2649.0952,summer,day1
2025-06-01 02:10:00,2317.0955999999996,2650.465,summer,day1
2025-06-01 02:15:00,2408.6268,2642.5293,summer,day1
2025-06-01 02:20:00,2410.9224,2639.06,summer,day1
2025-06-01 02:25:00,2668.9451999999997,2636.013,summer,day1
2025-06-01 02:30:00,2585.2272000000003,2628.9438,summer,day1
2025-06-01 02:35:00,2479.1099999999997,2625.684,summer,day1
2025-06-01 02:40:00,2463.4188,2629.5457,summer,day1
2025-06-01 02:45:00,2463.426,2624.492,summer,day1
2025-06-01 02:50:00,2449.2504,2617.2686,summer,day1
2025-06-01 02:55:00,2430.3516,2609.85,summer,day1
2025-06-01 03:00:00,2278.2048,2605.4429,summer,day1
2025-06-01 03:05:00,2049.5772,2607.4128,summer,day1
2025-06-01 03:10:00,2396.1804,2603.711,summer,day1
2025-06-01 03:15:00,2571.4836,2599.2793,summer,day1
2025-06-01 03:20:00,2472.3228,2598.4097,summer,day1
2025-06-01 03:25:00,2364.7223999999997,2601.9336,summer,day1
2025-06-01 03:30:00,2362.8804,2608.2563,summer,day1
2025-06-01 03:35:00,2403.0744,2602.5996,summer,day1
2025-06-01 03:40:00,2472.7284,2605.0571,summer,day1
2025-06-01 03:45:00,2457.0335999999998,2607.4526,summer,day1
2025-06-01 03:50:00,2505.8808,2610.4744,summer,day1
2025-06-01 03:55:00,2628.3024,2619.5854,summer,day1
2025-06-01 04:00:00,2548.8804,2618.5474,summer,day1
2025-06-01 04:05:00,2958.8952,2623.8494,summer,day1
2025-06-01 04:10:00,2742.2664,2623.2034,summer,day1
2025-06-01 04:15:00,2707.5528,2625.232,summer,day1
2025-06-01 04:20:00,2519.6711999999998,2635.5217,summer,day1
2025-06-01 04:25:00,2526.5076,2642.3738,summer,day1
2025-06-01 04:30:00,2333.9604,2650.0747,summer,day1
2025-06-01 04:35:00,2619.3684000000003,2652.113,summer,day1
2025-06-01 04:40:00,2623.7064,2657.9448,summer,day1
2025-06-01 04:45:00,2598.2364000000002,2658.2036,summer,day1
2025-06-01 04:50:00,2679.3684000000003,2661.1353,summer,day1
2025-06-01 04:55:00,2428.9248,2664.0254,summer,day1
2025-06-01 05:00:00,2514.702,2663.4236,summer,day1
2025-06-01 05:05:00,2484.4308,2676.6187,summer,day1
2025-06-01 05:10:00,2354.9424,2674.1582,summer,day1
2025-06-01 05:15:00,2305.1148000000003,2690.0127,summer,day1
2025-06-01 05:20:00,2247.9636,2680.6528,summer,day1
2025-06-01 05:25:00,2213.5667999999996,2687.5825,summer,day1
2025-06-01 05:30:00,2216.1144,2682.302,summer,day1
2025-06-01 05:35:00,2200.464,2700.2773,summer,day1
2025-06-01 05:40:00,2392.1304,2690.0867,summer,day1
2025-06-01 05:45:00,2271.996,2708.4312,summer,day1
2025-06-01 05:50:00,1770.0084,2709.5786,summer,day1
2025-06-01 05:55:00,2016.8064,2734.6938,summer,day1
2025-06-01 06:00:00,2133.8292,2730.956,summer,day1
2025-06-01 06:05:00,2130.4919999999997,2740.487,summer,day1
2025-06-01 06:10:00,2230.986,2785.8142,summer,day1
2025-06-01 06:15:00,2238.2808,2777.382,summer,day1
2025-06-01 06:20:00,2225.3784,2775.1353,summer,day1
2025-06-01 06:25:00,2329.7064,2770.646,summer,day1
2025-06-01 06:30:00,2475.1596,2765.1997,summer,day1
2025-06-01 06:35:00,2459.2691999999997,2782.2737,summer,day1
2025-06-01 06:40:00,2403.2580000000003,2773.614,summer,day1
2025-06-01 06:45:00,2256.264,2804.1309,summer,day1
2025-06-01 06:50:00,1824.366,2812.1375,summer,day1
2025-06-01 06:55:00,2134.1207999999997,2811.6633,summer,day1
2025-06-01 07:00:00,2114.7612,2806.6458,summer,day1
2025-06-01 07:05:00,2258.0135999999998,2804.0762,summer,day1
2025-06-01 07:10:00,2336.9784,2799.3508,summer,day1
2025-06-01 07:15:00,2308.5888,2826.491,summer,day1
2025-06-01 07:20:00,2138.7804,2839.1582,summer,day1
2025-06-01 07:25:00,2185.3416,2841.627,summer,day1
2025-06-01 07:30:00,2207.0724,2813.5383,summer,day1
2025-06-01 07:35:00,2170.8455999999996,2820.0098,summer,day1
2025-06-01 07:40:00,2332.9175999999998,2841.1543,summer,day1
2025-06-01 07:45:00,2384.088,2858.999,summer,day1
2025-06-01 07:50:00,2123.6772,2872.716,summer,day1
2025-06-01 07:55:00,1838.58,2865.0088,summer,day1
2025-06-01 08:00:00,2112.7272000000003,2831.3596,summer,day1
2025-06-01 08:05:00,2153.328,2809.0664,summer,day1
2025-06-01 08:10:00,2160.3684000000003,2815.0635,summer,day1
2025-06-01 08:15:00,2475.5544,2830.211,summer,day1
2025-06-01 08:20:00,2394.636,2843.7192,summer,day1
2025-06-01 08:25:00,2184.186,2843.2695,summer,day1
2025-06-01 08:30:00,2254.5948,2837.2607,summer,day1
2025-06-01 08:35:00,2363.4900000000002,2832.6934,summer,day1
2025-06-01 08:40:00,2342.436,2818.9946,summer,day1
2025-06-01 08:45:00,2388.0108,2836.2622,summer,day1
2025-06-01 08:50:00,2300.2776000000003,2856.8457,summer,day1
2025-06-01 08:55:00,2314.1412,2865.8562,summer,day1
2025-06-01 09:00:00,2255.1216,2877.0474,summer,day1
2025-06-01 09:05:00,2313.3948,2879.1387,summer,day1
2025-06-01 09:10:00,2415.1488,2891.4697,summer,day1
2025-06-01 09:15:00,2218.5576,2908.1665,summer,day1
2025-06-01 09:20:00,2022.6299999999999,2931.0747,summer,day1
2025-06-01 09:25:00,2324.4804,2934.6057,summer,day1
2025-06-01 09:30:00,2429.7347999999997,2964.5127,summer,day1
2025-06-01 09:35:00,2425.4712,2979.609,summer,day1
2025-06-01 09:40:00,2634.6984,3009.8872,summer,day1
2025-06-01 09:45:00,2589.936,3012.5784,summer,day1
2025-06-01 09:50:00,2985.9504,3012.2686,summer,day1
2025-06-01 09:55:00,3118.7580000000003,3006.0688,summer,day1
2025-06-01 10:00:00,3145.3296,3008.3916,summer,day1
2025-06-01 10:05:00,3000.0155999999997,2998.1958,summer,day1
2025-06-01 10:10:00,3243.4548000000004,2984.8984,summer,day1
2025-06-01 10:15:00,3048.8723999999997,2992.7122,summer,day1
2025-06-01 10:20:00,3718.5312,2982.891,summer,day1
2025-06-01 10:25:00,5525.8536,2988.2734,summer,day1
2025-06-01 10:30:00,5728.9068,2986.3445,summer,day1
2025-06-01 10:35:00,4920.803999999999,2971.6492,summer,day1
2025-06-01 10:40:00,4729.0068,2957.8938,summer,day1
2025-06-01 10:45:00,3853.2576,2966.427,summer,day1
2025-06-01 10:50:00,2675.8728,2960.6907,summer,day1
2025-06-01 10:55:00,2582.5896,2974.8967,summer,day1
2025-06-01 11:00:00,2453.0532,2981.532,summer,day1
2025-06-01 11:05:00,2372.7012,2989.8125,summer,day1
2025-06-01 11:10:00,2824.2048,2982.963,summer,day1
2025-06-01 11:15:00,2350.6644,3053.8237,summer,day1
2025-06-01 11:20:00,2357.4336,3070.1619,summer,day1
2025-06-01 11:25:00,2379.8388,3081.406,summer,day1
2025-06-01 11:30:00,2499.0504,3072.1235,summer,day1
2025-06-01 11:35:00,2567.2272000000003,3133.668,summer,day1
2025-06-01 11:40:00,2478.8772,3156.3796,summer,day1
2025-06-01 11:45:00,2295.3540000000003,3131.711,summer,day1
2025-06-01 11:50:00,3115.3415999999997,3121.225,summer,day1
2025-06-01 11:55:00,3889.0332000000003,3140.6387,summer,day1
2025-06-01 12:00:00,3719.8884,3107.7588,summer,day1
2025-06-01 12:05:00,3485.3304000000003,3132.7502,summer,day1
2025-06-01 12:10:00,2500.02,3125.1157,summer,day1
2025-06-01 12:15:00,2617.29,3130.8906,summer,day1
2025-06-01 12:20:00,2718.5292,3137.8743,summer,day1
2025-06-01 12:25:00,2607.4476,3149.0244,summer,day1
2025-06-01 12:30:00,2617.8552,3172.7415,summer,day1
2025-06-01 12:35:00,2815.4244,3199.5283,summer,day1
2025-06-01 12:40:00,4412.1384,3211.9092,summer,day1
2025-06-01 12:45:00,2853.0396,3241.6794,summer,day1
2025-06-01 12:50:00,2855.496,3226.9626,summer,day1
2025-06-01 12:55:00,2674.8887999999997,3243.9822,summer,day1
2025-06-01 13:00:00,2721.9348,3250.7793,summer,day1
2025-06-01 13:05:00,2948.1132,3222.8975,summer,day1
2025-06-01 13:10:00,2809.6452,3186.4192,summer,day1
2025-06-01 13:15:00,2726.0027999999998,3202.4023,summer,day1
2025-06-01 13:20:00,2850.1968,3241.341,summer,day1
2025-06-01 13:25:00,3645.504,3258.7578,summer,day1
2025-06-01 13:30:00,2543.5356,3257.3892,summer,day1
2025-06-01 13:35:00,2949.6636000000003,3260.556,summer,day1
2025-06-01 13:40:00,2862.3936000000003,3255.5754,summer,day1
2025-06-01 13:45:00,3786.2771999999995,3267.8982,summer,day1
2025-06-01 13:50:00,3468.108,3254.4995,summer,day1
2025-06-01 13:55:00,2655.426,3243.4204,summer,day1
2025-06-01 14:00:00,2680.296,3249.5352,summer,day1
2025-06-01 14:05:00,2841.2519999999995,3254.4336,summer,day1
2025-06-01 14:10:00,2700.8604,3260.3518,summer,day1
2025-06-01 14:15:00,2827.1531999999997,3257.3374,summer,day1
2025-06-01 14:20:00,2387.9148,3260.2688,summer,day1
2025-06-01 14:25:00,2899.1928,3261.684,summer,day1
2025-06-01 14:30:00,2663.7648,3253.594,summer,day1
2025-06-01 14:35:00,2387.2248,3254.4707,summer,day1
2025-06-01 14:40:00,4273.9836000000005,3249.3552,summer,day1
2025-06-01 14:45:00,2890.9271999999996,3250.9758,summer,day1
2025-06-01 14:50:00,2668.7364000000002,3242.5315,summer,day1
2025-06-01 14:55:00,3903.7128,3257.4058,summer,day1
2025-06-01 15:00:00,2540.7792,3253.431,summer,day1
2025-06-01 15:05:00,2755.254,3258.9387,summer,day1
2025-06-01 15:10:00,2635.0212,3280.4155,summer,day1
2025-06-01 15:15:00,2438.8092,3270.7556,summer,day1
2025-06-01 15:20:00,2891.064,3282.9287,summer,day1
2025-06-01 15:25:00,3213.5328,3282.8013,summer,day1
2025-06-01 15:30:00,3069.1188,3266.8098,summer,day1
2025-06-01 15:35:00,2916.8148,3271.8367,summer,day1
2025-06-01 15:40:00,2681.3484,3263.9463,summer,day1
2025-06-01 15:45:00,2591.9196,3263.8533,summer,day1
2025-06-01 15:50:00,2534.0412,3260.9436,summer,day1
2025-06-01 15:55:00,2495.9292,3241.4182,summer,day1
2025-06-01 16:00:00,2491.0932000000003,3231.8586,summer,day1
2025-06-01 16:05:00,2664.2856,3246.0278,summer,day1
2025-06-01 16:10:00,2811.6516,3237.3037,summer,day1
2025-06-01 16:15:00,3117.8592,3251.6353,summer,day1
2025-06-01 16:20:00,4169.6952,3254.5322,summer,day1
2025-06-01 16:25:00,2414.3124,3226.9883,summer,day1
2025-06-01 16:30:00,2393.514,3258.3364,summer,day1
2025-06-01 16:35:00,2857.5096000000003,3258.4824,summer,day1
2025-06-01 16:40:00,4026.078,3263.483,summer,day1
2025-06-01 16:45:00,2541.4656000000004,3268.1982,summer,day1
2025-06-01 16:50:00,2174.7504,3275.5295,summer,day1
2025-06-01 16:55:00,2387.6387999999997,3276.679,summer,day1
2025-06-01 17:00:00,2397.7716,3291.2776,summer,day1
2025-06-01 17:05:00,2432.6843999999996,3311.8643,summer,day1
2025-06-01 17:10:00,2457.018,3255.0889,summer,day1
2025-06-01 17:15:00,2702.7419999999997,3280.858,summer,day1
2025-06-01 17:20:00,4379.1444,3252.4326,summer,day1
2025-06-01 17:25:00,3323.6051999999995,3250.546,summer,day1
2025-06-01 17:30:00,2690.2488,3248.562,summer,day1
2025-06-01 17:35:00,2122.3416,3264.6553,summer,day1
2025-06-01 17:40:00,2711.0268,3258.2146,summer,day1
2025-06-01 17:45:00,2545.4892,3260.629,summer,day1
2025-06-01 17:50:00,2521.1124,3274.961,summer,day1
2025-06-01 17:55:00,2543.04,3278.6711,summer,day1
2025-06-01 18:00:00,2570.8884000000003,3272.9526,summer,day1
2025-06-01 18:05:00,2498.3952,3279.8818,summer,day1
2025-06-01 18:10:00,2600.8848,3282.2598,summer,day1
2025-06-01 18:15:00,2658.8952,3281.3152,summer,day1
2025-06-01 18:20:00,2163.9036,3252.8362,summer,day1
2025-06-01 18:25:00,2102.6904,3263.4707,summer,day1
2025-06-01 18:30:00,2507.7168,3281.3064,summer,day1
2025-06-01 18:35:00,3421.4592000000002,3276.5908,summer,day1
2025-06-01 18:40:00,2807.2884,3252.7598,summer,day1
2025-06-01 18:45:00,2499.4464,3238.8958,summer,day1
2025-06-01 18:50:00,2503.9452,3212.0417,summer,day1
2025-06-01 18:55:00,2464.7424,3199.2935,summer,day1
2025-06-01 19:00:00,2600.79,3164.3672,summer,day1
2025-06-01 19:05:00,3695.5464,3181.7332,summer,day1
2025-06-01 19:10:00,2330.4816,3183.4604,summer,day1
2025-06-01 19:15:00,4419.794400000001,3186.2961,summer,day1
2025-06-01 19:20:00,3815.7084000000004,3191.6091,summer,day1
2025-06-01 19:25:00,2421.7824,3182.2253,summer,day1
2025-06-01 19:30:00,2543.9724,3191.6104,summer,day1
2025-06-01 19:35:00,2655.9828,3195.0718,summer,day1
2025-06-01 19:40:00,2640.4056,3194.7686,summer,day1
2025-06-01 19:45:00,2566.278,3195.6245,summer,day1
2025-06-01 19:50:00,3982.7364000000002,3199.2358,summer,day1
2025-06-01 19:55:00,2547.8172,3203.9355,summer,day1
2025-06-01 20:00:00,2575.1304,3207.1711,summer,day1
2025-06-01 20:05:00,2425.5816,3199.024,summer,day1
2025-06-01 20:10:00,2405.0676,3206.8098,summer,day1
2025-06-01 20:15:00,2391.6888,3210.9346,summer,day1
2025-06-01 20:20:00,2529.078,3199.2732,summer,day1
2025-06-01 20:25:00,2718.7656,3196.956,summer,day1
2025-06-01 20:30:00,2516.5908,3182.3745,summer,day1
2025-06-01 20:35:00,2565.996,3158.2952,summer,day1
2025-06-01 20:40:00,2844.4092,3160.1965,summer,day1
2025-06-01 20:45:00,2795.7275999999997,3159.6577,summer,day1
2025-06-01 20:50:00,3136.416,3136.2021,summer,day1
2025-06-01 20:55:00,2801.3436,3141.6296,summer,day1
2025-06-01 21:00:00,3487.9380000000006,3158.9492,summer,day1
2025-06-01 21:05:00,5444.5428,3167.9272,summer,day1
2025-06-01 21:10:00,2689.6331999999998,3172.5496,summer,day1
2025-06-01 21:15:00,2623.1232,3174.5107,summer,day1
2025-06-01 21:20:00,2600.0004,3158.4722,summer,day1
2025-06-01 21:25:00,2670.3216,3168.3462,summer,day1
2025-06-01 21:30:00,2692.434,3161.8438,summer,day1
2025-06-01 21:35:00,2714.4372,3169.802,summer,day1
2025-06-01 21:40:00,2700.2760000000003,3163.92,summer,day1
2025-06-01 21:45:00,3052.0656,3160.973,summer,day1
2025-06-01 21:50:00,3078.2484,3161.2292,summer,day1
2025-06-01 21:55:00,3035.1684,3162.952,summer,day1
2025-06-01 22:00:00,2783.4648,3160.9917,summer,day1
2025-06-01 22:05:00,2785.8815999999997,3154.5752,summer,day1
2025-06-01 22:10:00,4259.868,3161.0422,summer,day1
2025-06-01 22:15:00,2610.0072,3131.0083,summer,day1
2025-06-01 22:20:00,2425.2203999999997,3159.342,summer,day1
2025-06-01 22:25:00,2425.6223999999997,3166.4426,summer,day1
2025-06-01 22:30:00,2810.292,3162.2852,summer,day1
2025-06-01 22:35:00,2570.988,3114.9617,summer,day1
2025-06-01 22:40:00,2472.0468,3083.3591,summer,day1
2025-06-01 22:45:00,2311.9932,3119.5383,summer,day1
2025-06-01 22:50:00,2304.8507999999997,3075.9114,summer,day1
2025-06-01 22:55:00,2339.7288,3086.2883,summer,day1
2025-06-01 23:00:00,2386.2048,3076.476,summer,day1
2025-06-01 23:05:00,2396.2596000000003,3078.8015,summer,day1
2025-06-01 23:10:00,2407.5312,3116.4395,summer,day1
2025-06-01 23:15:00,2741.9652,3139.0984,summer,day1
2025-06-01 23:20:00,2382.4175999999998,3130.0632,summer,day1
2025-06-01 23:25:00,3181.968,3127.5027,summer,day1
2025-06-01 23:30:00,3738.246,3130.6392,summer,day1
2025-06-01 23:35:00,2528.7792,3123.401,summer,day1
2025-06-01 23:40:00,2630.2608,3107.709,summer,day1
2025-06-01 23:45:00,2449.3128,3099.5112,summer,day1
2025-06-01 23:50:00,2401.1412,3124.2747,summer,day1
2025-06-01 23:55:00,2395.2372,3147.9385,summer,day1
2025-06-24 00:00:00,2356.5696,2384.8667,summer,day2
2025-06-24 00:05:00,2411.358,2402.9492,summer,day2
2025-06-24 00:10:00,2821.9272,2410.9531,summer,day2
2025-06-24 00:15:00,2831.8404,2419.9463,summer,day2
2025-06-24 00:20:00,2597.4588,2431.399,summer,day2
2025-06-24 00:25:00,2563.5384000000004,2436.3542,summer,day2
2025-06-24 00:30:00,3407.8908,2443.73,summer,day2
2025-06-24 00:35:00,2765.4792,2458.123,summer,day2
2025-06-24 00:40:00,2452.8432000000003,2470.8638,summer,day2
2025-06-24 00:45:00,2434.3848000000003,2475.9663,summer,day2
2025-06-24 00:50:00,2451.7644,2486.937,summer,day2
2025-06-24 00:55:00,2130.21,2490.2434,summer,day2
2025-06-24 01:00:00,2233.194,2502.1958,summer,day2
2025-06-24 01:05:00,3605.7839999999997,2511.984,summer,day2
2025-06-24 01:10:00,2808.7475999999997,2518.8843,summer,day2
2025-06-24 01:15:00,2943.5292,2538.52,summer,day2
2025-06-24 01:20:00,2578.9368,2552.8218,summer,day2
2025-06-24 01:25:00,2534.5584,2555.1143,summer,day2
2025-06-24 01:30:00,2113.9812,2559.9624,summer,day2
2025-06-24 01:35:00,2514.7836,2565.0972,summer,day2
2025-06-24 01:40:00,2447.6808,2564.795,summer,day2
2025-06-24 01:45:00,2441.1288,2564.907,summer,day2
2025-06-24 01:50:00,2577.3671999999997,2570.1367,summer,day2
2025-06-24 01:55:00,2676.3347999999996,2582.316,summer,day2
2025-06-24 02:00:00,2500.8156000000004,2582.071,summer,day2
2025-06-24 02:05:00,2388.3792000000003,2587.623,summer,day2
2025-06-24 02:10:00,2485.8072,2588.3184,summer,day2
2025-06-24 02:15:00,2500.4004,2577.8286,summer,day2
2025-06-24 02:20:00,2470.71,2576.1746,summer,day2
2025-06-24 02:25:00,3962.8644,2570.1157,summer,day2
2025-06-24 02:30:00,2498.4768,2563.7876,summer,day2
2025-06-24 02:35:00,2558.0376,2557.9597,summer,day2
2025-06-24 02:40:00,2158.6176,2558.5767,summer,day2
2025-06-24 02:45:00,2369.4336,2556.916,summer,day2
2025-06-24 02:50:00,2774.3916,2543.4937,summer,day2
2025-06-24 02:55:00,2358.1403999999998,2535.8464,summer,day2
2025-06-24 03:00:00,2350.6272,2525.0469,summer,day2
2025-06-24 03:05:00,2805.0072,2525.4307,summer,day2
2025-06-24 03:10:00,2867.67,2517.8337,summer,day2
2025-06-24 03:15:00,2564.4936000000002,2513.7202,summer,day2
2025-06-24 03:20:00,2998.6512,2509.0078,summer,day2
2025-06-24 03:25:00,2742.8676,2508.105,summer,day2
2025-06-24 03:30:00,2620.1232,2510.129,summer,day2
2025-06-24 03:35:00,2824.1856,2505.6772,summer,day2
2025-06-24 03:40:00,2424.4332000000004,2504.816,summer,day2
2025-06-24 03:45:00,3818.7059999999997,2500.0566,summer,day2
2025-06-24 03:50:00,1940.8883999999998,2505.5674,summer,day2
2025-06-24 03:55:00,2519.2560000000003,2505.0137,summer,day2
2025-06-24 04:00:00,2640.1248,2503.439,summer,day2
2025-06-24 04:05:00,2472.1752,2501.898,summer,day2
2025-06-24 04:10:00,2479.2708,2499.5435,summer,day2
2025-06-24 04:15:00,2458.1256000000003,2486.4233,summer,day2
2025-06-24 04:20:00,2945.9124,2487.1602,summer,day2
2025-06-24 04:25:00,1830.9707999999998,2497.7705,summer,day2
2025-06-24 04:30:00,2352.888,2498.0513,summer,day2
2025-06-24 04:35:00,2333.8559999999998,2497.1475,summer,day2
2025-06-24 04:40:00,2529.5676,2502.7646,summer,day2
2025-06-24 04:45:00,2345.9615999999996,2500.8787,summer,day2
2025-06-24 04:50:00,2276.46,2499.4175,summer,day2
2025-06-24 04:55:00,2291.118,2500.9038,summer,day2
2025-06-24 05:00:00,3367.95,2505.1191,summer,day2
2025-06-24 05:05:00,2908.398,2508.6882,summer,day2
2025-06-24 05:10:00,2540.8356,2516.3408,summer,day2
2025-06-24 05:15:00,2495.7576,2535.2197,summer,day2
2025-06-24 05:20:00,2464.8887999999997,2525.805,summer,day2
2025-06-24 05:25:00,2481.648,2533.6736,summer,day2
2025-06-24 05:30:00,2339.3903999999998,2530.5234,summer,day2
2025-06-24 05:35:00,1834.0224000000003,2545.9531,summer,day2
2025-06-24 05:40:00,2187.312,2554.6543,summer,day2
2025-06-24 05:45:00,2216.6675999999998,2553.541,summer,day2
2025-06-24 05:50:00,2267.7648,2563.4907,summer,day2
2025-06-24 05:55:00,2734.9883999999997,2571.0098,summer,day2
2025-06-24 06:00:00,2195.4792,2613.0923,summer,day2
2025-06-24 06:05:00,2311.0451999999996,2641.5986,summer,day2
2025-06-24 06:10:00,2231.256,2677.2888,summer,day2
2025-06-24 06:15:00,2256.5316,2671.246,summer,day2
2025-06-24 06:20:00,3915.5832,2669.914,summer,day2
2025-06-24 06:25:00,2262.4116000000004,2665.0552,summer,day2
2025-06-24 06:30:00,2237.8740000000003,2659.8704,summer,day2
2025-06-24 06:35:00,2517.7056000000002,2680.7878,summer,day2
2025-06-24 06:40:00,2973.66,2703.3484,summer,day2
2025-06-24 06:45:00,2641.7376,2723.9917,summer,day2
2025-06-24 06:50:00,2818.2924,2726.3413,summer,day2
2025-06-24 06:55:00,3222.3311999999996,2727.181,summer,day2
2025-06-24 07:00:00,3169.374,2720.928,summer,day2
2025-06-24 07:05:00,2716.782,2742.1333,summer,day2
2025-06-24 07:10:00,2466.1644,2777.4048,summer,day2
2025-06-24 07:15:00,2439.5088,2792.9336,summer,day2
2025-06-24 07:20:00,2492.7756,2785.585,summer,day2
2025-06-24 07:25:00,2633.3292,2778.645,summer,day2
2025-06-24 07:30:00,3860.7888,2807.76,summer,day2
2025-06-24 07:35:00,12758.3508,2818.1897,summer,day2
2025-06-24 07:40:00,13033.7784,2812.3413,summer,day2
2025-06-24 07:45:00,10706.01,2805.9224,summer,day2
2025-06-24 07:50:00,4031.3784,2797.039,summer,day2
2025-06-24 07:55:00,4538.0664,2777.2307,summer,day2
2025-06-24 08:00:00,5770.6068,2789.3386,summer,day2
2025-06-24 08:05:00,6086.1528,2783.0437,summer,day2
2025-06-24 08:10:00,4450.2888,2778.6692,summer,day2
2025-06-24 08:15:00,4173.3096,2773.6821,summer,day2
2025-06-24 08:20:00,5067.804,2782.1719,summer,day2
2025-06-24 08:25:00,4492.3512,2803.0325,summer,day2
2025-06-24 08:30:00,4050.0384,2803.033,summer,day2
2025-06-24 08:35:00,5833.9800000000005,2808.3364,summer,day2
2025-06-24 08:40:00,4507.8888,2817.688,summer,day2
2025-06-24 08:45:00,4903.134,2839.0732,summer,day2
2025-06-24 08:50:00,5765.508,2860.6992,summer,day2
2025-06-24 08:55:00,6054.8496,2870.8982,summer,day2
2025-06-24 09:00:00,6162.2616,2880.7783,summer,day2
2025-06-24 09:05:00,4468.8624,2883.4722,summer,day2
2025-06-24 09:10:00,4301.638800000001,2897.515,summer,day2
2025-06-24 09:15:00,5098.83,2915.3313,summer,day2
2025-06-24 09:20:00,5291.5632,2942.974,summer,day2
2025-06-24 09:25:00,4459.9259999999995,2959.1265,summer,day2
2025-06-24 09:30:00,4992.5064,2963.3396,summer,day2
2025-06-24 09:35:00,4522.630800000001,2959.8186,summer,day2
2025-06-24 09:40:00,4221.2748,2935.6694,summer,day2
2025-06-24 09:45:00,3979.6692000000003,2944.9492,summer,day2
2025-06-24 09:50:00,4549.5923999999995,2943.3965,summer,day2
2025-06-24 09:55:00,4840.4256000000005,2949.2405,summer,day2
2025-06-24 10:00:00,5219.3796,2959.2012,summer,day2
2025-06-24 10:05:00,5934.624,2953.6667,summer,day2
2025-06-24 10:10:00,4991.5212,2950.3127,summer,day2
2025-06-24 10:15:00,6135.784799999999,2955.9902,summer,day2
2025-06-24 10:20:00,7249.9547999999995,2957.7363,summer,day2
2025-06-24 10:25:00,6449.8332,2964.2544,summer,day2
2025-06-24 10:30:00,5611.7064,2972.579,summer,day2
2025-06-24 10:35:00,5147.0172,2963.2083,summer,day2
2025-06-24 10:40:00,6022.651199999999,2945.7988,summer,day2
2025-06-24 10:45:00,2209.1148000000003,2958.024,summer,day2
2025-06-24 10:50:00,0.0,2956.0264,summer,day2
2025-06-24 10:55:00,0.0,2968.4858,summer,day2
2025-06-24 11:00:00,0.0,2974.5105,summer,day2
2025-06-24 11:05:00,0.0,2978.8027,summer,day2
2025-06-24 11:10:00,0.0,2979.2686,summer,day2
2025-06-24 11:15:00,0.0,3012.045,summer,day2
2025-06-24 11:20:00,0.0,3062.6394,summer,day2
2025-06-24 11:25:00,10374.148799999999,3069.4285,summer,day2
2025-06-24 11:30:00,8077.9836,3051.1284,summer,day2
2025-06-24 11:35:00,8140.6032000000005,3131.7314,summer,day2
2025-06-24 11:40:00,5274.2544,3119.5361,summer,day2
2025-06-24 11:45:00,4511.8464,3067.418,summer,day2
2025-06-24 11:50:00,4432.8192,3065.8875,summer,day2
2025-06-24 11:55:00,4059.4175999999998,3092.38,summer,day2
2025-06-24 12:00:00,4351.0296,3105.7983,summer,day2
2025-06-24 12:05:00,4626.9876,3117.961,summer,day2
2025-06-24 12:10:00,4543.6848,3142.1091,summer,day2
2025-06-24 12:15:00,4715.955599999999,3149.9834,summer,day2
2025-06-24 12:20:00,5139.732,3162.506,summer,day2
2025-06-24 12:25:00,4729.7076,3184.636,summer,day2
2025-06-24 12:30:00,4742.9388,3170.7988,summer,day2
2025-06-24 12:35:00,4532.0748,3160.2114,summer,day2
2025-06-24 12:40:00,4787.046,3204.0256,summer,day2
2025-06-24 12:45:00,6061.9944000000005,3165.068,summer,day2
2025-06-24 12:50:00,4309.6464,3157.0178,summer,day2
2025-06-24 12:55:00,4927.7688,3201.8687,summer,day2
2025-06-24 13:00:00,4759.4136,3198.9646,summer,day2
2025-06-24 13:05:00,4881.195600000001,3180.5723,summer,day2
2025-06-24 13:10:00,5205.7608,3164.1702,summer,day2
2025-06-24 13:15:00,4842.1584,3160.009,summer,day2
2025-06-24 13:20:00,4565.3916,3181.4463,summer,day2
2025-06-24 13:25:00,4868.202,3191.9917,summer,day2
2025-06-24 13:30:00,5420.0676,3205.141,summer,day2
2025-06-24 13:35:00,4323.3936,3215.4949,summer,day2
2025-06-24 13:40:00,5516.91,3231.6692,summer,day2
2025-06-24 13:45:00,3799.548,3255.105,summer,day2
2025-06-24 13:50:00,4270.5972,3227.431,summer,day2
2025-06-24 13:55:00,4795.6308,3205.7798,summer,day2
2025-06-24 14:00:00,6366.4368,3171.2046,summer,day2
2025-06-24 14:05:00,4284.882,3169.0757,summer,day2
2025-06-24 14:10:00,3199.1567999999997,3176.548,summer,day2
2025-06-24 14:15:00,3085.3104,3176.6196,summer,day2
2025-06-24 14:20:00,3536.8404,3176.7512,summer,day2
2025-06-24 14:25:00,3320.964,3179.4768,summer,day2
2025-06-24 14:30:00,3471.9648,3183.2087,summer,day2
2025-06-24 14:35:00,3321.666,3194.3562,summer,day2
2025-06-24 14:40:00,3339.8076,3197.8813,summer,day2
2025-06-24 14:45:00,3742.1616000000004,3210.2546,summer,day2
2025-06-24 14:50:00,3813.8124,3220.343,summer,day2
2025-06-24 14:55:00,3377.4335999999994,3224.1174,summer,day2
2025-06-24 15:00:00,3785.9628,3228.938,summer,day2
2025-06-24 15:05:00,3971.3556,3225.8962,summer,day2
2025-06-24 15:10:00,3921.0804,3236.6838,summer,day2
2025-06-24 15:15:00,3370.3032,3232.1838,summer,day2
2025-06-24 15:20:00,4189.9344,3234.4907,summer,day2
2025-06-24 15:25:00,2810.4336,3241.9417,summer,day2
2025-06-24 15:30:00,3074.682,3246.7583,summer,day2
2025-06-24 15:35:00,2481.8448,3261.75,summer,day2
2025-06-24 15:40:00,3805.3296,3263.2478,summer,day2
2025-06-24 15:45:00,3129.2508000000003,3260.191,summer,day2
2025-06-24 15:50:00,2580.4908,3257.3748,summer,day2
2025-06-24 15:55:00,2946.5568,3265.4807,summer,day2
2025-06-24 16:00:00,3111.4716,3257.7188,summer,day2
2025-06-24 16:05:00,3135.0924,3274.5012,summer,day2
2025-06-24 16:10:00,2783.4528,3268.4565,summer,day2
2025-06-24 16:15:00,3239.4624,3271.1555,summer,day2
2025-06-24 16:20:00,3294.3407999999995,3281.2207,summer,day2
2025-06-24 16:25:00,4283.1324,3257.5212,summer,day2
2025-06-24 16:30:00,2500.4712,3255.4336,summer,day2
2025-06-24 16:35:00,3620.7479999999996,3277.7246,summer,day2
2025-06-24 16:40:00,3150.3084,3274.4612,summer,day2
2025-06-24 16:45:00,2960.8824,3273.7979,summer,day2
2025-06-24 16:50:00,2897.2116,3238.6868,summer,day2
2025-06-24 16:55:00,2918.454,3247.3977,summer,day2
2025-06-24 17:00:00,4798.6584,3290.924,summer,day2
2025-06-24 17:05:00,2999.7792,3307.76,summer,day2
2025-06-24 17:10:00,2923.0044,3292.8162,summer,day2
2025-06-24 17:15:00,2641.3896,3229.6282,summer,day2
2025-06-24 17:20:00,2671.7760000000003,3226.1167,summer,day2
2025-06-24 17:25:00,2650.9716,3233.5337,summer,day2
2025-06-24 17:30:00,2825.0496,3255.7273,summer,day2
2025-06-24 17:35:00,2896.6572,3262.9932,summer,day2
2025-06-24 17:40:00,3510.9528,3254.8677,summer,day2
2025-06-24 17:45:00,4574.4612,3239.7842,summer,day2
2025-06-24 17:50:00,2827.3464,3251.3726,summer,day2
2025-06-24 17:55:00,3183.7536,3256.795,summer,day2
2025-06-24 18:00:00,6137.4144,3247.175,summer,day2
2025-06-24 18:05:00,13028.5596,3251.6519,summer,day2
2025-06-24 18:10:00,12003.9588,3280.5706,summer,day2
2025-06-24 18:15:00,4283.983200000001,3254.494,summer,day2
2025-06-24 18:20:00,3900.2591999999995,3209.858,summer,day2
2025-06-24 18:25:00,3571.0476000000003,3220.6226,summer,day2
2025-06-24 18:30:00,4422.8664,3234.7026,summer,day2
2025-06-24 18:35:00,4603.4748,3254.7717,summer,day2
2025-06-24 18:40:00,3922.4208,3270.7593,summer,day2
2025-06-24 18:45:00,5402.8668,3259.1484,summer,day2
2025-06-24 18:50:00,4105.824,3224.1326,summer,day2
2025-06-24 18:55:00,6040.26,3215.9502,summer,day2
2025-06-24 19:00:00,6760.8516,3216.0789,summer,day2
2025-06-24 19:05:00,4314.4788,3234.1992,summer,day2
2025-06-24 19:10:00,3982.2588000000005,3223.6758,summer,day2
2025-06-24 19:15:00,5452.4472000000005,3220.526,summer,day2
2025-06-24 19:20:00,3731.5775999999996,3218.8352,summer,day2
2025-06-24 19:25:00,2943.654,3202.5247,summer,day2
2025-06-24 19:30:00,3148.674,3210.998,summer,day2
2025-06-24 19:35:00,2842.8444,3223.6099,summer,day2
2025-06-24 19:40:00,4424.7624,3224.6172,summer,day2
2025-06-24 19:45:00,2855.5667999999996,3219.6936,summer,day2
2025-06-24 19:50:00,2756.3256,3231.6055,summer,day2
2025-06-24 19:55:00,2818.3848000000003,3224.274,summer,day2
2025-06-24 20:00:00,3068.9736000000003,3218.199,summer,day2
2025-06-24 20:05:00,4017.7236,3204.297,summer,day2
2025-06-24 20:10:00,3180.042,3194.9443,summer,day2
2025-06-24 20:15:00,2247.564,3190.059,summer,day2
2025-06-24 20:20:00,2287.1531999999997,3175.9414,summer,day2
2025-06-24 20:25:00,2420.6387999999997,3164.5796,summer,day2
2025-06-24 20:30:00,4464.534,3150.5942,summer,day2
2025-06-24 20:35:00,3274.3548,3134.5244,summer,day2
2025-06-24 20:40:00,1980.7788,3128.943,summer,day2
2025-06-24 20:45:00,2157.738,3124.2197,summer,day2
2025-06-24 20:50:00,2306.8032,3130.6575,summer,day2
2025-06-24 20:55:00,2534.0748,3152.4302,summer,day2
2025-06-24 21:00:00,2524.3692,3173.4612,summer,day2
2025-06-24 21:05:00,2142.9612,3179.94,summer,day2
2025-06-24 21:10:00,2104.218,3176.078,summer,day2
2025-06-24 21:15:00,3007.1592,3179.4375,summer,day2
2025-06-24 21:20:00,2693.538,3170.0242,summer,day2
2025-06-24 21:25:00,2847.2256,3179.657,summer,day2
2025-06-24 21:30:00,2899.1220000000003,3173.3635,summer,day2
2025-06-24 21:35:00,2790.2484,3177.9585,summer,day2
2025-06-24 21:40:00,2656.9428,3143.9175,summer,day2
2025-06-24 21:45:00,2621.6328000000003,3154.0154,summer,day2
2025-06-24 21:50:00,2624.322,3166.3855,summer,day2
2025-06-24 21:55:00,2582.082,3144.9272,summer,day2
2025-06-24 22:00:00,2492.7912,3147.8066,summer,day2
2025-06-24 22:05:00,2343.1403999999998,3099.0034,summer,day2
2025-06-24 22:10:00,2291.2308000000003,3098.0576,summer,day2
2025-06-24 22:15:00,2364.4236,3124.647,summer,day2
2025-06-24 22:20:00,2391.6059999999998,3143.5046,summer,day2
2025-06-24 22:25:00,2501.1684,3087.9768,summer,day2
2025-06-24 22:30:00,2982.7956,3077.4927,summer,day2
2025-06-24 22:35:00,2872.9128,3107.3643,summer,day2
2025-06-24 22:40:00,2819.4684,3067.4585,summer,day2
2025-06-24 22:45:00,2847.5784,3070.3286,summer,day2
2025-06-24 22:50:00,2850.1812,3060.5195,summer,day2
2025-06-24 22:55:00,2677.2192,3087.629,summer,day2
2025-06-24 23:00:00,2564.2596,3071.8718,summer,day2
2025-06-24 23:05:00,2354.1588,3087.0515,summer,day2
2025-06-24 23:10:00,2379.594,3107.3462,summer,day2
2025-06-24 23:15:00,2559.54,3085.492,summer,day2
2025-06-24 23:20:00,2436.492,3044.2832,summer,day2
2025-06-24 23:25:00,2404.9175999999998,3063.1958,summer,day2
2025-06-24 23:30:00,2388.7176,3098.263,summer,day2
2025-06-24 23:35:00,2431.6716,3060.6318,summer,day2
2025-06-24 23:40:00,2481.1356,3031.2622,summer,day2
2025-06-24 23:45:00,2668.3704,3028.2212,summer,day2
2025-06-24 23:50:00,2523.8172000000004,3025.5051,summer,day2
2025-06-24 23:55:00,2377.2336,3031.5723,summer,day2
2025-07-17 00:00:00,5246.0484,5559.073,summer,day3
2025-07-17 00:05:00,5356.5491999999995,5513.5425,summer,day3
2025-07-17 00:10:00,5203.0692,5516.963,summer,day3
2025-07-17 00:15:00,5114.8428,5468.5527,summer,day3
2025-07-17 00:20:00,5111.4,5426.953,summer,day3
2025-07-17 00:25:00,4177.302000000001,5376.3027,summer,day3
2025-07-17 00:30:00,3789.2208,5332.1807,summer,day3
2025-07-17 00:35:00,3766.1652000000004,5286.743,summer,day3
2025-07-17 00:40:00,3981.3,5230.329,summer,day3
2025-07-17 00:45:00,3932.2392,5165.173,summer,day3
2025-07-17 00:50:00,4200.8148,5138.563,summer,day3
2025-07-17 00:55:00,3925.5864,5095.799,summer,day3
2025-07-17 01:00:00,4000.392,5049.6445,summer,day3
2025-07-17 01:05:00,3869.9772000000003,5010.698,summer,day3
2025-07-17 01:10:00,3786.9983999999995,4971.241,summer,day3
2025-07-17 01:15:00,3910.2767999999996,4959.996,summer,day3
2025-07-17 01:20:00,3882.3659999999995,4893.9707,summer,day3
2025-07-17 01:25:00,3814.8792000000003,4849.953,summer,day3
2025-07-17 01:30:00,3929.1024000000007,4810.523,summer,day3
2025-07-17 01:35:00,3919.0188000000003,4779.584,summer,day3
2025-07-17 01:40:00,4097.3076,4736.6914,summer,day3
2025-07-17 01:45:00,4060.0032,4687.3906,summer,day3
2025-07-17 01:50:00,4196.1264,4647.037,summer,day3
2025-07-17 01:55:00,4211.3124,4606.618,summer,day3
2025-07-17 02:00:00,3966.1452,4555.1553,summer,day3
2025-07-17 02:05:00,3856.932,4539.643,summer,day3
2025-07-17 02:10:00,3851.5968000000003,4505.409,summer,day3
2025-07-17 02:15:00,2869.5348,4470.029,summer,day3
2025-07-17 02:20:00,2371.6428,4451.2676,summer,day3
2025-07-17 02:25:00,2450.4708,4430.543,summer,day3
2025-07-17 02:30:00,2315.2763999999997,4409.73,summer,day3
2025-07-17 02:35:00,2376.9648,4383.711,summer,day3
2025-07-17 02:40:00,2425.7136,4339.394,summer,day3
2025-07-17 02:45:00,2429.9352,4315.3364,summer,day3
2025-07-17 02:50:00,2390.3856,4290.553,summer,day3
2025-07-17 02:55:00,2386.8552,4268.9365,summer,day3
2025-07-17 03:00:00,2431.0488,4244.0625,summer,day3
2025-07-17 03:05:00,2698.674,4227.694,summer,day3
2025-07-17 03:10:00,2730.6624,4209.7886,summer,day3
2025-07-17 03:15:00,2747.6892,4201.3765,summer,day3
2025-07-17 03:20:00,2523.4991999999997,4178.7236,summer,day3
2025-07-17 03:25:00,2460.6456,4161.1377,summer,day3
2025-07-17 03:30:00,2440.014,4162.502,summer,day3
2025-07-17 03:35:00,2432.5992,4142.8745,summer,day3
2025-07-17 03:40:00,2599.3776,4134.412,summer,day3
2025-07-17 03:45:00,2705.4552,4112.011,summer,day3
2025-07-17 03:50:00,2623.6236,4095.08,summer,day3
2025-07-17 03:55:00,2478.0384000000004,4069.9656,summer,day3
2025-07-17 04:00:00,2335.9368000000004,4012.4697,summer,day3
2025-07-17 04:05:00,2251.9632,3995.73,summer,day3
2025-07-17 04:10:00,2529.6984,3973.8389,summer,day3
2025-07-17 04:15:00,2788.8228,3973.623,summer,day3
2025-07-17 04:20:00,2851.6332,3956.4219,summer,day3
2025-07-17 04:25:00,2461.8024,3961.7979,summer,day3
2025-07-17 04:30:00,2586.2183999999997,3947.7505,summer,day3
2025-07-17 04:35:00,2548.9356,3927.9927,summer,day3
2025-07-17 04:40:00,2482.7676,3908.7554,summer,day3
2025-07-17 04:45:00,2635.4016,3893.325,summer,day3
2025-07-17 04:50:00,2669.6448,3886.0781,summer,day3
2025-07-17 04:55:00,2490.3444,3876.9585,summer,day3
2025-07-17 05:00:00,2453.6315999999997,3855.7188,summer,day3
2025-07-17 05:05:00,2496.9624,3852.6738,summer,day3
2025-07-17 05:10:00,2487.0912,3854.567,summer,day3
2025-07-17 05:15:00,2354.1288,3848.6118,summer,day3
2025-07-17 05:20:00,2367.9612,3852.6902,summer,day3
2025-07-17 05:25:00,2027.0747999999999,3865.1838,summer,day3
2025-07-17 05:30:00,2033.0387999999998,3865.4456,summer,day3
2025-07-17 05:35:00,2132.3436,3835.992,summer,day3
2025-07-17 05:40:00,2186.538,3817.1838,summer,day3
2025-07-17 05:45:00,2277.5208,3845.8806,summer,day3
2025-07-17 05:50:00,2383.4532,3833.9736,summer,day3
2025-07-17 05:55:00,2263.3512,3772.394,summer,day3
2025-07-17 06:00:00,2142.2964,3751.2356,summer,day3
2025-07-17 06:05:00,2132.5476,3740.637,summer,day3
2025-07-17 06:10:00,2150.2956,3730.7795,summer,day3
2025-07-17 06:15:00,2239.2588,3740.3093,summer,day3
2025-07-17 06:20:00,2391.6612,3726.484,summer,day3
2025-07-17 06:25:00,2539.6872000000003,3721.152,summer,day3
2025-07-17 06:30:00,2463.282,3707.6985,summer,day3
2025-07-17 06:35:00,2265.4955999999997,3702.1338,summer,day3
2025-07-17 06:40:00,2153.3052,3657.6375,summer,day3
2025-07-17 06:45:00,2090.0616,3669.5344,summer,day3
2025-07-17 06:50:00,2232.0252,3659.2334,summer,day3
2025-07-17 06:55:00,2288.1564,3668.107,summer,day3
2025-07-17 07:00:00,2431.6992,3667.8257,summer,day3
2025-07-17 07:05:00,2459.5032,3635.104,summer,day3
2025-07-17 07:10:00,2412.8052,3616.1702,summer,day3
2025-07-17 07:15:00,2845.1148000000003,3604.3723,summer,day3
2025-07-17 07:20:00,3148.1328000000003,3590.7898,summer,day3
2025-07-17 07:25:00,3165.2424,3593.2341,summer,day3
2025-07-17 07:30:00,3216.468,3576.2046,summer,day3
2025-07-17 07:35:00,3406.0248,3567.153,summer,day3
2025-07-17 07:40:00,3412.6344,3557.0195,summer,day3
2025-07-17 07:45:00,3796.7232000000004,3567.45,summer,day3
2025-07-17 07:50:00,12464.6484,3581.3376,summer,day3
2025-07-17 07:55:00,11088.114,3548.5857,summer,day3
2025-07-17 08:00:00,6102.2028,3510.4795,summer,day3
2025-07-17 08:05:00,6575.924400000001,3502.159,summer,day3
2025-07-17 08:10:00,6474.072,3507.77,summer,day3
2025-07-17 08:15:00,7917.368400000001,3519.197,summer,day3
2025-07-17 08:20:00,5783.8344,3524.1143,summer,day3
2025-07-17 08:25:00,4748.4828,3547.261,summer,day3
2025-07-17 08:30:00,4604.4228,3502.0476,summer,day3
2025-07-17 08:35:00,4767.498,3469.3154,summer,day3
2025-07-17 08:40:00,4559.272800000001,3422.3574,summer,day3
2025-07-17 08:45:00,4849.681200000001,3410.1628,summer,day3
2025-07-17 08:50:00,5948.52,3418.0864,summer,day3
2025-07-17 08:55:00,6792.8063999999995,3433.9602,summer,day3
2025-07-17 09:00:00,6504.967200000001,3443.9937,summer,day3
2025-07-17 09:05:00,5775.3168000000005,3441.9104,summer,day3
2025-07-17 09:10:00,4880.7108,3455.5718,summer,day3
2025-07-17 09:15:00,5552.7036,3476.4707,summer,day3
2025-07-17 09:20:00,6530.7624000000005,3499.14,summer,day3
2025-07-17 09:25:00,5388.566400000001,3513.3064,summer,day3
2025-07-17 09:30:00,5798.6232,3497.6587,summer,day3
2025-07-17 09:35:00,5717.1276,3499.5662,summer,day3
2025-07-17 09:40:00,5498.9712,3478.2173,summer,day3
2025-07-17 09:45:00,4674.5160000000005,3465.78,summer,day3
2025-07-17 09:50:00,5567.778,3443.8032,summer,day3
2025-07-17 09:55:00,5435.2248,3426.8916,summer,day3
2025-07-17 10:00:00,4890.4344,3444.4795,summer,day3
2025-07-17 10:05:00,4255.0512,3454.0303,summer,day3
2025-07-17 10:10:00,4441.3284,3467.5564,summer,day3
2025-07-17 10:15:00,4890.2976,3489.0676,summer,day3
2025-07-17 10:20:00,4805.6196,3487.7651,summer,day3
2025-07-17 10:25:00,6851.9232,3488.9219,summer,day3
2025-07-17 10:30:00,5099.004,3490.194,summer,day3
2025-07-17 10:35:00,4659.8508,3473.224,summer,day3
2025-07-17 10:40:00,6122.6844,3482.8535,summer,day3
2025-07-17 10:45:00,4203.4800000000005,3493.4324,summer,day3
2025-07-17 10:50:00,4802.1576000000005,3492.2373,summer,day3
2025-07-17 10:55:00,4432.9236,3480.9812,summer,day3
2025-07-17 11:00:00,4953.2532,3499.6785,summer,day3
2025-07-17 11:05:00,5866.8576,3495.2368,summer,day3
2025-07-17 11:10:00,5520.3012,3497.5405,summer,day3
2025-07-17 11:15:00,5037.6252,3530.9368,summer,day3
2025-07-17 11:20:00,4809.15,3481.7576,summer,day3
2025-07-17 11:25:00,5365.188,3464.7622,summer,day3
2025-07-17 11:30:00,4426.3884,3515.1934,summer,day3
2025-07-17 11:35:00,4918.7592,3550.8582,summer,day3
2025-07-17 11:40:00,5263.7256,3482.877,summer,day3
2025-07-17 11:45:00,4268.602800000001,3487.8184,summer,day3
2025-07-17 11:50:00,4858.2036,3481.8,summer,day3
2025-07-17 11:55:00,5438.0904,3496.098,summer,day3
2025-07-17 12:00:00,4499.245199999999,3483.3381,summer,day3
2025-07-17 12:05:00,4930.468800000001,3485.347,summer,day3
2025-07-17 12:10:00,4484.1,3486.931,summer,day3
2025-07-17 12:15:00,5279.354399999999,3491.959,summer,day3
2025-07-17 12:20:00,5635.4208,3495.4824,summer,day3
2025-07-17 12:25:00,7468.26,3490.4663,summer,day3
2025-07-17 12:30:00,5192.6436,3499.3667,summer,day3
2025-07-17 12:35:00,4543.9488,3502.8486,summer,day3
2025-07-17 12:40:00,6092.5008,3496.779,summer,day3
2025-07-17 12:45:00,7782.559200000001,3508.819,summer,day3
2025-07-17 12:50:00,6412.6092,3505.6,summer,day3
2025-07-17 12:55:00,6379.0584,3501.5977,summer,day3
2025-07-17 13:00:00,4599.3876,3504.1494,summer,day3
2025-07-17 13:05:00,4737.0216,3506.3804,summer,day3
2025-07-17 13:10:00,6574.3068,3482.6108,summer,day3
2025-07-17 13:15:00,5047.7232,3506.685,summer,day3
2025-07-17 13:20:00,6563.8068,3500.7449,summer,day3
2025-07-17 13:25:00,7114.498799999999,3470.2866,summer,day3
2025-07-17 13:30:00,5494.794,3432.6824,summer,day3
2025-07-17 13:35:00,4849.7352,3410.4717,summer,day3
2025-07-17 13:40:00,5346.7044000000005,3422.4104,summer,day3
2025-07-17 13:45:00,4955.202,3447.668,summer,day3
2025-07-17 13:50:00,5024.3364,3451.3652,summer,day3
2025-07-17 13:55:00,4966.8852,3449.2183,summer,day3
2025-07-17 14:00:00,4621.818,3432.2212,summer,day3
2025-07-17 14:05:00,5243.9112000000005,3416.4128,summer,day3
2025-07-17 14:10:00,6409.0632,3435.7227,summer,day3
2025-07-17 14:15:00,4819.956,3440.5527,summer,day3
2025-07-17 14:20:00,4747.390799999999,3442.6897,summer,day3
2025-07-17 14:25:00,6238.9308,3442.044,summer,day3
2025-07-17 14:30:00,5582.022,3448.9993,summer,day3
2025-07-17 14:35:00,4787.9088,3451.0874,summer,day3
2025-07-17 14:40:00,4944.138,3438.1272,summer,day3
2025-07-17 14:45:00,5074.722,3425.8938,summer,day3
2025-07-17 14:50:00,5499.2352,3421.3901,summer,day3
2025-07-17 14:55:00,4968.6384,3430.0981,summer,day3
2025-07-17 15:00:00,5770.7616,3449.2197,summer,day3
2025-07-17 15:05:00,5905.2468,3452.341,summer,day3
2025-07-17 15:10:00,5332.9752,3464.3276,summer,day3
2025-07-17 15:15:00,4588.5576,3459.6045,summer,day3
2025-07-17 15:20:00,4382.6664,3462.0142,summer,day3
2025-07-17 15:25:00,4640.8212,3449.9048,summer,day3
2025-07-17 15:30:00,4833.7644,3454.3218,summer,day3
2025-07-17 15:35:00,4735.32,3463.5212,summer,day3
2025-07-17 15:40:00,5593.9956,3460.196,summer,day3
2025-07-17 15:45:00,6699.9204,3465.9077,summer,day3
2025-07-17 15:50:00,5349.530400000001,3469.275,summer,day3
2025-07-17 15:55:00,4272.5472,3465.5564,summer,day3
2025-07-17 16:00:00,5156.5692,3460.8977,summer,day3
2025-07-17 16:05:00,3829.3248,3471.041,summer,day3
2025-07-17 16:10:00,3904.7964,3466.0947,summer,day3
2025-07-17 16:15:00,3894.5555999999997,3441.7524,summer,day3
2025-07-17 16:20:00,3870.8376000000003,3455.2412,summer,day3
2025-07-17 16:25:00,4002.0528,3445.4814,summer,day3
2025-07-17 16:30:00,3569.1551999999997,3442.518,summer,day3
2025-07-17 16:35:00,3827.4168,3430.885,summer,day3
2025-07-17 16:40:00,4213.9656,3380.5354,summer,day3
2025-07-17 16:45:00,3695.3868,3354.8643,summer,day3
2025-07-17 16:50:00,3703.0847999999996,3364.7551,summer,day3
2025-07-17 16:55:00,5570.166,3411.9907,summer,day3
2025-07-17 17:00:00,4633.2624,3413.5237,summer,day3
2025-07-17 17:05:00,6476.478,3350.9246,summer,day3
2025-07-17 17:10:00,5138.442,3318.3347,summer,day3
2025-07-17 17:15:00,5058.0504,3317.6816,summer,day3
2025-07-17 17:20:00,5018.3351999999995,3329.74,summer,day3
2025-07-17 17:25:00,4594.0596000000005,3315.582,summer,day3
2025-07-17 17:30:00,3719.3544,3310.9626,summer,day3
2025-07-17 17:35:00,3734.5440000000003,3328.141,summer,day3
2025-07-17 17:40:00,3975.9672,3326.97,summer,day3
2025-07-17 17:45:00,4450.2204,3310.851,summer,day3
2025-07-17 17:50:00,4235.4132,3292.4075,summer,day3
2025-07-17 17:55:00,3930.0624,3279.5757,summer,day3
2025-07-17 18:00:00,5268.5292,3266.1252,summer,day3
2025-07-17 18:05:00,5162.6532,3268.329,summer,day3
2025-07-17 18:10:00,4423.0344,3266.645,summer,day3
2025-07-17 18:15:00,5258.8056,3283.6829,summer,day3
2025-07-17 18:20:00,4014.7344,3314.6924,summer,day3
2025-07-17 18:25:00,3932.4660000000003,3308.1162,summer,day3
2025-07-17 18:30:00,3727.0728000000004,3267.6538,summer,day3
2025-07-17 18:35:00,3610.1976000000004,3251.7266,summer,day3
2025-07-17 18:40:00,3780.9444000000003,3241.9028,summer,day3
2025-07-17 18:45:00,3828.2172000000005,3242.5754,summer,day3
2025-07-17 18:50:00,3959.0099999999998,3231.182,summer,day3
2025-07-17 18:55:00,4518.9228,3236.7546,summer,day3
2025-07-17 19:00:00,3927.3635999999997,3201.5767,summer,day3
2025-07-17 19:05:00,3844.9199999999996,3198.4255,summer,day3
2025-07-17 19:10:00,4531.116,3186.591,summer,day3
2025-07-17 19:15:00,6519.4812,3186.2832,summer,day3
2025-07-17 19:20:00,5548.7663999999995,3187.3936,summer,day3
2025-07-17 19:25:00,4800.1116,3184.5652,summer,day3
2025-07-17 19:30:00,3718.7748,3181.2925,summer,day3
2025-07-17 19:35:00,4131.6144,3185.1902,summer,day3
2025-07-17 19:40:00,3456.3072,3186.2524,summer,day3
2025-07-17 19:45:00,3640.9728000000005,3181.4648,summer,day3
2025-07-17 19:50:00,3621.3959999999997,3181.7324,summer,day3
2025-07-17 19:55:00,3452.7012000000004,3173.0657,summer,day3
2025-07-17 20:00:00,3340.0343999999996,3164.5242,summer,day3
2025-07-17 20:05:00,3938.4468,3153.3682,summer,day3
2025-07-17 20:10:00,5138.5524,3143.4255,summer,day3
2025-07-17 20:15:00,4519.9536,3141.4587,summer,day3
2025-07-17 20:20:00,3926.7612,3133.3374,summer,day3
2025-07-17 20:25:00,3740.0208,3124.157,summer,day3
2025-07-17 20:30:00,4663.9524,3112.3997,summer,day3
2025-07-17 20:35:00,4187.022,3099.2627,summer,day3
2025-07-17 20:40:00,3741.7536,3096.1885,summer,day3
2025-07-17 20:45:00,4081.4483999999998,3083.6575,summer,day3
2025-07-17 20:50:00,4111.0248,3075.811,summer,day3
2025-07-17 20:55:00,4040.1852,3086.4768,summer,day3
2025-07-17 21:00:00,4022.5296000000003,3102.5554,summer,day3
2025-07-17 21:05:00,5074.1916,3113.8457,summer,day3
2025-07-17 21:10:00,5019.6864000000005,3118.0437,summer,day3
2025-07-17 21:15:00,5235.1056,3126.1084,summer,day3
2025-07-17 21:20:00,5198.7276,3120.8801,summer,day3
2025-07-17 21:25:00,5041.8972,3132.455,summer,day3
2025-07-17 21:30:00,4947.7572,3129.9663,summer,day3
2025-07-17 21:35:00,4845.9983999999995,3112.3696,summer,day3
2025-07-17 21:40:00,4915.1556,3130.239,summer,day3
2025-07-17 21:45:00,4995.6108,3124.877,summer,day3
2025-07-17 21:50:00,5145.023999999999,3122.6477,summer,day3
2025-07-17 21:55:00,4821.938400000001,3126.4392,summer,day3
2025-07-17 22:00:00,5224.206,3089.196,summer,day3
2025-07-17 22:05:00,5409.0491999999995,3059.5051,summer,day3
2025-07-17 22:10:00,7144.282800000001,3110.377,summer,day3
2025-07-17 22:15:00,7163.3364,3121.0547,summer,day3
2025-07-17 22:20:00,5021.166,3124.8088,summer,day3
2025-07-17 22:25:00,5094.3084,3065.7039,summer,day3
2025-07-17 22:30:00,5358.468,3040.1821,summer,day3
2025-07-17 22:35:00,5151.765600000001,3041.0627,summer,day3
2025-07-17 22:40:00,5313.6588,3036.492,summer,day3
2025-07-17 22:45:00,5620.0271999999995,3047.6506,summer,day3
2025-07-17 22:50:00,5626.4496,3043.549,summer,day3
2025-07-17 22:55:00,5536.8804,3025.7803,summer,day3
2025-07-17 23:00:00,5400.3396,3004.7231,summer,day3
2025-07-17 23:05:00,5470.469999999999,2997.024,summer,day3
2025-07-17 23:10:00,5739.8243999999995,2987.2231,summer,day3
2025-07-17 23:15:00,5787.3996,2986.0,summer,day3
2025-07-17 23:20:00,5927.4816,2974.6433,summer,day3
2025-07-17 23:25:00,5834.090399999999,3014.0356,summer,day3
2025-07-17 23:30:00,5615.3124,3043.4739,summer,day3
2025-07-17 23:35:00,5421.51,3038.0493,summer,day3
2025-07-17 23:40:00,5291.3436,3004.9185,summer,day3
2025-07-17 23:45:00,6521.7792,2976.354,summer,day3
2025-07-17 23:50:00,5161.5504,2943.6624,summer,day3
2025-07-17 23:55:00,4628.9604,2952.525,summer,day3
2025-08-08 00:00:00,2905.4832,4239.0503,summer,day4
2025-08-08 00:05:00,2841.84,4129.5913,summer,day4
2025-08-08 00:10:00,3052.6944,4041.6162,summer,day4
2025-08-08 00:15:00,3142.6728,3959.2742,summer,day4
2025-08-08 00:20:00,2870.1984,3875.394,summer,day4
2025-08-08 00:25:00,2817.8292,3800.0679,summer,day4
2025-08-08 00:30:00,2915.0568,3751.4495,summer,day4
2025-08-08 00:35:00,2962.2383999999997,3699.552,summer,day4
2025-08-08 00:40:00,2623.6164,3644.0105,summer,day4
2025-08-08 00:45:00,2690.5608,3609.049,summer,day4
2025-08-08 00:50:00,2906.832,3582.055,summer,day4
2025-08-08 00:55:00,2565.0204,3547.832,summer,day4
2025-08-08 01:00:00,2503.4616,3529.8835,summer,day4
2025-08-08 01:05:00,2474.418,3499.0056,summer,day4
2025-08-08 01:10:00,2648.3604,3473.1724,summer,day4
2025-08-08 01:15:00,2786.8572,3442.2373,summer,day4
2025-08-08 01:20:00,2711.532,3410.3066,summer,day4
2025-08-08 01:25:00,2803.4472,3382.4436,summer,day4
2025-08-08 01:30:00,2854.1808,3369.511,summer,day4
2025-08-08 01:35:00,2967.666,3359.7185,summer,day4
2025-08-08 01:40:00,2924.532,3350.935,summer,day4
2025-08-08 01:45:00,2853.4332,3333.97,summer,day4
2025-08-08 01:50:00,2575.8959999999997,3317.6206,summer,day4
2025-08-08 01:55:00,2489.8164,3319.532,summer,day4
2025-08-08 02:00:00,2426.1984,3304.2969,summer,day4
2025-08-08 02:05:00,2760.0792,3305.4966,summer,day4
2025-08-08 02:10:00,3409.6788,3296.5073,summer,day4
2025-08-08 02:15:00,3478.7292,3280.3438,summer,day4
2025-08-08 02:20:00,3429.4031999999997,3272.651,summer,day4
2025-08-08 02:25:00,3368.4684,3254.857,summer,day4
2025-08-08 02:30:00,3050.1252,3250.7964,summer,day4
2025-08-08 02:35:00,2940.1956,3241.6355,summer,day4
2025-08-08 02:40:00,3120.0227999999997,3227.9011,summer,day4
2025-08-08 02:45:00,4267.158,3223.28,summer,day4
2025-08-08 02:50:00,4474.515600000001,3212.9253,summer,day4
2025-08-08 02:55:00,3739.8084000000003,3209.9133,summer,day4
2025-08-08 03:00:00,5022.6144,3199.9392,summer,day4
2025-08-08 03:05:00,4454.8908,3205.6118,summer,day4
2025-08-08 03:10:00,2717.2367999999997,3203.4453,summer,day4
2025-08-08 03:15:00,3616.4352,3192.7544,summer,day4
2025-08-08 03:20:00,5155.7544,3183.6975,summer,day4
2025-08-08 03:25:00,3559.5,3183.1433,summer,day4
2025-08-08 03:30:00,2605.1423999999997,3190.9524,summer,day4
2025-08-08 03:35:00,2508.5832,3191.6572,summer,day4
2025-08-08 03:40:00,2695.8588000000004,3198.3533,summer,day4
2025-08-08 03:45:00,2457.4272,3197.6367,summer,day4
2025-08-08 03:50:00,2337.6576,3186.301,summer,day4
2025-08-08 03:55:00,2346.7884,3185.7002,summer,day4
2025-08-08 04:00:00,2334.5664,3174.7703,summer,day4
2025-08-08 04:05:00,2381.9700000000003,3172.1707,summer,day4
2025-08-08 04:10:00,2430.6504,3170.3042,summer,day4
2025-08-08 04:15:00,2522.2812,3163.7722,summer,day4
2025-08-08 04:20:00,2233.764,3160.5732,summer,day4
2025-08-08 04:25:00,2555.6351999999997,3171.1582,summer,day4
2025-08-08 04:30:00,2582.2488000000003,3172.618,summer,day4
2025-08-08 04:35:00,3999.4116000000004,3170.7073,summer,day4
2025-08-08 04:40:00,2532.3635999999997,3179.2441,summer,day4
2025-08-08 04:45:00,2868.2604,3161.985,summer,day4
2025-08-08 04:50:00,3039.5508,3170.7432,summer,day4
2025-08-08 04:55:00,2912.1144,3173.9795,summer,day4
2025-08-08 05:00:00,2723.4708,3169.417,summer,day4
2025-08-08 05:05:00,2702.4924,3165.6494,summer,day4
2025-08-08 05:10:00,2537.0099999999998,3170.8186,summer,day4
2025-08-08 05:15:00,2216.7768,3173.7148,summer,day4
2025-08-08 05:20:00,2429.4576,3161.914,summer,day4
2025-08-08 05:25:00,2355.9864000000002,3170.3123,summer,day4
2025-08-08 05:30:00,2164.7628,3167.2324,summer,day4
2025-08-08 05:35:00,2109.3347999999996,3165.999,summer,day4
2025-08-08 05:40:00,2062.8455999999996,3168.3528,summer,day4
2025-08-08 05:45:00,2216.46,3165.5574,summer,day4
2025-08-08 05:50:00,2434.5024,3160.6418,summer,day4
2025-08-08 05:55:00,2256.9624,3157.4148,summer,day4
2025-08-08 06:00:00,2086.1076000000003,3154.34,summer,day4
2025-08-08 06:05:00,2038.9080000000001,3150.0117,summer,day4
2025-08-08 06:10:00,2045.8739999999998,3152.15,summer,day4
2025-08-08 06:15:00,2038.7652000000003,3147.1333,summer,day4
2025-08-08 06:20:00,2295.6876,3151.837,summer,day4
2025-08-08 06:25:00,2334.8376,3150.3254,summer,day4
2025-08-08 06:30:00,2314.3343999999997,3145.483,summer,day4
2025-08-08 06:35:00,2259.6408,3150.5916,summer,day4
2025-08-08 06:40:00,2163.0119999999997,3145.5713,summer,day4
2025-08-08 06:45:00,2305.9932,3141.4377,summer,day4
2025-08-08 06:50:00,2580.3732,3148.7185,summer,day4
2025-08-08 06:55:00,2479.3308,3157.4966,summer,day4
2025-08-08 07:00:00,2469.1236,3153.3723,summer,day4
2025-08-08 07:05:00,2567.5296,3153.845,summer,day4
2025-08-08 07:10:00,2516.7912,3156.257,summer,day4
2025-08-08 07:15:00,2933.8487999999998,3163.2153,summer,day4
2025-08-08 07:20:00,4157.588400000001,3152.6577,summer,day4
2025-08-08 07:25:00,3769.9464,3122.6375,summer,day4
2025-08-08 07:30:00,3520.6008,3089.849,summer,day4
2025-08-08 07:35:00,3993.84,3119.7898,summer,day4
2025-08-08 07:40:00,3469.446,3167.289,summer,day4
2025-08-08 07:45:00,3332.5608,3175.9329,summer,day4
2025-08-08 07:50:00,4370.982,3177.7893,summer,day4
2025-08-08 07:55:00,5928.4632,3177.671,summer,day4
2025-08-08 08:00:00,6051.9216,3179.793,summer,day4
2025-08-08 08:05:00,7442.5740000000005,3184.52,summer,day4
2025-08-08 08:10:00,6914.742,3183.587,summer,day4
2025-08-08 08:15:00,4370.236800000001,3184.388,summer,day4
2025-08-08 08:20:00,3859.41,3141.4565,summer,day4
2025-08-08 08:25:00,3873.5616,3139.5684,summer,day4
2025-08-08 08:30:00,3982.8959999999997,3133.6682,summer,day4
2025-08-08 08:35:00,4137.0887999999995,3132.711,summer,day4
2025-08-08 08:40:00,4582.818,3137.9517,summer,day4
2025-08-08 08:45:00,4052.8572,3149.6174,summer,day4
2025-08-08 08:50:00,3729.6876,3148.0193,summer,day4
2025-08-08 08:55:00,3790.8612000000003,3160.3406,summer,day4
2025-08-08 09:00:00,3798.4464,3173.7249,summer,day4
2025-08-08 09:05:00,5274.7428,3173.358,summer,day4
2025-08-08 09:10:00,4159.0452000000005,3185.4985,summer,day4
2025-08-08 09:15:00,4181.5740000000005,3192.3264,summer,day4
2025-08-08 09:20:00,5541.3996,3193.208,summer,day4
2025-08-08 09:25:00,4343.9496,3191.7788,summer,day4
2025-08-08 09:30:00,5387.140799999999,3179.6763,summer,day4
2025-08-08 09:35:00,4316.7192,3178.0728,summer,day4
2025-08-08 09:40:00,4500.069600000001,3173.0684,summer,day4
2025-08-08 09:45:00,4473.2916,3165.0322,summer,day4
2025-08-08 09:50:00,6840.2064,3156.572,summer,day4
2025-08-08 09:55:00,5347.7736,3146.1106,summer,day4
2025-08-08 10:00:00,4514.2572,3140.4111,summer,day4
2025-08-08 10:05:00,5084.0124,3128.859,summer,day4
2025-08-08 10:10:00,5008.0896,3124.6814,summer,day4
2025-08-08 10:15:00,4081.65,3124.0413,summer,day4
2025-08-08 10:20:00,4155.3396,3128.355,summer,day4
2025-08-08 10:25:00,4868.2476,3136.2551,summer,day4
2025-08-08 10:30:00,5180.252399999999,3144.705,summer,day4
2025-08-08 10:35:00,4211.556,3163.9312,summer,day4
2025-08-08 10:40:00,4728.6048,3162.9658,summer,day4
2025-08-08 10:45:00,4576.3128,3175.4375,summer,day4
2025-08-08 10:50:00,4665.6708,3181.4368,summer,day4
2025-08-08 10:55:00,3503.478,3191.7202,summer,day4
2025-08-08 11:00:00,3574.1040000000003,3200.8308,summer,day4
2025-08-08 11:05:00,3782.2296,3236.9673,summer,day4
2025-08-08 11:10:00,5051.9436000000005,3248.233,summer,day4
2025-08-08 11:15:00,4720.2924,3247.7515,summer,day4
2025-08-08 11:20:00,5171.43,3266.004,summer,day4
2025-08-08 11:25:00,5189.8332,3237.268,summer,day4
2025-08-08 11:30:00,6781.4364000000005,3279.0974,summer,day4
2025-08-08 11:35:00,5262.777599999999,3291.064,summer,day4
2025-08-08 11:40:00,5481.5484,3297.7312,summer,day4
2025-08-08 11:45:00,4569.4092,3333.2542,summer,day4
2025-08-08 11:50:00,2638.8288000000002,3320.949,summer,day4
2025-08-08 11:55:00,2600.8296,3314.2922,summer,day4
2025-08-08 12:00:00,2749.0620000000004,3295.8464,summer,day4
2025-08-08 12:05:00,3770.9472,3291.0913,summer,day4
2025-08-08 12:10:00,4299.8112,3307.3694,summer,day4
2025-08-08 12:15:00,4665.4152,3328.5044,summer,day4
2025-08-08 12:20:00,2908.5612,3336.906,summer,day4
2025-08-08 12:25:00,2706.7356,3327.5947,summer,day4
2025-08-08 12:30:00,2959.0415999999996,3386.4802,summer,day4
2025-08-08 12:35:00,2706.6168000000002,3402.541,summer,day4
2025-08-08 12:40:00,2692.866,3400.0903,summer,day4
2025-08-08 12:45:00,2798.7972,3403.5234,summer,day4
2025-08-08 12:50:00,2721.0768,3403.228,summer,day4
2025-08-08 12:55:00,3447.0324,3375.7634,summer,day4
2025-08-08 13:00:00,3030.2988,3396.4084,summer,day4
2025-08-08 13:05:00,3751.1796000000004,3400.2483,summer,day4
2025-08-08 13:10:00,4783.0992,3395.2207,summer,day4
2025-08-08 13:15:00,7185.755999999999,3383.5698,summer,day4
2025-08-08 13:20:00,5689.8216,3367.9917,summer,day4
2025-08-08 13:25:00,5006.1312,3355.136,summer,day4
2025-08-08 13:30:00,3681.2316,3355.1494,summer,day4
2025-08-08 13:35:00,3398.9496,3374.7698,summer,day4
2025-08-08 13:40:00,4802.8212,3388.8088,summer,day4
2025-08-08 13:45:00,3532.0811999999996,3398.5383,summer,day4
2025-08-08 13:50:00,5046.8928,3387.7747,summer,day4
2025-08-08 13:55:00,3782.6591999999996,3382.8772,summer,day4
2025-08-08 14:00:00,5003.0352,3379.8706,summer,day4
2025-08-08 14:05:00,4340.454,3371.7285,summer,day4
2025-08-08 14:10:00,4120.7292,3354.2354,summer,day4
2025-08-08 14:15:00,3413.1551999999997,3349.1528,summer,day4
2025-08-08 14:20:00,3355.8695999999995,3356.1418,summer,day4
2025-08-08 14:25:00,3638.7228000000005,3354.413,summer,day4
2025-08-08 14:30:00,4723.7112,3364.8596,summer,day4
2025-08-08 14:35:00,5800.7076,3368.3435,summer,day4
2025-08-08 14:40:00,4699.6812,3361.789,summer,day4
2025-08-08 14:45:00,4796.1576000000005,3375.652,summer,day4
2025-08-08 14:50:00,4215.8184,3367.3372,summer,day4
2025-08-08 14:55:00,3505.9067999999997,3361.329,summer,day4
2025-08-08 15:00:00,3366.9396,3370.904,summer,day4
2025-08-08 15:05:00,2607.7943999999998,3362.6099,summer,day4
2025-08-08 15:10:00,2683.9067999999997,3371.8054,summer,day4
2025-08-08 15:15:00,3289.518,3358.8752,summer,day4
2025-08-08 15:20:00,3239.2763999999997,3363.5488,summer,day4
2025-08-08 15:25:00,3709.536,3354.9849,summer,day4
2025-08-08 15:30:00,3970.7555999999995,3363.617,summer,day4
2025-08-08 15:35:00,3985.5864,3374.9146,summer,day4
2025-08-08 15:40:00,4568.6796,3374.3628,summer,day4
2025-08-08 15:45:00,3415.3487999999998,3382.3586,summer,day4
2025-08-08 15:50:00,4920.3684,3385.9006,summer,day4
2025-08-08 15:55:00,3361.9080000000004,3384.766,summer,day4
2025-08-08 16:00:00,3421.9584000000004,3374.1794,summer,day4
2025-08-08 16:05:00,3696.834,3389.1968,summer,day4
2025-08-08 16:10:00,4050.3455999999996,3385.906,summer,day4
2025-08-08 16:15:00,4786.476000000001,3414.7417,summer,day4
2025-08-08 16:20:00,5060.3364,3393.4604,summer,day4
2025-08-08 16:25:00,3897.1176,3419.8127,summer,day4
2025-08-08 16:30:00,4117.412399999999,3429.313,summer,day4
2025-08-08 16:35:00,3502.3224,3427.0476,summer,day4
2025-08-08 16:40:00,3515.2404,3428.5564,summer,day4
2025-08-08 16:45:00,4857.1788,3374.0852,summer,day4
2025-08-08 16:50:00,4484.3351999999995,3432.711,summer,day4
2025-08-08 16:55:00,3655.2156000000004,3430.198,summer,day4
2025-08-08 17:00:00,3561.2088000000003,3436.2744,summer,day4
2025-08-08 17:05:00,3523.1760000000004,3403.7368,summer,day4
2025-08-08 17:10:00,3922.7532,3447.6672,summer,day4
2025-08-08 17:15:00,4652.664,3399.5693,summer,day4
2025-08-08 17:20:00,4405.8264,3358.7573,summer,day4
2025-08-08 17:25:00,4178.4924,3414.6729,summer,day4
2025-08-08 17:30:00,5473.3824,3405.5676,summer,day4
2025-08-08 17:35:00,3859.8455999999996,3404.9065,summer,day4
2025-08-08 17:40:00,3788.3196000000003,3383.9124,summer,day4
2025-08-08 17:45:00,4298.9592,3375.3477,summer,day4
2025-08-08 17:50:00,3523.536,3371.8855,summer,day4
2025-08-08 17:55:00,3408.1704,3383.1765,summer,day4
2025-08-08 18:00:00,3892.5996,3380.4011,summer,day4
2025-08-08 18:05:00,5197.6044,3411.218,summer,day4
2025-08-08 18:10:00,4862.986800000001,3387.3127,summer,day4
2025-08-08 18:15:00,3944.046,3378.8376,summer,day4
2025-08-08 18:20:00,3285.3455999999996,3383.29,summer,day4
2025-08-08 18:25:00,2748.4847999999997,3384.0425,summer,day4
2025-08-08 18:30:00,2445.9864000000002,3384.9092,summer,day4
2025-08-08 18:35:00,2176.9584000000004,3388.6956,summer,day4
2025-08-08 18:40:00,2878.4148,3372.4014,summer,day4
2025-08-08 18:45:00,2829.4811999999997,3359.3623,summer,day4
2025-08-08 18:50:00,2444.1924,3333.716,summer,day4
2025-08-08 18:55:00,2611.938,3329.3848,summer,day4
2025-08-08 19:00:00,3374.5512000000003,3295.1367,summer,day4
2025-08-08 19:05:00,2960.0088000000005,3309.7688,summer,day4
2025-08-08 19:10:00,4092.1416,3311.4292,summer,day4
2025-08-08 19:15:00,4772.0532,3311.3013,summer,day4
2025-08-08 19:20:00,2430.786,3325.7144,summer,day4
2025-08-08 19:25:00,2479.8048,3337.6824,summer,day4
2025-08-08 19:30:00,2630.2752,3346.8625,summer,day4
2025-08-08 19:35:00,2845.0608,3323.3765,summer,day4
2025-08-08 19:40:00,2938.3392,3304.7039,summer,day4
2025-08-08 19:45:00,2988.6756,3289.1191,summer,day4
2025-08-08 19:50:00,4017.8328,3285.9023,summer,day4
2025-08-08 19:55:00,2619.2712,3290.6445,summer,day4
2025-08-08 20:00:00,2265.0191999999997,3291.0146,summer,day4
2025-08-08 20:05:00,2141.1264,3282.2588,summer,day4
2025-08-08 20:10:00,2102.7912,3284.9448,summer,day4
2025-08-08 20:15:00,2098.248,3297.4805,summer,day4
2025-08-08 20:20:00,2046.3192,3303.9592,summer,day4
2025-08-08 20:25:00,2141.1876,3294.817,summer,day4
2025-08-08 20:30:00,2322.7776,3299.7998,summer,day4
2025-08-08 20:35:00,2007.8604,3292.3918,summer,day4
2025-08-08 20:40:00,2347.452,3295.8772,summer,day4
2025-08-08 20:45:00,2397.0984,3286.075,summer,day4
2025-08-08 20:50:00,2293.8131999999996,3291.1978,summer,day4
2025-08-08 20:55:00,2290.6295999999998,3304.1272,summer,day4
2025-08-08 21:00:00,2288.046,3309.2336,summer,day4
2025-08-08 21:05:00,2324.6964,3323.049,summer,day4
2025-08-08 21:10:00,2523.294,3322.8127,summer,day4
2025-08-08 21:15:00,2329.0008000000003,3316.951,summer,day4
2025-08-08 21:20:00,2381.2511999999997,3307.2673,summer,day4
2025-08-08 21:25:00,2403.864,3318.769,summer,day4
2025-08-08 21:30:00,2394.0804,3309.6953,summer,day4
2025-08-08 21:35:00,2208.7619999999997,3291.4824,summer,day4
2025-08-08 21:40:00,2059.0595999999996,3306.0269,summer,day4
2025-08-08 21:45:00,2403.7248,3297.3513,summer,day4
2025-08-08 21:50:00,2643.1368,3315.0127,summer,day4
2025-08-08 21:55:00,2519.4636,3295.771,summer,day4
2025-08-08 22:00:00,2748.9156000000003,3256.3274,summer,day4
2025-08-08 22:05:00,2819.1731999999997,3255.48,summer,day4
2025-08-08 22:10:00,2797.3787999999995,3265.5012,summer,day4
2025-08-08 22:15:00,2728.8216,3294.001,summer,day4
2025-08-08 22:20:00,2633.6316,3259.6255,summer,day4
2025-08-08 22:25:00,2613.8088,3211.0093,summer,day4
2025-08-08 22:30:00,2962.7928,3216.264,summer,day4
2025-08-08 22:35:00,2505.8232,3232.3098,summer,day4
2025-08-08 22:40:00,2656.6367999999998,3223.1973,summer,day4
2025-08-08 22:45:00,2846.6796,3175.0806,summer,day4
2025-08-08 22:50:00,2746.4292,3173.6633,summer,day4
2025-08-08 22:55:00,2563.2732,3193.6,summer,day4
2025-08-08 23:00:00,2549.2188,3173.3608,summer,day4
2025-08-08 23:05:00,2521.6368,3189.8987,summer,day4
2025-08-08 23:10:00,2702.8176,3207.9417,summer,day4
2025-08-08 23:15:00,2504.3064,3154.8513,summer,day4
2025-08-08 23:20:00,2510.2596000000003,3126.3843,summer,day4
2025-08-08 23:25:00,2516.4468,3123.2856,summer,day4
2025-08-08 23:30:00,2216.4096,3113.486,summer,day4
2025-08-08 23:35:00,2404.7748,3127.0522,summer,day4
2025-08-08 23:40:00,2587.326,3107.8108,summer,day4
2025-08-08 23:45:00,2509.5348,3102.3313,summer,day4
2025-08-08 23:50:00,2691.5496000000003,3099.9614,summer,day4
2025-08-08 23:55:00,2451.072,3104.955,summer,day4
2025-08-31 00:00:00,2182.0248,2301.2512,summer,day5
2025-08-31 00:05:00,2171.3016,2302.5913,summer,day5
2025-08-31 00:10:00,2179.698,2302.6724,summer,day5
2025-08-31 00:15:00,2367.0263999999997,2308.1309,summer,day5
2025-08-31 00:20:00,2488.9332,2313.614,summer,day5
2025-08-31 00:25:00,2413.3188,2316.2878,summer,day5
2025-08-31 00:30:00,2379.0276,2318.1587,summer,day5
2025-08-31 00:35:00,2326.3428,2327.6982,summer,day5
2025-08-31 00:40:00,2281.1736,2331.1177,summer,day5
2025-08-31 00:45:00,2240.9832,2335.2744,summer,day5
2025-08-31 00:50:00,2339.43,2338.742,summer,day5
2025-08-31 00:55:00,2428.9248,2342.2832,summer,day5
2025-08-31 01:00:00,2334.294,2347.855,summer,day5
2025-08-31 01:05:00,2190.9312,2353.6924,summer,day5
2025-08-31 01:10:00,2169.1596,2357.3882,summer,day5
2025-08-31 01:15:00,2111.2547999999997,2370.582,summer,day5
2025-08-31 01:20:00,2149.638,2374.4277,summer,day5
2025-08-31 01:25:00,2269.2131999999997,2378.0786,summer,day5
2025-08-31 01:30:00,2388.1440000000002,2383.1416,summer,day5
2025-08-31 01:35:00,2309.5524,2383.2961,summer,day5
2025-08-31 01:40:00,2106.84,2387.9065,summer,day5
2025-08-31 01:45:00,2144.9196,2387.9895,summer,day5
2025-08-31 01:50:00,2150.5368000000003,2389.9006,summer,day5
2025-08-31 01:55:00,2092.8300000000004,2398.2363,summer,day5
2025-08-31 02:00:00,2155.7448,2398.8237,summer,day5
2025-08-31 02:05:00,2274.1344,2402.6187,summer,day5
2025-08-31 02:10:00,2262.8508,2407.0432,summer,day5
2025-08-31 02:15:00,2125.1784,2406.1038,summer,day5
2025-08-31 02:20:00,2130.1404,2408.0503,summer,day5
2025-08-31 02:25:00,2179.1448,2411.1882,summer,day5
2025-08-31 02:30:00,2169.3563999999997,2410.2969,summer,day5
2025-08-31 02:35:00,2281.506,2411.8074,summer,day5
2025-08-31 02:40:00,2460.4584,2422.9019,summer,day5
2025-08-31 02:45:00,2300.6772,2426.3208,summer,day5
2025-08-31 02:50:00,2135.4096,2424.8655,summer,day5
2025-08-31 02:55:00,2109.5292,2425.9907,summer,day5
2025-08-31 03:00:00,2105.1396,2424.889,summer,day5
2025-08-31 03:05:00,2159.7383999999997,2428.5188,summer,day5
2025-08-31 03:10:00,2250.6012,2424.1575,summer,day5
2025-08-31 03:15:00,2335.6188,2424.0532,summer,day5
2025-08-31 03:20:00,2230.9847999999997,2422.5442,summer,day5
2025-08-31 03:25:00,2123.4684,2424.3386,summer,day5
2025-08-31 03:30:00,2129.9424,2427.9556,summer,day5
2025-08-31 03:35:00,2201.3148,2428.2856,summer,day5
2025-08-31 03:40:00,2191.3212,2423.6748,summer,day5
2025-08-31 03:45:00,2239.4388,2422.5261,summer,day5
2025-08-31 03:50:00,2352.6924,2421.0938,summer,day5
2025-08-31 03:55:00,2211.0936,2419.4517,summer,day5
2025-08-31 04:00:00,2164.3068,2419.0625,summer,day5
2025-08-31 04:05:00,2287.62,2419.1897,summer,day5
2025-08-31 04:10:00,2700.0996,2416.307,summer,day5
2025-08-31 04:15:00,2477.7419999999997,2415.2583,summer,day5
2025-08-31 04:20:00,2596.2275999999997,2412.1855,summer,day5
2025-08-31 04:25:00,2646.3095999999996,2415.4688,summer,day5
2025-08-31 04:30:00,2636.9880000000003,2417.3777,summer,day5
2025-08-31 04:35:00,2435.2727999999997,2418.4048,summer,day5
2025-08-31 04:40:00,2260.7400000000002,2418.8574,summer,day5
2025-08-31 04:45:00,2271.9948,2419.389,summer,day5
2025-08-31 04:50:00,2605.2828,2417.517,summer,day5
2025-08-31 04:55:00,2715.6156,2421.9346,summer,day5
2025-08-31 05:00:00,2876.3772,2420.052,summer,day5
2025-08-31 05:05:00,2702.5811999999996,2423.762,summer,day5
2025-08-31 05:10:00,2473.926,2426.3367,summer,day5
2025-08-31 05:15:00,2450.0244,2434.369,summer,day5
2025-08-31 05:20:00,2296.3368,2438.1328,summer,day5
2025-08-31 05:25:00,2158.2192000000005,2443.0098,summer,day5
2025-08-31 05:30:00,2101.218,2440.7314,summer,day5
2025-08-31 05:35:00,2207.7648,2444.0676,summer,day5
2025-08-31 05:40:00,2161.4616,2463.5625,summer,day5
2025-08-31 05:45:00,2376.87,2483.9531,summer,day5
2025-08-31 05:50:00,2385.6744,2481.8777,summer,day5
2025-08-31 05:55:00,2232.6072,2521.0413,summer,day5
2025-08-31 06:00:00,2064.4416,2521.7253,summer,day5
2025-08-31 06:05:00,2381.2632000000003,2544.0427,summer,day5
2025-08-31 06:10:00,2458.8036,2545.8281,summer,day5
2025-08-31 06:15:00,2302.2167999999997,2555.1958,summer,day5
2025-08-31 06:20:00,2281.3416,2569.648,summer,day5
2025-08-31 06:25:00,2290.0896000000002,2575.5996,summer,day5
2025-08-31 06:30:00,2123.9892,2604.2393,summer,day5
2025-08-31 06:35:00,2123.946,2609.5896,summer,day5
2025-08-31 06:40:00,2096.8224,2612.182,summer,day5
2025-08-31 06:45:00,1990.8756,2616.3765,summer,day5
2025-08-31 06:50:00,1907.2992,2620.609,summer,day5
2025-08-31 06:55:00,1924.4784,2617.2332,summer,day5
2025-08-31 07:00:00,1899.3,2608.2595,summer,day5
2025-08-31 07:05:00,1934.532,2617.747,summer,day5
2025-08-31 07:10:00,2058.1404,2624.0574,summer,day5
2025-08-31 07:15:00,2033.2908,2629.4338,summer,day5
2025-08-31 07:20:00,1949.8044000000002,2625.2656,summer,day5
2025-08-31 07:25:00,1825.3044000000002,2626.8638,summer,day5
2025-08-31 07:30:00,1910.9268,2654.9282,summer,day5
2025-08-31 07:35:00,2020.998,2665.613,summer,day5
2025-08-31 07:40:00,2011.0392,2663.383,summer,day5
2025-08-31 07:45:00,2001.1487999999997,2671.9004,summer,day5
2025-08-31 07:50:00,2134.5996,2683.4536,summer,day5
2025-08-31 07:55:00,2044.752,2683.814,summer,day5
2025-08-31 08:00:00,1855.0716,2710.037,summer,day5
2025-08-31 08:05:00,1842.3108,2719.2783,summer,day5
2025-08-31 08:10:00,1864.1748,2730.9482,summer,day5
2025-08-31 08:15:00,1817.7900000000002,2734.4875,summer,day5
2025-08-31 08:20:00,1829.7252,2714.0002,summer,day5
2025-08-31 08:25:00,2058.3815999999997,2703.1814,summer,day5
2025-08-31 08:30:00,2041.7628,2694.0728,summer,day5
2025-08-31 08:35:00,1887.4584,2695.5505,summer,day5
2025-08-31 08:40:00,1857.786,2703.111,summer,day5
2025-08-31 08:45:00,1862.8727999999999,2722.6558,summer,day5
2025-08-31 08:50:00,1895.7408,2738.7148,summer,day5
2025-08-31 08:55:00,1874.7972000000002,2748.4292,summer,day5
2025-08-31 09:00:00,2894.6099999999997,2756.7725,summer,day5
2025-08-31 09:05:00,4606.0332,2760.2927,summer,day5
2025-08-31 09:10:00,4738.5612,2768.517,summer,day5
2025-08-31 09:15:00,4384.8336,2771.5325,summer,day5
2025-08-31 09:20:00,2424.528,2774.5913,summer,day5
2025-08-31 09:25:00,2227.5624,2778.182,summer,day5
2025-08-31 09:30:00,2263.3368,2794.055,summer,day5
2025-08-31 09:35:00,2350.8504000000003,2808.8833,summer,day5
2025-08-31 09:40:00,2626.5012,2805.402,summer,day5
2025-08-31 09:45:00,1964.9772,2807.1494,summer,day5
2025-08-31 09:50:00,1971.7044,2800.0637,summer,day5
2025-08-31 09:55:00,2005.4256,2805.1284,summer,day5
2025-08-31 10:00:00,2067.1572,2815.9736,summer,day5
2025-08-31 10:05:00,2244.852,2826.217,summer,day5
2025-08-31 10:10:00,3416.1023999999998,2834.1902,summer,day5
2025-08-31 10:15:00,3862.4364,2847.1345,summer,day5
2025-08-31 10:20:00,3836.4936000000002,2846.5623,summer,day5
2025-08-31 10:25:00,3223.632,2847.3374,summer,day5
2025-08-31 10:30:00,2984.226,2847.7292,summer,day5
2025-08-31 10:35:00,2255.4672,2839.341,summer,day5
2025-08-31 10:40:00,3035.508,2837.2358,summer,day5
2025-08-31 10:45:00,3573.0192,2840.8232,summer,day5
2025-08-31 10:50:00,3498.6192,2841.347,summer,day5
2025-08-31 10:55:00,2997.8003999999996,2844.3904,summer,day5
2025-08-31 11:00:00,2643.792,2851.2505,summer,day5
2025-08-31 11:05:00,3442.1771999999996,2886.7747,summer,day5
2025-08-31 11:10:00,2188.5804,2900.73,summer,day5
2025-08-31 11:15:00,2405.3496,2911.1477,summer,day5
2025-08-31 11:20:00,2584.6979999999994,2925.4846,summer,day5
2025-08-31 11:25:00,2462.0099999999998,2951.8052,summer,day5
2025-08-31 11:30:00,2161.662,2981.811,summer,day5
2025-08-31 11:35:00,2140.29,2984.634,summer,day5
2025-08-31 11:40:00,2179.4292,3007.0344,summer,day5
2025-08-31 11:45:00,2256.7428,3012.5955,summer,day5
2025-08-31 11:50:00,2426.5632,2985.9856,summer,day5
2025-08-31 11:55:00,2053.9788,2955.6797,summer,day5
2025-08-31 12:00:00,2084.1984,3004.3452,summer,day5
2025-08-31 12:05:00,2074.7232,2999.5015,summer,day5
2025-08-31 12:10:00,2848.9848,2990.7505,summer,day5
2025-08-31 12:15:00,3339.7188,3004.3962,summer,day5
2025-08-31 12:20:00,2250.9828,3031.302,summer,day5
2025-08-31 12:25:00,2207.862,3068.2783,summer,day5
2025-08-31 12:30:00,2535.6792,3068.2988,summer,day5
2025-08-31 12:35:00,2224.3764,3036.9062,summer,day5
2025-08-31 12:40:00,2402.472,3037.4595,summer,day5
2025-08-31 12:45:00,2056.6992,3050.506,summer,day5
2025-08-31 12:50:00,1929.1284,3057.5486,summer,day5
2025-08-31 12:55:00,2071.3872,3052.8743,summer,day5
2025-08-31 13:00:00,2795.3724,3053.2847,summer,day5
2025-08-31 13:05:00,3846.1284,3053.24,summer,day5
2025-08-31 13:10:00,5238.2124,3044.7485,summer,day5
2025-08-31 13:15:00,4509.752399999999,3052.5198,summer,day5
2025-08-31 13:20:00,4622.245199999999,3047.827,summer,day5
2025-08-31 13:25:00,4373.318399999999,3046.7922,summer,day5
2025-08-31 13:30:00,4350.6972000000005,3053.7456,summer,day5
2025-08-31 13:35:00,5883.780000000001,3062.8167,summer,day5
2025-08-31 13:40:00,4219.455599999999,3075.8826,summer,day5
2025-08-31 13:45:00,4279.3428,3090.8518,summer,day5
2025-08-31 13:50:00,4733.3724,3091.7754,summer,day5
2025-08-31 13:55:00,4474.8588,3094.8818,summer,day5
2025-08-31 14:00:00,4857.1776,3077.2046,summer,day5
2025-08-31 14:05:00,4142.4324,3088.2239,summer,day5
2025-08-31 14:10:00,5776.6992,3104.5835,summer,day5
2025-08-31 14:15:00,4289.4924,3086.8079,summer,day5
2025-08-31 14:20:00,4750.2924,3066.459,summer,day5
2025-08-31 14:25:00,4333.697999999999,3050.3923,summer,day5
2025-08-31 14:30:00,4190.0592,3028.4995,summer,day5
2025-08-31 14:35:00,5073.8844,3029.0928,summer,day5
2025-08-31 14:40:00,4693.2372000000005,3029.5652,summer,day5
2025-08-31 14:45:00,5723.7504,3038.3457,summer,day5
2025-08-31 14:50:00,6133.338000000001,3059.529,summer,day5
2025-08-31 14:55:00,4434.3192,3073.201,summer,day5
2025-08-31 15:00:00,4249.2936,3083.8376,summer,day5
2025-08-31 15:05:00,4138.8612,3089.1643,summer,day5
2025-08-31 15:10:00,5869.584,3103.3215,summer,day5
2025-08-31 15:15:00,4105.4856,3104.3618,summer,day5
2025-08-31 15:20:00,4772.3135999999995,3109.4832,summer,day5
2025-08-31 15:25:00,7226.844,3114.244,summer,day5
2025-08-31 15:30:00,4697.1396,3114.799,summer,day5
2025-08-31 15:35:00,4431.940799999999,3115.7158,summer,day5
2025-08-31 15:40:00,4453.8396,3116.0022,summer,day5
2025-08-31 15:45:00,4339.2372000000005,3117.5164,summer,day5
2025-08-31 15:50:00,4215.6876,3119.3289,summer,day5
2025-08-31 15:55:00,4487.0496,3111.7334,summer,day5
2025-08-31 16:00:00,4655.004,3109.5938,summer,day5
2025-08-31 16:05:00,6531.1428,3120.3718,summer,day5
2025-08-31 16:10:00,5223.3948,3117.7393,summer,day5
2025-08-31 16:15:00,5174.808,3119.487,summer,day5
2025-08-31 16:20:00,5001.606,3117.2083,summer,day5
2025-08-31 16:25:00,8077.4352,3110.376,summer,day5
2025-08-31 16:30:00,7781.7588000000005,3128.5698,summer,day5
2025-08-31 16:35:00,6015.5844,3124.073,summer,day5
2025-08-31 16:40:00,5052.6924,3116.8918,summer,day5
2025-08-31 16:45:00,4952.0976,3108.1587,summer,day5
2025-08-31 16:50:00,5160.8196,3125.5212,summer,day5
2025-08-31 16:55:00,6077.4324,3126.096,summer,day5
2025-08-31 17:00:00,8012.6352,3112.1228,summer,day5
2025-08-31 17:05:00,6954.955199999999,3100.3132,summer,day5
2025-08-31 17:10:00,6484.3824,3113.0154,summer,day5
2025-08-31 17:15:00,6229.974,3088.8596,summer,day5
2025-08-31 17:20:00,6230.1012,3079.959,summer,day5
2025-08-31 17:25:00,6915.224400000001,3103.39,summer,day5
2025-08-31 17:30:00,6302.778,3090.0234,summer,day5
2025-08-31 17:35:00,6173.4144,3088.6746,summer,day5
2025-08-31 17:40:00,6153.0216,3088.1133,summer,day5
2025-08-31 17:45:00,6950.794800000001,3104.031,summer,day5
2025-08-31 17:50:00,7280.1576000000005,3125.465,summer,day5
2025-08-31 17:55:00,6939.375599999999,3091.5815,summer,day5
2025-08-31 18:00:00,6380.1323999999995,3076.8682,summer,day5
2025-08-31 18:05:00,6515.6424,3075.9802,summer,day5
2025-08-31 18:10:00,4805.9256000000005,3078.6143,summer,day5
2025-08-31 18:15:00,4628.286,3075.6155,summer,day5
2025-08-31 18:20:00,4889.294400000001,3078.519,summer,day5
2025-08-31 18:25:00,4872.770399999999,3082.8809,summer,day5
2025-08-31 18:30:00,3872.9748,3082.8933,summer,day5
2025-08-31 18:35:00,3762.5663999999997,3084.8896,summer,day5
2025-08-31 18:40:00,3813.8604,3070.9993,summer,day5
2025-08-31 18:45:00,3833.7264000000005,3050.1758,summer,day5
2025-08-31 18:50:00,3909.7284,3029.71,summer,day5
2025-08-31 18:55:00,3944.4888,3026.3044,summer,day5
2025-08-31 19:00:00,5147.4612,3026.4197,summer,day5
2025-08-31 19:05:00,4844.462399999999,3037.9893,summer,day5
2025-08-31 19:10:00,4242.972,3036.2976,summer,day5
2025-08-31 19:15:00,3783.0204,3030.4548,summer,day5
2025-08-31 19:20:00,3764.4767999999995,3030.1033,summer,day5
2025-08-31 19:25:00,3732.8520000000003,3036.3777,summer,day5
2025-08-31 19:30:00,3727.3704,3051.3271,summer,day5
2025-08-31 19:35:00,3835.8479999999995,3053.4065,summer,day5
2025-08-31 19:40:00,4004.9688,3051.338,summer,day5
2025-08-31 19:45:00,3859.8516000000004,3051.2754,summer,day5
2025-08-31 19:50:00,4215.4056,3054.2373,summer,day5
2025-08-31 19:55:00,4371.5676,3057.8047,summer,day5
2025-08-31 20:00:00,4049.5752,3060.0215,summer,day5
2025-08-31 20:05:00,4192.674,3053.762,summer,day5
2025-08-31 20:10:00,4126.7604,3049.5981,summer,day5
2025-08-31 20:15:00,4924.669199999999,3052.1555,summer,day5
2025-08-31 20:20:00,4501.0968,3041.928,summer,day5
2025-08-31 20:25:00,4050.282,3041.7598,summer,day5
2025-08-31 20:30:00,3954.6612,3044.787,summer,day5
2025-08-31 20:35:00,5177.9832,3035.5947,summer,day5
2025-08-31 20:40:00,6023.2248,3038.6128,summer,day5
2025-08-31 20:45:00,4444.468800000001,3040.0088,summer,day5
2025-08-31 20:50:00,4218.8928,3045.2927,summer,day5
2025-08-31 20:55:00,5574.2136,3063.2612,summer,day5
2025-08-31 21:00:00,4219.7784,3066.537,summer,day5
2025-08-31 21:05:00,3663.756,3071.535,summer,day5
2025-08-31 21:10:00,3199.6356,3074.5942,summer,day5
2025-08-31 21:15:00,3130.2432,3068.0645,summer,day5
2025-08-31 21:20:00,3049.0476,3070.7734,summer,day5
2025-08-31 21:25:00,3273.9696,3079.17,summer,day5
2025-08-31 21:30:00,3364.7028,3066.7388,summer,day5
2025-08-31 21:35:00,3176.8272,3065.091,summer,day5
2025-08-31 21:40:00,3206.7576,3053.65,summer,day5
2025-08-31 21:45:00,3216.1848,3068.3484,summer,day5
2025-08-31 21:50:00,3184.5828,3065.078,summer,day5
2025-08-31 21:55:00,3230.1228,3056.5662,summer,day5
2025-08-31 22:00:00,3364.3284,3025.7654,summer,day5
2025-08-31 22:05:00,3308.3316,3031.9949,summer,day5
2025-08-31 22:10:00,3490.9008000000003,3031.233,summer,day5
2025-08-31 22:15:00,3602.454,3048.4329,summer,day5
2025-08-31 22:20:00,3511.1316000000006,3048.525,summer,day5
2025-08-31 22:25:00,3519.972,3009.746,summer,day5
2025-08-31 22:30:00,3696.5627999999997,2994.8164,summer,day5
2025-08-31 22:35:00,3609.7224,3011.8296,summer,day5
2025-08-31 22:40:00,3199.3379999999997,3000.2021,summer,day5
2025-08-31 22:45:00,2989.5996,2979.9146,summer,day5
2025-08-31 22:50:00,3265.2072,2990.3296,summer,day5
2025-08-31 22:55:00,3382.1027999999997,2996.9387,summer,day5
2025-08-31 23:00:00,3412.0392,2983.762,summer,day5
2025-08-31 23:05:00,3385.3644,2974.3035,summer,day5
2025-08-31 23:10:00,3303.9276,2977.0059,summer,day5
2025-08-31 23:15:00,3277.4028,2995.4062,summer,day5
2025-08-31 23:20:00,3480.042,2996.1074,summer,day5
2025-08-31 23:25:00,3273.5628,2993.5679,summer,day5
2025-08-31 23:30:00,3248.9136,3000.2444,summer,day5
2025-08-31 23:35:00,3623.5368000000003,2986.0952,summer,day5
2025-08-31 23:40:00,3674.1804,2964.0273,summer,day5
2025-08-31 23:45:00,3651.9276,2949.1045,summer,day5
2025-08-31 23:50:00,3458.1588,2940.6504,summer,day5
2025-08-31 23:55:00,3396.2532,2946.247,summer,day5
