timestamp,actual,prediction,season,day,n_selected_features
2025-01-31 00:00:00,2419.7136,2425.786,winter,day1,14
2025-01-31 00:05:00,2421.2076,2430.915,winter,day1,14
2025-01-31 00:10:00,2406.2376,2432.5986,winter,day1,14
2025-01-31 00:15:00,2448.138,2443.549,winter,day1,14
2025-01-31 00:20:00,2446.1592,2455.8118,winter,day1,14
2025-01-31 00:25:00,2429.3184,2459.6191,winter,day1,14
2025-01-31 00:30:00,2415.4271999999996,2458.2876,winter,day1,14
2025-01-31 00:35:00,2436.0756,2466.9653,winter,day1,14
2025-01-31 00:40:00,2442.5879999999997,2467.5464,winter,day1,14
2025-01-31 00:45:00,2489.8392,2475.9658,winter,day1,14
2025-01-31 00:50:00,2574.8892000000005,2477.9346,winter,day1,14
2025-01-31 00:55:00,2494.1771999999996,2480.5571,winter,day1,14
2025-01-31 01:00:00,2460.7032,2491.1143,winter,day1,14
2025-01-31 01:05:00,2478.7308000000003,2494.0725,winter,day1,14
2025-01-31 01:10:00,2655.1824,2496.2217,winter,day1,14
2025-01-31 01:15:00,2623.8792000000003,2507.0356,winter,day1,14
2025-01-31 01:20:00,2643.6804,2509.5781,winter,day1,14
2025-01-31 01:25:00,2677.7496,2507.662,winter,day1,14
2025-01-31 01:30:00,2612.2164000000002,2508.6602,winter,day1,14
2025-01-31 01:35:00,2576.718,2507.6187,winter,day1,14
2025-01-31 01:40:00,2567.16,2500.2144,winter,day1,14
2025-01-31 01:45:00,2857.2072,2499.7302,winter,day1,14
2025-01-31 01:50:00,3233.2403999999997,2502.1455,winter,day1,14
2025-01-31 01:55:00,2634.7596,2504.2322,winter,day1,14
2025-01-31 02:00:00,3291.1416,2501.414,winter,day1,14
2025-01-31 02:05:00,2764.3464,2506.0923,winter,day1,14
2025-01-31 02:10:00,3136.0596,2507.3672,winter,day1,14
2025-01-31 02:15:00,3107.1648,2507.0088,winter,day1,14
2025-01-31 02:20:00,2950.0908,2510.811,winter,day1,14
2025-01-31 02:25:00,3388.2504,2509.0146,winter,day1,14
2025-01-31 02:30:00,2792.6447999999996,2504.246,winter,day1,14
2025-01-31 02:35:00,3416.9544,2504.937,winter,day1,14
2025-01-31 02:40:00,3290.1672,2513.646,winter,day1,14
2025-01-31 02:45:00,3310.4148,2515.433,winter,day1,14
2025-01-31 02:50:00,3021.81,2511.9668,winter,day1,14
2025-01-31 02:55:00,3089.8908,2508.7588,winter,day1,14
2025-01-31 03:00:00,3474.132,2514.0393,winter,day1,14
2025-01-31 03:05:00,3120.5652,2511.525,winter,day1,14
2025-01-31 03:10:00,2604.7464,2511.4253,winter,day1,14
2025-01-31 03:15:00,3252.3288000000002,2510.138,winter,day1,14
2025-01-31 03:20:00,3162.252,2509.8694,winter,day1,14
2025-01-31 03:25:00,2431.2168,2512.599,winter,day1,14
2025-01-31 03:30:00,2432.5091999999995,2510.1562,winter,day1,14
2025-01-31 03:35:00,2455.344,2511.2378,winter,day1,14
2025-01-31 03:40:00,2557.572,2515.0352,winter,day1,14
2025-01-31 03:45:00,2469.3948,2516.894,winter,day1,14
2025-01-31 03:50:00,2462.4528,2516.4744,winter,day1,14
2025-01-31 03:55:00,2547.384,2518.268,winter,day1,14
2025-01-31 04:00:00,2612.8884,2517.0676,winter,day1,14
2025-01-31 04:05:00,2651.478,2516.2798,winter,day1,14
2025-01-31 04:10:00,2652.9564,2514.6604,winter,day1,14
2025-01-31 04:15:00,2611.4268,2513.9583,winter,day1,14
2025-01-31 04:20:00,2538.81,2516.065,winter,day1,14
2025-01-31 04:25:00,2501.904,2522.8062,winter,day1,14
2025-01-31 04:30:00,2600.8464,2526.6396,winter,day1,14
2025-01-31 04:35:00,2704.0416,2514.285,winter,day1,14
2025-01-31 04:40:00,2662.4568,2526.2095,winter,day1,14
2025-01-31 04:45:00,2502.9612,2519.038,winter,day1,14
2025-01-31 04:50:00,2486.8968,2520.6726,winter,day1,14
2025-01-31 04:55:00,2481.2088,2525.1333,winter,day1,14
2025-01-31 05:00:00,2460.0216,2524.378,winter,day1,14
2025-01-31 05:05:00,2467.8156,2528.2346,winter,day1,14
2025-01-31 05:10:00,2625.0348,2530.8135,winter,day1,14
2025-01-31 05:15:00,2701.698,2531.5557,winter,day1,14
2025-01-31 05:20:00,2665.6584,2533.913,winter,day1,14
2025-01-31 05:25:00,2646.3732,2539.148,winter,day1,14
2025-01-31 05:30:00,2630.1696,2533.9983,winter,day1,14
2025-01-31 05:35:00,2554.8923999999997,2545.6865,winter,day1,14
2025-01-31 05:40:00,2540.9676,2566.437,winter,day1,14
2025-01-31 05:45:00,2553.3516,2561.7617,winter,day1,14
2025-01-31 05:50:00,2523.4356,2557.771,winter,day1,14
2025-01-31 05:55:00,2493.5436,2573.1853,winter,day1,14
2025-01-31 06:00:00,2469.4991999999997,2576.4006,winter,day1,14
2025-01-31 06:05:00,2479.0164,2577.3914,winter,day1,14
2025-01-31 06:10:00,2474.82,2570.2783,winter,day1,14
2025-01-31 06:15:00,2475.942,2569.0918,winter,day1,14
2025-01-31 06:20:00,2560.44,2569.2075,winter,day1,14
2025-01-31 06:25:00,2689.5407999999998,2569.174,winter,day1,14
2025-01-31 06:30:00,2691.576,2576.357,winter,day1,14
2025-01-31 06:35:00,2586.3576000000003,2589.1562,winter,day1,14
2025-01-31 06:40:00,2574.9108,2601.6318,winter,day1,14
2025-01-31 06:45:00,2593.9031999999997,2602.5518,winter,day1,14
2025-01-31 06:50:00,2597.6484,2588.9473,winter,day1,14
2025-01-31 06:55:00,2657.052,2589.8652,winter,day1,14
2025-01-31 07:00:00,2503.29,2575.7456,winter,day1,14
2025-01-31 07:05:00,2399.8536,2578.7397,winter,day1,14
2025-01-31 07:10:00,2796.7475999999997,2591.4312,winter,day1,14
2025-01-31 07:15:00,3094.368,2580.516,winter,day1,14
2025-01-31 07:20:00,1062.0948,2559.25,winter,day1,14
2025-01-31 07:25:00,0.0,2568.9902,winter,day1,14
2025-01-31 07:30:00,329.8464,2571.726,winter,day1,14
2025-01-31 07:35:00,4469.830800000001,2559.0889,winter,day1,14
2025-01-31 07:40:00,3195.8712,2551.003,winter,day1,14
2025-01-31 07:45:00,3173.7912,2539.0168,winter,day1,14
2025-01-31 07:50:00,3154.2168,2537.317,winter,day1,14
2025-01-31 07:55:00,3164.3784,2543.5562,winter,day1,14
2025-01-31 08:00:00,3110.9256,2552.3528,winter,day1,14
2025-01-31 08:05:00,3053.4204,2556.628,winter,day1,14
2025-01-31 08:10:00,2941.5024000000003,2556.3313,winter,day1,14
2025-01-31 08:15:00,2826.8436,2563.4788,winter,day1,14
2025-01-31 08:20:00,2778.8831999999998,2573.4873,winter,day1,14
2025-01-31 08:25:00,2879.9292,2590.9775,winter,day1,14
2025-01-31 08:30:00,2893.1904,2604.9324,winter,day1,14
2025-01-31 08:35:00,2838.2712,2607.4976,winter,day1,14
2025-01-31 08:40:00,2864.5692,2614.663,winter,day1,14
2025-01-31 08:45:00,3146.5944,2618.6855,winter,day1,14
2025-01-31 08:50:00,3818.0771999999997,2605.5571,winter,day1,14
2025-01-31 08:55:00,2896.1760000000004,2595.1504,winter,day1,14
2025-01-31 09:00:00,3146.4948,2601.7964,winter,day1,14
2025-01-31 09:05:00,3097.1639999999998,2600.3806,winter,day1,14
2025-01-31 09:10:00,2852.1804,2608.546,winter,day1,14
2025-01-31 09:15:00,2902.47,2613.026,winter,day1,14
2025-01-31 09:20:00,2858.8464,2611.6577,winter,day1,14
2025-01-31 09:25:00,2969.58,2598.7505,winter,day1,14
2025-01-31 09:30:00,3069.2843999999996,2597.147,winter,day1,14
2025-01-31 09:35:00,2776.5600000000004,2591.4836,winter,day1,14
2025-01-31 09:40:00,2763.0828,2592.775,winter,day1,14
2025-01-31 09:45:00,2781.0827999999997,2604.1548,winter,day1,14
2025-01-31 09:50:00,2815.8372000000004,2620.6797,winter,day1,14
2025-01-31 09:55:00,2843.6519999999996,2616.106,winter,day1,14
2025-01-31 10:00:00,3068.1444,2628.2778,winter,day1,14
2025-01-31 10:05:00,3093.9936000000002,2627.8833,winter,day1,14
2025-01-31 10:10:00,2814.2316,2624.108,winter,day1,14
2025-01-31 10:15:00,2781.3828,2613.8833,winter,day1,14
2025-01-31 10:20:00,2811.6984,2625.2114,winter,day1,14
2025-01-31 10:25:00,2800.0080000000003,2623.8367,winter,day1,14
2025-01-31 10:30:00,2792.0843999999997,2624.4985,winter,day1,14
2025-01-31 10:35:00,2786.0892,2621.68,winter,day1,14
2025-01-31 10:40:00,3025.9536,2615.5957,winter,day1,14
2025-01-31 10:45:00,3129.0924,2616.9734,winter,day1,14
2025-01-31 10:50:00,11905.8276,2616.7834,winter,day1,14
2025-01-31 10:55:00,7211.2044,2616.6802,winter,day1,14
2025-01-31 11:00:00,5106.3192,2636.3066,winter,day1,14
2025-01-31 11:05:00,5155.3848,2645.901,winter,day1,14
2025-01-31 11:10:00,4274.8716,2647.337,winter,day1,14
2025-01-31 11:15:00,2854.3284,2651.9653,winter,day1,14
2025-01-31 11:20:00,2956.7388,2658.012,winter,day1,14
2025-01-31 11:25:00,3654.8784,2669.5317,winter,day1,14
2025-01-31 11:30:00,2839.4579999999996,2662.9514,winter,day1,14
2025-01-31 11:35:00,2797.7952,2669.7007,winter,day1,14
2025-01-31 11:40:00,2320.0860000000002,2666.9233,winter,day1,14
2025-01-31 11:45:00,3245.9795999999997,2675.043,winter,day1,14
2025-01-31 11:50:00,1997.8655999999999,2679.9204,winter,day1,14
2025-01-31 11:55:00,1985.4227999999998,2708.3247,winter,day1,14
2025-01-31 12:00:00,2112.2736,2726.5605,winter,day1,14
2025-01-31 12:05:00,2531.1336,2720.858,winter,day1,14
2025-01-31 12:10:00,2235.1668,2700.6025,winter,day1,14
2025-01-31 12:15:00,2350.9752,2706.0903,winter,day1,14
2025-01-31 12:20:00,2110.1243999999997,2711.8086,winter,day1,14
2025-01-31 12:25:00,2110.1736,2702.28,winter,day1,14
2025-01-31 12:30:00,2318.832,2704.8472,winter,day1,14
2025-01-31 12:35:00,2952.972,2696.5955,winter,day1,14
2025-01-31 12:40:00,2047.9656,2698.419,winter,day1,14
2025-01-31 12:45:00,2041.5672,2718.3394,winter,day1,14
2025-01-31 12:50:00,2436.7619999999997,2720.5156,winter,day1,14
2025-01-31 12:55:00,2047.6128,2725.295,winter,day1,14
2025-01-31 13:00:00,2608.8540000000003,2736.853,winter,day1,14
2025-01-31 13:05:00,3095.1996,2738.8687,winter,day1,14
2025-01-31 13:10:00,2278.9164,2748.67,winter,day1,14
2025-01-31 13:15:00,2230.1351999999997,2750.0981,winter,day1,14
2025-01-31 13:20:00,3371.2248,2726.882,winter,day1,14
2025-01-31 13:25:00,2222.0628,2727.6846,winter,day1,14
2025-01-31 13:30:00,3055.6488,2738.8452,winter,day1,14
2025-01-31 13:35:00,2325.1392,2750.1028,winter,day1,14
2025-01-31 13:40:00,2361.2112,2770.0083,winter,day1,14
2025-01-31 13:45:00,2338.8456,2770.0444,winter,day1,14
2025-01-31 13:50:00,2381.0556,2759.1914,winter,day1,14
2025-01-31 13:55:00,2489.7996,2751.724,winter,day1,14
2025-01-31 14:00:00,2614.1279999999997,2750.5608,winter,day1,14
2025-01-31 14:05:00,4218.2844,2765.4668,winter,day1,14
2025-01-31 14:10:00,3829.068,2786.2131,winter,day1,14
2025-01-31 14:15:00,2993.958,2811.9268,winter,day1,14
2025-01-31 14:20:00,2935.1256000000003,2807.3523,winter,day1,14
2025-01-31 14:25:00,3198.9996,2810.2876,winter,day1,14
2025-01-31 14:30:00,3069.672,2784.6165,winter,day1,14
2025-01-31 14:35:00,3663.1524000000004,2766.7285,winter,day1,14
2025-01-31 14:40:00,3035.2788,2791.2983,winter,day1,14
2025-01-31 14:45:00,2981.6124,2833.1165,winter,day1,14
2025-01-31 14:50:00,3319.7892,2837.195,winter,day1,14
2025-01-31 14:55:00,4121.4744,2833.855,winter,day1,14
2025-01-31 15:00:00,3289.0932000000003,2855.1182,winter,day1,14
2025-01-31 15:05:00,3411.0696,2876.3267,winter,day1,14
2025-01-31 15:10:00,3320.6339999999996,2894.8765,winter,day1,14
2025-01-31 15:15:00,3538.6992,2881.3286,winter,day1,14
2025-01-31 15:20:00,3681.6839999999997,2888.2432,winter,day1,14
2025-01-31 15:25:00,3798.6876,2879.9724,winter,day1,14
2025-01-31 15:30:00,6839.639999999999,2876.6035,winter,day1,14
2025-01-31 15:35:00,5204.9928,2869.0625,winter,day1,14
2025-01-31 15:40:00,4172.244000000001,2869.8594,winter,day1,14
2025-01-31 15:45:00,3777.9048000000003,2858.3513,winter,day1,14
2025-01-31 15:50:00,3975.4968,2863.6724,winter,day1,14
2025-01-31 15:55:00,3809.7635999999998,2850.711,winter,day1,14
2025-01-31 16:00:00,4072.4808000000003,2846.0952,winter,day1,14
2025-01-31 16:05:00,5101.509599999999,2849.0005,winter,day1,14
2025-01-31 16:10:00,5849.4348,2857.627,winter,day1,14
2025-01-31 16:15:00,4265.634,2864.496,winter,day1,14
2025-01-31 16:20:00,6059.244000000001,2873.0554,winter,day1,14
2025-01-31 16:25:00,6108.861599999999,2870.0955,winter,day1,14
2025-01-31 16:30:00,3822.9264000000003,2868.6958,winter,day1,14
2025-01-31 16:35:00,4368.2699999999995,2913.0952,winter,day1,14
2025-01-31 16:40:00,5444.748,2918.9998,winter,day1,14
2025-01-31 16:45:00,5331.2519999999995,2928.5803,winter,day1,14
2025-01-31 16:50:00,4275.2411999999995,2937.5928,winter,day1,14
2025-01-31 16:55:00,4357.412399999999,2956.0305,winter,day1,14
2025-01-31 17:00:00,4463.323200000001,2962.3855,winter,day1,14
2025-01-31 17:05:00,4956.6804,2963.3594,winter,day1,14
2025-01-31 17:10:00,7434.4644,2951.3257,winter,day1,14
2025-01-31 17:15:00,5788.616400000001,2949.9626,winter,day1,14
2025-01-31 17:20:00,4697.286,2986.5684,winter,day1,14
2025-01-31 17:25:00,4403.4888,2974.61,winter,day1,14
2025-01-31 17:30:00,4285.9548,2948.2312,winter,day1,14
2025-01-31 17:35:00,5213.6352,2949.39,winter,day1,14
2025-01-31 17:40:00,6172.1292,2961.7937,winter,day1,14
2025-01-31 17:45:00,4718.4672,3002.3784,winter,day1,14
2025-01-31 17:50:00,5186.240400000001,3014.937,winter,day1,14
2025-01-31 17:55:00,4587.0491999999995,2990.9812,winter,day1,14
2025-01-31 18:00:00,5823.6876,2989.9048,winter,day1,14
2025-01-31 18:05:00,8507.269199999999,3006.376,winter,day1,14
2025-01-31 18:10:00,11902.4772,3011.7239,winter,day1,14
2025-01-31 18:15:00,11655.633600000001,3021.5962,winter,day1,14
2025-01-31 18:20:00,5160.3396,3031.2717,winter,day1,14
2025-01-31 18:25:00,3717.7248,3027.2126,winter,day1,14
2025-01-31 18:30:00,5269.1724,3035.586,winter,day1,14
2025-01-31 18:35:00,4856.976000000001,3048.9775,winter,day1,14
2025-01-31 18:40:00,4008.9468,3047.9585,winter,day1,14
2025-01-31 18:45:00,4800.2136,3048.0867,winter,day1,14
2025-01-31 18:50:00,3721.53,3054.1648,winter,day1,14
2025-01-31 18:55:00,3683.9592,3050.7517,winter,day1,14
2025-01-31 19:00:00,3895.4376,3051.2852,winter,day1,14
2025-01-31 19:05:00,3802.4256,3058.3503,winter,day1,14
2025-01-31 19:10:00,3494.0424,3053.6145,winter,day1,14
2025-01-31 19:15:00,3520.9271999999996,3047.8225,winter,day1,14
2025-01-31 19:20:00,3634.2239999999997,3043.058,winter,day1,14
2025-01-31 19:25:00,3646.3836,3047.249,winter,day1,14
2025-01-31 19:30:00,3716.0195999999996,3041.49,winter,day1,14
2025-01-31 19:35:00,3563.6051999999995,3039.8845,winter,day1,14
2025-01-31 19:40:00,3467.5968000000003,3044.5698,winter,day1,14
2025-01-31 19:45:00,3381.3479999999995,3045.899,winter,day1,14
2025-01-31 19:50:00,3352.4472,3035.1277,winter,day1,14
2025-01-31 19:55:00,3341.6771999999996,3036.4434,winter,day1,14
2025-01-31 20:00:00,3418.7784,3021.423,winter,day1,14
2025-01-31 20:05:00,3528.0816,3014.5488,winter,day1,14
2025-01-31 20:10:00,3441.972,3008.3254,winter,day1,14
2025-01-31 20:15:00,3466.8540000000003,2995.2844,winter,day1,14
2025-01-31 20:20:00,3511.7148,2999.9285,winter,day1,14
2025-01-31 20:25:00,3541.2408000000005,2998.427,winter,day1,14
2025-01-31 20:30:00,3458.8896,2996.5525,winter,day1,14
2025-01-31 20:35:00,3527.4875999999995,2984.197,winter,day1,14
2025-01-31 20:40:00,3652.4676,2987.923,winter,day1,14
2025-01-31 20:45:00,3501.528,2973.9573,winter,day1,14
2025-01-31 20:50:00,3391.0944000000004,2955.0332,winter,day1,14
2025-01-31 20:55:00,3383.6675999999998,2956.2144,winter,day1,14
2025-01-31 21:00:00,3351.6288,2953.4014,winter,day1,14
2025-01-31 21:05:00,3343.6224,2953.5732,winter,day1,14
2025-01-31 21:10:00,3418.3812000000007,2961.2402,winter,day1,14
2025-01-31 21:15:00,3300.8892,2953.3486,winter,day1,14
2025-01-31 21:20:00,3487.3992,2937.718,winter,day1,14
2025-01-31 21:25:00,3316.2119999999995,2943.3813,winter,day1,14
2025-01-31 21:30:00,2800.2096,2940.3997,winter,day1,14
2025-01-31 21:35:00,2635.6800000000003,2965.5432,winter,day1,14
2025-01-31 21:40:00,2649.3432000000003,2971.9126,winter,day1,14
2025-01-31 21:45:00,2659.1639999999998,2966.666,winter,day1,14
2025-01-31 21:50:00,2892.5184,2971.313,winter,day1,14
2025-01-31 21:55:00,2654.2968,2969.832,winter,day1,14
2025-01-31 22:00:00,2338.524,2975.976,winter,day1,14
2025-01-31 22:05:00,2304.9372,3018.4426,winter,day1,14
2025-01-31 22:10:00,2355.42,2983.049,winter,day1,14
2025-01-31 22:15:00,2420.1408,3029.9526,winter,day1,14
2025-01-31 22:20:00,2454.942,3002.2314,winter,day1,14
2025-01-31 22:25:00,2469.5027999999998,3011.2915,winter,day1,14
2025-01-31 22:30:00,2496.9192,2992.0386,winter,day1,14
2025-01-31 22:35:00,2502.054,3003.7646,winter,day1,14
2025-01-31 22:40:00,2451.114,3010.7778,winter,day1,14
2025-01-31 22:45:00,2420.7167999999997,3007.2942,winter,day1,14
2025-01-31 22:50:00,2386.6548,2973.199,winter,day1,14
2025-01-31 22:55:00,2656.3896,2962.249,winter,day1,14
2025-01-31 23:00:00,2482.7052,2996.62,winter,day1,14
2025-01-31 23:05:00,2367.366,3019.078,winter,day1,14
2025-01-31 23:10:00,2323.6728,2987.1726,winter,day1,14
2025-01-31 23:15:00,2325.3540000000003,2953.0063,winter,day1,14
2025-01-31 23:20:00,2334.3468000000003,2948.3086,winter,day1,14
2025-01-31 23:25:00,2387.064,2984.101,winter,day1,14
2025-01-31 23:30:00,2426.784,2976.4373,winter,day1,14
2025-01-31 23:35:00,2455.0416,2941.015,winter,day1,14
2025-01-31 23:40:00,2426.13,2944.962,winter,day1,14
2025-01-31 23:45:00,2358.9696,2942.8162,winter,day1,14
2025-01-31 23:50:00,2372.2799999999997,2944.1355,winter,day1,14
2025-01-31 23:55:00,2386.9379999999996,2948.9128,winter,day1,14
2025-02-15 00:00:00,2488.5384,2480.0642,winter,day2,16
2025-02-15 00:05:00,2497.0703999999996,2500.2683,winter,day2,16
2025-02-15 00:10:00,2762.6688,2511.2153,winter,day2,16
2025-02-15 00:15:00,2761.0692,2532.2493,winter,day2,16
2025-02-15 00:20:00,2593.7484,2556.9233,winter,day2,16
2025-02-15 00:25:00,2635.5971999999997,2572.603,winter,day2,16
2025-02-15 00:30:00,2626.2876,2580.6543,winter,day2,16
2025-02-15 00:35:00,2579.4564,2598.8809,winter,day2,16
2025-02-15 00:40:00,2572.9091999999996,2610.542,winter,day2,16
2025-02-15 00:45:00,2528.3172,2621.5662,winter,day2,16
2025-02-15 00:50:00,2526.468,2634.1147,winter,day2,16
2025-02-15 00:55:00,2652.132,2646.8398,winter,day2,16
2025-02-15 01:00:00,2831.778,2657.3477,winter,day2,16
2025-02-15 01:05:00,2576.6052,2677.7122,winter,day2,16
2025-02-15 01:10:00,2568.846,2696.6304,winter,day2,16
2025-02-15 01:15:00,2563.6367999999998,2719.3823,winter,day2,16
2025-02-15 01:20:00,2620.032,2733.586,winter,day2,16
2025-02-15 01:25:00,2629.7076,2750.6758,winter,day2,16
2025-02-15 01:30:00,2632.2468,2761.8962,winter,day2,16
2025-02-15 01:35:00,2596.05,2772.4507,winter,day2,16
2025-02-15 01:40:00,2657.7996,2775.9521,winter,day2,16
2025-02-15 01:45:00,2699.7708,2777.8765,winter,day2,16
2025-02-15 01:50:00,3088.3104,2788.3218,winter,day2,16
2025-02-15 01:55:00,2952.6648,2799.3955,winter,day2,16
2025-02-15 02:00:00,3365.6771999999996,2802.6597,winter,day2,16
2025-02-15 02:05:00,2748.9912,2816.8071,winter,day2,16
2025-02-15 02:10:00,3425.2812,2815.4402,winter,day2,16
2025-02-15 02:15:00,3386.4096,2810.6099,winter,day2,16
2025-02-15 02:20:00,2955.0828,2811.419,winter,day2,16
2025-02-15 02:25:00,3455.4984000000004,2806.1978,winter,day2,16
2025-02-15 02:30:00,3340.5888,2793.955,winter,day2,16
2025-02-15 02:35:00,3299.0520000000006,2791.0845,winter,day2,16
2025-02-15 02:40:00,3295.6968,2792.4897,winter,day2,16
2025-02-15 02:45:00,3496.2048000000004,2784.0476,winter,day2,16
2025-02-15 02:50:00,3678.81,2778.4468,winter,day2,16
2025-02-15 02:55:00,3431.8212,2766.811,winter,day2,16
2025-02-15 03:00:00,2997.8568,2757.7773,winter,day2,16
2025-02-15 03:05:00,3494.8248,2755.17,winter,day2,16
2025-02-15 03:10:00,3501.9,2747.948,winter,day2,16
2025-02-15 03:15:00,3167.2776,2743.4116,winter,day2,16
2025-02-15 03:20:00,3507.2136,2746.3892,winter,day2,16
2025-02-15 03:25:00,3349.2144,2744.2378,winter,day2,16
2025-02-15 03:30:00,3250.1916,2743.9292,winter,day2,16
2025-02-15 03:35:00,3390.924,2737.0762,winter,day2,16
2025-02-15 03:40:00,2922.5028,2735.6892,winter,day2,16
2025-02-15 03:45:00,2559.2904000000003,2731.8965,winter,day2,16
2025-02-15 03:50:00,2797.6764,2733.3267,winter,day2,16
2025-02-15 03:55:00,2562.6192,2734.9963,winter,day2,16
2025-02-15 04:00:00,2540.7732,2726.4092,winter,day2,16
2025-02-15 04:05:00,2542.0536,2726.436,winter,day2,16
2025-02-15 04:10:00,2665.9128,2728.1045,winter,day2,16
2025-02-15 04:15:00,2718.2088,2727.6433,winter,day2,16
2025-02-15 04:20:00,2717.5116,2739.0986,winter,day2,16
2025-02-15 04:25:00,2653.6296,2733.4668,winter,day2,16
2025-02-15 04:30:00,2697.8544,2735.7388,winter,day2,16
2025-02-15 04:35:00,2711.3399999999997,2725.2397,winter,day2,16
2025-02-15 04:40:00,2700.6528,2734.2686,winter,day2,16
2025-02-15 04:45:00,2799.0384000000004,2726.9888,winter,day2,16
2025-02-15 04:50:00,2976.3599999999997,2729.7905,winter,day2,16
2025-02-15 04:55:00,2617.7652000000003,2734.441,winter,day2,16
2025-02-15 05:00:00,2624.0424,2734.8286,winter,day2,16
2025-02-15 05:05:00,2733.1187999999997,2746.2507,winter,day2,16
2025-02-15 05:10:00,2724.3563999999997,2751.49,winter,day2,16
2025-02-15 05:15:00,2746.314,2769.5564,winter,day2,16
2025-02-15 05:20:00,2761.5456,2747.208,winter,day2,16
2025-02-15 05:25:00,2770.9211999999998,2761.3997,winter,day2,16
2025-02-15 05:30:00,2778.6492,2775.7456,winter,day2,16
2025-02-15 05:35:00,2719.5144,2771.4429,winter,day2,16
2025-02-15 05:40:00,2715.99,2824.1572,winter,day2,16
2025-02-15 05:45:00,2973.078,2806.4675,winter,day2,16
2025-02-15 05:50:00,2825.2788,2809.0781,winter,day2,16
2025-02-15 05:55:00,2689.6044,2862.042,winter,day2,16
2025-02-15 06:00:00,2615.4156000000003,2853.562,winter,day2,16
2025-02-15 06:05:00,2624.5080000000003,2845.37,winter,day2,16
2025-02-15 06:10:00,2611.782,2877.3132,winter,day2,16
2025-02-15 06:15:00,2592.9468,2895.9111,winter,day2,16
2025-02-15 06:20:00,2628.9048000000003,2892.7905,winter,day2,16
2025-02-15 06:25:00,2613.1932,2876.6846,winter,day2,16
2025-02-15 06:30:00,2612.5775999999996,2909.6465,winter,day2,16
2025-02-15 06:35:00,2545.6056,2923.984,winter,day2,16
2025-02-15 06:40:00,2487.6396,2929.3438,winter,day2,16
2025-02-15 06:45:00,2432.4816,2931.7603,winter,day2,16
2025-02-15 06:50:00,2675.988,2907.061,winter,day2,16
2025-02-15 06:55:00,2424.3216,2910.058,winter,day2,16
2025-02-15 07:00:00,2442.4272,2901.7656,winter,day2,16
2025-02-15 07:05:00,2382.3648000000003,2896.8513,winter,day2,16
2025-02-15 07:10:00,2677.4316,2895.5454,winter,day2,16
2025-02-15 07:15:00,3024.7824,2892.2214,winter,day2,16
2025-02-15 07:20:00,3020.04,2902.8733,winter,day2,16
2025-02-15 07:25:00,3081.3347999999996,2917.851,winter,day2,16
2025-02-15 07:30:00,4056.6732,2911.5273,winter,day2,16
2025-02-15 07:35:00,11292.3996,2901.3271,winter,day2,16
2025-02-15 07:40:00,11048.544,2897.2385,winter,day2,16
2025-02-15 07:45:00,5957.1264,2889.3218,winter,day2,16
2025-02-15 07:50:00,4076.0915999999997,2894.7773,winter,day2,16
2025-02-15 07:55:00,3772.0080000000003,2901.6367,winter,day2,16
2025-02-15 08:00:00,3840.4620000000004,2914.1562,winter,day2,16
2025-02-15 08:05:00,5717.4936,2918.279,winter,day2,16
2025-02-15 08:10:00,7114.7555999999995,2922.3652,winter,day2,16
2025-02-15 08:15:00,6988.9128,2924.0635,winter,day2,16
2025-02-15 08:20:00,6578.6772,2928.4272,winter,day2,16
2025-02-15 08:25:00,4691.0856,2918.7861,winter,day2,16
2025-02-15 08:30:00,4353.1416,2895.8672,winter,day2,16
2025-02-15 08:35:00,4543.8528,2897.3438,winter,day2,16
2025-02-15 08:40:00,4814.4108,2912.5435,winter,day2,16
2025-02-15 08:45:00,4399.854,2922.7886,winter,day2,16
2025-02-15 08:50:00,4330.0428,2933.9104,winter,day2,16
2025-02-15 08:55:00,5953.8024,2938.898,winter,day2,16
2025-02-15 09:00:00,5415.3864,2944.7441,winter,day2,16
2025-02-15 09:05:00,5265.3576,2931.8838,winter,day2,16
2025-02-15 09:10:00,4289.6376,2916.3213,winter,day2,16
2025-02-15 09:15:00,4193.6844,2899.309,winter,day2,16
2025-02-15 09:20:00,4645.1424,2897.9224,winter,day2,16
2025-02-15 09:25:00,4191.9552,2904.6714,winter,day2,16
2025-02-15 09:30:00,4246.309200000001,2907.851,winter,day2,16
2025-02-15 09:35:00,4949.8524,2901.893,winter,day2,16
2025-02-15 09:40:00,4334.73,2906.0352,winter,day2,16
2025-02-15 09:45:00,4737.3204,2905.675,winter,day2,16
2025-02-15 09:50:00,5548.7832,2915.7856,winter,day2,16
2025-02-15 09:55:00,5322.1932,2901.6245,winter,day2,16
2025-02-15 10:00:00,4632.3588,2908.2822,winter,day2,16
2025-02-15 10:05:00,5411.0076,2902.162,winter,day2,16
2025-02-15 10:10:00,6348.6888,2903.3164,winter,day2,16
2025-02-15 10:15:00,5285.1144,2908.7122,winter,day2,16
2025-02-15 10:20:00,4419.2328,2906.272,winter,day2,16
2025-02-15 10:25:00,4396.9956,2910.8687,winter,day2,16
2025-02-15 10:30:00,4392.759599999999,2918.5808,winter,day2,16
2025-02-15 10:35:00,6185.994000000001,2922.225,winter,day2,16
2025-02-15 10:40:00,5201.3652,2896.3381,winter,day2,16
2025-02-15 10:45:00,4983.3252,2907.7705,winter,day2,16
2025-02-15 10:50:00,6062.6004,2904.744,winter,day2,16
2025-02-15 10:55:00,4482.6528,2949.4866,winter,day2,16
2025-02-15 11:00:00,4369.5996,2918.65,winter,day2,16
2025-02-15 11:05:00,4604.948399999999,2967.6626,winter,day2,16
2025-02-15 11:10:00,4555.5,2976.8838,winter,day2,16
2025-02-15 11:15:00,5872.7052,2981.1465,winter,day2,16
2025-02-15 11:20:00,4895.9856,3000.0295,winter,day2,16
2025-02-15 11:25:00,6677.3724,3000.2317,winter,day2,16
2025-02-15 11:30:00,5196.2928,3011.7363,winter,day2,16
2025-02-15 11:35:00,4449.2304,3031.5417,winter,day2,16
2025-02-15 11:40:00,4519.8348,3025.9543,winter,day2,16
2025-02-15 11:45:00,4362.051600000001,3021.278,winter,day2,16
2025-02-15 11:50:00,5688.996,3044.6572,winter,day2,16
2025-02-15 11:55:00,6641.567999999999,3070.0212,winter,day2,16
2025-02-15 12:00:00,4780.4544000000005,3050.941,winter,day2,16
2025-02-15 12:05:00,4838.2955999999995,3020.9753,winter,day2,16
2025-02-15 12:10:00,6261.8604,3022.4766,winter,day2,16
2025-02-15 12:15:00,4966.3068,2992.6096,winter,day2,16
2025-02-15 12:20:00,4915.3116,3011.7832,winter,day2,16
2025-02-15 12:25:00,6678.210000000001,3035.8167,winter,day2,16
2025-02-15 12:30:00,5226.5712,3068.2117,winter,day2,16
2025-02-15 12:35:00,4141.104,3073.314,winter,day2,16
2025-02-15 12:40:00,3603.4008000000003,3068.9536,winter,day2,16
2025-02-15 12:45:00,3644.2043999999996,3067.8943,winter,day2,16
2025-02-15 12:50:00,2812.5912,3040.2593,winter,day2,16
2025-02-15 12:55:00,2937.4548000000004,3009.7827,winter,day2,16
2025-02-15 13:00:00,3804.3947999999996,2996.432,winter,day2,16
2025-02-15 13:05:00,2557.9824,3008.139,winter,day2,16
2025-02-15 13:10:00,3793.4616,3016.7976,winter,day2,16
2025-02-15 13:15:00,3430.7484000000004,3037.7349,winter,day2,16
2025-02-15 13:20:00,3147.3372,3046.9263,winter,day2,16
2025-02-15 13:25:00,2454.6096000000002,3043.151,winter,day2,16
2025-02-15 13:30:00,10347.3852,3037.0479,winter,day2,16
2025-02-15 13:35:00,12404.5884,3030.8862,winter,day2,16
2025-02-15 13:40:00,11947.5432,3023.7788,winter,day2,16
2025-02-15 13:45:00,12035.5848,3030.6675,winter,day2,16
2025-02-15 13:50:00,12659.388,3017.605,winter,day2,16
2025-02-15 13:55:00,12770.053199999998,3013.4053,winter,day2,16
2025-02-15 14:00:00,13642.8648,2989.5676,winter,day2,16
2025-02-15 14:05:00,5633.1012,2980.4688,winter,day2,16
2025-02-15 14:10:00,4914.022800000001,2973.7156,winter,day2,16
2025-02-15 14:15:00,4696.9056,2979.2295,winter,day2,16
2025-02-15 14:20:00,4501.5779999999995,2979.5977,winter,day2,16
2025-02-15 14:25:00,5893.4148,2972.9937,winter,day2,16
2025-02-15 14:30:00,7143.294,2982.1582,winter,day2,16
2025-02-15 14:35:00,6570.2508,2981.4592,winter,day2,16
2025-02-15 14:40:00,6067.0908,2978.2158,winter,day2,16
2025-02-15 14:45:00,7256.6952,2975.6013,winter,day2,16
2025-02-15 14:50:00,8559.5208,2977.8384,winter,day2,16
2025-02-15 14:55:00,8953.0584,2978.4346,winter,day2,16
2025-02-15 15:00:00,6538.944,2989.5242,winter,day2,16
2025-02-15 15:05:00,4598.980799999999,2993.8079,winter,day2,16
2025-02-15 15:10:00,5760.027599999999,3005.771,winter,day2,16
2025-02-15 15:15:00,6697.352400000001,3001.6362,winter,day2,16
2025-02-15 15:20:00,5173.7568,3015.1296,winter,day2,16
2025-02-15 15:25:00,4370.5908,3015.9836,winter,day2,16
2025-02-15 15:30:00,4713.4812,3009.915,winter,day2,16
2025-02-15 15:35:00,4968.6468,3018.877,winter,day2,16
2025-02-15 15:40:00,7555.3356,3017.0354,winter,day2,16
2025-02-15 15:45:00,7059.3864,3015.0046,winter,day2,16
2025-02-15 15:50:00,8549.5824,3019.5266,winter,day2,16
2025-02-15 15:55:00,8541.6696,3013.9814,winter,day2,16
2025-02-15 16:00:00,8092.132799999999,3004.171,winter,day2,16
2025-02-15 16:05:00,6996.906,3018.7522,winter,day2,16
2025-02-15 16:10:00,6957.266399999999,3019.4863,winter,day2,16
2025-02-15 16:15:00,6731.3724,3057.9902,winter,day2,16
2025-02-15 16:20:00,7061.8008,3075.2869,winter,day2,16
2025-02-15 16:25:00,7746.345600000001,3078.0967,winter,day2,16
2025-02-15 16:30:00,7681.7352,3084.0688,winter,day2,16
2025-02-15 16:35:00,7173.738,3095.376,winter,day2,16
2025-02-15 16:40:00,6496.0092,3104.9458,winter,day2,16
2025-02-15 16:45:00,5636.995199999999,3139.2944,winter,day2,16
2025-02-15 16:50:00,5181.9924,3173.4932,winter,day2,16
2025-02-15 16:55:00,5061.844800000001,3151.712,winter,day2,16
2025-02-15 17:00:00,5736.4704,3206.94,winter,day2,16
2025-02-15 17:05:00,5347.518,3163.4177,winter,day2,16
2025-02-15 17:10:00,6278.236800000001,3181.6978,winter,day2,16
2025-02-15 17:15:00,7073.215200000001,3203.688,winter,day2,16
2025-02-15 17:20:00,6359.3148,3218.392,winter,day2,16
2025-02-15 17:25:00,6632.8032,3228.8557,winter,day2,16
2025-02-15 17:30:00,6291.6108,3238.8064,winter,day2,16
2025-02-15 17:35:00,6996.260399999999,3227.1567,winter,day2,16
2025-02-15 17:40:00,6293.794800000001,3209.3733,winter,day2,16
2025-02-15 17:45:00,7691.7444000000005,3203.1396,winter,day2,16
2025-02-15 17:50:00,6314.8584,3202.0708,winter,day2,16
2025-02-15 17:55:00,6229.6524,3231.3965,winter,day2,16
2025-02-15 18:00:00,6089.13,3265.9846,winter,day2,16
2025-02-15 18:05:00,9879.4008,3249.7512,winter,day2,16
2025-02-15 18:10:00,11469.4416,3212.996,winter,day2,16
2025-02-15 18:15:00,11986.0548,3171.8003,winter,day2,16
2025-02-15 18:20:00,7759.8924,3175.7183,winter,day2,16
2025-02-15 18:25:00,7490.6772,3171.6265,winter,day2,16
2025-02-15 18:30:00,7945.158,3172.7349,winter,day2,16
2025-02-15 18:35:00,9408.1236,3176.4126,winter,day2,16
2025-02-15 18:40:00,7508.767199999999,3222.8748,winter,day2,16
2025-02-15 18:45:00,6825.6216,3246.585,winter,day2,16
2025-02-15 18:50:00,5278.8432,3264.3154,winter,day2,16
2025-02-15 18:55:00,4547.1072,3250.7583,winter,day2,16
2025-02-15 19:00:00,4536.4968,3210.0361,winter,day2,16
2025-02-15 19:05:00,4995.2388,3194.175,winter,day2,16
2025-02-15 19:10:00,7088.988,3195.4956,winter,day2,16
2025-02-15 19:15:00,5754.777599999999,3199.8877,winter,day2,16
2025-02-15 19:20:00,5796.762000000001,3211.9187,winter,day2,16
2025-02-15 19:25:00,4289.941199999999,3215.274,winter,day2,16
2025-02-15 19:30:00,4289.2919999999995,3198.9072,winter,day2,16
2025-02-15 19:35:00,4805.046,3182.8577,winter,day2,16
2025-02-15 19:40:00,4305.5568,3168.7505,winter,day2,16
2025-02-15 19:45:00,4204.6836,3162.2004,winter,day2,16
2025-02-15 19:50:00,4491.5136,3161.423,winter,day2,16
2025-02-15 19:55:00,4038.1008,3160.7646,winter,day2,16
2025-02-15 20:00:00,4228.7088,3157.211,winter,day2,16
2025-02-15 20:05:00,4548.522,3153.1804,winter,day2,16
2025-02-15 20:10:00,5616.1008,3157.4485,winter,day2,16
2025-02-15 20:15:00,5732.5608,3160.838,winter,day2,16
2025-02-15 20:20:00,3872.2488,3161.761,winter,day2,16
2025-02-15 20:25:00,3953.9892,3151.7417,winter,day2,16
2025-02-15 20:30:00,3924.7884,3155.9375,winter,day2,16
2025-02-15 20:35:00,4385.402400000001,3139.464,winter,day2,16
2025-02-15 20:40:00,4002.9119999999994,3143.1638,winter,day2,16
2025-02-15 20:45:00,6012.9672,3138.4453,winter,day2,16
2025-02-15 20:50:00,5836.6644,3140.6465,winter,day2,16
2025-02-15 20:55:00,4751.3016,3148.2686,winter,day2,16
2025-02-15 21:00:00,4026.8196,3141.4502,winter,day2,16
2025-02-15 21:05:00,3470.2619999999997,3138.1235,winter,day2,16
2025-02-15 21:10:00,3234.0612,3139.0115,winter,day2,16
2025-02-15 21:15:00,2808.1104,3129.7637,winter,day2,16
2025-02-15 21:20:00,2842.9559999999997,3107.547,winter,day2,16
2025-02-15 21:25:00,2899.9248,3119.5293,winter,day2,16
2025-02-15 21:30:00,2940.126,3112.3845,winter,day2,16
2025-02-15 21:35:00,3015.5256,3145.0586,winter,day2,16
2025-02-15 21:40:00,2942.934,3164.2883,winter,day2,16
2025-02-15 21:45:00,3243.2904,3133.6475,winter,day2,16
2025-02-15 21:50:00,3078.7044,3120.5994,winter,day2,16
2025-02-15 21:55:00,2939.5775999999996,3173.2646,winter,day2,16
2025-02-15 22:00:00,2648.214,3165.2742,winter,day2,16
2025-02-15 22:05:00,2525.3544,3183.3518,winter,day2,16
2025-02-15 22:10:00,2470.1268,3200.155,winter,day2,16
2025-02-15 22:15:00,2454.642,3198.9766,winter,day2,16
2025-02-15 22:20:00,3749.8032,3208.1467,winter,day2,16
2025-02-15 22:25:00,3233.868,3219.9102,winter,day2,16
2025-02-15 22:30:00,2614.3848,3227.5518,winter,day2,16
2025-02-15 22:35:00,2474.7624,3244.8013,winter,day2,16
2025-02-15 22:40:00,2493.3743999999997,3195.5156,winter,day2,16
2025-02-15 22:45:00,2640.4103999999998,3170.3613,winter,day2,16
2025-02-15 22:50:00,2646.7583999999997,3159.524,winter,day2,16
2025-02-15 22:55:00,2626.6344,3176.4436,winter,day2,16
2025-02-15 23:00:00,2640.1115999999997,3183.679,winter,day2,16
2025-02-15 23:05:00,2685.4056,3193.2778,winter,day2,16
2025-02-15 23:10:00,2946.2928,3206.7322,winter,day2,16
2025-02-15 23:15:00,2753.5404000000003,3173.135,winter,day2,16
2025-02-15 23:20:00,2502.9816,3164.8584,winter,day2,16
2025-02-15 23:25:00,2548.0272,3162.4094,winter,day2,16
2025-02-15 23:30:00,2540.3940000000002,3166.6772,winter,day2,16
2025-02-15 23:35:00,2539.1664,3181.776,winter,day2,16
2025-02-15 23:40:00,2457.7032,3212.7783,winter,day2,16
2025-02-15 23:45:00,2438.4072,3212.9456,winter,day2,16
2025-02-15 23:50:00,2441.1,3216.8677,winter,day2,16
2025-02-15 23:55:00,2596.3404,3231.8801,winter,day2,16
2025-12-02 00:00:00,2584.6764,2528.8335,winter,day3,21
2025-12-02 00:05:00,2585.208,2537.9639,winter,day3,21
2025-12-02 00:10:00,2589.12,2541.9146,winter,day3,21
2025-12-02 00:15:00,2559.282,2556.6924,winter,day3,21
2025-12-02 00:20:00,2531.1192,2573.3076,winter,day3,21
2025-12-02 00:25:00,2496.3887999999997,2580.8984,winter,day3,21
2025-12-02 00:30:00,2486.3280000000004,2584.876,winter,day3,21
2025-12-02 00:35:00,2690.9939999999997,2596.8672,winter,day3,21
2025-12-02 00:40:00,2574.9252,2600.7158,winter,day3,21
2025-12-02 00:45:00,2494.8108,2604.51,winter,day3,21
2025-12-02 00:50:00,2455.4892,2611.4453,winter,day3,21
2025-12-02 00:55:00,2462.4516,2615.4604,winter,day3,21
2025-12-02 01:00:00,2447.6135999999997,2623.4246,winter,day3,21
2025-12-02 01:05:00,2474.5703999999996,2629.9775,winter,day3,21
2025-12-02 01:10:00,2497.134,2636.3826,winter,day3,21
2025-12-02 01:15:00,2529.6516,2647.395,winter,day3,21
2025-12-02 01:20:00,2571.4692000000005,2644.7632,winter,day3,21
2025-12-02 01:25:00,2593.9512,2647.7334,winter,day3,21
2025-12-02 01:30:00,2562.9576,2648.031,winter,day3,21
2025-12-02 01:35:00,2498.9148,2652.2292,winter,day3,21
2025-12-02 01:40:00,2532.2592,2647.1646,winter,day3,21
2025-12-02 01:45:00,2671.7832,2646.3657,winter,day3,21
2025-12-02 01:50:00,2719.0872,2645.8918,winter,day3,21
2025-12-02 01:55:00,2499.786,2652.1572,winter,day3,21
2025-12-02 02:00:00,2475.3660000000004,2653.6655,winter,day3,21
2025-12-02 02:05:00,2435.1972,2651.663,winter,day3,21
2025-12-02 02:10:00,2416.3512,2656.352,winter,day3,21
2025-12-02 02:15:00,2404.0716,2650.2998,winter,day3,21
2025-12-02 02:20:00,2407.6464,2648.1108,winter,day3,21
2025-12-02 02:25:00,2513.4552,2643.7437,winter,day3,21
2025-12-02 02:30:00,2573.7744,2639.6934,winter,day3,21
2025-12-02 02:35:00,2593.4412,2630.8843,winter,day3,21
2025-12-02 02:40:00,2579.1264,2636.9297,winter,day3,21
2025-12-02 02:45:00,2561.5332000000003,2629.0186,winter,day3,21
2025-12-02 02:50:00,2554.6704,2622.87,winter,day3,21
2025-12-02 02:55:00,2680.9188000000004,2615.0972,winter,day3,21
2025-12-02 03:00:00,2821.9284,2617.777,winter,day3,21
2025-12-02 03:05:00,2529.4788,2617.649,winter,day3,21
2025-12-02 03:10:00,2450.1108,2617.475,winter,day3,21
2025-12-02 03:15:00,2541.4308,2615.196,winter,day3,21
2025-12-02 03:20:00,2563.3116,2614.5908,winter,day3,21
2025-12-02 03:25:00,2546.5824000000002,2616.059,winter,day3,21
2025-12-02 03:30:00,2570.7768,2620.8901,winter,day3,21
2025-12-02 03:35:00,2608.5348,2616.3384,winter,day3,21
2025-12-02 03:40:00,2459.814,2619.8716,winter,day3,21
2025-12-02 03:45:00,2487.6552,2627.7847,winter,day3,21
2025-12-02 03:50:00,2492.58,2632.454,winter,day3,21
2025-12-02 03:55:00,2491.2708,2638.1807,winter,day3,21
2025-12-02 04:00:00,2595.0984,2640.0293,winter,day3,21
2025-12-02 04:05:00,2754.0708,2640.641,winter,day3,21
2025-12-02 04:10:00,2676.1644,2638.474,winter,day3,21
2025-12-02 04:15:00,2469.6984,2640.1335,winter,day3,21
2025-12-02 04:20:00,2466.5412,2649.1973,winter,day3,21
2025-12-02 04:25:00,2462.928,2657.3496,winter,day3,21
2025-12-02 04:30:00,2440.3848000000003,2662.269,winter,day3,21
2025-12-02 04:35:00,2441.0292,2659.396,winter,day3,21
2025-12-02 04:40:00,2483.6016,2667.4248,winter,day3,21
2025-12-02 04:45:00,2476.2864,2661.201,winter,day3,21
2025-12-02 04:50:00,2476.3128,2666.0317,winter,day3,21
2025-12-02 04:55:00,2498.7888,2667.9626,winter,day3,21
2025-12-02 05:00:00,2523.3660000000004,2670.4712,winter,day3,21
2025-12-02 05:05:00,2492.9892,2683.451,winter,day3,21
2025-12-02 05:10:00,2602.7760000000003,2685.753,winter,day3,21
2025-12-02 05:15:00,2801.0388,2694.7095,winter,day3,21
2025-12-02 05:20:00,2673.4776,2693.3804,winter,day3,21
2025-12-02 05:25:00,2574.0732,2709.0386,winter,day3,21
2025-12-02 05:30:00,2596.2648,2689.577,winter,day3,21
2025-12-02 05:35:00,2568.6384,2711.413,winter,day3,21
2025-12-02 05:40:00,2539.674,2725.4868,winter,day3,21
2025-12-02 05:45:00,2670.9276,2733.9854,winter,day3,21
2025-12-02 05:50:00,2813.7347999999997,2743.2197,winter,day3,21
2025-12-02 05:55:00,2841.3156,2733.8474,winter,day3,21
2025-12-02 06:00:00,2828.9052,2755.0918,winter,day3,21
2025-12-02 06:05:00,3314.8008,2762.7654,winter,day3,21
2025-12-02 06:10:00,3381.696,2759.2747,winter,day3,21
2025-12-02 06:15:00,3469.9020000000005,2777.563,winter,day3,21
2025-12-02 06:20:00,3127.2312,2781.5884,winter,day3,21
2025-12-02 06:25:00,3247.2599999999998,2774.081,winter,day3,21
2025-12-02 06:30:00,3546.2699999999995,2797.1362,winter,day3,21
2025-12-02 06:35:00,3619.1964,2798.7708,winter,day3,21
2025-12-02 06:40:00,3879.7032,2811.7144,winter,day3,21
2025-12-02 06:45:00,3268.986,2813.7725,winter,day3,21
2025-12-02 06:50:00,3886.7904000000003,2815.6646,winter,day3,21
2025-12-02 06:55:00,3782.0352,2816.238,winter,day3,21
2025-12-02 07:00:00,3783.4752,2820.621,winter,day3,21
2025-12-02 07:05:00,3802.332,2827.158,winter,day3,21
2025-12-02 07:10:00,3549.6432,2834.688,winter,day3,21
2025-12-02 07:15:00,4389.8184,2843.3735,winter,day3,21
2025-12-02 07:20:00,3724.4375999999997,2837.8403,winter,day3,21
2025-12-02 07:25:00,3420.7776,2843.3452,winter,day3,21
2025-12-02 07:30:00,3205.5792,2849.5977,winter,day3,21
2025-12-02 07:35:00,10705.3956,2852.4165,winter,day3,21
2025-12-02 07:40:00,10067.283599999999,2861.6191,winter,day3,21
2025-12-02 07:45:00,7560.3408,2852.9983,winter,day3,21
2025-12-02 07:50:00,4807.704,2856.433,winter,day3,21
2025-12-02 07:55:00,4616.5488,2857.0166,winter,day3,21
2025-12-02 08:00:00,4571.3387999999995,2865.2424,winter,day3,21
2025-12-02 08:05:00,4221.3384,2866.9429,winter,day3,21
2025-12-02 08:10:00,4044.636,2870.4192,winter,day3,21
2025-12-02 08:15:00,4346.2464,2857.4817,winter,day3,21
2025-12-02 08:20:00,4628.1012,2844.942,winter,day3,21
2025-12-02 08:25:00,3938.0112,2871.4336,winter,day3,21
2025-12-02 08:30:00,4449.6516,2866.6272,winter,day3,21
2025-12-02 08:35:00,4098.3972,2864.3665,winter,day3,21
2025-12-02 08:40:00,4391.9016,2865.991,winter,day3,21
2025-12-02 08:45:00,4145.3616,2871.4082,winter,day3,21
2025-12-02 08:50:00,4601.3772,2881.9082,winter,day3,21
2025-12-02 08:55:00,3736.4676,2889.3784,winter,day3,21
2025-12-02 09:00:00,3649.4195999999997,2899.5767,winter,day3,21
2025-12-02 09:05:00,3287.7876000000006,2899.7246,winter,day3,21
2025-12-02 09:10:00,3704.5728000000004,2900.7896,winter,day3,21
2025-12-02 09:15:00,3636.1944000000003,2897.3203,winter,day3,21
2025-12-02 09:20:00,3402.618,2894.6418,winter,day3,21
2025-12-02 09:25:00,3828.1452,2896.586,winter,day3,21
2025-12-02 09:30:00,4100.364,2902.8765,winter,day3,21
2025-12-02 09:35:00,5915.7228000000005,2892.4004,winter,day3,21
2025-12-02 09:40:00,5611.8984,2905.5054,winter,day3,21
2025-12-02 09:45:00,6284.7444000000005,2918.917,winter,day3,21
2025-12-02 09:50:00,5128.0464,2929.77,winter,day3,21
2025-12-02 09:55:00,3856.9595999999997,2920.5386,winter,day3,21
2025-12-02 10:00:00,3329.1684,2929.4868,winter,day3,21
2025-12-02 10:05:00,3522.4547999999995,2920.7534,winter,day3,21
2025-12-02 10:10:00,4173.559200000001,2925.4236,winter,day3,21
2025-12-02 10:15:00,3471.6612,2923.8525,winter,day3,21
2025-12-02 10:20:00,3522.942,2926.8677,winter,day3,21
2025-12-02 10:25:00,4584.6348,2928.918,winter,day3,21
2025-12-02 10:30:00,3909.4919999999997,2937.373,winter,day3,21
2025-12-02 10:35:00,3484.4916,2943.1687,winter,day3,21
2025-12-02 10:40:00,3428.1732,2934.1328,winter,day3,21
2025-12-02 10:45:00,3359.4804000000004,2941.219,winter,day3,21
2025-12-02 10:50:00,3126.1104,2937.4634,winter,day3,21
2025-12-02 10:55:00,3711.8604,2958.1743,winter,day3,21
2025-12-02 11:00:00,5273.270399999999,2980.5469,winter,day3,21
2025-12-02 11:05:00,4952.9976,2963.1758,winter,day3,21
2025-12-02 11:10:00,5216.586,3001.8667,winter,day3,21
2025-12-02 11:15:00,3273.0155999999997,3006.4812,winter,day3,21
2025-12-02 11:20:00,3135.8532,3020.505,winter,day3,21
2025-12-02 11:25:00,3062.5092,3016.2847,winter,day3,21
2025-12-02 11:30:00,3240.69,3033.2888,winter,day3,21
2025-12-02 11:35:00,3230.982,3048.9087,winter,day3,21
2025-12-02 11:40:00,3260.3904,3057.8184,winter,day3,21
2025-12-02 11:45:00,3225.2184,3049.717,winter,day3,21
2025-12-02 11:50:00,3921.918,3048.5051,winter,day3,21
2025-12-02 11:55:00,3512.7203999999997,3046.92,winter,day3,21
2025-12-02 12:00:00,4808.245199999999,3032.428,winter,day3,21
2025-12-02 12:05:00,3658.2396,3028.93,winter,day3,21
2025-12-02 12:10:00,2711.4744,3025.7036,winter,day3,21
2025-12-02 12:15:00,2604.3948,3056.4395,winter,day3,21
2025-12-02 12:20:00,2801.2212,3094.6206,winter,day3,21
2025-12-02 12:25:00,2865.6012,3073.8542,winter,day3,21
2025-12-02 12:30:00,2542.9548000000004,3053.8896,winter,day3,21
2025-12-02 12:35:00,2481.0984,3057.6548,winter,day3,21
2025-12-02 12:40:00,2771.0076,3061.6433,winter,day3,21
2025-12-02 12:45:00,2348.0148,3084.789,winter,day3,21
2025-12-02 12:50:00,2308.3548,3108.6094,winter,day3,21
2025-12-02 12:55:00,3027.4595999999997,3108.3594,winter,day3,21
2025-12-02 13:00:00,3510.2940000000003,3098.2222,winter,day3,21
2025-12-02 13:05:00,2609.2752,3078.5044,winter,day3,21
2025-12-02 13:10:00,2433.036,3090.4783,winter,day3,21
2025-12-02 13:15:00,2345.9052,3100.1516,winter,day3,21
2025-12-02 13:20:00,2655.876,3113.8276,winter,day3,21
2025-12-02 13:25:00,2783.5164,3118.0576,winter,day3,21
2025-12-02 13:30:00,2350.638,3118.305,winter,day3,21
2025-12-02 13:35:00,2416.8804,3118.2524,winter,day3,21
2025-12-02 13:40:00,2738.5032,3111.6294,winter,day3,21
2025-12-02 13:45:00,2698.3332,3121.0913,winter,day3,21
2025-12-02 13:50:00,3171.6468,3112.9333,winter,day3,21
2025-12-02 13:55:00,2537.556,3107.5938,winter,day3,21
2025-12-02 14:00:00,3734.082,3106.6128,winter,day3,21
2025-12-02 14:05:00,3048.7907999999998,3103.9424,winter,day3,21
2025-12-02 14:10:00,2487.3120000000004,3108.2646,winter,day3,21
2025-12-02 14:15:00,2934.0072,3120.8977,winter,day3,21
2025-12-02 14:20:00,2624.2871999999998,3134.0776,winter,day3,21
2025-12-02 14:25:00,2740.02,3133.378,winter,day3,21
2025-12-02 14:30:00,4219.794,3125.6233,winter,day3,21
2025-12-02 14:35:00,2654.328,3107.626,winter,day3,21
2025-12-02 14:40:00,2405.3988,3098.4824,winter,day3,21
2025-12-02 14:45:00,2550.5124,3089.2085,winter,day3,21
2025-12-02 14:50:00,2943.7871999999998,3103.811,winter,day3,21
2025-12-02 14:55:00,3097.4543999999996,3109.414,winter,day3,21
2025-12-02 15:00:00,3536.3184,3134.9688,winter,day3,21
2025-12-02 15:05:00,3761.1816,3160.0518,winter,day3,21
2025-12-02 15:10:00,5736.9144,3177.026,winter,day3,21
2025-12-02 15:15:00,3531.6684,3169.7717,winter,day3,21
2025-12-02 15:20:00,3434.8368,3168.4458,winter,day3,21
2025-12-02 15:25:00,4197.5772,3155.7314,winter,day3,21
2025-12-02 15:30:00,3837.726,3144.7983,winter,day3,21
2025-12-02 15:35:00,3723.4392,3141.2544,winter,day3,21
2025-12-02 15:40:00,4281.906,3136.4165,winter,day3,21
2025-12-02 15:45:00,4808.8788,3127.1152,winter,day3,21
2025-12-02 15:50:00,8003.0748,3129.0059,winter,day3,21
2025-12-02 15:55:00,10921.180799999998,3116.1995,winter,day3,21
2025-12-02 16:00:00,7045.9512,3108.7007,winter,day3,21
2025-12-02 16:05:00,5442.3348,3117.648,winter,day3,21
2025-12-02 16:10:00,4902.6432,3121.9104,winter,day3,21
2025-12-02 16:15:00,5564.142,3136.9265,winter,day3,21
2025-12-02 16:20:00,5172.030000000001,3167.3267,winter,day3,21
2025-12-02 16:25:00,4569.3876,3167.7344,winter,day3,21
2025-12-02 16:30:00,6030.306,3185.4285,winter,day3,21
2025-12-02 16:35:00,4963.482,3195.523,winter,day3,21
2025-12-02 16:40:00,4907.358,3270.7427,winter,day3,21
2025-12-02 16:45:00,4758.9276,3213.5881,winter,day3,21
2025-12-02 16:50:00,5014.9980000000005,3231.028,winter,day3,21
2025-12-02 16:55:00,4404.9828,3217.516,winter,day3,21
2025-12-02 17:00:00,4670.3988,3197.886,winter,day3,21
2025-12-02 17:05:00,5168.3315999999995,3225.8347,winter,day3,21
2025-12-02 17:10:00,5390.0964,3274.1628,winter,day3,21
2025-12-02 17:15:00,6159.0216,3221.47,winter,day3,21
2025-12-02 17:20:00,4260.8243999999995,3229.9204,winter,day3,21
2025-12-02 17:25:00,5884.4256000000005,3242.6216,winter,day3,21
2025-12-02 17:30:00,4307.7312,3288.484,winter,day3,21
2025-12-02 17:35:00,4909.2768,3280.4294,winter,day3,21
2025-12-02 17:40:00,4737.6744,3268.2766,winter,day3,21
2025-12-02 17:45:00,4368.9684,3257.858,winter,day3,21
2025-12-02 17:50:00,4411.5156,3294.5762,winter,day3,21
2025-12-02 17:55:00,5227.368,3258.5212,winter,day3,21
2025-12-02 18:00:00,5888.1816,3261.5806,winter,day3,21
2025-12-02 18:05:00,9812.7636,3288.9497,winter,day3,21
2025-12-02 18:10:00,11284.710000000001,3316.0254,winter,day3,21
2025-12-02 18:15:00,11618.9928,3332.3428,winter,day3,21
2025-12-02 18:20:00,10094.826,3335.657,winter,day3,21
2025-12-02 18:25:00,10502.1132,3292.8599,winter,day3,21
2025-12-02 18:30:00,12101.6124,3241.9822,winter,day3,21
2025-12-02 18:35:00,9531.9984,3215.3806,winter,day3,21
2025-12-02 18:40:00,10680.1812,3227.5374,winter,day3,21
2025-12-02 18:45:00,12144.138,3237.7454,winter,day3,21
2025-12-02 18:50:00,7109.723999999999,3245.6309,winter,day3,21
2025-12-02 18:55:00,7418.1972000000005,3253.6167,winter,day3,21
2025-12-02 19:00:00,7708.2648,3265.1694,winter,day3,21
2025-12-02 19:05:00,9314.2776,3284.2705,winter,day3,21
2025-12-02 19:10:00,9864.9504,3292.3005,winter,day3,21
2025-12-02 19:15:00,8999.8596,3294.206,winter,day3,21
2025-12-02 19:20:00,6535.7339999999995,3300.837,winter,day3,21
2025-12-02 19:25:00,4100.412,3309.943,winter,day3,21
2025-12-02 19:30:00,4550.5188,3309.1594,winter,day3,21
2025-12-02 19:35:00,4494.7788,3282.1104,winter,day3,21
2025-12-02 19:40:00,3748.4796,3269.8079,winter,day3,21
2025-12-02 19:45:00,5512.9872000000005,3248.8853,winter,day3,21
2025-12-02 19:50:00,3661.0932000000003,3221.1294,winter,day3,21
2025-12-02 19:55:00,3563.4252,3196.4758,winter,day3,21
2025-12-02 20:00:00,3712.278,3186.6902,winter,day3,21
2025-12-02 20:05:00,3904.3032,3171.937,winter,day3,21
2025-12-02 20:10:00,4927.479600000001,3167.6904,winter,day3,21
2025-12-02 20:15:00,3493.1376000000005,3166.7646,winter,day3,21
2025-12-02 20:20:00,3690.5063999999998,3166.9463,winter,day3,21
2025-12-02 20:25:00,5000.07,3166.4985,winter,day3,21
2025-12-02 20:30:00,3994.9392,3171.752,winter,day3,21
2025-12-02 20:35:00,3530.514,3160.4795,winter,day3,21
2025-12-02 20:40:00,4586.4767999999995,3161.7727,winter,day3,21
2025-12-02 20:45:00,3391.0656000000004,3149.071,winter,day3,21
2025-12-02 20:50:00,3483.6696,3156.6562,winter,day3,21
2025-12-02 20:55:00,3330.3588000000004,3158.37,winter,day3,21
2025-12-02 21:00:00,3306.4811999999997,3157.0845,winter,day3,21
2025-12-02 21:05:00,3287.6268000000005,3163.6138,winter,day3,21
2025-12-02 21:10:00,3172.2275999999997,3170.1646,winter,day3,21
2025-12-02 21:15:00,3150.8544,3160.276,winter,day3,21
2025-12-02 21:20:00,3292.8588000000004,3146.1855,winter,day3,21
2025-12-02 21:25:00,3413.5824000000002,3159.3276,winter,day3,21
2025-12-02 21:30:00,3162.7932,3173.7073,winter,day3,21
2025-12-02 21:35:00,2532.1032,3187.0574,winter,day3,21
2025-12-02 21:40:00,2470.866,3199.3801,winter,day3,21
2025-12-02 21:45:00,2432.8896,3208.4985,winter,day3,21
2025-12-02 21:50:00,2435.016,3199.332,winter,day3,21
2025-12-02 21:55:00,2388.636,3248.458,winter,day3,21
2025-12-02 22:00:00,2384.8104,3217.0034,winter,day3,21
2025-12-02 22:05:00,2335.4088,3230.4263,winter,day3,21
2025-12-02 22:10:00,2418.3408,3236.9739,winter,day3,21
2025-12-02 22:15:00,2474.7095999999997,3244.7036,winter,day3,21
2025-12-02 22:20:00,2393.5464,3239.8289,winter,day3,21
2025-12-02 22:25:00,2419.8024,3214.3618,winter,day3,21
2025-12-02 22:30:00,2450.4492,3220.9485,winter,day3,21
2025-12-02 22:35:00,2568.1416,3233.431,winter,day3,21
2025-12-02 22:40:00,2598.1284,3181.041,winter,day3,21
2025-12-02 22:45:00,2508.744,3163.276,winter,day3,21
2025-12-02 22:50:00,2466.5652,3163.4802,winter,day3,21
2025-12-02 22:55:00,2458.7472,3173.543,winter,day3,21
2025-12-02 23:00:00,2433.3815999999997,3165.5671,winter,day3,21
2025-12-02 23:05:00,2410.7076,3184.121,winter,day3,21
2025-12-02 23:10:00,2413.4472,3212.1116,winter,day3,21
2025-12-02 23:15:00,2412.6312000000003,3241.4727,winter,day3,21
2025-12-02 23:20:00,2454.2844,3239.0945,winter,day3,21
2025-12-02 23:25:00,2464.9236,3229.292,winter,day3,21
2025-12-02 23:30:00,2458.1592,3236.8564,winter,day3,21
2025-12-02 23:35:00,2471.8356,3223.7312,winter,day3,21
2025-12-02 23:40:00,2516.2943999999998,3218.5623,winter,day3,21
2025-12-02 23:45:00,2607.6972,3205.0894,winter,day3,21
2025-12-02 23:50:00,2705.5236,3191.871,winter,day3,21
2025-12-02 23:55:00,2556.8328,3180.7515,winter,day3,21
2025-12-16 00:00:00,2537.6531999999997,2462.3374,winter,day4,21
2025-12-16 00:05:00,2463.0612,2470.0527,winter,day4,21
2025-12-16 00:10:00,2478.9552,2472.6035,winter,day4,21
2025-12-16 00:15:00,2475.5952,2489.5479,winter,day4,21
2025-12-16 00:20:00,2526.93,2500.6924,winter,day4,21
2025-12-16 00:25:00,2661.3804,2507.2227,winter,day4,21
2025-12-16 00:30:00,2497.9211999999998,2509.9795,winter,day4,21
2025-12-16 00:35:00,2512.8108,2517.7737,winter,day4,21
2025-12-16 00:40:00,2480.7372,2520.1455,winter,day4,21
2025-12-16 00:45:00,2447.2524,2525.5134,winter,day4,21
2025-12-16 00:50:00,2428.0188000000003,2529.2395,winter,day4,21
2025-12-16 00:55:00,2469.3876,2532.958,winter,day4,21
2025-12-16 01:00:00,2464.098,2541.3384,winter,day4,21
2025-12-16 01:05:00,2487.9096,2548.6343,winter,day4,21
2025-12-16 01:10:00,2482.6068,2554.8167,winter,day4,21
2025-12-16 01:15:00,2474.6244,2570.8975,winter,day4,21
2025-12-16 01:20:00,2426.1996,2573.945,winter,day4,21
2025-12-16 01:25:00,2422.1484,2577.4512,winter,day4,21
2025-12-16 01:30:00,2423.5595999999996,2580.023,winter,day4,21
2025-12-16 01:35:00,2611.6068000000005,2583.0464,winter,day4,21
2025-12-16 01:40:00,2671.5756,2580.1726,winter,day4,21
2025-12-16 01:45:00,2519.8584,2583.025,winter,day4,21
2025-12-16 01:50:00,2502.0,2584.559,winter,day4,21
2025-12-16 01:55:00,2512.4988,2589.6072,winter,day4,21
2025-12-16 02:00:00,2486.046,2594.2676,winter,day4,21
2025-12-16 02:05:00,2490.7403999999997,2594.231,winter,day4,21
2025-12-16 02:10:00,2474.5836,2596.1118,winter,day4,21
2025-12-16 02:15:00,2457.4428,2595.9678,winter,day4,21
2025-12-16 02:20:00,2506.3812,2594.713,winter,day4,21
2025-12-16 02:25:00,2499.4668,2594.8455,winter,day4,21
2025-12-16 02:30:00,2483.6232,2592.3196,winter,day4,21
2025-12-16 02:35:00,2487.9108,2588.2363,winter,day4,21
2025-12-16 02:40:00,2523.3455999999996,2595.3647,winter,day4,21
2025-12-16 02:45:00,2520.9156000000003,2593.2952,winter,day4,21
2025-12-16 02:50:00,2706.6036,2587.7441,winter,day4,21
2025-12-16 02:55:00,2766.4248,2587.5251,winter,day4,21
2025-12-16 03:00:00,2290.1076000000003,2591.038,winter,day4,21
2025-12-16 03:05:00,2421.8496,2588.229,winter,day4,21
2025-12-16 03:10:00,2512.548,2588.7805,winter,day4,21
2025-12-16 03:15:00,2539.3104,2591.9023,winter,day4,21
2025-12-16 03:20:00,2553.546,2590.25,winter,day4,21
2025-12-16 03:25:00,2564.2932,2596.891,winter,day4,21
2025-12-16 03:30:00,2555.55,2599.0967,winter,day4,21
2025-12-16 03:35:00,2529.3684000000003,2593.125,winter,day4,21
2025-12-16 03:40:00,2524.3296,2594.9531,winter,day4,21
2025-12-16 03:45:00,2553.1776,2603.0962,winter,day4,21
2025-12-16 03:50:00,2598.0492,2604.7126,winter,day4,21
2025-12-16 03:55:00,2610.4031999999997,2608.444,winter,day4,21
2025-12-16 04:00:00,2672.9664000000002,2606.728,winter,day4,21
2025-12-16 04:05:00,2769.1476,2604.1558,winter,day4,21
2025-12-16 04:10:00,2510.9796,2605.1255,winter,day4,21
2025-12-16 04:15:00,2513.3496,2605.107,winter,day4,21
2025-12-16 04:20:00,2461.6572,2611.6338,winter,day4,21
2025-12-16 04:25:00,2454.2832000000003,2616.883,winter,day4,21
2025-12-16 04:30:00,2431.9415999999997,2625.102,winter,day4,21
2025-12-16 04:35:00,2428.5168000000003,2618.5571,winter,day4,21
2025-12-16 04:40:00,2429.9412,2627.7805,winter,day4,21
2025-12-16 04:45:00,2432.2812,2624.312,winter,day4,21
2025-12-16 04:50:00,2449.4688,2631.2065,winter,day4,21
2025-12-16 04:55:00,2473.9968,2633.5034,winter,day4,21
2025-12-16 05:00:00,2527.7064,2629.8203,winter,day4,21
2025-12-16 05:05:00,2551.5227999999997,2643.435,winter,day4,21
2025-12-16 05:10:00,2566.3548,2650.8875,winter,day4,21
2025-12-16 05:15:00,2722.0716,2654.2144,winter,day4,21
2025-12-16 05:20:00,2673.9900000000002,2656.5713,winter,day4,21
2025-12-16 05:25:00,2507.898,2674.708,winter,day4,21
2025-12-16 05:30:00,2523.1512000000002,2655.2336,winter,day4,21
2025-12-16 05:35:00,2549.0676,2679.457,winter,day4,21
2025-12-16 05:40:00,2525.4012,2684.2686,winter,day4,21
2025-12-16 05:45:00,2511.8568,2695.4707,winter,day4,21
2025-12-16 05:50:00,2513.7456,2716.811,winter,day4,21
2025-12-16 05:55:00,2576.892,2705.7969,winter,day4,21
2025-12-16 06:00:00,3618.0396,2707.0884,winter,day4,21
2025-12-16 06:05:00,3193.9272,2725.5923,winter,day4,21
2025-12-16 06:10:00,3056.322,2737.8706,winter,day4,21
2025-12-16 06:15:00,3188.802,2738.0264,winter,day4,21
2025-12-16 06:20:00,3320.8584,2739.9766,winter,day4,21
2025-12-16 06:25:00,3678.6936,2745.6199,winter,day4,21
2025-12-16 06:30:00,3141.4139999999998,2747.2964,winter,day4,21
2025-12-16 06:35:00,3588.9756,2758.916,winter,day4,21
2025-12-16 06:40:00,3585.9936000000002,2744.9146,winter,day4,21
2025-12-16 06:45:00,3242.9543999999996,2744.1675,winter,day4,21
2025-12-16 06:50:00,3911.3903999999993,2768.848,winter,day4,21
2025-12-16 06:55:00,3752.6135999999997,2779.1006,winter,day4,21
2025-12-16 07:00:00,3536.4792,2786.876,winter,day4,21
2025-12-16 07:05:00,3213.9744,2792.6724,winter,day4,21
2025-12-16 07:10:00,3840.2915999999996,2803.5034,winter,day4,21
2025-12-16 07:15:00,3452.256,2806.6785,winter,day4,21
2025-12-16 07:20:00,4289.8572,2810.0186,winter,day4,21
2025-12-16 07:25:00,3764.9388,2824.623,winter,day4,21
2025-12-16 07:30:00,3594.4968,2829.6829,winter,day4,21
2025-12-16 07:35:00,8889.6912,2826.3018,winter,day4,21
2025-12-16 07:40:00,13350.6684,2835.4543,winter,day4,21
2025-12-16 07:45:00,8135.238,2827.269,winter,day4,21
2025-12-16 07:50:00,7084.504800000001,2808.8386,winter,day4,21
2025-12-16 07:55:00,7205.719200000001,2825.0898,winter,day4,21
2025-12-16 08:00:00,5879.8068,2845.3633,winter,day4,21
2025-12-16 08:05:00,4666.3068,2845.9014,winter,day4,21
2025-12-16 08:10:00,4394.0808,2846.5476,winter,day4,21
2025-12-16 08:15:00,5070.0396,2842.465,winter,day4,21
2025-12-16 08:20:00,5125.4232,2815.6675,winter,day4,21
2025-12-16 08:25:00,4303.0656,2810.7048,winter,day4,21
2025-12-16 08:30:00,4704.1788,2807.8394,winter,day4,21
2025-12-16 08:35:00,4075.7591999999995,2808.336,winter,day4,21
2025-12-16 08:40:00,5405.31,2812.157,winter,day4,21
2025-12-16 08:45:00,4404.897599999999,2832.6855,winter,day4,21
2025-12-16 08:50:00,4950.6528,2843.32,winter,day4,21
2025-12-16 08:55:00,6181.3092,2853.458,winter,day4,21
2025-12-16 09:00:00,7122.306,2863.055,winter,day4,21
2025-12-16 09:05:00,6685.9908,2866.4446,winter,day4,21
2025-12-16 09:10:00,5233.7771999999995,2875.205,winter,day4,21
2025-12-16 09:15:00,4153.1268,2880.2717,winter,day4,21
2025-12-16 09:20:00,4161.3144,2894.5366,winter,day4,21
2025-12-16 09:25:00,4026.3971999999994,2889.1946,winter,day4,21
2025-12-16 09:30:00,5052.306,2885.4202,winter,day4,21
2025-12-16 09:35:00,4094.2668,2879.3464,winter,day4,21
2025-12-16 09:40:00,4127.8476,2889.1697,winter,day4,21
2025-12-16 09:45:00,4505.4204,2894.6426,winter,day4,21
2025-12-16 09:50:00,4041.7356,2904.4004,winter,day4,21
2025-12-16 09:55:00,4273.462799999999,2899.1985,winter,day4,21
2025-12-16 10:00:00,4452.0552,2901.0078,winter,day4,21
2025-12-16 10:05:00,4339.7004,2895.861,winter,day4,21
2025-12-16 10:10:00,4576.8612,2900.0698,winter,day4,21
2025-12-16 10:15:00,4096.518,2902.8076,winter,day4,21
2025-12-16 10:20:00,4990.0284,2901.9976,winter,day4,21
2025-12-16 10:25:00,4283.2356,2902.1025,winter,day4,21
2025-12-16 10:30:00,4198.0848,2907.668,winter,day4,21
2025-12-16 10:35:00,4275.766799999999,2911.5957,winter,day4,21
2025-12-16 10:40:00,4266.4704,2901.7256,winter,day4,21
2025-12-16 10:45:00,4146.7356,2910.778,winter,day4,21
2025-12-16 10:50:00,4051.476,2908.4102,winter,day4,21
2025-12-16 10:55:00,4008.6924,2929.2148,winter,day4,21
2025-12-16 11:00:00,3833.4636,2938.3772,winter,day4,21
2025-12-16 11:05:00,3885.5519999999997,2938.5864,winter,day4,21
2025-12-16 11:10:00,4982.191199999999,2979.3706,winter,day4,21
2025-12-16 11:15:00,4509.4524,2977.8066,winter,day4,21
2025-12-16 11:20:00,5283.576,3004.872,winter,day4,21
2025-12-16 11:25:00,5901.5736,3003.3306,winter,day4,21
2025-12-16 11:30:00,4369.2048,2986.204,winter,day4,21
2025-12-16 11:35:00,3914.8235999999997,3018.912,winter,day4,21
2025-12-16 11:40:00,3608.1084,3016.3381,winter,day4,21
2025-12-16 11:45:00,3877.2612,3007.6362,winter,day4,21
2025-12-16 11:50:00,4029.2700000000004,3004.753,winter,day4,21
2025-12-16 11:55:00,3742.668,2995.872,winter,day4,21
2025-12-16 12:00:00,6038.3544,3009.2046,winter,day4,21
2025-12-16 12:05:00,4067.7383999999997,3016.9065,winter,day4,21
2025-12-16 12:10:00,4482.716399999999,3020.4224,winter,day4,21
2025-12-16 12:15:00,3729.8424,3018.2083,winter,day4,21
2025-12-16 12:20:00,3680.1672,3052.796,winter,day4,21
2025-12-16 12:25:00,3748.7160000000003,3058.6992,winter,day4,21
2025-12-16 12:30:00,4284.1068,3044.892,winter,day4,21
2025-12-16 12:35:00,3777.2724000000003,3053.9111,winter,day4,21
2025-12-16 12:40:00,4806.6084,3061.31,winter,day4,21
2025-12-16 12:45:00,4121.4264,3075.9688,winter,day4,21
2025-12-16 12:50:00,3663.7932,3082.0415,winter,day4,21
2025-12-16 12:55:00,3641.1803999999997,3076.9458,winter,day4,21
2025-12-16 13:00:00,4079.0616,3081.7097,winter,day4,21
2025-12-16 13:05:00,5389.7448,3082.1133,winter,day4,21
2025-12-16 13:10:00,4180.530000000001,3083.3555,winter,day4,21
2025-12-16 13:15:00,3867.5292,3087.978,winter,day4,21
2025-12-16 13:20:00,3947.0832,3092.0396,winter,day4,21
2025-12-16 13:25:00,4291.2084,3095.5088,winter,day4,21
2025-12-16 13:30:00,3750.8556,3089.9897,winter,day4,21
2025-12-16 13:35:00,3951.222,3091.6855,winter,day4,21
2025-12-16 13:40:00,3920.4024,3085.1206,winter,day4,21
2025-12-16 13:45:00,3324.2484000000004,3105.7822,winter,day4,21
2025-12-16 13:50:00,3828.1944000000003,3124.5173,winter,day4,21
2025-12-16 13:55:00,3311.3136,3136.5293,winter,day4,21
2025-12-16 14:00:00,3627.4115999999995,3160.863,winter,day4,21
2025-12-16 14:05:00,3714.8712,3181.1792,winter,day4,21
2025-12-16 14:10:00,4166.5199999999995,3180.696,winter,day4,21
2025-12-16 14:15:00,3917.3808000000004,3165.4238,winter,day4,21
2025-12-16 14:20:00,5278.9044,3162.7046,winter,day4,21
2025-12-16 14:25:00,3564.9252,3152.0205,winter,day4,21
2025-12-16 14:30:00,3410.8896,3141.3354,winter,day4,21
2025-12-16 14:35:00,3794.142,3152.1309,winter,day4,21
2025-12-16 14:40:00,4064.0759999999996,3209.791,winter,day4,21
2025-12-16 14:45:00,4060.0187999999994,3188.0132,winter,day4,21
2025-12-16 14:50:00,5638.8264,3179.4893,winter,day4,21
2025-12-16 14:55:00,4045.8311999999996,3177.6743,winter,day4,21
2025-12-16 15:00:00,5577.5988,3162.184,winter,day4,21
2025-12-16 15:05:00,5338.7663999999995,3175.5415,winter,day4,21
2025-12-16 15:10:00,4601.8332,3195.0957,winter,day4,21
2025-12-16 15:15:00,4514.3004,3197.8481,winter,day4,21
2025-12-16 15:20:00,4651.674000000001,3206.0183,winter,day4,21
2025-12-16 15:25:00,4688.780400000001,3209.042,winter,day4,21
2025-12-16 15:30:00,5018.646,3192.9346,winter,day4,21
2025-12-16 15:35:00,4649.3124,3195.6226,winter,day4,21
2025-12-16 15:40:00,5036.8956,3191.5024,winter,day4,21
2025-12-16 15:45:00,6101.222400000001,3187.3564,winter,day4,21
2025-12-16 15:50:00,5310.1344,3194.4453,winter,day4,21
2025-12-16 15:55:00,5578.8444,3174.6096,winter,day4,21
2025-12-16 16:00:00,6418.926,3162.9214,winter,day4,21
2025-12-16 16:05:00,6934.9872000000005,3180.4458,winter,day4,21
2025-12-16 16:10:00,5723.4084,3181.8228,winter,day4,21
2025-12-16 16:15:00,6220.02,3198.6094,winter,day4,21
2025-12-16 16:20:00,6189.9816,3233.95,winter,day4,21
2025-12-16 16:25:00,8523.5976,3213.3494,winter,day4,21
2025-12-16 16:30:00,6921.2136,3260.794,winter,day4,21
2025-12-16 16:35:00,6369.4176,3274.566,winter,day4,21
2025-12-16 16:40:00,5543.4936,3318.0225,winter,day4,21
2025-12-16 16:45:00,5541.312,3276.0693,winter,day4,21
2025-12-16 16:50:00,6021.54,3295.6582,winter,day4,21
2025-12-16 16:55:00,5594.2212,3343.7402,winter,day4,21
2025-12-16 17:00:00,5404.383599999999,3336.5496,winter,day4,21
2025-12-16 17:05:00,5644.6044,3312.0112,winter,day4,21
2025-12-16 17:10:00,5346.6396,3364.894,winter,day4,21
2025-12-16 17:15:00,5382.9756,3296.476,winter,day4,21
2025-12-16 17:20:00,5437.419599999999,3306.1538,winter,day4,21
2025-12-16 17:25:00,5168.364,3317.6794,winter,day4,21
2025-12-16 17:30:00,4849.17,3331.5225,winter,day4,21
2025-12-16 17:35:00,4824.846,3342.0786,winter,day4,21
2025-12-16 17:40:00,4795.218,3304.2344,winter,day4,21
2025-12-16 17:45:00,4838.4264,3337.1094,winter,day4,21
2025-12-16 17:50:00,5375.1948,3390.4165,winter,day4,21
2025-12-16 17:55:00,6129.4152,3379.5747,winter,day4,21
2025-12-16 18:00:00,7022.948399999999,3365.0994,winter,day4,21
2025-12-16 18:05:00,9322.598399999999,3407.139,winter,day4,21
2025-12-16 18:10:00,12304.332,3440.474,winter,day4,21
2025-12-16 18:15:00,13883.9892,3425.7263,winter,day4,21
2025-12-16 18:20:00,10606.9176,3370.349,winter,day4,21
2025-12-16 18:25:00,11033.883600000001,3313.719,winter,day4,21
2025-12-16 18:30:00,10770.066,3292.606,winter,day4,21
2025-12-16 18:35:00,10817.2656,3327.2456,winter,day4,21
2025-12-16 18:40:00,10768.5732,3361.9875,winter,day4,21
2025-12-16 18:45:00,11083.158,3372.481,winter,day4,21
2025-12-16 18:50:00,10502.316,3386.7017,winter,day4,21
2025-12-16 18:55:00,11726.8764,3400.082,winter,day4,21
2025-12-16 19:00:00,9362.4708,3402.1392,winter,day4,21
2025-12-16 19:05:00,8939.4012,3393.5452,winter,day4,21
2025-12-16 19:10:00,9068.5296,3361.1924,winter,day4,21
2025-12-16 19:15:00,10369.382399999999,3345.2588,winter,day4,21
2025-12-16 19:20:00,4406.4276,3314.042,winter,day4,21
2025-12-16 19:25:00,4186.9980000000005,3287.1545,winter,day4,21
2025-12-16 19:30:00,3759.4103999999998,3290.4062,winter,day4,21
2025-12-16 19:35:00,3591.4980000000005,3304.992,winter,day4,21
2025-12-16 19:40:00,3997.8432000000003,3311.835,winter,day4,21
2025-12-16 19:45:00,4548.5256,3318.917,winter,day4,21
2025-12-16 19:50:00,3994.7388,3287.0645,winter,day4,21
2025-12-16 19:55:00,3709.2588000000005,3282.26,winter,day4,21
2025-12-16 20:00:00,3851.6184000000003,3273.5576,winter,day4,21
2025-12-16 20:05:00,3718.47,3268.6675,winter,day4,21
2025-12-16 20:10:00,3542.9483999999998,3266.3223,winter,day4,21
2025-12-16 20:15:00,3521.2992,3270.0947,winter,day4,21
2025-12-16 20:20:00,3372.9900000000002,3274.442,winter,day4,21
2025-12-16 20:25:00,3389.2332,3269.3792,winter,day4,21
2025-12-16 20:30:00,3283.4328,3268.5173,winter,day4,21
2025-12-16 20:35:00,3479.4120000000003,3257.1265,winter,day4,21
2025-12-16 20:40:00,3745.8095999999996,3255.2402,winter,day4,21
2025-12-16 20:45:00,3636.8256,3240.4739,winter,day4,21
2025-12-16 20:50:00,3511.9475999999995,3248.045,winter,day4,21
2025-12-16 20:55:00,3160.8300000000004,3265.5066,winter,day4,21
2025-12-16 21:00:00,2850.8544,3258.065,winter,day4,21
2025-12-16 21:05:00,3042.5196,3259.8237,winter,day4,21
2025-12-16 21:10:00,2641.8276,3265.7744,winter,day4,21
2025-12-16 21:15:00,2519.262,3243.4082,winter,day4,21
2025-12-16 21:20:00,2553.0744,3230.209,winter,day4,21
2025-12-16 21:25:00,2424.522,3244.99,winter,day4,21
2025-12-16 21:30:00,2406.6228,3242.2578,winter,day4,21
2025-12-16 21:35:00,2408.4168,3265.7874,winter,day4,21
2025-12-16 21:40:00,2452.5396,3267.9646,winter,day4,21
2025-12-16 21:45:00,2527.0487999999996,3272.938,winter,day4,21
2025-12-16 21:50:00,2566.5407999999998,3298.716,winter,day4,21
2025-12-16 21:55:00,2691.1824,3288.2915,winter,day4,21
2025-12-16 22:00:00,2636.7324,3300.6973,winter,day4,21
2025-12-16 22:05:00,2519.8163999999997,3289.6326,winter,day4,21
2025-12-16 22:10:00,2459.0063999999998,3298.9556,winter,day4,21
2025-12-16 22:15:00,2469.444,3305.4058,winter,day4,21
2025-12-16 22:20:00,2629.8804,3313.913,winter,day4,21
2025-12-16 22:25:00,2411.6412,3300.9414,winter,day4,21
2025-12-16 22:30:00,2404.7952,3239.783,winter,day4,21
2025-12-16 22:35:00,2386.5227999999997,3252.9697,winter,day4,21
2025-12-16 22:40:00,2356.6524,3242.736,winter,day4,21
2025-12-16 22:45:00,2410.1699999999996,3249.0447,winter,day4,21
2025-12-16 22:50:00,2458.6308,3250.1016,winter,day4,21
2025-12-16 22:55:00,2457.5592,3267.026,winter,day4,21
2025-12-16 23:00:00,2356.7484,3256.0547,winter,day4,21
2025-12-16 23:05:00,2337.0996,3276.7524,winter,day4,21
2025-12-16 23:10:00,2441.2511999999997,3313.099,winter,day4,21
2025-12-16 23:15:00,2482.1556,3336.135,winter,day4,21
2025-12-16 23:20:00,2489.8968,3317.6714,winter,day4,21
2025-12-16 23:25:00,2577.7008,3283.1143,winter,day4,21
2025-12-16 23:30:00,2728.6416,3276.7605,winter,day4,21
2025-12-16 23:35:00,2683.764,3248.9983,winter,day4,21
2025-12-16 23:40:00,2471.9808000000003,3211.4873,winter,day4,21
2025-12-16 23:45:00,2458.0584,3168.2388,winter,day4,21
2025-12-16 23:50:00,2508.2268,3170.8994,winter,day4,21
2025-12-16 23:55:00,2562.8736,3194.9175,winter,day4,21
2025-12-31 00:00:00,3338.9136,3402.709,winter,day5,21
2025-12-31 00:05:00,3319.3343999999997,3443.665,winter,day5,21
2025-12-31 00:10:00,2794.9272,3465.0703,winter,day5,21
2025-12-31 00:15:00,3241.1208,3502.9597,winter,day5,21
2025-12-31 00:20:00,2992.0703999999996,3541.9294,winter,day5,21
2025-12-31 00:25:00,3351.4127999999996,3573.058,winter,day5,21
2025-12-31 00:30:00,3351.6444,3594.5884,winter,day5,21
2025-12-31 00:35:00,2985.12,3613.5276,winter,day5,21
2025-12-31 00:40:00,3308.274,3611.0256,winter,day5,21
2025-12-31 00:45:00,3283.6752,3616.689,winter,day5,21
2025-12-31 00:50:00,3266.0256,3612.1614,winter,day5,21
2025-12-31 00:55:00,3306.7512,3597.03,winter,day5,21
2025-12-31 01:00:00,2924.0676,3583.2983,winter,day5,21
2025-12-31 01:05:00,3583.3644,3569.648,winter,day5,21
2025-12-31 01:10:00,3572.2008,3541.002,winter,day5,21
2025-12-31 01:15:00,3407.7563999999998,3519.1016,winter,day5,21
2025-12-31 01:20:00,3333.2388,3463.8696,winter,day5,21
2025-12-31 01:25:00,3103.6272,3440.727,winter,day5,21
2025-12-31 01:30:00,3114.5016,3406.171,winter,day5,21
2025-12-31 01:35:00,2717.7156,3371.4207,winter,day5,21
2025-12-31 01:40:00,2677.3104,3340.2925,winter,day5,21
2025-12-31 01:45:00,2759.4504,3313.7065,winter,day5,21
2025-12-31 01:50:00,2732.4624,3288.7646,winter,day5,21
2025-12-31 01:55:00,2525.8248,3265.3188,winter,day5,21
2025-12-31 02:00:00,2513.3172,3239.9827,winter,day5,21
2025-12-31 02:05:00,2507.8452,3210.362,winter,day5,21
2025-12-31 02:10:00,2518.17,3196.7202,winter,day5,21
2025-12-31 02:15:00,2575.4700000000003,3161.447,winter,day5,21
2025-12-31 02:20:00,2600.076,3134.7302,winter,day5,21
2025-12-31 02:25:00,2733.7608,3116.6313,winter,day5,21
2025-12-31 02:30:00,2878.1268,3096.748,winter,day5,21
2025-12-31 02:35:00,2681.0556,3078.8193,winter,day5,21
2025-12-31 02:40:00,2654.16,3042.4333,winter,day5,21
2025-12-31 02:45:00,2642.2284,3023.8318,winter,day5,21
2025-12-31 02:50:00,2643.522,2998.278,winter,day5,21
2025-12-31 02:55:00,2711.7408000000005,2984.3079,winter,day5,21
2025-12-31 03:00:00,2456.0964,2970.0347,winter,day5,21
2025-12-31 03:05:00,2610.2784,2979.749,winter,day5,21
2025-12-31 03:10:00,2780.85,2963.418,winter,day5,21
2025-12-31 03:15:00,2629.2455999999997,2959.307,winter,day5,21
2025-12-31 03:20:00,2558.4924,2956.7363,winter,day5,21
2025-12-31 03:25:00,2607.1164,2960.128,winter,day5,21
2025-12-31 03:30:00,2624.0988,2966.5203,winter,day5,21
2025-12-31 03:35:00,2653.4604,2954.671,winter,day5,21
2025-12-31 03:40:00,2596.5335999999998,2963.8093,winter,day5,21
2025-12-31 03:45:00,2587.9199999999996,2978.0266,winter,day5,21
2025-12-31 03:50:00,2564.3892,2990.6555,winter,day5,21
2025-12-31 03:55:00,2620.44,3000.3916,winter,day5,21
2025-12-31 04:00:00,2676.4896,3002.3108,winter,day5,21
2025-12-31 04:05:00,2725.3512,3011.2007,winter,day5,21
2025-12-31 04:10:00,2698.3068,3012.7773,winter,day5,21
2025-12-31 04:15:00,2618.6076000000003,3022.961,winter,day5,21
2025-12-31 04:20:00,2582.802,3029.1487,winter,day5,21
2025-12-31 04:25:00,2585.6232,3050.0864,winter,day5,21
2025-12-31 04:30:00,2729.1276,3052.399,winter,day5,21
2025-12-31 04:35:00,2707.9440000000004,3050.9963,winter,day5,21
2025-12-31 04:40:00,2614.2036,3059.8203,winter,day5,21
2025-12-31 04:45:00,2609.3724,3057.6653,winter,day5,21
2025-12-31 04:50:00,2532.6348,3052.146,winter,day5,21
2025-12-31 04:55:00,2524.2924,3064.3643,winter,day5,21
2025-12-31 05:00:00,2552.7192,3068.5115,winter,day5,21
2025-12-31 05:05:00,2590.962,3079.8467,winter,day5,21
2025-12-31 05:10:00,2662.6608,3098.739,winter,day5,21
2025-12-31 05:15:00,2660.9856,3083.106,winter,day5,21
2025-12-31 05:20:00,2644.1448,3079.5356,winter,day5,21
2025-12-31 05:25:00,2650.6716,3086.5244,winter,day5,21
2025-12-31 05:30:00,2610.084,3078.1929,winter,day5,21
2025-12-31 05:35:00,2720.0328,3083.2468,winter,day5,21
2025-12-31 05:40:00,2779.6992,3085.0938,winter,day5,21
2025-12-31 05:45:00,2879.2716,3072.42,winter,day5,21
2025-12-31 05:50:00,2901.7116,3088.997,winter,day5,21
2025-12-31 05:55:00,2602.9991999999997,3095.0884,winter,day5,21
2025-12-31 06:00:00,2562.9984,3105.435,winter,day5,21
2025-12-31 06:05:00,2562.6924,3080.5242,winter,day5,21
2025-12-31 06:10:00,2514.3912,3073.1465,winter,day5,21
2025-12-31 06:15:00,2505.2196,3051.8384,winter,day5,21
2025-12-31 06:20:00,2627.9424,3042.7573,winter,day5,21
2025-12-31 06:25:00,2631.9516,3043.2563,winter,day5,21
2025-12-31 06:30:00,2570.6196,3046.6104,winter,day5,21
2025-12-31 06:35:00,2528.904,3039.31,winter,day5,21
2025-12-31 06:40:00,2597.9376,3033.677,winter,day5,21
2025-12-31 06:45:00,3277.6716,3031.4849,winter,day5,21
2025-12-31 06:50:00,2724.3419999999996,3033.8367,winter,day5,21
2025-12-31 06:55:00,3794.3148,3049.3052,winter,day5,21
2025-12-31 07:00:00,3542.3412,3073.9438,winter,day5,21
2025-12-31 07:05:00,3736.728,3084.6047,winter,day5,21
2025-12-31 07:10:00,3571.6476000000002,3048.904,winter,day5,21
2025-12-31 07:15:00,3651.3527999999997,3051.5164,winter,day5,21
2025-12-31 07:20:00,3699.6192,3053.7346,winter,day5,21
2025-12-31 07:25:00,3630.0996,3058.5298,winter,day5,21
2025-12-31 07:30:00,3662.142,3045.048,winter,day5,21
2025-12-31 07:35:00,3685.2119999999995,3035.41,winter,day5,21
2025-12-31 07:40:00,3743.3592,3040.327,winter,day5,21
2025-12-31 07:45:00,3919.9871999999996,3036.039,winter,day5,21
2025-12-31 07:50:00,4016.8248,3038.2722,winter,day5,21
2025-12-31 07:55:00,3773.514,3043.8264,winter,day5,21
2025-12-31 08:00:00,3514.1724000000004,3046.6836,winter,day5,21
2025-12-31 08:05:00,3398.4924,3048.065,winter,day5,21
2025-12-31 08:10:00,3332.1804,3044.7212,winter,day5,21
2025-12-31 08:15:00,3295.9188000000004,3048.7556,winter,day5,21
2025-12-31 08:20:00,3875.2344,3048.1602,winter,day5,21
2025-12-31 08:25:00,4055.7504,3056.361,winter,day5,21
2025-12-31 08:30:00,4329.8328,3019.438,winter,day5,21
2025-12-31 08:35:00,3847.4483999999998,3017.1704,winter,day5,21
2025-12-31 08:40:00,3638.88,3024.5044,winter,day5,21
2025-12-31 08:45:00,4250.6004,3035.6655,winter,day5,21
2025-12-31 08:50:00,5217.933599999999,3034.1143,winter,day5,21
2025-12-31 08:55:00,5401.4208,3025.6172,winter,day5,21
2025-12-31 09:00:00,5468.3712,3029.806,winter,day5,21
2025-12-31 09:05:00,6148.494000000001,3028.3533,winter,day5,21
2025-12-31 09:10:00,5363.1864000000005,3022.4573,winter,day5,21
2025-12-31 09:15:00,5088.996,3011.899,winter,day5,21
2025-12-31 09:20:00,4635.3804,3007.151,winter,day5,21
2025-12-31 09:25:00,4231.6344,2998.2397,winter,day5,21
2025-12-31 09:30:00,4401.9384,2987.0574,winter,day5,21
2025-12-31 09:35:00,4285.6488,2984.154,winter,day5,21
2025-12-31 09:40:00,4400.7660000000005,2977.8057,winter,day5,21
2025-12-31 09:45:00,10283.52,2980.9832,winter,day5,21
2025-12-31 09:50:00,9461.2608,2974.2524,winter,day5,21
2025-12-31 09:55:00,6320.339999999999,2965.5964,winter,day5,21
2025-12-31 10:00:00,5219.9544000000005,2967.958,winter,day5,21
2025-12-31 10:05:00,6990.068399999999,2966.5435,winter,day5,21
2025-12-31 10:10:00,7397.634000000001,2967.2788,winter,day5,21
2025-12-31 10:15:00,6904.8912,2972.566,winter,day5,21
2025-12-31 10:20:00,7039.7004,2980.1553,winter,day5,21
2025-12-31 10:25:00,5734.6788,2987.3408,winter,day5,21
2025-12-31 10:30:00,4595.825999999999,3002.8494,winter,day5,21
2025-12-31 10:35:00,4877.7708,3009.8918,winter,day5,21
2025-12-31 10:40:00,4928.214,3011.5386,winter,day5,21
2025-12-31 10:45:00,4913.7684,3023.2676,winter,day5,21
2025-12-31 10:50:00,4863.794400000001,3022.8728,winter,day5,21
2025-12-31 10:55:00,4884.3576,3030.396,winter,day5,21
2025-12-31 11:00:00,6113.4084,3070.3499,winter,day5,21
2025-12-31 11:05:00,6825.190799999999,3072.2847,winter,day5,21
2025-12-31 11:10:00,4889.0424,3074.0286,winter,day5,21
2025-12-31 11:15:00,4561.323600000001,3038.289,winter,day5,21
2025-12-31 11:20:00,4379.131200000001,3052.12,winter,day5,21
2025-12-31 11:25:00,4388.6124,3066.267,winter,day5,21
2025-12-31 11:30:00,4846.6488,3081.165,winter,day5,21
2025-12-31 11:35:00,4757.1408,3080.4773,winter,day5,21
2025-12-31 11:40:00,4462.3944,3049.6978,winter,day5,21
2025-12-31 11:45:00,4755.7464,3060.4238,winter,day5,21
2025-12-31 11:50:00,4390.89,3021.5781,winter,day5,21
2025-12-31 11:55:00,4404.8412,3033.374,winter,day5,21
2025-12-31 12:00:00,5794.1556,3009.8794,winter,day5,21
2025-12-31 12:05:00,4418.346,3011.6987,winter,day5,21
2025-12-31 12:10:00,5056.236,3011.0444,winter,day5,21
2025-12-31 12:15:00,5098.2708,3011.7356,winter,day5,21
2025-12-31 12:20:00,4206.414,3029.5286,winter,day5,21
2025-12-31 12:25:00,3740.4792,3066.0505,winter,day5,21
2025-12-31 12:30:00,4270.369199999999,3073.3174,winter,day5,21
2025-12-31 12:35:00,3738.846,3026.415,winter,day5,21
2025-12-31 12:40:00,3676.3055999999997,3009.755,winter,day5,21
2025-12-31 12:45:00,3983.2188,3015.54,winter,day5,21
2025-12-31 12:50:00,4142.532,3018.675,winter,day5,21
2025-12-31 12:55:00,4682.7924,3011.678,winter,day5,21
2025-12-31 13:00:00,3651.5472,3016.5896,winter,day5,21
2025-12-31 13:05:00,3380.8475999999996,3013.349,winter,day5,21
2025-12-31 13:10:00,3235.3272,3018.3584,winter,day5,21
2025-12-31 13:15:00,3393.5544,3039.3545,winter,day5,21
2025-12-31 13:20:00,3722.7455999999997,3034.4565,winter,day5,21
2025-12-31 13:25:00,3094.4916,3034.3625,winter,day5,21
2025-12-31 13:30:00,3354.0228,3016.3027,winter,day5,21
2025-12-31 13:35:00,3534.4464,3018.9214,winter,day5,21
2025-12-31 13:40:00,4910.742,3020.6584,winter,day5,21
2025-12-31 13:45:00,3182.7648,3016.2002,winter,day5,21
2025-12-31 13:50:00,3054.1944,2983.3018,winter,day5,21
2025-12-31 13:55:00,3002.3016000000002,2986.0957,winter,day5,21
2025-12-31 14:00:00,2984.1696,2997.0303,winter,day5,21
2025-12-31 14:05:00,3174.0047999999997,3013.0874,winter,day5,21
2025-12-31 14:10:00,3060.2676,3027.3628,winter,day5,21
2025-12-31 14:15:00,3016.8,3024.2175,winter,day5,21
2025-12-31 14:20:00,3024.552,3002.2114,winter,day5,21
2025-12-31 14:25:00,3008.0016,3002.9368,winter,day5,21
2025-12-31 14:30:00,2977.5504,3011.8628,winter,day5,21
2025-12-31 14:35:00,2995.1868,3013.4355,winter,day5,21
2025-12-31 14:40:00,3277.6440000000002,3024.9658,winter,day5,21
2025-12-31 14:45:00,3150.348,3020.9702,winter,day5,21
2025-12-31 14:50:00,3066.4632,3019.6177,winter,day5,21
2025-12-31 14:55:00,3065.202,3031.9707,winter,day5,21
2025-12-31 15:00:00,3021.1884,3028.1616,winter,day5,21
2025-12-31 15:05:00,2968.5,3028.53,winter,day5,21
2025-12-31 15:10:00,2935.4376,3026.5364,winter,day5,21
2025-12-31 15:15:00,3112.5912,3015.577,winter,day5,21
2025-12-31 15:20:00,3107.9436,3011.2937,winter,day5,21
2025-12-31 15:25:00,2957.5236,3001.7922,winter,day5,21
2025-12-31 15:30:00,2978.1096,3001.7354,winter,day5,21
2025-12-31 15:35:00,2978.2392,3016.818,winter,day5,21
2025-12-31 15:40:00,2978.1612,3037.007,winter,day5,21
2025-12-31 15:45:00,2993.9676,3042.513,winter,day5,21
2025-12-31 15:50:00,3241.9056,3052.2651,winter,day5,21
2025-12-31 15:55:00,3256.4268,3047.4395,winter,day5,21
2025-12-31 16:00:00,3148.1603999999998,3051.605,winter,day5,21
2025-12-31 16:05:00,3193.7232,3062.6318,winter,day5,21
2025-12-31 16:10:00,3213.4632,3072.3584,winter,day5,21
2025-12-31 16:15:00,3326.7936,3100.5576,winter,day5,21
2025-12-31 16:20:00,3319.1495999999997,3117.6692,winter,day5,21
2025-12-31 16:25:00,3282.486,3135.4463,winter,day5,21
2025-12-31 16:30:00,3423.804,3151.34,winter,day5,21
2025-12-31 16:35:00,3312.3659999999995,3161.1094,winter,day5,21
2025-12-31 16:40:00,3215.3652,3145.5244,winter,day5,21
2025-12-31 16:45:00,3342.4656000000004,3133.6816,winter,day5,21
2025-12-31 16:50:00,3411.024,3136.018,winter,day5,21
2025-12-31 16:55:00,3581.5235999999995,3146.6582,winter,day5,21
2025-12-31 17:00:00,3520.2288,3192.4634,winter,day5,21
2025-12-31 17:05:00,3353.9616,3192.8623,winter,day5,21
2025-12-31 17:10:00,3362.9724,3165.9346,winter,day5,21
2025-12-31 17:15:00,3338.9352,3176.8135,winter,day5,21
2025-12-31 17:20:00,3324.5736000000006,3177.03,winter,day5,21
2025-12-31 17:25:00,3249.9816,3160.2402,winter,day5,21
2025-12-31 17:30:00,3212.5800000000004,3154.1167,winter,day5,21
2025-12-31 17:35:00,3211.5263999999997,3173.1667,winter,day5,21
2025-12-31 17:40:00,3443.358,3144.4094,winter,day5,21
2025-12-31 17:45:00,3471.1619999999994,3164.5154,winter,day5,21
2025-12-31 17:50:00,3254.922,3194.065,winter,day5,21
2025-12-31 17:55:00,3212.4456,3214.9053,winter,day5,21
2025-12-31 18:00:00,3897.6492,3226.9734,winter,day5,21
2025-12-31 18:05:00,6079.2816,3241.2449,winter,day5,21
2025-12-31 18:10:00,8732.07,3226.9465,winter,day5,21
2025-12-31 18:15:00,10121.2344,3175.9834,winter,day5,21
2025-12-31 18:20:00,10166.0112,3168.9155,winter,day5,21
2025-12-31 18:25:00,9286.32,3156.1711,winter,day5,21
2025-12-31 18:30:00,9876.8364,3167.3564,winter,day5,21
2025-12-31 18:35:00,9728.7576,3198.0063,winter,day5,21
2025-12-31 18:40:00,10754.2644,3211.4248,winter,day5,21
2025-12-31 18:45:00,9422.2032,3213.3354,winter,day5,21
2025-12-31 18:50:00,10060.2228,3195.2153,winter,day5,21
2025-12-31 18:55:00,9426.3576,3195.055,winter,day5,21
2025-12-31 19:00:00,10228.1712,3169.211,winter,day5,21
2025-12-31 19:05:00,9329.5824,3169.388,winter,day5,21
2025-12-31 19:10:00,9846.7392,3140.4058,winter,day5,21
2025-12-31 19:15:00,9757.6764,3135.636,winter,day5,21
2025-12-31 19:20:00,3601.8120000000004,3120.0815,winter,day5,21
2025-12-31 19:25:00,2518.1063999999997,3115.963,winter,day5,21
2025-12-31 19:30:00,2554.3332,3115.445,winter,day5,21
2025-12-31 19:35:00,2569.9883999999997,3110.6301,winter,day5,21
2025-12-31 19:40:00,2584.7196,3113.1074,winter,day5,21
2025-12-31 19:45:00,2544.3527999999997,3117.7854,winter,day5,21
2025-12-31 19:50:00,2550.6443999999997,3117.4885,winter,day5,21
2025-12-31 19:55:00,2509.4736000000003,3111.9272,winter,day5,21
2025-12-31 20:00:00,2468.7516,3105.8406,winter,day5,21
2025-12-31 20:05:00,2578.404,3100.2002,winter,day5,21
2025-12-31 20:10:00,2585.016,3092.8853,winter,day5,21
2025-12-31 20:15:00,2491.5156,3104.849,winter,day5,21
2025-12-31 20:20:00,2616.33,3104.564,winter,day5,21
2025-12-31 20:25:00,2699.3508,3103.8503,winter,day5,21
2025-12-31 20:30:00,2727.7608,3095.0044,winter,day5,21
2025-12-31 20:35:00,2821.0836000000004,3083.0688,winter,day5,21
2025-12-31 20:40:00,2587.2383999999997,3084.6792,winter,day5,21
2025-12-31 20:45:00,2546.3856,3080.5222,winter,day5,21
2025-12-31 20:50:00,2522.6184000000003,3087.6682,winter,day5,21
2025-12-31 20:55:00,2542.3464,3101.8872,winter,day5,21
2025-12-31 21:00:00,2529.996,3107.6194,winter,day5,21
2025-12-31 21:05:00,2506.7016,3113.809,winter,day5,21
2025-12-31 21:10:00,2507.3232,3125.4448,winter,day5,21
2025-12-31 21:15:00,2447.2799999999997,3114.2021,winter,day5,21
2025-12-31 21:20:00,2453.8836,3104.07,winter,day5,21
2025-12-31 21:25:00,2469.5328,3112.7485,winter,day5,21
2025-12-31 21:30:00,2475.8928,3127.219,winter,day5,21
2025-12-31 21:35:00,2655.1764,3120.1387,winter,day5,21
2025-12-31 21:40:00,2679.09,3154.8857,winter,day5,21
2025-12-31 21:45:00,2519.6688000000004,3154.1016,winter,day5,21
2025-12-31 21:50:00,2522.1984,3179.469,winter,day5,21
2025-12-31 21:55:00,2541.0371999999998,3142.5386,winter,day5,21
2025-12-31 22:00:00,2644.1531999999997,3164.4163,winter,day5,21
2025-12-31 22:05:00,2618.184,3157.8694,winter,day5,21
2025-12-31 22:10:00,2623.7676,3164.8955,winter,day5,21
2025-12-31 22:15:00,2541.876,3163.5598,winter,day5,21
2025-12-31 22:20:00,2579.6711999999998,3167.4792,winter,day5,21
2025-12-31 22:25:00,2563.0739999999996,3197.5234,winter,day5,21
2025-12-31 22:30:00,2559.7188,3180.9167,winter,day5,21
2025-12-31 22:35:00,2531.4911999999995,3182.506,winter,day5,21
2025-12-31 22:40:00,2508.1008,3143.061,winter,day5,21
2025-12-31 22:45:00,2500.602,3161.6533,winter,day5,21
2025-12-31 22:50:00,2753.952,3154.5327,winter,day5,21
2025-12-31 22:55:00,2793.0588,3152.1301,winter,day5,21
2025-12-31 23:00:00,2577.3888,3109.7502,winter,day5,21
2025-12-31 23:05:00,2533.2312,3116.122,winter,day5,21
2025-12-31 23:10:00,2484.7104,3136.4497,winter,day5,21
2025-12-31 23:15:00,2511.4008000000003,3150.2751,winter,day5,21
2025-12-31 23:20:00,2530.2252,3146.6736,winter,day5,21
2025-12-31 23:25:00,2549.9352,3170.1387,winter,day5,21
2025-12-31 23:30:00,2534.6004000000003,3178.9407,winter,day5,21
2025-12-31 23:35:00,2584.8216,3186.36,winter,day5,21
2025-12-31 23:40:00,2595.6192,3180.009,winter,day5,21
2025-12-31 23:45:00,2565.9672,3144.959,winter,day5,21
2025-12-31 23:50:00,2620.8684000000003,3117.053,winter,day5,21
2025-12-31 23:55:00,2719.3668000000002,3121.5186,winter,day5,21
2025-06-01 00:00:00,2526.7452000000003,2556.0415,summer,day1,20
2025-06-01 00:05:00,2463.0612,2567.7725,summer,day1,20
2025-06-01 00:10:00,2445.3624,2570.6265,summer,day1,20
2025-06-01 00:15:00,2434.8624,2579.8037,summer,day1,20
2025-06-01 00:20:00,2444.8836,2591.3218,summer,day1,20
2025-06-01 00:25:00,2443.6536,2597.168,summer,day1,20
2025-06-01 00:30:00,2400.8712,2604.3247,summer,day1,20
2025-06-01 00:35:00,2397.0864,2615.378,summer,day1,20
2025-06-01 00:40:00,2408.7204,2623.893,summer,day1,20
2025-06-01 00:45:00,2576.5236,2626.205,summer,day1,20
2025-06-01 00:50:00,2515.4268,2630.725,summer,day1,20
2025-06-01 00:55:00,2153.4936000000002,2630.8237,summer,day1,20
2025-06-01 01:00:00,2206.2684,2631.3862,summer,day1,20
2025-06-01 01:05:00,2483.8824,2640.0596,summer,day1,20
2025-06-01 01:10:00,2487.558,2643.727,summer,day1,20
2025-06-01 01:15:00,2458.3416,2650.274,summer,day1,20
2025-06-01 01:20:00,2445.9036,2641.2256,summer,day1,20
2025-06-01 01:25:00,2436.6744,2643.6714,summer,day1,20
2025-06-01 01:30:00,2437.7196,2638.3613,summer,day1,20
2025-06-01 01:35:00,2587.3559999999998,2635.0354,summer,day1,20
2025-06-01 01:40:00,2479.992,2629.566,summer,day1,20
2025-06-01 01:45:00,2388.192,2624.8015,summer,day1,20
2025-06-01 01:50:00,2394.2076,2622.564,summer,day1,20
2025-06-01 01:55:00,2490.8304,2623.492,summer,day1,20
2025-06-01 02:00:00,2550.2843999999996,2619.5862,summer,day1,20
2025-06-01 02:05:00,2232.5172,2622.4475,summer,day1,20
2025-06-01 02:10:00,2317.0955999999996,2625.8672,summer,day1,20
2025-06-01 02:15:00,2408.6268,2619.1619,summer,day1,20
2025-06-01 02:20:00,2410.9224,2623.0386,summer,day1,20
2025-06-01 02:25:00,2668.9451999999997,2618.5068,summer,day1,20
2025-06-01 02:30:00,2585.2272000000003,2614.5305,summer,day1,20
2025-06-01 02:35:00,2479.1099999999997,2612.3574,summer,day1,20
2025-06-01 02:40:00,2463.4188,2613.4497,summer,day1,20
2025-06-01 02:45:00,2463.426,2613.6387,summer,day1,20
2025-06-01 02:50:00,2449.2504,2610.5947,summer,day1,20
2025-06-01 02:55:00,2430.3516,2605.1853,summer,day1,20
2025-06-01 03:00:00,2278.2048,2604.4253,summer,day1,20
2025-06-01 03:05:00,2049.5772,2608.6738,summer,day1,20
2025-06-01 03:10:00,2396.1804,2605.034,summer,day1,20
2025-06-01 03:15:00,2571.4836,2608.3625,summer,day1,20
2025-06-01 03:20:00,2472.3228,2613.687,summer,day1,20
2025-06-01 03:25:00,2364.7223999999997,2610.1958,summer,day1,20
2025-06-01 03:30:00,2362.8804,2615.245,summer,day1,20
2025-06-01 03:35:00,2403.0744,2610.5557,summer,day1,20
2025-06-01 03:40:00,2472.7284,2610.4644,summer,day1,20
2025-06-01 03:45:00,2457.0335999999998,2609.5186,summer,day1,20
2025-06-01 03:50:00,2505.8808,2612.6172,summer,day1,20
2025-06-01 03:55:00,2628.3024,2617.1372,summer,day1,20
2025-06-01 04:00:00,2548.8804,2622.4722,summer,day1,20
2025-06-01 04:05:00,2958.8952,2626.771,summer,day1,20
2025-06-01 04:10:00,2742.2664,2629.0205,summer,day1,20
2025-06-01 04:15:00,2707.5528,2637.3296,summer,day1,20
2025-06-01 04:20:00,2519.6711999999998,2640.0608,summer,day1,20
2025-06-01 04:25:00,2526.5076,2651.8398,summer,day1,20
2025-06-01 04:30:00,2333.9604,2656.6848,summer,day1,20
2025-06-01 04:35:00,2619.3684000000003,2659.6355,summer,day1,20
2025-06-01 04:40:00,2623.7064,2670.463,summer,day1,20
2025-06-01 04:45:00,2598.2364000000002,2670.706,summer,day1,20
2025-06-01 04:50:00,2679.3684000000003,2673.8118,summer,day1,20
2025-06-01 04:55:00,2428.9248,2672.973,summer,day1,20
2025-06-01 05:00:00,2514.702,2677.0364,summer,day1,20
2025-06-01 05:05:00,2484.4308,2685.1646,summer,day1,20
2025-06-01 05:10:00,2354.9424,2691.0144,summer,day1,20
2025-06-01 05:15:00,2305.1148000000003,2696.7034,summer,day1,20
2025-06-01 05:20:00,2247.9636,2682.0337,summer,day1,20
2025-06-01 05:25:00,2213.5667999999996,2688.204,summer,day1,20
2025-06-01 05:30:00,2216.1144,2684.3472,summer,day1,20
2025-06-01 05:35:00,2200.464,2685.369,summer,day1,20
2025-06-01 05:40:00,2392.1304,2705.6992,summer,day1,20
2025-06-01 05:45:00,2271.996,2718.1606,summer,day1,20
2025-06-01 05:50:00,1770.0084,2739.8162,summer,day1,20
2025-06-01 05:55:00,2016.8064,2729.5083,summer,day1,20
2025-06-01 06:00:00,2133.8292,2752.4014,summer,day1,20
2025-06-01 06:05:00,2130.4919999999997,2750.267,summer,day1,20
2025-06-01 06:10:00,2230.986,2758.538,summer,day1,20
2025-06-01 06:15:00,2238.2808,2755.4016,summer,day1,20
2025-06-01 06:20:00,2225.3784,2725.2102,summer,day1,20
2025-06-01 06:25:00,2329.7064,2743.5044,summer,day1,20
2025-06-01 06:30:00,2475.1596,2755.906,summer,day1,20
2025-06-01 06:35:00,2459.2691999999997,2758.4648,summer,day1,20
2025-06-01 06:40:00,2403.2580000000003,2805.2285,summer,day1,20
2025-06-01 06:45:00,2256.264,2807.2007,summer,day1,20
2025-06-01 06:50:00,1824.366,2810.624,summer,day1,20
2025-06-01 06:55:00,2134.1207999999997,2783.4307,summer,day1,20
2025-06-01 07:00:00,2114.7612,2739.33,summer,day1,20
2025-06-01 07:05:00,2258.0135999999998,2725.5195,summer,day1,20
2025-06-01 07:10:00,2336.9784,2745.6003,summer,day1,20
2025-06-01 07:15:00,2308.5888,2772.5342,summer,day1,20
2025-06-01 07:20:00,2138.7804,2764.8098,summer,day1,20
2025-06-01 07:25:00,2185.3416,2761.8132,summer,day1,20
2025-06-01 07:30:00,2207.0724,2768.864,summer,day1,20
2025-06-01 07:35:00,2170.8455999999996,2749.293,summer,day1,20
2025-06-01 07:40:00,2332.9175999999998,2751.9158,summer,day1,20
2025-06-01 07:45:00,2384.088,2745.0237,summer,day1,20
2025-06-01 07:50:00,2123.6772,2744.9905,summer,day1,20
2025-06-01 07:55:00,1838.58,2737.5696,summer,day1,20
2025-06-01 08:00:00,2112.7272000000003,2737.7607,summer,day1,20
2025-06-01 08:05:00,2153.328,2742.0947,summer,day1,20
2025-06-01 08:10:00,2160.3684000000003,2746.272,summer,day1,20
2025-06-01 08:15:00,2475.5544,2747.2422,summer,day1,20
2025-06-01 08:20:00,2394.636,2753.9492,summer,day1,20
2025-06-01 08:25:00,2184.186,2768.6138,summer,day1,20
2025-06-01 08:30:00,2254.5948,2765.4626,summer,day1,20
2025-06-01 08:35:00,2363.4900000000002,2772.9478,summer,day1,20
2025-06-01 08:40:00,2342.436,2781.498,summer,day1,20
2025-06-01 08:45:00,2388.0108,2790.3652,summer,day1,20
2025-06-01 08:50:00,2300.2776000000003,2800.1648,summer,day1,20
2025-06-01 08:55:00,2314.1412,2804.6099,summer,day1,20
2025-06-01 09:00:00,2255.1216,2806.3403,summer,day1,20
2025-06-01 09:05:00,2313.3948,2804.164,summer,day1,20
2025-06-01 09:10:00,2415.1488,2815.3794,summer,day1,20
2025-06-01 09:15:00,2218.5576,2820.2622,summer,day1,20
2025-06-01 09:20:00,2022.6299999999999,2833.8062,summer,day1,20
2025-06-01 09:25:00,2324.4804,2840.0754,summer,day1,20
2025-06-01 09:30:00,2429.7347999999997,2857.0225,summer,day1,20
2025-06-01 09:35:00,2425.4712,2861.3577,summer,day1,20
2025-06-01 09:40:00,2634.6984,2846.3599,summer,day1,20
2025-06-01 09:45:00,2589.936,2851.6013,summer,day1,20
2025-06-01 09:50:00,2985.9504,2839.219,summer,day1,20
2025-06-01 09:55:00,3118.7580000000003,2830.7168,summer,day1,20
2025-06-01 10:00:00,3145.3296,2832.3062,summer,day1,20
2025-06-01 10:05:00,3000.0155999999997,2824.999,summer,day1,20
2025-06-01 10:10:00,3243.4548000000004,2815.6465,summer,day1,20
2025-06-01 10:15:00,3048.8723999999997,2815.8804,summer,day1,20
2025-06-01 10:20:00,3718.5312,2816.431,summer,day1,20
2025-06-01 10:25:00,5525.8536,2812.1484,summer,day1,20
2025-06-01 10:30:00,5728.9068,2815.0342,summer,day1,20
2025-06-01 10:35:00,4920.803999999999,2807.8953,summer,day1,20
2025-06-01 10:40:00,4729.0068,2787.3457,summer,day1,20
2025-06-01 10:45:00,3853.2576,2795.979,summer,day1,20
2025-06-01 10:50:00,2675.8728,2791.8413,summer,day1,20
2025-06-01 10:55:00,2582.5896,2814.0908,summer,day1,20
2025-06-01 11:00:00,2453.0532,2790.7554,summer,day1,20
2025-06-01 11:05:00,2372.7012,2832.4373,summer,day1,20
2025-06-01 11:10:00,2824.2048,2837.2947,summer,day1,20
2025-06-01 11:15:00,2350.6644,2827.5603,summer,day1,20
2025-06-01 11:20:00,2357.4336,2845.8806,summer,day1,20
2025-06-01 11:25:00,2379.8388,2840.042,summer,day1,20
2025-06-01 11:30:00,2499.0504,2902.304,summer,day1,20
2025-06-01 11:35:00,2567.2272000000003,2890.2412,summer,day1,20
2025-06-01 11:40:00,2478.8772,2856.81,summer,day1,20
2025-06-01 11:45:00,2295.3540000000003,2870.7834,summer,day1,20
2025-06-01 11:50:00,3115.3415999999997,2878.386,summer,day1,20
2025-06-01 11:55:00,3889.0332000000003,2890.9265,summer,day1,20
2025-06-01 12:00:00,3719.8884,2858.4053,summer,day1,20
2025-06-01 12:05:00,3485.3304000000003,2841.6057,summer,day1,20
2025-06-01 12:10:00,2500.02,2832.9292,summer,day1,20
2025-06-01 12:15:00,2617.29,2829.7988,summer,day1,20
2025-06-01 12:20:00,2718.5292,2849.4058,summer,day1,20
2025-06-01 12:25:00,2607.4476,2884.5945,summer,day1,20
2025-06-01 12:30:00,2617.8552,2911.8176,summer,day1,20
2025-06-01 12:35:00,2815.4244,2918.52,summer,day1,20
2025-06-01 12:40:00,4412.1384,2920.1426,summer,day1,20
2025-06-01 12:45:00,2853.0396,2909.9817,summer,day1,20
2025-06-01 12:50:00,2855.496,2887.376,summer,day1,20
2025-06-01 12:55:00,2674.8887999999997,2850.932,summer,day1,20
2025-06-01 13:00:00,2721.9348,2881.377,summer,day1,20
2025-06-01 13:05:00,2948.1132,2884.8325,summer,day1,20
2025-06-01 13:10:00,2809.6452,2892.5916,summer,day1,20
2025-06-01 13:15:00,2726.0027999999998,2910.1697,summer,day1,20
2025-06-01 13:20:00,2850.1968,2969.5474,summer,day1,20
2025-06-01 13:25:00,3645.504,2957.771,summer,day1,20
2025-06-01 13:30:00,2543.5356,2936.791,summer,day1,20
2025-06-01 13:35:00,2949.6636000000003,2908.786,summer,day1,20
2025-06-01 13:40:00,2862.3936000000003,2873.9922,summer,day1,20
2025-06-01 13:45:00,3786.2771999999995,2872.438,summer,day1,20
2025-06-01 13:50:00,3468.108,2863.0422,summer,day1,20
2025-06-01 13:55:00,2655.426,2867.436,summer,day1,20
2025-06-01 14:00:00,2680.296,2876.022,summer,day1,20
2025-06-01 14:05:00,2841.2519999999995,2866.162,summer,day1,20
2025-06-01 14:10:00,2700.8604,2872.2295,summer,day1,20
2025-06-01 14:15:00,2827.1531999999997,2870.1099,summer,day1,20
2025-06-01 14:20:00,2387.9148,2868.4958,summer,day1,20
2025-06-01 14:25:00,2899.1928,2865.013,summer,day1,20
2025-06-01 14:30:00,2663.7648,2864.3237,summer,day1,20
2025-06-01 14:35:00,2387.2248,2859.1958,summer,day1,20
2025-06-01 14:40:00,4273.9836000000005,2856.7988,summer,day1,20
2025-06-01 14:45:00,2890.9271999999996,2854.1118,summer,day1,20
2025-06-01 14:50:00,2668.7364000000002,2863.6052,summer,day1,20
2025-06-01 14:55:00,3903.7128,2870.0823,summer,day1,20
2025-06-01 15:00:00,2540.7792,2875.2893,summer,day1,20
2025-06-01 15:05:00,2755.254,2878.2812,summer,day1,20
2025-06-01 15:10:00,2635.0212,2869.995,summer,day1,20
2025-06-01 15:15:00,2438.8092,2859.167,summer,day1,20
2025-06-01 15:20:00,2891.064,2857.6836,summer,day1,20
2025-06-01 15:25:00,3213.5328,2853.302,summer,day1,20
2025-06-01 15:30:00,3069.1188,2850.516,summer,day1,20
2025-06-01 15:35:00,2916.8148,2852.3271,summer,day1,20
2025-06-01 15:40:00,2681.3484,2850.1606,summer,day1,20
2025-06-01 15:45:00,2591.9196,2849.4043,summer,day1,20
2025-06-01 15:50:00,2534.0412,2855.4307,summer,day1,20
2025-06-01 15:55:00,2495.9292,2856.8848,summer,day1,20
2025-06-01 16:00:00,2491.0932000000003,2835.5598,summer,day1,20
2025-06-01 16:05:00,2664.2856,2844.5989,summer,day1,20
2025-06-01 16:10:00,2811.6516,2859.9773,summer,day1,20
2025-06-01 16:15:00,3117.8592,2857.7195,summer,day1,20
2025-06-01 16:20:00,4169.6952,2851.3857,summer,day1,20
2025-06-01 16:25:00,2414.3124,2885.788,summer,day1,20
2025-06-01 16:30:00,2393.514,2905.1553,summer,day1,20
2025-06-01 16:35:00,2857.5096000000003,2909.4795,summer,day1,20
2025-06-01 16:40:00,4026.078,2923.306,summer,day1,20
2025-06-01 16:45:00,2541.4656000000004,2923.1091,summer,day1,20
2025-06-01 16:50:00,2174.7504,2937.4265,summer,day1,20
2025-06-01 16:55:00,2387.6387999999997,2939.8406,summer,day1,20
2025-06-01 17:00:00,2397.7716,2947.586,summer,day1,20
2025-06-01 17:05:00,2432.6843999999996,2946.1248,summer,day1,20
2025-06-01 17:10:00,2457.018,2921.455,summer,day1,20
2025-06-01 17:15:00,2702.7419999999997,2886.2266,summer,day1,20
2025-06-01 17:20:00,4379.1444,2894.2646,summer,day1,20
2025-06-01 17:25:00,3323.6051999999995,2902.9634,summer,day1,20
2025-06-01 17:30:00,2690.2488,2899.775,summer,day1,20
2025-06-01 17:35:00,2122.3416,2930.8086,summer,day1,20
2025-06-01 17:40:00,2711.0268,2933.4126,summer,day1,20
2025-06-01 17:45:00,2545.4892,2911.1177,summer,day1,20
2025-06-01 17:50:00,2521.1124,2880.1443,summer,day1,20
2025-06-01 17:55:00,2543.04,2879.9504,summer,day1,20
2025-06-01 18:00:00,2570.8884000000003,2875.3867,summer,day1,20
2025-06-01 18:05:00,2498.3952,2880.5093,summer,day1,20
2025-06-01 18:10:00,2600.8848,2880.628,summer,day1,20
2025-06-01 18:15:00,2658.8952,2879.2578,summer,day1,20
2025-06-01 18:20:00,2163.9036,2896.047,summer,day1,20
2025-06-01 18:25:00,2102.6904,2892.0542,summer,day1,20
2025-06-01 18:30:00,2507.7168,2890.9304,summer,day1,20
2025-06-01 18:35:00,3421.4592000000002,2907.7307,summer,day1,20
2025-06-01 18:40:00,2807.2884,2906.3374,summer,day1,20
2025-06-01 18:45:00,2499.4464,2901.014,summer,day1,20
2025-06-01 18:50:00,2503.9452,2896.356,summer,day1,20
2025-06-01 18:55:00,2464.7424,2900.3943,summer,day1,20
2025-06-01 19:00:00,2600.79,2905.849,summer,day1,20
2025-06-01 19:05:00,3695.5464,2915.7817,summer,day1,20
2025-06-01 19:10:00,2330.4816,2905.7852,summer,day1,20
2025-06-01 19:15:00,4419.794400000001,2913.483,summer,day1,20
2025-06-01 19:20:00,3815.7084000000004,2896.359,summer,day1,20
2025-06-01 19:25:00,2421.7824,2888.9033,summer,day1,20
2025-06-01 19:30:00,2543.9724,2875.9417,summer,day1,20
2025-06-01 19:35:00,2655.9828,2881.1724,summer,day1,20
2025-06-01 19:40:00,2640.4056,2883.8582,summer,day1,20
2025-06-01 19:45:00,2566.278,2882.145,summer,day1,20
2025-06-01 19:50:00,3982.7364000000002,2890.3225,summer,day1,20
2025-06-01 19:55:00,2547.8172,2902.2502,summer,day1,20
2025-06-01 20:00:00,2575.1304,2903.0286,summer,day1,20
2025-06-01 20:05:00,2425.5816,2896.8115,summer,day1,20
2025-06-01 20:10:00,2405.0676,2896.0208,summer,day1,20
2025-06-01 20:15:00,2391.6888,2888.963,summer,day1,20
2025-06-01 20:20:00,2529.078,2888.5535,summer,day1,20
2025-06-01 20:25:00,2718.7656,2888.4355,summer,day1,20
2025-06-01 20:30:00,2516.5908,2897.0137,summer,day1,20
2025-06-01 20:35:00,2565.996,2892.704,summer,day1,20
2025-06-01 20:40:00,2844.4092,2896.3894,summer,day1,20
2025-06-01 20:45:00,2795.7275999999997,2894.4814,summer,day1,20
2025-06-01 20:50:00,3136.416,2895.2485,summer,day1,20
2025-06-01 20:55:00,2801.3436,2903.314,summer,day1,20
2025-06-01 21:00:00,3487.9380000000006,2906.4182,summer,day1,20
2025-06-01 21:05:00,5444.5428,2912.4834,summer,day1,20
2025-06-01 21:10:00,2689.6331999999998,2916.9739,summer,day1,20
2025-06-01 21:15:00,2623.1232,2914.6824,summer,day1,20
2025-06-01 21:20:00,2600.0004,2896.1443,summer,day1,20
2025-06-01 21:25:00,2670.3216,2901.9849,summer,day1,20
2025-06-01 21:30:00,2692.434,2891.047,summer,day1,20
2025-06-01 21:35:00,2714.4372,2896.603,summer,day1,20
2025-06-01 21:40:00,2700.2760000000003,2891.3179,summer,day1,20
2025-06-01 21:45:00,3052.0656,2884.875,summer,day1,20
2025-06-01 21:50:00,3078.2484,2906.4297,summer,day1,20
2025-06-01 21:55:00,3035.1684,2878.8838,summer,day1,20
2025-06-01 22:00:00,2783.4648,2903.118,summer,day1,20
2025-06-01 22:05:00,2785.8815999999997,2923.599,summer,day1,20
2025-06-01 22:10:00,4259.868,2903.642,summer,day1,20
2025-06-01 22:15:00,2610.0072,2939.0977,summer,day1,20
2025-06-01 22:20:00,2425.2203999999997,2941.1306,summer,day1,20
2025-06-01 22:25:00,2425.6223999999997,2941.308,summer,day1,20
2025-06-01 22:30:00,2810.292,2928.38,summer,day1,20
2025-06-01 22:35:00,2570.988,2880.859,summer,day1,20
2025-06-01 22:40:00,2472.0468,2868.9458,summer,day1,20
2025-06-01 22:45:00,2311.9932,2863.4749,summer,day1,20
2025-06-01 22:50:00,2304.8507999999997,2856.3281,summer,day1,20
2025-06-01 22:55:00,2339.7288,2865.6433,summer,day1,20
2025-06-01 23:00:00,2386.2048,2866.847,summer,day1,20
2025-06-01 23:05:00,2396.2596000000003,2874.4204,summer,day1,20
2025-06-01 23:10:00,2407.5312,2884.8594,summer,day1,20
2025-06-01 23:15:00,2741.9652,2861.733,summer,day1,20
2025-06-01 23:20:00,2382.4175999999998,2849.6602,summer,day1,20
2025-06-01 23:25:00,3181.968,2852.9038,summer,day1,20
2025-06-01 23:30:00,3738.246,2853.726,summer,day1,20
2025-06-01 23:35:00,2528.7792,2850.2568,summer,day1,20
2025-06-01 23:40:00,2630.2608,2859.316,summer,day1,20
2025-06-01 23:45:00,2449.3128,2857.5051,summer,day1,20
2025-06-01 23:50:00,2401.1412,2863.3374,summer,day1,20
2025-06-01 23:55:00,2395.2372,2865.5593,summer,day1,20
2025-06-24 00:00:00,2356.5696,2377.1392,summer,day2,20
2025-06-24 00:05:00,2411.358,2407.2666,summer,day2,20
2025-06-24 00:10:00,2821.9272,2425.1392,summer,day2,20
2025-06-24 00:15:00,2831.8404,2446.9321,summer,day2,20
2025-06-24 00:20:00,2597.4588,2467.7124,summer,day2,20
2025-06-24 00:25:00,2563.5384000000004,2482.7795,summer,day2,20
2025-06-24 00:30:00,3407.8908,2496.3052,summer,day2,20
2025-06-24 00:35:00,2765.4792,2521.1682,summer,day2,20
2025-06-24 00:40:00,2452.8432000000003,2536.4011,summer,day2,20
2025-06-24 00:45:00,2434.3848000000003,2544.6719,summer,day2,20
2025-06-24 00:50:00,2451.7644,2552.6646,summer,day2,20
2025-06-24 00:55:00,2130.21,2558.4177,summer,day2,20
2025-06-24 01:00:00,2233.194,2567.1538,summer,day2,20
2025-06-24 01:05:00,3605.7839999999997,2580.651,summer,day2,20
2025-06-24 01:10:00,2808.7475999999997,2590.7534,summer,day2,20
2025-06-24 01:15:00,2943.5292,2611.5693,summer,day2,20
2025-06-24 01:20:00,2578.9368,2613.9111,summer,day2,20
2025-06-24 01:25:00,2534.5584,2617.5112,summer,day2,20
2025-06-24 01:30:00,2113.9812,2618.754,summer,day2,20
2025-06-24 01:35:00,2514.7836,2623.7437,summer,day2,20
2025-06-24 01:40:00,2447.6808,2622.6768,summer,day2,20
2025-06-24 01:45:00,2441.1288,2626.0815,summer,day2,20
2025-06-24 01:50:00,2577.3671999999997,2625.5547,summer,day2,20
2025-06-24 01:55:00,2676.3347999999996,2630.1643,summer,day2,20
2025-06-24 02:00:00,2500.8156000000004,2632.8052,summer,day2,20
2025-06-24 02:05:00,2388.3792000000003,2637.1548,summer,day2,20
2025-06-24 02:10:00,2485.8072,2640.1304,summer,day2,20
2025-06-24 02:15:00,2500.4004,2634.067,summer,day2,20
2025-06-24 02:20:00,2470.71,2638.1,summer,day2,20
2025-06-24 02:25:00,3962.8644,2636.584,summer,day2,20
2025-06-24 02:30:00,2498.4768,2635.4248,summer,day2,20
2025-06-24 02:35:00,2558.0376,2633.789,summer,day2,20
2025-06-24 02:40:00,2158.6176,2636.1655,summer,day2,20
2025-06-24 02:45:00,2369.4336,2637.8113,summer,day2,20
2025-06-24 02:50:00,2774.3916,2628.2715,summer,day2,20
2025-06-24 02:55:00,2358.1403999999998,2624.7395,summer,day2,20
2025-06-24 03:00:00,2350.6272,2620.169,summer,day2,20
2025-06-24 03:05:00,2805.0072,2623.175,summer,day2,20
2025-06-24 03:10:00,2867.67,2618.8245,summer,day2,20
2025-06-24 03:15:00,2564.4936000000002,2623.2217,summer,day2,20
2025-06-24 03:20:00,2998.6512,2626.268,summer,day2,20
2025-06-24 03:25:00,2742.8676,2627.6995,summer,day2,20
2025-06-24 03:30:00,2620.1232,2629.1418,summer,day2,20
2025-06-24 03:35:00,2824.1856,2633.0366,summer,day2,20
2025-06-24 03:40:00,2424.4332000000004,2633.9678,summer,day2,20
2025-06-24 03:45:00,3818.7059999999997,2632.5005,summer,day2,20
2025-06-24 03:50:00,1940.8883999999998,2640.8066,summer,day2,20
2025-06-24 03:55:00,2519.2560000000003,2642.7773,summer,day2,20
2025-06-24 04:00:00,2640.1248,2647.7002,summer,day2,20
2025-06-24 04:05:00,2472.1752,2651.0725,summer,day2,20
2025-06-24 04:10:00,2479.2708,2644.9165,summer,day2,20
2025-06-24 04:15:00,2458.1256000000003,2645.1216,summer,day2,20
2025-06-24 04:20:00,2945.9124,2645.7688,summer,day2,20
2025-06-24 04:25:00,1830.9707999999998,2656.5688,summer,day2,20
2025-06-24 04:30:00,2352.888,2656.982,summer,day2,20
2025-06-24 04:35:00,2333.8559999999998,2659.5164,summer,day2,20
2025-06-24 04:40:00,2529.5676,2667.803,summer,day2,20
2025-06-24 04:45:00,2345.9615999999996,2669.3745,summer,day2,20
2025-06-24 04:50:00,2276.46,2669.2002,summer,day2,20
2025-06-24 04:55:00,2291.118,2674.0898,summer,day2,20
2025-06-24 05:00:00,3367.95,2677.6716,summer,day2,20
2025-06-24 05:05:00,2908.398,2681.2542,summer,day2,20
2025-06-24 05:10:00,2540.8356,2688.1223,summer,day2,20
2025-06-24 05:15:00,2495.7576,2701.8972,summer,day2,20
2025-06-24 05:20:00,2464.8887999999997,2686.1084,summer,day2,20
2025-06-24 05:25:00,2481.648,2693.7488,summer,day2,20
2025-06-24 05:30:00,2339.3903999999998,2714.322,summer,day2,20
2025-06-24 05:35:00,1834.0224000000003,2697.6377,summer,day2,20
2025-06-24 05:40:00,2187.312,2743.8123,summer,day2,20
2025-06-24 05:45:00,2216.6675999999998,2747.0474,summer,day2,20
2025-06-24 05:50:00,2267.7648,2752.091,summer,day2,20
2025-06-24 05:55:00,2734.9883999999997,2763.5896,summer,day2,20
2025-06-24 06:00:00,2195.4792,2771.9507,summer,day2,20
2025-06-24 06:05:00,2311.0451999999996,2774.0112,summer,day2,20
2025-06-24 06:10:00,2231.256,2780.846,summer,day2,20
2025-06-24 06:15:00,2256.5316,2789.334,summer,day2,20
2025-06-24 06:20:00,3915.5832,2792.478,summer,day2,20
2025-06-24 06:25:00,2262.4116000000004,2799.79,summer,day2,20
2025-06-24 06:30:00,2237.8740000000003,2806.0918,summer,day2,20
2025-06-24 06:35:00,2517.7056000000002,2819.028,summer,day2,20
2025-06-24 06:40:00,2973.66,2798.8855,summer,day2,20
2025-06-24 06:45:00,2641.7376,2812.207,summer,day2,20
2025-06-24 06:50:00,2818.2924,2821.182,summer,day2,20
2025-06-24 06:55:00,3222.3311999999996,2827.426,summer,day2,20
2025-06-24 07:00:00,3169.374,2819.6477,summer,day2,20
2025-06-24 07:05:00,2716.782,2818.448,summer,day2,20
2025-06-24 07:10:00,2466.1644,2815.4546,summer,day2,20
2025-06-24 07:15:00,2439.5088,2811.7197,summer,day2,20
2025-06-24 07:20:00,2492.7756,2813.745,summer,day2,20
2025-06-24 07:25:00,2633.3292,2817.44,summer,day2,20
2025-06-24 07:30:00,3860.7888,2844.288,summer,day2,20
2025-06-24 07:35:00,12758.3508,2865.395,summer,day2,20
2025-06-24 07:40:00,13033.7784,2873.7866,summer,day2,20
2025-06-24 07:45:00,10706.01,2872.9878,summer,day2,20
2025-06-24 07:50:00,4031.3784,2878.0889,summer,day2,20
2025-06-24 07:55:00,4538.0664,2860.8767,summer,day2,20
2025-06-24 08:00:00,5770.6068,2844.371,summer,day2,20
2025-06-24 08:05:00,6086.1528,2836.3728,summer,day2,20
2025-06-24 08:10:00,4450.2888,2821.0493,summer,day2,20
2025-06-24 08:15:00,4173.3096,2815.6946,summer,day2,20
2025-06-24 08:20:00,5067.804,2809.3428,summer,day2,20
2025-06-24 08:25:00,4492.3512,2819.686,summer,day2,20
2025-06-24 08:30:00,4050.0384,2822.4133,summer,day2,20
2025-06-24 08:35:00,5833.9800000000005,2827.793,summer,day2,20
2025-06-24 08:40:00,4507.8888,2840.8926,summer,day2,20
2025-06-24 08:45:00,4903.134,2849.6873,summer,day2,20
2025-06-24 08:50:00,5765.508,2852.0576,summer,day2,20
2025-06-24 08:55:00,6054.8496,2841.7808,summer,day2,20
2025-06-24 09:00:00,6162.2616,2840.899,summer,day2,20
2025-06-24 09:05:00,4468.8624,2834.9468,summer,day2,20
2025-06-24 09:10:00,4301.638800000001,2833.5054,summer,day2,20
2025-06-24 09:15:00,5098.83,2823.4985,summer,day2,20
2025-06-24 09:20:00,5291.5632,2818.9958,summer,day2,20
2025-06-24 09:25:00,4459.9259999999995,2809.1704,summer,day2,20
2025-06-24 09:30:00,4992.5064,2807.2053,summer,day2,20
2025-06-24 09:35:00,4522.630800000001,2796.9834,summer,day2,20
2025-06-24 09:40:00,4221.2748,2802.08,summer,day2,20
2025-06-24 09:45:00,3979.6692000000003,2811.5107,summer,day2,20
2025-06-24 09:50:00,4549.5923999999995,2826.8213,summer,day2,20
2025-06-24 09:55:00,4840.4256000000005,2824.3677,summer,day2,20
2025-06-24 10:00:00,5219.3796,2838.5334,summer,day2,20
2025-06-24 10:05:00,5934.624,2842.3154,summer,day2,20
2025-06-24 10:10:00,4991.5212,2829.4807,summer,day2,20
2025-06-24 10:15:00,6135.784799999999,2834.5554,summer,day2,20
2025-06-24 10:20:00,7249.9547999999995,2840.2017,summer,day2,20
2025-06-24 10:25:00,6449.8332,2835.6716,summer,day2,20
2025-06-24 10:30:00,5611.7064,2844.5613,summer,day2,20
2025-06-24 10:35:00,5147.0172,2834.6692,summer,day2,20
2025-06-24 10:40:00,6022.651199999999,2822.7134,summer,day2,20
2025-06-24 10:45:00,2209.1148000000003,2827.2686,summer,day2,20
2025-06-24 10:50:00,0.0,2834.0198,summer,day2,20
2025-06-24 10:55:00,0.0,2853.186,summer,day2,20
2025-06-24 11:00:00,0.0,2841.202,summer,day2,20
2025-06-24 11:05:00,0.0,2864.5728,summer,day2,20
2025-06-24 11:10:00,0.0,2864.6985,summer,day2,20
2025-06-24 11:15:00,0.0,2896.794,summer,day2,20
2025-06-24 11:20:00,0.0,2924.928,summer,day2,20
2025-06-24 11:25:00,10374.148799999999,2915.7344,summer,day2,20
2025-06-24 11:30:00,8077.9836,2980.2056,summer,day2,20
2025-06-24 11:35:00,8140.6032000000005,2966.6978,summer,day2,20
2025-06-24 11:40:00,5274.2544,2962.4119,summer,day2,20
2025-06-24 11:45:00,4511.8464,2958.7197,summer,day2,20
2025-06-24 11:50:00,4432.8192,2958.4988,summer,day2,20
2025-06-24 11:55:00,4059.4175999999998,2946.418,summer,day2,20
2025-06-24 12:00:00,4351.0296,2954.179,summer,day2,20
2025-06-24 12:05:00,4626.9876,2960.5261,summer,day2,20
2025-06-24 12:10:00,4543.6848,2966.5405,summer,day2,20
2025-06-24 12:15:00,4715.955599999999,2969.8862,summer,day2,20
2025-06-24 12:20:00,5139.732,2974.957,summer,day2,20
2025-06-24 12:25:00,4729.7076,2982.9478,summer,day2,20
2025-06-24 12:30:00,4742.9388,2993.1956,summer,day2,20
2025-06-24 12:35:00,4532.0748,2998.8662,summer,day2,20
2025-06-24 12:40:00,4787.046,3002.0056,summer,day2,20
2025-06-24 12:45:00,6061.9944000000005,3015.0125,summer,day2,20
2025-06-24 12:50:00,4309.6464,3020.6301,summer,day2,20
2025-06-24 12:55:00,4927.7688,3029.1248,summer,day2,20
2025-06-24 13:00:00,4759.4136,3045.9536,summer,day2,20
2025-06-24 13:05:00,4881.195600000001,3048.6318,summer,day2,20
2025-06-24 13:10:00,5205.7608,3056.0957,summer,day2,20
2025-06-24 13:15:00,4842.1584,3055.4282,summer,day2,20
2025-06-24 13:20:00,4565.3916,3060.02,summer,day2,20
2025-06-24 13:25:00,4868.202,3060.7854,summer,day2,20
2025-06-24 13:30:00,5420.0676,3059.4077,summer,day2,20
2025-06-24 13:35:00,4323.3936,3058.7566,summer,day2,20
2025-06-24 13:40:00,5516.91,3056.0083,summer,day2,20
2025-06-24 13:45:00,3799.548,3068.2842,summer,day2,20
2025-06-24 13:50:00,4270.5972,3058.5168,summer,day2,20
2025-06-24 13:55:00,4795.6308,3058.796,summer,day2,20
2025-06-24 14:00:00,6366.4368,3055.1833,summer,day2,20
2025-06-24 14:05:00,4284.882,3061.7676,summer,day2,20
2025-06-24 14:10:00,3199.1567999999997,3056.918,summer,day2,20
2025-06-24 14:15:00,3085.3104,3053.9136,summer,day2,20
2025-06-24 14:20:00,3536.8404,3054.5396,summer,day2,20
2025-06-24 14:25:00,3320.964,3054.5664,summer,day2,20
2025-06-24 14:30:00,3471.9648,3048.6685,summer,day2,20
2025-06-24 14:35:00,3321.666,3037.606,summer,day2,20
2025-06-24 14:40:00,3339.8076,3032.4404,summer,day2,20
2025-06-24 14:45:00,3742.1616000000004,3017.331,summer,day2,20
2025-06-24 14:50:00,3813.8124,3014.4026,summer,day2,20
2025-06-24 14:55:00,3377.4335999999994,3002.093,summer,day2,20
2025-06-24 15:00:00,3785.9628,3008.3171,summer,day2,20
2025-06-24 15:05:00,3971.3556,3013.5542,summer,day2,20
2025-06-24 15:10:00,3921.0804,3025.3975,summer,day2,20
2025-06-24 15:15:00,3370.3032,3022.7144,summer,day2,20
2025-06-24 15:20:00,4189.9344,3023.123,summer,day2,20
2025-06-24 15:25:00,2810.4336,3017.6738,summer,day2,20
2025-06-24 15:30:00,3074.682,3016.1938,summer,day2,20
2025-06-24 15:35:00,2481.8448,3029.947,summer,day2,20
2025-06-24 15:40:00,3805.3296,3033.3223,summer,day2,20
2025-06-24 15:45:00,3129.2508000000003,3032.4917,summer,day2,20
2025-06-24 15:50:00,2580.4908,3031.9636,summer,day2,20
2025-06-24 15:55:00,2946.5568,3039.5508,summer,day2,20
2025-06-24 16:00:00,3111.4716,3024.95,summer,day2,20
2025-06-24 16:05:00,3135.0924,3034.3672,summer,day2,20
2025-06-24 16:10:00,2783.4528,3030.5134,summer,day2,20
2025-06-24 16:15:00,3239.4624,3046.0217,summer,day2,20
2025-06-24 16:20:00,3294.3407999999995,3043.5557,summer,day2,20
2025-06-24 16:25:00,4283.1324,3034.6157,summer,day2,20
2025-06-24 16:30:00,2500.4712,3075.9197,summer,day2,20
2025-06-24 16:35:00,3620.7479999999996,3083.7976,summer,day2,20
2025-06-24 16:40:00,3150.3084,3088.5317,summer,day2,20
2025-06-24 16:45:00,2960.8824,3079.3433,summer,day2,20
2025-06-24 16:50:00,2897.2116,3097.5498,summer,day2,20
2025-06-24 16:55:00,2918.454,3135.1511,summer,day2,20
2025-06-24 17:00:00,4798.6584,3133.0142,summer,day2,20
2025-06-24 17:05:00,2999.7792,3123.89,summer,day2,20
2025-06-24 17:10:00,2923.0044,3132.966,summer,day2,20
2025-06-24 17:15:00,2641.3896,3144.52,summer,day2,20
2025-06-24 17:20:00,2671.7760000000003,3141.3398,summer,day2,20
2025-06-24 17:25:00,2650.9716,3134.3354,summer,day2,20
2025-06-24 17:30:00,2825.0496,3124.4062,summer,day2,20
2025-06-24 17:35:00,2896.6572,3123.4578,summer,day2,20
2025-06-24 17:40:00,3510.9528,3095.526,summer,day2,20
2025-06-24 17:45:00,4574.4612,3099.3276,summer,day2,20
2025-06-24 17:50:00,2827.3464,3100.03,summer,day2,20
2025-06-24 17:55:00,3183.7536,3122.9292,summer,day2,20
2025-06-24 18:00:00,6137.4144,3136.2336,summer,day2,20
2025-06-24 18:05:00,13028.5596,3153.1575,summer,day2,20
2025-06-24 18:10:00,12003.9588,3168.3464,summer,day2,20
2025-06-24 18:15:00,4283.983200000001,3185.5056,summer,day2,20
2025-06-24 18:20:00,3900.2591999999995,3178.9438,summer,day2,20
2025-06-24 18:25:00,3571.0476000000003,3152.549,summer,day2,20
2025-06-24 18:30:00,4422.8664,3138.192,summer,day2,20
2025-06-24 18:35:00,4603.4748,3127.328,summer,day2,20
2025-06-24 18:40:00,3922.4208,3183.2258,summer,day2,20
2025-06-24 18:45:00,5402.8668,3203.3782,summer,day2,20
2025-06-24 18:50:00,4105.824,3218.8184,summer,day2,20
2025-06-24 18:55:00,6040.26,3227.7324,summer,day2,20
2025-06-24 19:00:00,6760.8516,3202.106,summer,day2,20
2025-06-24 19:05:00,4314.4788,3196.306,summer,day2,20
2025-06-24 19:10:00,3982.2588000000005,3171.3481,summer,day2,20
2025-06-24 19:15:00,5452.4472000000005,3167.8914,summer,day2,20
2025-06-24 19:20:00,3731.5775999999996,3150.7285,summer,day2,20
2025-06-24 19:25:00,2943.654,3148.0708,summer,day2,20
2025-06-24 19:30:00,3148.674,3166.2551,summer,day2,20
2025-06-24 19:35:00,2842.8444,3177.7449,summer,day2,20
2025-06-24 19:40:00,4424.7624,3183.639,summer,day2,20
2025-06-24 19:45:00,2855.5667999999996,3182.7395,summer,day2,20
2025-06-24 19:50:00,2756.3256,3173.4363,summer,day2,20
2025-06-24 19:55:00,2818.3848000000003,3157.2632,summer,day2,20
2025-06-24 20:00:00,3068.9736000000003,3155.6868,summer,day2,20
2025-06-24 20:05:00,4017.7236,3139.0566,summer,day2,20
2025-06-24 20:10:00,3180.042,3140.463,summer,day2,20
2025-06-24 20:15:00,2247.564,3142.4744,summer,day2,20
2025-06-24 20:20:00,2287.1531999999997,3145.4084,summer,day2,20
2025-06-24 20:25:00,2420.6387999999997,3147.072,summer,day2,20
2025-06-24 20:30:00,4464.534,3155.1907,summer,day2,20
2025-06-24 20:35:00,3274.3548,3148.872,summer,day2,20
2025-06-24 20:40:00,1980.7788,3152.2256,summer,day2,20
2025-06-24 20:45:00,2157.738,3148.1375,summer,day2,20
2025-06-24 20:50:00,2306.8032,3147.0457,summer,day2,20
2025-06-24 20:55:00,2534.0748,3151.5315,summer,day2,20
2025-06-24 21:00:00,2524.3692,3150.283,summer,day2,20
2025-06-24 21:05:00,2142.9612,3155.8235,summer,day2,20
2025-06-24 21:10:00,2104.218,3158.26,summer,day2,20
2025-06-24 21:15:00,3007.1592,3159.574,summer,day2,20
2025-06-24 21:20:00,2693.538,3140.4546,summer,day2,20
2025-06-24 21:25:00,2847.2256,3151.3232,summer,day2,20
2025-06-24 21:30:00,2899.1220000000003,3142.599,summer,day2,20
2025-06-24 21:35:00,2790.2484,3175.6133,summer,day2,20
2025-06-24 21:40:00,2656.9428,3145.9954,summer,day2,20
2025-06-24 21:45:00,2621.6328000000003,3144.3242,summer,day2,20
2025-06-24 21:50:00,2624.322,3187.7163,summer,day2,20
2025-06-24 21:55:00,2582.082,3161.943,summer,day2,20
2025-06-24 22:00:00,2492.7912,3170.4092,summer,day2,20
2025-06-24 22:05:00,2343.1403999999998,3198.3867,summer,day2,20
2025-06-24 22:10:00,2291.2308000000003,3210.5293,summer,day2,20
2025-06-24 22:15:00,2364.4236,3210.6084,summer,day2,20
2025-06-24 22:20:00,2391.6059999999998,3217.6086,summer,day2,20
2025-06-24 22:25:00,2501.1684,3230.1855,summer,day2,20
2025-06-24 22:30:00,2982.7956,3219.8115,summer,day2,20
2025-06-24 22:35:00,2872.9128,3189.1643,summer,day2,20
2025-06-24 22:40:00,2819.4684,3152.7917,summer,day2,20
2025-06-24 22:45:00,2847.5784,3158.0195,summer,day2,20
2025-06-24 22:50:00,2850.1812,3167.6965,summer,day2,20
2025-06-24 22:55:00,2677.2192,3169.7107,summer,day2,20
2025-06-24 23:00:00,2564.2596,3149.8787,summer,day2,20
2025-06-24 23:05:00,2354.1588,3165.9207,summer,day2,20
2025-06-24 23:10:00,2379.594,3201.1816,summer,day2,20
2025-06-24 23:15:00,2559.54,3214.7334,summer,day2,20
2025-06-24 23:20:00,2436.492,3220.2551,summer,day2,20
2025-06-24 23:25:00,2404.9175999999998,3212.3276,summer,day2,20
2025-06-24 23:30:00,2388.7176,3192.811,summer,day2,20
2025-06-24 23:35:00,2431.6716,3157.38,summer,day2,20
2025-06-24 23:40:00,2481.1356,3161.405,summer,day2,20
2025-06-24 23:45:00,2668.3704,3160.2708,summer,day2,20
2025-06-24 23:50:00,2523.8172000000004,3165.4775,summer,day2,20
2025-06-24 23:55:00,2377.2336,3176.0784,summer,day2,20
2025-07-17 00:00:00,5246.0484,5562.747,summer,day3,21
2025-07-17 00:05:00,5356.5491999999995,5505.151,summer,day3,21
2025-07-17 00:10:00,5203.0692,5476.298,summer,day3,21
2025-07-17 00:15:00,5114.8428,5431.12,summer,day3,21
2025-07-17 00:20:00,5111.4,5390.12,summer,day3,21
2025-07-17 00:25:00,4177.302000000001,5348.2866,summer,day3,21
2025-07-17 00:30:00,3789.2208,5311.115,summer,day3,21
2025-07-17 00:35:00,3766.1652000000004,5268.0503,summer,day3,21
2025-07-17 00:40:00,3981.3,5212.0513,summer,day3,21
2025-07-17 00:45:00,3932.2392,5149.8726,summer,day3,21
2025-07-17 00:50:00,4200.8148,5135.178,summer,day3,21
2025-07-17 00:55:00,3925.5864,5101.8125,summer,day3,21
2025-07-17 01:00:00,4000.392,5069.8364,summer,day3,21
2025-07-17 01:05:00,3869.9772000000003,5034.656,summer,day3,21
2025-07-17 01:10:00,3786.9983999999995,5007.4473,summer,day3,21
2025-07-17 01:15:00,3910.2767999999996,5011.6045,summer,day3,21
2025-07-17 01:20:00,3882.3659999999995,4979.992,summer,day3,21
2025-07-17 01:25:00,3814.8792000000003,4940.4473,summer,day3,21
2025-07-17 01:30:00,3929.1024000000007,4924.5205,summer,day3,21
2025-07-17 01:35:00,3919.0188000000003,4910.2344,summer,day3,21
2025-07-17 01:40:00,4097.3076,4885.1553,summer,day3,21
2025-07-17 01:45:00,4060.0032,4853.1377,summer,day3,21
2025-07-17 01:50:00,4196.1264,4816.795,summer,day3,21
2025-07-17 01:55:00,4211.3124,4799.1484,summer,day3,21
2025-07-17 02:00:00,3966.1452,4757.84,summer,day3,21
2025-07-17 02:05:00,3856.932,4756.1523,summer,day3,21
2025-07-17 02:10:00,3851.5968000000003,4723.935,summer,day3,21
2025-07-17 02:15:00,2869.5348,4701.7783,summer,day3,21
2025-07-17 02:20:00,2371.6428,4683.909,summer,day3,21
2025-07-17 02:25:00,2450.4708,4682.591,summer,day3,21
2025-07-17 02:30:00,2315.2763999999997,4661.8677,summer,day3,21
2025-07-17 02:35:00,2376.9648,4632.524,summer,day3,21
2025-07-17 02:40:00,2425.7136,4596.8994,summer,day3,21
2025-07-17 02:45:00,2429.9352,4572.2993,summer,day3,21
2025-07-17 02:50:00,2390.3856,4544.7515,summer,day3,21
2025-07-17 02:55:00,2386.8552,4525.1475,summer,day3,21
2025-07-17 03:00:00,2431.0488,4504.5513,summer,day3,21
2025-07-17 03:05:00,2698.674,4490.4746,summer,day3,21
2025-07-17 03:10:00,2730.6624,4453.1743,summer,day3,21
2025-07-17 03:15:00,2747.6892,4452.359,summer,day3,21
2025-07-17 03:20:00,2523.4991999999997,4433.8374,summer,day3,21
2025-07-17 03:25:00,2460.6456,4419.007,summer,day3,21
2025-07-17 03:30:00,2440.014,4422.8296,summer,day3,21
2025-07-17 03:35:00,2432.5992,4401.82,summer,day3,21
2025-07-17 03:40:00,2599.3776,4381.4653,summer,day3,21
2025-07-17 03:45:00,2705.4552,4360.363,summer,day3,21
2025-07-17 03:50:00,2623.6236,4339.0225,summer,day3,21
2025-07-17 03:55:00,2478.0384000000004,4311.4233,summer,day3,21
2025-07-17 04:00:00,2335.9368000000004,4265.0083,summer,day3,21
2025-07-17 04:05:00,2251.9632,4237.5522,summer,day3,21
2025-07-17 04:10:00,2529.6984,4220.106,summer,day3,21
2025-07-17 04:15:00,2788.8228,4216.328,summer,day3,21
2025-07-17 04:20:00,2851.6332,4186.369,summer,day3,21
2025-07-17 04:25:00,2461.8024,4191.072,summer,day3,21
2025-07-17 04:30:00,2586.2183999999997,4161.3794,summer,day3,21
2025-07-17 04:35:00,2548.9356,4136.916,summer,day3,21
2025-07-17 04:40:00,2482.7676,4110.2256,summer,day3,21
2025-07-17 04:45:00,2635.4016,4091.653,summer,day3,21
2025-07-17 04:50:00,2669.6448,4079.6838,summer,day3,21
2025-07-17 04:55:00,2490.3444,4077.589,summer,day3,21
2025-07-17 05:00:00,2453.6315999999997,4054.4924,summer,day3,21
2025-07-17 05:05:00,2496.9624,4038.402,summer,day3,21
2025-07-17 05:10:00,2487.0912,4051.3132,summer,day3,21
2025-07-17 05:15:00,2354.1288,4036.8088,summer,day3,21
2025-07-17 05:20:00,2367.9612,4001.3447,summer,day3,21
2025-07-17 05:25:00,2027.0747999999999,4020.9307,summer,day3,21
2025-07-17 05:30:00,2033.0387999999998,4016.4722,summer,day3,21
2025-07-17 05:35:00,2132.3436,3968.7954,summer,day3,21
2025-07-17 05:40:00,2186.538,4027.554,summer,day3,21
2025-07-17 05:45:00,2277.5208,3969.8643,summer,day3,21
2025-07-17 05:50:00,2383.4532,3916.7217,summer,day3,21
2025-07-17 05:55:00,2263.3512,3921.1458,summer,day3,21
2025-07-17 06:00:00,2142.2964,3883.967,summer,day3,21
2025-07-17 06:05:00,2132.5476,3872.4646,summer,day3,21
2025-07-17 06:10:00,2150.2956,3871.6638,summer,day3,21
2025-07-17 06:15:00,2239.2588,3879.0903,summer,day3,21
2025-07-17 06:20:00,2391.6612,3835.543,summer,day3,21
2025-07-17 06:25:00,2539.6872000000003,3861.6323,summer,day3,21
2025-07-17 06:30:00,2463.282,3859.5654,summer,day3,21
2025-07-17 06:35:00,2265.4955999999997,3782.3628,summer,day3,21
2025-07-17 06:40:00,2153.3052,3849.0295,summer,day3,21
2025-07-17 06:45:00,2090.0616,3844.791,summer,day3,21
2025-07-17 06:50:00,2232.0252,3831.2185,summer,day3,21
2025-07-17 06:55:00,2288.1564,3833.477,summer,day3,21
2025-07-17 07:00:00,2431.6992,3823.1199,summer,day3,21
2025-07-17 07:05:00,2459.5032,3808.1401,summer,day3,21
2025-07-17 07:10:00,2412.8052,3768.6208,summer,day3,21
2025-07-17 07:15:00,2845.1148000000003,3772.0344,summer,day3,21
2025-07-17 07:20:00,3148.1328000000003,3773.3152,summer,day3,21
2025-07-17 07:25:00,3165.2424,3782.9675,summer,day3,21
2025-07-17 07:30:00,3216.468,3761.8264,summer,day3,21
2025-07-17 07:35:00,3406.0248,3746.9888,summer,day3,21
2025-07-17 07:40:00,3412.6344,3711.5745,summer,day3,21
2025-07-17 07:45:00,3796.7232000000004,3666.5903,summer,day3,21
2025-07-17 07:50:00,12464.6484,3603.3582,summer,day3,21
2025-07-17 07:55:00,11088.114,3624.1067,summer,day3,21
2025-07-17 08:00:00,6102.2028,3647.9446,summer,day3,21
2025-07-17 08:05:00,6575.924400000001,3593.0076,summer,day3,21
2025-07-17 08:10:00,6474.072,3550.6755,summer,day3,21
2025-07-17 08:15:00,7917.368400000001,3546.8567,summer,day3,21
2025-07-17 08:20:00,5783.8344,3555.308,summer,day3,21
2025-07-17 08:25:00,4748.4828,3563.223,summer,day3,21
2025-07-17 08:30:00,4604.4228,3563.67,summer,day3,21
2025-07-17 08:35:00,4767.498,3571.5784,summer,day3,21
2025-07-17 08:40:00,4559.272800000001,3575.1003,summer,day3,21
2025-07-17 08:45:00,4849.681200000001,3569.0862,summer,day3,21
2025-07-17 08:50:00,5948.52,3560.2551,summer,day3,21
2025-07-17 08:55:00,6792.8063999999995,3542.4563,summer,day3,21
2025-07-17 09:00:00,6504.967200000001,3528.422,summer,day3,21
2025-07-17 09:05:00,5775.3168000000005,3523.535,summer,day3,21
2025-07-17 09:10:00,4880.7108,3493.8767,summer,day3,21
2025-07-17 09:15:00,5552.7036,3485.936,summer,day3,21
2025-07-17 09:20:00,6530.7624000000005,3469.5132,summer,day3,21
2025-07-17 09:25:00,5388.566400000001,3453.1978,summer,day3,21
2025-07-17 09:30:00,5798.6232,3443.089,summer,day3,21
2025-07-17 09:35:00,5717.1276,3465.5632,summer,day3,21
2025-07-17 09:40:00,5498.9712,3468.0454,summer,day3,21
2025-07-17 09:45:00,4674.5160000000005,3461.376,summer,day3,21
2025-07-17 09:50:00,5567.778,3475.0337,summer,day3,21
2025-07-17 09:55:00,5435.2248,3446.6013,summer,day3,21
2025-07-17 10:00:00,4890.4344,3451.484,summer,day3,21
2025-07-17 10:05:00,4255.0512,3442.1926,summer,day3,21
2025-07-17 10:10:00,4441.3284,3446.1104,summer,day3,21
2025-07-17 10:15:00,4890.2976,3453.3052,summer,day3,21
2025-07-17 10:20:00,4805.6196,3442.7776,summer,day3,21
2025-07-17 10:25:00,6851.9232,3452.3396,summer,day3,21
2025-07-17 10:30:00,5099.004,3451.3015,summer,day3,21
2025-07-17 10:35:00,4659.8508,3458.1516,summer,day3,21
2025-07-17 10:40:00,6122.6844,3436.1045,summer,day3,21
2025-07-17 10:45:00,4203.4800000000005,3453.933,summer,day3,21
2025-07-17 10:50:00,4802.1576000000005,3446.483,summer,day3,21
2025-07-17 10:55:00,4432.9236,3483.8333,summer,day3,21
2025-07-17 11:00:00,4953.2532,3469.6714,summer,day3,21
2025-07-17 11:05:00,5866.8576,3474.0967,summer,day3,21
2025-07-17 11:10:00,5520.3012,3536.4495,summer,day3,21
2025-07-17 11:15:00,5037.6252,3480.7166,summer,day3,21
2025-07-17 11:20:00,4809.15,3545.7378,summer,day3,21
2025-07-17 11:25:00,5365.188,3501.9714,summer,day3,21
2025-07-17 11:30:00,4426.3884,3484.4404,summer,day3,21
2025-07-17 11:35:00,4918.7592,3604.704,summer,day3,21
2025-07-17 11:40:00,5263.7256,3490.772,summer,day3,21
2025-07-17 11:45:00,4268.602800000001,3496.9756,summer,day3,21
2025-07-17 11:50:00,4858.2036,3505.8442,summer,day3,21
2025-07-17 11:55:00,5438.0904,3521.7273,summer,day3,21
2025-07-17 12:00:00,4499.245199999999,3529.0137,summer,day3,21
2025-07-17 12:05:00,4930.468800000001,3520.7725,summer,day3,21
2025-07-17 12:10:00,4484.1,3524.2686,summer,day3,21
2025-07-17 12:15:00,5279.354399999999,3545.547,summer,day3,21
2025-07-17 12:20:00,5635.4208,3548.2798,summer,day3,21
2025-07-17 12:25:00,7468.26,3543.2559,summer,day3,21
2025-07-17 12:30:00,5192.6436,3542.563,summer,day3,21
2025-07-17 12:35:00,4543.9488,3533.9768,summer,day3,21
2025-07-17 12:40:00,6092.5008,3503.9026,summer,day3,21
2025-07-17 12:45:00,7782.559200000001,3503.1558,summer,day3,21
2025-07-17 12:50:00,6412.6092,3481.5503,summer,day3,21
2025-07-17 12:55:00,6379.0584,3458.4148,summer,day3,21
2025-07-17 13:00:00,4599.3876,3442.2136,summer,day3,21
2025-07-17 13:05:00,4737.0216,3412.648,summer,day3,21
2025-07-17 13:10:00,6574.3068,3388.3154,summer,day3,21
2025-07-17 13:15:00,5047.7232,3366.917,summer,day3,21
2025-07-17 13:20:00,6563.8068,3364.249,summer,day3,21
2025-07-17 13:25:00,7114.498799999999,3359.7764,summer,day3,21
2025-07-17 13:30:00,5494.794,3351.9863,summer,day3,21
2025-07-17 13:35:00,4849.7352,3352.417,summer,day3,21
2025-07-17 13:40:00,5346.7044000000005,3362.3865,summer,day3,21
2025-07-17 13:45:00,4955.202,3362.874,summer,day3,21
2025-07-17 13:50:00,5024.3364,3347.709,summer,day3,21
2025-07-17 13:55:00,4966.8852,3352.3481,summer,day3,21
2025-07-17 14:00:00,4621.818,3356.7197,summer,day3,21
2025-07-17 14:05:00,5243.9112000000005,3361.6545,summer,day3,21
2025-07-17 14:10:00,6409.0632,3376.91,summer,day3,21
2025-07-17 14:15:00,4819.956,3373.539,summer,day3,21
2025-07-17 14:20:00,4747.390799999999,3372.1626,summer,day3,21
2025-07-17 14:25:00,6238.9308,3369.45,summer,day3,21
2025-07-17 14:30:00,5582.022,3358.5679,summer,day3,21
2025-07-17 14:35:00,4787.9088,3317.3271,summer,day3,21
2025-07-17 14:40:00,4944.138,3309.1052,summer,day3,21
2025-07-17 14:45:00,5074.722,3272.1155,summer,day3,21
2025-07-17 14:50:00,5499.2352,3248.2393,summer,day3,21
2025-07-17 14:55:00,4968.6384,3251.0952,summer,day3,21
2025-07-17 15:00:00,5770.7616,3207.3,summer,day3,21
2025-07-17 15:05:00,5905.2468,3208.2017,summer,day3,21
2025-07-17 15:10:00,5332.9752,3196.2446,summer,day3,21
2025-07-17 15:15:00,4588.5576,3190.506,summer,day3,21
2025-07-17 15:20:00,4382.6664,3203.3289,summer,day3,21
2025-07-17 15:25:00,4640.8212,3197.7769,summer,day3,21
2025-07-17 15:30:00,4833.7644,3204.8164,summer,day3,21
2025-07-17 15:35:00,4735.32,3229.0664,summer,day3,21
2025-07-17 15:40:00,5593.9956,3234.0833,summer,day3,21
2025-07-17 15:45:00,6699.9204,3241.7485,summer,day3,21
2025-07-17 15:50:00,5349.530400000001,3254.1638,summer,day3,21
2025-07-17 15:55:00,4272.5472,3265.0183,summer,day3,21
2025-07-17 16:00:00,5156.5692,3248.9736,summer,day3,21
2025-07-17 16:05:00,3829.3248,3259.2837,summer,day3,21
2025-07-17 16:10:00,3904.7964,3249.9563,summer,day3,21
2025-07-17 16:15:00,3894.5555999999997,3265.2676,summer,day3,21
2025-07-17 16:20:00,3870.8376000000003,3260.4197,summer,day3,21
2025-07-17 16:25:00,4002.0528,3256.8308,summer,day3,21
2025-07-17 16:30:00,3569.1551999999997,3305.6108,summer,day3,21
2025-07-17 16:35:00,3827.4168,3261.844,summer,day3,21
2025-07-17 16:40:00,4213.9656,3290.4465,summer,day3,21
2025-07-17 16:45:00,3695.3868,3250.144,summer,day3,21
2025-07-17 16:50:00,3703.0847999999996,3255.3584,summer,day3,21
2025-07-17 16:55:00,5570.166,3314.3013,summer,day3,21
2025-07-17 17:00:00,4633.2624,3253.698,summer,day3,21
2025-07-17 17:05:00,6476.478,3257.3752,summer,day3,21
2025-07-17 17:10:00,5138.442,3263.3313,summer,day3,21
2025-07-17 17:15:00,5058.0504,3277.9592,summer,day3,21
2025-07-17 17:20:00,5018.3351999999995,3255.3066,summer,day3,21
2025-07-17 17:25:00,4594.0596000000005,3266.1592,summer,day3,21
2025-07-17 17:30:00,3719.3544,3267.847,summer,day3,21
2025-07-17 17:35:00,3734.5440000000003,3283.2988,summer,day3,21
2025-07-17 17:40:00,3975.9672,3280.24,summer,day3,21
2025-07-17 17:45:00,4450.2204,3267.2444,summer,day3,21
2025-07-17 17:50:00,4235.4132,3245.596,summer,day3,21
2025-07-17 17:55:00,3930.0624,3239.2644,summer,day3,21
2025-07-17 18:00:00,5268.5292,3212.2437,summer,day3,21
2025-07-17 18:05:00,5162.6532,3215.322,summer,day3,21
2025-07-17 18:10:00,4423.0344,3197.7651,summer,day3,21
2025-07-17 18:15:00,5258.8056,3177.0535,summer,day3,21
2025-07-17 18:20:00,4014.7344,3168.6663,summer,day3,21
2025-07-17 18:25:00,3932.4660000000003,3147.6584,summer,day3,21
2025-07-17 18:30:00,3727.0728000000004,3125.0361,summer,day3,21
2025-07-17 18:35:00,3610.1976000000004,3110.6094,summer,day3,21
2025-07-17 18:40:00,3780.9444000000003,3102.7207,summer,day3,21
2025-07-17 18:45:00,3828.2172000000005,3104.2395,summer,day3,21
2025-07-17 18:50:00,3959.0099999999998,3094.4675,summer,day3,21
2025-07-17 18:55:00,4518.9228,3094.7478,summer,day3,21
2025-07-17 19:00:00,3927.3635999999997,3090.3333,summer,day3,21
2025-07-17 19:05:00,3844.9199999999996,3100.8833,summer,day3,21
2025-07-17 19:10:00,4531.116,3086.5083,summer,day3,21
2025-07-17 19:15:00,6519.4812,3089.8164,summer,day3,21
2025-07-17 19:20:00,5548.7663999999995,3087.086,summer,day3,21
2025-07-17 19:25:00,4800.1116,3080.3413,summer,day3,21
2025-07-17 19:30:00,3718.7748,3052.877,summer,day3,21
2025-07-17 19:35:00,4131.6144,3031.2554,summer,day3,21
2025-07-17 19:40:00,3456.3072,3000.581,summer,day3,21
2025-07-17 19:45:00,3640.9728000000005,3000.9028,summer,day3,21
2025-07-17 19:50:00,3621.3959999999997,2986.664,summer,day3,21
2025-07-17 19:55:00,3452.7012000000004,2985.9702,summer,day3,21
2025-07-17 20:00:00,3340.0343999999996,3013.9263,summer,day3,21
2025-07-17 20:05:00,3938.4468,3010.3276,summer,day3,21
2025-07-17 20:10:00,5138.5524,3006.7344,summer,day3,21
2025-07-17 20:15:00,4519.9536,3016.9485,summer,day3,21
2025-07-17 20:20:00,3926.7612,3009.1619,summer,day3,21
2025-07-17 20:25:00,3740.0208,3007.3708,summer,day3,21
2025-07-17 20:30:00,4663.9524,2977.1113,summer,day3,21
2025-07-17 20:35:00,4187.022,2951.0085,summer,day3,21
2025-07-17 20:40:00,3741.7536,2940.5679,summer,day3,21
2025-07-17 20:45:00,4081.4483999999998,2943.3662,summer,day3,21
2025-07-17 20:50:00,4111.0248,2921.0405,summer,day3,21
2025-07-17 20:55:00,4040.1852,2918.041,summer,day3,21
2025-07-17 21:00:00,4022.5296000000003,2909.6792,summer,day3,21
2025-07-17 21:05:00,5074.1916,2916.662,summer,day3,21
2025-07-17 21:10:00,5019.6864000000005,2924.3667,summer,day3,21
2025-07-17 21:15:00,5235.1056,2932.6274,summer,day3,21
2025-07-17 21:20:00,5198.7276,2918.264,summer,day3,21
2025-07-17 21:25:00,5041.8972,2928.0852,summer,day3,21
2025-07-17 21:30:00,4947.7572,2948.559,summer,day3,21
2025-07-17 21:35:00,4845.9983999999995,2974.1885,summer,day3,21
2025-07-17 21:40:00,4915.1556,2955.7388,summer,day3,21
2025-07-17 21:45:00,4995.6108,3006.2158,summer,day3,21
2025-07-17 21:50:00,5145.023999999999,3017.075,summer,day3,21
2025-07-17 21:55:00,4821.938400000001,3034.3723,summer,day3,21
2025-07-17 22:00:00,5224.206,3047.832,summer,day3,21
2025-07-17 22:05:00,5409.0491999999995,3018.787,summer,day3,21
2025-07-17 22:10:00,7144.282800000001,2969.8782,summer,day3,21
2025-07-17 22:15:00,7163.3364,3046.4438,summer,day3,21
2025-07-17 22:20:00,5021.166,2989.9773,summer,day3,21
2025-07-17 22:25:00,5094.3084,3009.3455,summer,day3,21
2025-07-17 22:30:00,5358.468,3024.8008,summer,day3,21
2025-07-17 22:35:00,5151.765600000001,3036.9653,summer,day3,21
2025-07-17 22:40:00,5313.6588,3011.7249,summer,day3,21
2025-07-17 22:45:00,5620.0271999999995,3003.2986,summer,day3,21
2025-07-17 22:50:00,5626.4496,2990.4307,summer,day3,21
2025-07-17 22:55:00,5536.8804,2978.9507,summer,day3,21
2025-07-17 23:00:00,5400.3396,2966.6858,summer,day3,21
2025-07-17 23:05:00,5470.469999999999,2956.189,summer,day3,21
2025-07-17 23:10:00,5739.8243999999995,2950.6243,summer,day3,21
2025-07-17 23:15:00,5787.3996,2960.5808,summer,day3,21
2025-07-17 23:20:00,5927.4816,2919.67,summer,day3,21
2025-07-17 23:25:00,5834.090399999999,2920.3425,summer,day3,21
2025-07-17 23:30:00,5615.3124,2905.1038,summer,day3,21
2025-07-17 23:35:00,5421.51,2888.8657,summer,day3,21
2025-07-17 23:40:00,5291.3436,2886.6467,summer,day3,21
2025-07-17 23:45:00,6521.7792,2877.7078,summer,day3,21
2025-07-17 23:50:00,5161.5504,2870.8894,summer,day3,21
2025-07-17 23:55:00,4628.9604,2876.4668,summer,day3,21
2025-08-08 00:00:00,2905.4832,4167.988,summer,day4,21
2025-08-08 00:05:00,2841.84,4056.5476,summer,day4,21
2025-08-08 00:10:00,3052.6944,3957.3894,summer,day4,21
2025-08-08 00:15:00,3142.6728,3880.61,summer,day4,21
2025-08-08 00:20:00,2870.1984,3804.3975,summer,day4,21
2025-08-08 00:25:00,2817.8292,3745.9546,summer,day4,21
2025-08-08 00:30:00,2915.0568,3707.836,summer,day4,21
2025-08-08 00:35:00,2962.2383999999997,3662.993,summer,day4,21
2025-08-08 00:40:00,2623.6164,3621.421,summer,day4,21
2025-08-08 00:45:00,2690.5608,3588.9524,summer,day4,21
2025-08-08 00:50:00,2906.832,3577.8745,summer,day4,21
2025-08-08 00:55:00,2565.0204,3553.5562,summer,day4,21
2025-08-08 01:00:00,2503.4616,3542.7654,summer,day4,21
2025-08-08 01:05:00,2474.418,3525.2617,summer,day4,21
2025-08-08 01:10:00,2648.3604,3509.7188,summer,day4,21
2025-08-08 01:15:00,2786.8572,3481.1448,summer,day4,21
2025-08-08 01:20:00,2711.532,3458.5251,summer,day4,21
2025-08-08 01:25:00,2803.4472,3441.913,summer,day4,21
2025-08-08 01:30:00,2854.1808,3426.441,summer,day4,21
2025-08-08 01:35:00,2967.666,3419.4756,summer,day4,21
2025-08-08 01:40:00,2924.532,3417.506,summer,day4,21
2025-08-08 01:45:00,2853.4332,3401.2153,summer,day4,21
2025-08-08 01:50:00,2575.8959999999997,3388.0098,summer,day4,21
2025-08-08 01:55:00,2489.8164,3383.8308,summer,day4,21
2025-08-08 02:00:00,2426.1984,3373.566,summer,day4,21
2025-08-08 02:05:00,2760.0792,3375.932,summer,day4,21
2025-08-08 02:10:00,3409.6788,3365.8044,summer,day4,21
2025-08-08 02:15:00,3478.7292,3354.0667,summer,day4,21
2025-08-08 02:20:00,3429.4031999999997,3350.272,summer,day4,21
2025-08-08 02:25:00,3368.4684,3333.544,summer,day4,21
2025-08-08 02:30:00,3050.1252,3328.4268,summer,day4,21
2025-08-08 02:35:00,2940.1956,3319.8318,summer,day4,21
2025-08-08 02:40:00,3120.0227999999997,3305.1855,summer,day4,21
2025-08-08 02:45:00,4267.158,3298.7954,summer,day4,21
2025-08-08 02:50:00,4474.515600000001,3291.0703,summer,day4,21
2025-08-08 02:55:00,3739.8084000000003,3288.815,summer,day4,21
2025-08-08 03:00:00,5022.6144,3276.3164,summer,day4,21
2025-08-08 03:05:00,4454.8908,3274.8127,summer,day4,21
2025-08-08 03:10:00,2717.2367999999997,3270.279,summer,day4,21
2025-08-08 03:15:00,3616.4352,3266.2256,summer,day4,21
2025-08-08 03:20:00,5155.7544,3262.4778,summer,day4,21
2025-08-08 03:25:00,3559.5,3259.3472,summer,day4,21
2025-08-08 03:30:00,2605.1423999999997,3262.6104,summer,day4,21
2025-08-08 03:35:00,2508.5832,3256.1914,summer,day4,21
2025-08-08 03:40:00,2695.8588000000004,3252.142,summer,day4,21
2025-08-08 03:45:00,2457.4272,3256.361,summer,day4,21
2025-08-08 03:50:00,2337.6576,3249.7415,summer,day4,21
2025-08-08 03:55:00,2346.7884,3240.9055,summer,day4,21
2025-08-08 04:00:00,2334.5664,3229.4563,summer,day4,21
2025-08-08 04:05:00,2381.9700000000003,3223.8396,summer,day4,21
2025-08-08 04:10:00,2430.6504,3213.5522,summer,day4,21
2025-08-08 04:15:00,2522.2812,3211.5732,summer,day4,21
2025-08-08 04:20:00,2233.764,3206.0166,summer,day4,21
2025-08-08 04:25:00,2555.6351999999997,3213.074,summer,day4,21
2025-08-08 04:30:00,2582.2488000000003,3207.7358,summer,day4,21
2025-08-08 04:35:00,3999.4116000000004,3208.3987,summer,day4,21
2025-08-08 04:40:00,2532.3635999999997,3209.5427,summer,day4,21
2025-08-08 04:45:00,2868.2604,3196.222,summer,day4,21
2025-08-08 04:50:00,3039.5508,3198.519,summer,day4,21
2025-08-08 04:55:00,2912.1144,3197.6086,summer,day4,21
2025-08-08 05:00:00,2723.4708,3193.546,summer,day4,21
2025-08-08 05:05:00,2702.4924,3189.216,summer,day4,21
2025-08-08 05:10:00,2537.0099999999998,3192.7603,summer,day4,21
2025-08-08 05:15:00,2216.7768,3191.5432,summer,day4,21
2025-08-08 05:20:00,2429.4576,3175.1567,summer,day4,21
2025-08-08 05:25:00,2355.9864000000002,3181.1055,summer,day4,21
2025-08-08 05:30:00,2164.7628,3183.0374,summer,day4,21
2025-08-08 05:35:00,2109.3347999999996,3185.215,summer,day4,21
2025-08-08 05:40:00,2062.8455999999996,3185.8955,summer,day4,21
2025-08-08 05:45:00,2216.46,3185.375,summer,day4,21
2025-08-08 05:50:00,2434.5024,3164.1125,summer,day4,21
2025-08-08 05:55:00,2256.9624,3183.6904,summer,day4,21
2025-08-08 06:00:00,2086.1076000000003,3168.7166,summer,day4,21
2025-08-08 06:05:00,2038.9080000000001,3177.116,summer,day4,21
2025-08-08 06:10:00,2045.8739999999998,3176.4111,summer,day4,21
2025-08-08 06:15:00,2038.7652000000003,3185.4412,summer,day4,21
2025-08-08 06:20:00,2295.6876,3186.3662,summer,day4,21
2025-08-08 06:25:00,2334.8376,3112.271,summer,day4,21
2025-08-08 06:30:00,2314.3343999999997,3124.66,summer,day4,21
2025-08-08 06:35:00,2259.6408,3135.874,summer,day4,21
2025-08-08 06:40:00,2163.0119999999997,3141.699,summer,day4,21
2025-08-08 06:45:00,2305.9932,3144.4507,summer,day4,21
2025-08-08 06:50:00,2580.3732,3144.2798,summer,day4,21
2025-08-08 06:55:00,2479.3308,3149.793,summer,day4,21
2025-08-08 07:00:00,2469.1236,3134.5173,summer,day4,21
2025-08-08 07:05:00,2567.5296,3122.77,summer,day4,21
2025-08-08 07:10:00,2516.7912,3106.6995,summer,day4,21
2025-08-08 07:15:00,2933.8487999999998,3095.004,summer,day4,21
2025-08-08 07:20:00,4157.588400000001,3077.3367,summer,day4,21
2025-08-08 07:25:00,3769.9464,3080.4653,summer,day4,21
2025-08-08 07:30:00,3520.6008,3076.699,summer,day4,21
2025-08-08 07:35:00,3993.84,3077.0378,summer,day4,21
2025-08-08 07:40:00,3469.446,3079.1387,summer,day4,21
2025-08-08 07:45:00,3332.5608,3079.6497,summer,day4,21
2025-08-08 07:50:00,4370.982,3082.2148,summer,day4,21
2025-08-08 07:55:00,5928.4632,3087.2913,summer,day4,21
2025-08-08 08:00:00,6051.9216,3083.3752,summer,day4,21
2025-08-08 08:05:00,7442.5740000000005,3057.2363,summer,day4,21
2025-08-08 08:10:00,6914.742,3035.9807,summer,day4,21
2025-08-08 08:15:00,4370.236800000001,3025.8032,summer,day4,21
2025-08-08 08:20:00,3859.41,3034.2605,summer,day4,21
2025-08-08 08:25:00,3873.5616,3037.8416,summer,day4,21
2025-08-08 08:30:00,3982.8959999999997,3038.389,summer,day4,21
2025-08-08 08:35:00,4137.0887999999995,3043.3599,summer,day4,21
2025-08-08 08:40:00,4582.818,3051.7217,summer,day4,21
2025-08-08 08:45:00,4052.8572,3034.4175,summer,day4,21
2025-08-08 08:50:00,3729.6876,3012.5137,summer,day4,21
2025-08-08 08:55:00,3790.8612000000003,2989.4673,summer,day4,21
2025-08-08 09:00:00,3798.4464,2974.9243,summer,day4,21
2025-08-08 09:05:00,5274.7428,2973.5942,summer,day4,21
2025-08-08 09:10:00,4159.0452000000005,2968.5874,summer,day4,21
2025-08-08 09:15:00,4181.5740000000005,2982.5718,summer,day4,21
2025-08-08 09:20:00,5541.3996,3000.6328,summer,day4,21
2025-08-08 09:25:00,4343.9496,2999.6829,summer,day4,21
2025-08-08 09:30:00,5387.140799999999,3003.8452,summer,day4,21
2025-08-08 09:35:00,4316.7192,3018.5056,summer,day4,21
2025-08-08 09:40:00,4500.069600000001,3032.5007,summer,day4,21
2025-08-08 09:45:00,4473.2916,3041.6335,summer,day4,21
2025-08-08 09:50:00,6840.2064,3033.3716,summer,day4,21
2025-08-08 09:55:00,5347.7736,3021.3608,summer,day4,21
2025-08-08 10:00:00,4514.2572,3013.295,summer,day4,21
2025-08-08 10:05:00,5084.0124,3001.0623,summer,day4,21
2025-08-08 10:10:00,5008.0896,2999.253,summer,day4,21
2025-08-08 10:15:00,4081.65,2993.9285,summer,day4,21
2025-08-08 10:20:00,4155.3396,2984.989,summer,day4,21
2025-08-08 10:25:00,4868.2476,2985.4011,summer,day4,21
2025-08-08 10:30:00,5180.252399999999,2981.4458,summer,day4,21
2025-08-08 10:35:00,4211.556,2966.7253,summer,day4,21
2025-08-08 10:40:00,4728.6048,2950.1003,summer,day4,21
2025-08-08 10:45:00,4576.3128,2953.8645,summer,day4,21
2025-08-08 10:50:00,4665.6708,2954.1753,summer,day4,21
2025-08-08 10:55:00,3503.478,2972.5298,summer,day4,21
2025-08-08 11:00:00,3574.1040000000003,2981.0586,summer,day4,21
2025-08-08 11:05:00,3782.2296,2975.8254,summer,day4,21
2025-08-08 11:10:00,5051.9436000000005,2991.7595,summer,day4,21
2025-08-08 11:15:00,4720.2924,2999.2234,summer,day4,21
2025-08-08 11:20:00,5171.43,3032.5889,summer,day4,21
2025-08-08 11:25:00,5189.8332,3055.1238,summer,day4,21
2025-08-08 11:30:00,6781.4364000000005,3043.2268,summer,day4,21
2025-08-08 11:35:00,5262.777599999999,3027.0935,summer,day4,21
2025-08-08 11:40:00,5481.5484,3033.45,summer,day4,21
2025-08-08 11:45:00,4569.4092,3030.708,summer,day4,21
2025-08-08 11:50:00,2638.8288000000002,3008.2185,summer,day4,21
2025-08-08 11:55:00,2600.8296,3027.8203,summer,day4,21
2025-08-08 12:00:00,2749.0620000000004,3056.4927,summer,day4,21
2025-08-08 12:05:00,3770.9472,3079.1313,summer,day4,21
2025-08-08 12:10:00,4299.8112,3083.748,summer,day4,21
2025-08-08 12:15:00,4665.4152,3064.9224,summer,day4,21
2025-08-08 12:20:00,2908.5612,3051.5688,summer,day4,21
2025-08-08 12:25:00,2706.7356,3057.1343,summer,day4,21
2025-08-08 12:30:00,2959.0415999999996,3068.9712,summer,day4,21
2025-08-08 12:35:00,2706.6168000000002,3061.5059,summer,day4,21
2025-08-08 12:40:00,2692.866,3053.1821,summer,day4,21
2025-08-08 12:45:00,2798.7972,3051.9392,summer,day4,21
2025-08-08 12:50:00,2721.0768,3044.7468,summer,day4,21
2025-08-08 12:55:00,3447.0324,3037.7869,summer,day4,21
2025-08-08 13:00:00,3030.2988,3034.855,summer,day4,21
2025-08-08 13:05:00,3751.1796000000004,3031.3838,summer,day4,21
2025-08-08 13:10:00,4783.0992,3033.2512,summer,day4,21
2025-08-08 13:15:00,7185.755999999999,3034.8347,summer,day4,21
2025-08-08 13:20:00,5689.8216,3033.617,summer,day4,21
2025-08-08 13:25:00,5006.1312,3035.29,summer,day4,21
2025-08-08 13:30:00,3681.2316,3032.8774,summer,day4,21
2025-08-08 13:35:00,3398.9496,3035.697,summer,day4,21
2025-08-08 13:40:00,4802.8212,3039.7825,summer,day4,21
2025-08-08 13:45:00,3532.0811999999996,3042.1917,summer,day4,21
2025-08-08 13:50:00,5046.8928,3037.8943,summer,day4,21
2025-08-08 13:55:00,3782.6591999999996,3039.7524,summer,day4,21
2025-08-08 14:00:00,5003.0352,3049.203,summer,day4,21
2025-08-08 14:05:00,4340.454,3061.8188,summer,day4,21
2025-08-08 14:10:00,4120.7292,3047.9734,summer,day4,21
2025-08-08 14:15:00,3413.1551999999997,3043.9011,summer,day4,21
2025-08-08 14:20:00,3355.8695999999995,3042.1343,summer,day4,21
2025-08-08 14:25:00,3638.7228000000005,3045.1814,summer,day4,21
2025-08-08 14:30:00,4723.7112,3046.9307,summer,day4,21
2025-08-08 14:35:00,5800.7076,3046.2383,summer,day4,21
2025-08-08 14:40:00,4699.6812,3040.4602,summer,day4,21
2025-08-08 14:45:00,4796.1576000000005,3037.1846,summer,day4,21
2025-08-08 14:50:00,4215.8184,3040.203,summer,day4,21
2025-08-08 14:55:00,3505.9067999999997,3042.2278,summer,day4,21
2025-08-08 15:00:00,3366.9396,3043.3718,summer,day4,21
2025-08-08 15:05:00,2607.7943999999998,3041.5518,summer,day4,21
2025-08-08 15:10:00,2683.9067999999997,3045.6829,summer,day4,21
2025-08-08 15:15:00,3289.518,3038.7195,summer,day4,21
2025-08-08 15:20:00,3239.2763999999997,3042.0344,summer,day4,21
2025-08-08 15:25:00,3709.536,3035.0156,summer,day4,21
2025-08-08 15:30:00,3970.7555999999995,3031.5205,summer,day4,21
2025-08-08 15:35:00,3985.5864,3044.2698,summer,day4,21
2025-08-08 15:40:00,4568.6796,3040.2202,summer,day4,21
2025-08-08 15:45:00,3415.3487999999998,3044.2,summer,day4,21
2025-08-08 15:50:00,4920.3684,3046.489,summer,day4,21
2025-08-08 15:55:00,3361.9080000000004,3041.3516,summer,day4,21
2025-08-08 16:00:00,3421.9584000000004,3026.0498,summer,day4,21
2025-08-08 16:05:00,3696.834,3033.334,summer,day4,21
2025-08-08 16:10:00,4050.3455999999996,3033.396,summer,day4,21
2025-08-08 16:15:00,4786.476000000001,3037.503,summer,day4,21
2025-08-08 16:20:00,5060.3364,3048.5708,summer,day4,21
2025-08-08 16:25:00,3897.1176,3033.6814,summer,day4,21
2025-08-08 16:30:00,4117.412399999999,3034.1697,summer,day4,21
2025-08-08 16:35:00,3502.3224,3063.0212,summer,day4,21
2025-08-08 16:40:00,3515.2404,3067.5476,summer,day4,21
2025-08-08 16:45:00,4857.1788,3063.2375,summer,day4,21
2025-08-08 16:50:00,4484.3351999999995,3063.572,summer,day4,21
2025-08-08 16:55:00,3655.2156000000004,3038.4536,summer,day4,21
2025-08-08 17:00:00,3561.2088000000003,3069.8372,summer,day4,21
2025-08-08 17:05:00,3523.1760000000004,3090.5256,summer,day4,21
2025-08-08 17:10:00,3922.7532,3096.15,summer,day4,21
2025-08-08 17:15:00,4652.664,3039.6182,summer,day4,21
2025-08-08 17:20:00,4405.8264,3037.336,summer,day4,21
2025-08-08 17:25:00,4178.4924,3040.8335,summer,day4,21
2025-08-08 17:30:00,5473.3824,3042.4067,summer,day4,21
2025-08-08 17:35:00,3859.8455999999996,3071.3809,summer,day4,21
2025-08-08 17:40:00,3788.3196000000003,3049.874,summer,day4,21
2025-08-08 17:45:00,4298.9592,3049.7383,summer,day4,21
2025-08-08 17:50:00,3523.536,3056.5999,summer,day4,21
2025-08-08 17:55:00,3408.1704,3060.14,summer,day4,21
2025-08-08 18:00:00,3892.5996,3059.6648,summer,day4,21
2025-08-08 18:05:00,5197.6044,3066.06,summer,day4,21
2025-08-08 18:10:00,4862.986800000001,3067.7,summer,day4,21
2025-08-08 18:15:00,3944.046,3066.897,summer,day4,21
2025-08-08 18:20:00,3285.3455999999996,3064.13,summer,day4,21
2025-08-08 18:25:00,2748.4847999999997,3052.6643,summer,day4,21
2025-08-08 18:30:00,2445.9864000000002,3050.247,summer,day4,21
2025-08-08 18:35:00,2176.9584000000004,3058.6902,summer,day4,21
2025-08-08 18:40:00,2878.4148,3063.661,summer,day4,21
2025-08-08 18:45:00,2829.4811999999997,3065.884,summer,day4,21
2025-08-08 18:50:00,2444.1924,3051.2654,summer,day4,21
2025-08-08 18:55:00,2611.938,3030.0544,summer,day4,21
2025-08-08 19:00:00,3374.5512000000003,3037.5447,summer,day4,21
2025-08-08 19:05:00,2960.0088000000005,3053.644,summer,day4,21
2025-08-08 19:10:00,4092.1416,3059.6443,summer,day4,21
2025-08-08 19:15:00,4772.0532,3072.162,summer,day4,21
2025-08-08 19:20:00,2430.786,3072.771,summer,day4,21
2025-08-08 19:25:00,2479.8048,3073.6953,summer,day4,21
2025-08-08 19:30:00,2630.2752,3066.469,summer,day4,21
2025-08-08 19:35:00,2845.0608,3045.784,summer,day4,21
2025-08-08 19:40:00,2938.3392,3028.3115,summer,day4,21
2025-08-08 19:45:00,2988.6756,3014.7563,summer,day4,21
2025-08-08 19:50:00,4017.8328,2997.5466,summer,day4,21
2025-08-08 19:55:00,2619.2712,2990.039,summer,day4,21
2025-08-08 20:00:00,2265.0191999999997,3006.9307,summer,day4,21
2025-08-08 20:05:00,2141.1264,3006.573,summer,day4,21
2025-08-08 20:10:00,2102.7912,3018.4038,summer,day4,21
2025-08-08 20:15:00,2098.248,3029.9182,summer,day4,21
2025-08-08 20:20:00,2046.3192,3034.4167,summer,day4,21
2025-08-08 20:25:00,2141.1876,3034.4043,summer,day4,21
2025-08-08 20:30:00,2322.7776,3036.2893,summer,day4,21
2025-08-08 20:35:00,2007.8604,3025.7395,summer,day4,21
2025-08-08 20:40:00,2347.452,3022.9292,summer,day4,21
2025-08-08 20:45:00,2397.0984,3015.3057,summer,day4,21
2025-08-08 20:50:00,2293.8131999999996,3007.0676,summer,day4,21
2025-08-08 20:55:00,2290.6295999999998,3003.8203,summer,day4,21
2025-08-08 21:00:00,2288.046,2997.502,summer,day4,21
2025-08-08 21:05:00,2324.6964,2993.4565,summer,day4,21
2025-08-08 21:10:00,2523.294,2989.748,summer,day4,21
2025-08-08 21:15:00,2329.0008000000003,2989.6626,summer,day4,21
2025-08-08 21:20:00,2381.2511999999997,2973.973,summer,day4,21
2025-08-08 21:25:00,2403.864,2979.794,summer,day4,21
2025-08-08 21:30:00,2394.0804,2977.418,summer,day4,21
2025-08-08 21:35:00,2208.7619999999997,2979.3884,summer,day4,21
2025-08-08 21:40:00,2059.0595999999996,2991.4202,summer,day4,21
2025-08-08 21:45:00,2403.7248,2973.3523,summer,day4,21
2025-08-08 21:50:00,2643.1368,2972.7773,summer,day4,21
2025-08-08 21:55:00,2519.4636,2995.7502,summer,day4,21
2025-08-08 22:00:00,2748.9156000000003,3010.5176,summer,day4,21
2025-08-08 22:05:00,2819.1731999999997,2971.1528,summer,day4,21
2025-08-08 22:10:00,2797.3787999999995,3020.0974,summer,day4,21
2025-08-08 22:15:00,2728.8216,2992.8906,summer,day4,21
2025-08-08 22:20:00,2633.6316,2972.8445,summer,day4,21
2025-08-08 22:25:00,2613.8088,3022.649,summer,day4,21
2025-08-08 22:30:00,2962.7928,3040.3516,summer,day4,21
2025-08-08 22:35:00,2505.8232,2999.6106,summer,day4,21
2025-08-08 22:40:00,2656.6367999999998,2981.526,summer,day4,21
2025-08-08 22:45:00,2846.6796,2984.7349,summer,day4,21
2025-08-08 22:50:00,2746.4292,2983.0376,summer,day4,21
2025-08-08 22:55:00,2563.2732,2990.9746,summer,day4,21
2025-08-08 23:00:00,2549.2188,2986.2883,summer,day4,21
2025-08-08 23:05:00,2521.6368,2959.7178,summer,day4,21
2025-08-08 23:10:00,2702.8176,2978.4844,summer,day4,21
2025-08-08 23:15:00,2504.3064,2990.32,summer,day4,21
2025-08-08 23:20:00,2510.2596000000003,2993.0024,summer,day4,21
2025-08-08 23:25:00,2516.4468,2999.6692,summer,day4,21
2025-08-08 23:30:00,2216.4096,2997.5066,summer,day4,21
2025-08-08 23:35:00,2404.7748,2983.6714,summer,day4,21
2025-08-08 23:40:00,2587.326,2958.4287,summer,day4,21
2025-08-08 23:45:00,2509.5348,2957.4368,summer,day4,21
2025-08-08 23:50:00,2691.5496000000003,2958.7268,summer,day4,21
2025-08-08 23:55:00,2451.072,2965.7476,summer,day4,21
2025-08-31 00:00:00,2182.0248,2287.562,summer,day5,21
2025-08-31 00:05:00,2171.3016,2290.5933,summer,day5,21
2025-08-31 00:10:00,2179.698,2292.2627,summer,day5,21
2025-08-31 00:15:00,2367.0263999999997,2304.1492,summer,day5,21
2025-08-31 00:20:00,2488.9332,2312.497,summer,day5,21
2025-08-31 00:25:00,2413.3188,2319.9248,summer,day5,21
2025-08-31 00:30:00,2379.0276,2324.9268,summer,day5,21
2025-08-31 00:35:00,2326.3428,2336.7878,summer,day5,21
2025-08-31 00:40:00,2281.1736,2338.7627,summer,day5,21
2025-08-31 00:45:00,2240.9832,2343.2666,summer,day5,21
2025-08-31 00:50:00,2339.43,2350.1057,summer,day5,21
2025-08-31 00:55:00,2428.9248,2356.5222,summer,day5,21
2025-08-31 01:00:00,2334.294,2365.5981,summer,day5,21
2025-08-31 01:05:00,2190.9312,2372.3184,summer,day5,21
2025-08-31 01:10:00,2169.1596,2378.419,summer,day5,21
2025-08-31 01:15:00,2111.2547999999997,2391.3728,summer,day5,21
2025-08-31 01:20:00,2149.638,2392.7043,summer,day5,21
2025-08-31 01:25:00,2269.2131999999997,2394.439,summer,day5,21
2025-08-31 01:30:00,2388.1440000000002,2400.4846,summer,day5,21
2025-08-31 01:35:00,2309.5524,2402.2236,summer,day5,21
2025-08-31 01:40:00,2106.84,2405.0325,summer,day5,21
2025-08-31 01:45:00,2144.9196,2406.8464,summer,day5,21
2025-08-31 01:50:00,2150.5368000000003,2409.9023,summer,day5,21
2025-08-31 01:55:00,2092.8300000000004,2416.368,summer,day5,21
2025-08-31 02:00:00,2155.7448,2421.2317,summer,day5,21
2025-08-31 02:05:00,2274.1344,2425.7952,summer,day5,21
2025-08-31 02:10:00,2262.8508,2431.768,summer,day5,21
2025-08-31 02:15:00,2125.1784,2432.0173,summer,day5,21
2025-08-31 02:20:00,2130.1404,2435.9404,summer,day5,21
2025-08-31 02:25:00,2179.1448,2440.1638,summer,day5,21
2025-08-31 02:30:00,2169.3563999999997,2439.9937,summer,day5,21
2025-08-31 02:35:00,2281.506,2442.1418,summer,day5,21
2025-08-31 02:40:00,2460.4584,2454.5505,summer,day5,21
2025-08-31 02:45:00,2300.6772,2459.459,summer,day5,21
2025-08-31 02:50:00,2135.4096,2459.5298,summer,day5,21
2025-08-31 02:55:00,2109.5292,2462.502,summer,day5,21
2025-08-31 03:00:00,2105.1396,2465.8833,summer,day5,21
2025-08-31 03:05:00,2159.7383999999997,2470.2908,summer,day5,21
2025-08-31 03:10:00,2250.6012,2471.2388,summer,day5,21
2025-08-31 03:15:00,2335.6188,2473.5847,summer,day5,21
2025-08-31 03:20:00,2230.9847999999997,2475.3228,summer,day5,21
2025-08-31 03:25:00,2123.4684,2477.9065,summer,day5,21
2025-08-31 03:30:00,2129.9424,2479.3564,summer,day5,21
2025-08-31 03:35:00,2201.3148,2480.3308,summer,day5,21
2025-08-31 03:40:00,2191.3212,2478.0664,summer,day5,21
2025-08-31 03:45:00,2239.4388,2476.6367,summer,day5,21
2025-08-31 03:50:00,2352.6924,2473.216,summer,day5,21
2025-08-31 03:55:00,2211.0936,2473.6375,summer,day5,21
2025-08-31 04:00:00,2164.3068,2474.5347,summer,day5,21
2025-08-31 04:05:00,2287.62,2476.6143,summer,day5,21
2025-08-31 04:10:00,2700.0996,2476.144,summer,day5,21
2025-08-31 04:15:00,2477.7419999999997,2476.3086,summer,day5,21
2025-08-31 04:20:00,2596.2275999999997,2473.7227,summer,day5,21
2025-08-31 04:25:00,2646.3095999999996,2477.0437,summer,day5,21
2025-08-31 04:30:00,2636.9880000000003,2476.6294,summer,day5,21
2025-08-31 04:35:00,2435.2727999999997,2478.738,summer,day5,21
2025-08-31 04:40:00,2260.7400000000002,2483.964,summer,day5,21
2025-08-31 04:45:00,2271.9948,2482.9006,summer,day5,21
2025-08-31 04:50:00,2605.2828,2484.2976,summer,day5,21
2025-08-31 04:55:00,2715.6156,2490.9458,summer,day5,21
2025-08-31 05:00:00,2876.3772,2490.0938,summer,day5,21
2025-08-31 05:05:00,2702.5811999999996,2498.7935,summer,day5,21
2025-08-31 05:10:00,2473.926,2500.8118,summer,day5,21
2025-08-31 05:15:00,2450.0244,2506.5024,summer,day5,21
2025-08-31 05:20:00,2296.3368,2497.189,summer,day5,21
2025-08-31 05:25:00,2158.2192000000005,2508.9465,summer,day5,21
2025-08-31 05:30:00,2101.218,2509.348,summer,day5,21
2025-08-31 05:35:00,2207.7648,2519.193,summer,day5,21
2025-08-31 05:40:00,2161.4616,2527.9448,summer,day5,21
2025-08-31 05:45:00,2376.87,2535.7324,summer,day5,21
2025-08-31 05:50:00,2385.6744,2553.0823,summer,day5,21
2025-08-31 05:55:00,2232.6072,2538.9268,summer,day5,21
2025-08-31 06:00:00,2064.4416,2558.0713,summer,day5,21
2025-08-31 06:05:00,2381.2632000000003,2545.724,summer,day5,21
2025-08-31 06:10:00,2458.8036,2554.4075,summer,day5,21
2025-08-31 06:15:00,2302.2167999999997,2589.87,summer,day5,21
2025-08-31 06:20:00,2281.3416,2583.316,summer,day5,21
2025-08-31 06:25:00,2290.0896000000002,2565.123,summer,day5,21
2025-08-31 06:30:00,2123.9892,2568.2244,summer,day5,21
2025-08-31 06:35:00,2123.946,2578.0137,summer,day5,21
2025-08-31 06:40:00,2096.8224,2584.3682,summer,day5,21
2025-08-31 06:45:00,1990.8756,2574.1384,summer,day5,21
2025-08-31 06:50:00,1907.2992,2581.7244,summer,day5,21
2025-08-31 06:55:00,1924.4784,2583.3162,summer,day5,21
2025-08-31 07:00:00,1899.3,2579.422,summer,day5,21
2025-08-31 07:05:00,1934.532,2577.309,summer,day5,21
2025-08-31 07:10:00,2058.1404,2577.8982,summer,day5,21
2025-08-31 07:15:00,2033.2908,2576.6401,summer,day5,21
2025-08-31 07:20:00,1949.8044000000002,2576.8196,summer,day5,21
2025-08-31 07:25:00,1825.3044000000002,2577.167,summer,day5,21
2025-08-31 07:30:00,1910.9268,2583.3435,summer,day5,21
2025-08-31 07:35:00,2020.998,2599.4214,summer,day5,21
2025-08-31 07:40:00,2011.0392,2616.702,summer,day5,21
2025-08-31 07:45:00,2001.1487999999997,2601.9355,summer,day5,21
2025-08-31 07:50:00,2134.5996,2587.8574,summer,day5,21
2025-08-31 07:55:00,2044.752,2582.2876,summer,day5,21
2025-08-31 08:00:00,1855.0716,2588.4453,summer,day5,21
2025-08-31 08:05:00,1842.3108,2594.2292,summer,day5,21
2025-08-31 08:10:00,1864.1748,2599.3076,summer,day5,21
2025-08-31 08:15:00,1817.7900000000002,2602.498,summer,day5,21
2025-08-31 08:20:00,1829.7252,2607.9106,summer,day5,21
2025-08-31 08:25:00,2058.3815999999997,2614.5435,summer,day5,21
2025-08-31 08:30:00,2041.7628,2610.5415,summer,day5,21
2025-08-31 08:35:00,1887.4584,2608.9336,summer,day5,21
2025-08-31 08:40:00,1857.786,2602.3328,summer,day5,21
2025-08-31 08:45:00,1862.8727999999999,2596.6885,summer,day5,21
2025-08-31 08:50:00,1895.7408,2591.919,summer,day5,21
2025-08-31 08:55:00,1874.7972000000002,2580.0154,summer,day5,21
2025-08-31 09:00:00,2894.6099999999997,2573.8486,summer,day5,21
2025-08-31 09:05:00,4606.0332,2575.5203,summer,day5,21
2025-08-31 09:10:00,4738.5612,2575.8743,summer,day5,21
2025-08-31 09:15:00,4384.8336,2573.5522,summer,day5,21
2025-08-31 09:20:00,2424.528,2571.888,summer,day5,21
2025-08-31 09:25:00,2227.5624,2574.6897,summer,day5,21
2025-08-31 09:30:00,2263.3368,2579.04,summer,day5,21
2025-08-31 09:35:00,2350.8504000000003,2583.6526,summer,day5,21
2025-08-31 09:40:00,2626.5012,2588.8662,summer,day5,21
2025-08-31 09:45:00,1964.9772,2589.997,summer,day5,21
2025-08-31 09:50:00,1971.7044,2594.6455,summer,day5,21
2025-08-31 09:55:00,2005.4256,2594.0962,summer,day5,21
2025-08-31 10:00:00,2067.1572,2598.0984,summer,day5,21
2025-08-31 10:05:00,2244.852,2597.335,summer,day5,21
2025-08-31 10:10:00,3416.1023999999998,2598.3835,summer,day5,21
2025-08-31 10:15:00,3862.4364,2601.654,summer,day5,21
2025-08-31 10:20:00,3836.4936000000002,2603.4937,summer,day5,21
2025-08-31 10:25:00,3223.632,2607.083,summer,day5,21
2025-08-31 10:30:00,2984.226,2610.81,summer,day5,21
2025-08-31 10:35:00,2255.4672,2612.8596,summer,day5,21
2025-08-31 10:40:00,3035.508,2600.824,summer,day5,21
2025-08-31 10:45:00,3573.0192,2608.2354,summer,day5,21
2025-08-31 10:50:00,3498.6192,2612.8784,summer,day5,21
2025-08-31 10:55:00,2997.8003999999996,2620.907,summer,day5,21
2025-08-31 11:00:00,2643.792,2617.9639,summer,day5,21
2025-08-31 11:05:00,3442.1771999999996,2626.332,summer,day5,21
2025-08-31 11:10:00,2188.5804,2627.3682,summer,day5,21
2025-08-31 11:15:00,2405.3496,2666.3726,summer,day5,21
2025-08-31 11:20:00,2584.6979999999994,2659.303,summer,day5,21
2025-08-31 11:25:00,2462.0099999999998,2675.749,summer,day5,21
2025-08-31 11:30:00,2161.662,2687.1543,summer,day5,21
2025-08-31 11:35:00,2140.29,2700.0488,summer,day5,21
2025-08-31 11:40:00,2179.4292,2694.2866,summer,day5,21
2025-08-31 11:45:00,2256.7428,2663.0623,summer,day5,21
2025-08-31 11:50:00,2426.5632,2655.4902,summer,day5,21
2025-08-31 11:55:00,2053.9788,2666.3591,summer,day5,21
2025-08-31 12:00:00,2084.1984,2670.8694,summer,day5,21
2025-08-31 12:05:00,2074.7232,2671.993,summer,day5,21
2025-08-31 12:10:00,2848.9848,2671.2822,summer,day5,21
2025-08-31 12:15:00,3339.7188,2665.4504,summer,day5,21
2025-08-31 12:20:00,2250.9828,2671.1943,summer,day5,21
2025-08-31 12:25:00,2207.862,2667.212,summer,day5,21
2025-08-31 12:30:00,2535.6792,2680.5752,summer,day5,21
2025-08-31 12:35:00,2224.3764,2685.4507,summer,day5,21
2025-08-31 12:40:00,2402.472,2688.7314,summer,day5,21
2025-08-31 12:45:00,2056.6992,2701.7163,summer,day5,21
2025-08-31 12:50:00,1929.1284,2705.988,summer,day5,21
2025-08-31 12:55:00,2071.3872,2709.374,summer,day5,21
2025-08-31 13:00:00,2795.3724,2708.9272,summer,day5,21
2025-08-31 13:05:00,3846.1284,2713.8757,summer,day5,21
2025-08-31 13:10:00,5238.2124,2716.3167,summer,day5,21
2025-08-31 13:15:00,4509.752399999999,2719.6597,summer,day5,21
2025-08-31 13:20:00,4622.245199999999,2723.2334,summer,day5,21
2025-08-31 13:25:00,4373.318399999999,2709.101,summer,day5,21
2025-08-31 13:30:00,4350.6972000000005,2696.6921,summer,day5,21
2025-08-31 13:35:00,5883.780000000001,2684.8372,summer,day5,21
2025-08-31 13:40:00,4219.455599999999,2659.8772,summer,day5,21
2025-08-31 13:45:00,4279.3428,2652.2366,summer,day5,21
2025-08-31 13:50:00,4733.3724,2640.767,summer,day5,21
2025-08-31 13:55:00,4474.8588,2643.9216,summer,day5,21
2025-08-31 14:00:00,4857.1776,2649.2993,summer,day5,21
2025-08-31 14:05:00,4142.4324,2656.856,summer,day5,21
2025-08-31 14:10:00,5776.6992,2666.0835,summer,day5,21
2025-08-31 14:15:00,4289.4924,2672.7783,summer,day5,21
2025-08-31 14:20:00,4750.2924,2674.5117,summer,day5,21
2025-08-31 14:25:00,4333.697999999999,2674.3384,summer,day5,21
2025-08-31 14:30:00,4190.0592,2684.3467,summer,day5,21
2025-08-31 14:35:00,5073.8844,2675.3389,summer,day5,21
2025-08-31 14:40:00,4693.2372000000005,2670.5332,summer,day5,21
2025-08-31 14:45:00,5723.7504,2658.5273,summer,day5,21
2025-08-31 14:50:00,6133.338000000001,2653.8735,summer,day5,21
2025-08-31 14:55:00,4434.3192,2649.4563,summer,day5,21
2025-08-31 15:00:00,4249.2936,2644.1782,summer,day5,21
2025-08-31 15:05:00,4138.8612,2645.3281,summer,day5,21
2025-08-31 15:10:00,5869.584,2651.0461,summer,day5,21
2025-08-31 15:15:00,4105.4856,2648.0576,summer,day5,21
2025-08-31 15:20:00,4772.3135999999995,2652.1853,summer,day5,21
2025-08-31 15:25:00,7226.844,2651.1597,summer,day5,21
2025-08-31 15:30:00,4697.1396,2652.2795,summer,day5,21
2025-08-31 15:35:00,4431.940799999999,2655.8513,summer,day5,21
2025-08-31 15:40:00,4453.8396,2660.081,summer,day5,21
2025-08-31 15:45:00,4339.2372000000005,2664.8984,summer,day5,21
2025-08-31 15:50:00,4215.6876,2669.7732,summer,day5,21
2025-08-31 15:55:00,4487.0496,2674.4453,summer,day5,21
2025-08-31 16:00:00,4655.004,2663.6782,summer,day5,21
2025-08-31 16:05:00,6531.1428,2669.7192,summer,day5,21
2025-08-31 16:10:00,5223.3948,2677.011,summer,day5,21
2025-08-31 16:15:00,5174.808,2687.8213,summer,day5,21
2025-08-31 16:20:00,5001.606,2693.5024,summer,day5,21
2025-08-31 16:25:00,8077.4352,2679.46,summer,day5,21
2025-08-31 16:30:00,7781.7588000000005,2697.7305,summer,day5,21
2025-08-31 16:35:00,6015.5844,2701.2925,summer,day5,21
2025-08-31 16:40:00,5052.6924,2709.6824,summer,day5,21
2025-08-31 16:45:00,4952.0976,2701.3826,summer,day5,21
2025-08-31 16:50:00,5160.8196,2706.6838,summer,day5,21
2025-08-31 16:55:00,6077.4324,2711.565,summer,day5,21
2025-08-31 17:00:00,8012.6352,2710.9417,summer,day5,21
2025-08-31 17:05:00,6954.955199999999,2719.4941,summer,day5,21
2025-08-31 17:10:00,6484.3824,2721.7312,summer,day5,21
2025-08-31 17:15:00,6229.974,2700.9763,summer,day5,21
2025-08-31 17:20:00,6230.1012,2674.141,summer,day5,21
2025-08-31 17:25:00,6915.224400000001,2674.793,summer,day5,21
2025-08-31 17:30:00,6302.778,2678.9314,summer,day5,21
2025-08-31 17:35:00,6173.4144,2697.8564,summer,day5,21
2025-08-31 17:40:00,6153.0216,2694.999,summer,day5,21
2025-08-31 17:45:00,6950.794800000001,2681.516,summer,day5,21
2025-08-31 17:50:00,7280.1576000000005,2678.5435,summer,day5,21
2025-08-31 17:55:00,6939.375599999999,2677.4946,summer,day5,21
2025-08-31 18:00:00,6380.1323999999995,2676.8242,summer,day5,21
2025-08-31 18:05:00,6515.6424,2680.987,summer,day5,21
2025-08-31 18:10:00,4805.9256000000005,2688.3618,summer,day5,21
2025-08-31 18:15:00,4628.286,2693.1863,summer,day5,21
2025-08-31 18:20:00,4889.294400000001,2694.1702,summer,day5,21
2025-08-31 18:25:00,4872.770399999999,2694.4375,summer,day5,21
2025-08-31 18:30:00,3872.9748,2694.375,summer,day5,21
2025-08-31 18:35:00,3762.5663999999997,2699.8672,summer,day5,21
2025-08-31 18:40:00,3813.8604,2697.6665,summer,day5,21
2025-08-31 18:45:00,3833.7264000000005,2692.9443,summer,day5,21
2025-08-31 18:50:00,3909.7284,2685.399,summer,day5,21
2025-08-31 18:55:00,3944.4888,2682.54,summer,day5,21
2025-08-31 19:00:00,5147.4612,2691.349,summer,day5,21
2025-08-31 19:05:00,4844.462399999999,2688.331,summer,day5,21
2025-08-31 19:10:00,4242.972,2685.6763,summer,day5,21
2025-08-31 19:15:00,3783.0204,2687.6982,summer,day5,21
2025-08-31 19:20:00,3764.4767999999995,2684.6895,summer,day5,21
2025-08-31 19:25:00,3732.8520000000003,2686.146,summer,day5,21
2025-08-31 19:30:00,3727.3704,2689.4053,summer,day5,21
2025-08-31 19:35:00,3835.8479999999995,2686.1367,summer,day5,21
2025-08-31 19:40:00,4004.9688,2686.7239,summer,day5,21
2025-08-31 19:45:00,3859.8516000000004,2687.3208,summer,day5,21
2025-08-31 19:50:00,4215.4056,2687.376,summer,day5,21
2025-08-31 19:55:00,4371.5676,2672.2031,summer,day5,21
2025-08-31 20:00:00,4049.5752,2668.8093,summer,day5,21
2025-08-31 20:05:00,4192.674,2653.5376,summer,day5,21
2025-08-31 20:10:00,4126.7604,2649.2788,summer,day5,21
2025-08-31 20:15:00,4924.669199999999,2646.4812,summer,day5,21
2025-08-31 20:20:00,4501.0968,2650.5566,summer,day5,21
2025-08-31 20:25:00,4050.282,2651.9526,summer,day5,21
2025-08-31 20:30:00,3954.6612,2658.6274,summer,day5,21
2025-08-31 20:35:00,5177.9832,2655.8896,summer,day5,21
2025-08-31 20:40:00,6023.2248,2660.4082,summer,day5,21
2025-08-31 20:45:00,4444.468800000001,2659.9382,summer,day5,21
2025-08-31 20:50:00,4218.8928,2664.3452,summer,day5,21
2025-08-31 20:55:00,5574.2136,2665.8308,summer,day5,21
2025-08-31 21:00:00,4219.7784,2659.3584,summer,day5,21
2025-08-31 21:05:00,3663.756,2659.0361,summer,day5,21
2025-08-31 21:10:00,3199.6356,2658.1724,summer,day5,21
2025-08-31 21:15:00,3130.2432,2649.5186,summer,day5,21
2025-08-31 21:20:00,3049.0476,2639.3076,summer,day5,21
2025-08-31 21:25:00,3273.9696,2643.4646,summer,day5,21
2025-08-31 21:30:00,3364.7028,2647.6572,summer,day5,21
2025-08-31 21:35:00,3176.8272,2655.9678,summer,day5,21
2025-08-31 21:40:00,3206.7576,2641.1133,summer,day5,21
2025-08-31 21:45:00,3216.1848,2654.184,summer,day5,21
2025-08-31 21:50:00,3184.5828,2659.4385,summer,day5,21
2025-08-31 21:55:00,3230.1228,2661.9624,summer,day5,21
2025-08-31 22:00:00,3364.3284,2683.28,summer,day5,21
2025-08-31 22:05:00,3308.3316,2661.7083,summer,day5,21
2025-08-31 22:10:00,3490.9008000000003,2667.31,summer,day5,21
2025-08-31 22:15:00,3602.454,2675.8215,summer,day5,21
2025-08-31 22:20:00,3511.1316000000006,2669.9324,summer,day5,21
2025-08-31 22:25:00,3519.972,2676.3057,summer,day5,21
2025-08-31 22:30:00,3696.5627999999997,2678.276,summer,day5,21
2025-08-31 22:35:00,3609.7224,2637.1377,summer,day5,21
2025-08-31 22:40:00,3199.3379999999997,2632.2656,summer,day5,21
2025-08-31 22:45:00,2989.5996,2633.904,summer,day5,21
2025-08-31 22:50:00,3265.2072,2640.3472,summer,day5,21
2025-08-31 22:55:00,3382.1027999999997,2653.7756,summer,day5,21
2025-08-31 23:00:00,3412.0392,2659.2263,summer,day5,21
2025-08-31 23:05:00,3385.3644,2647.4949,summer,day5,21
2025-08-31 23:10:00,3303.9276,2633.452,summer,day5,21
2025-08-31 23:15:00,3277.4028,2633.8125,summer,day5,21
2025-08-31 23:20:00,3480.042,2631.3481,summer,day5,21
2025-08-31 23:25:00,3273.5628,2634.2234,summer,day5,21
2025-08-31 23:30:00,3248.9136,2634.4807,summer,day5,21
2025-08-31 23:35:00,3623.5368000000003,2638.0676,summer,day5,21
2025-08-31 23:40:00,3674.1804,2638.7524,summer,day5,21
2025-08-31 23:45:00,3651.9276,2637.9126,summer,day5,21
2025-08-31 23:50:00,3458.1588,2638.2874,summer,day5,21
2025-08-31 23:55:00,3396.2532,2643.5303,summer,day5,21
