timestamp,actual,prediction,season,day
2025-01-31 00:00:00,2419.7136,2448.7622,winter,day1
2025-01-31 00:05:00,2421.2076,2445.2266,winter,day1
2025-01-31 00:10:00,2406.2376,2445.0083,winter,day1
2025-01-31 00:15:00,2448.138,2439.5513,winter,day1
2025-01-31 00:20:00,2446.1592,2426.1035,winter,day1
2025-01-31 00:25:00,2429.3184,2440.6206,winter,day1
2025-01-31 00:30:00,2415.4271999999996,2444.208,winter,day1
2025-01-31 00:35:00,2436.0756,2434.5024,winter,day1
2025-01-31 00:40:00,2442.5879999999997,2431.5532,winter,day1
2025-01-31 00:45:00,2489.8392,2447.6582,winter,day1
2025-01-31 00:50:00,2574.8892000000005,2442.8809,winter,day1
2025-01-31 00:55:00,2494.1771999999996,2450.058,winter,day1
2025-01-31 01:00:00,2460.7032,2454.9634,winter,day1
2025-01-31 01:05:00,2478.7308000000003,2465.7563,winter,day1
2025-01-31 01:10:00,2655.1824,2457.1763,winter,day1
2025-01-31 01:15:00,2623.8792000000003,2473.5933,winter,day1
2025-01-31 01:20:00,2643.6804,2549.316,winter,day1
2025-01-31 01:25:00,2677.7496,2558.594,winter,day1
2025-01-31 01:30:00,2612.2164000000002,2602.0884,winter,day1
2025-01-31 01:35:00,2576.718,2614.053,winter,day1
2025-01-31 01:40:00,2567.16,2610.1616,winter,day1
2025-01-31 01:45:00,2857.2072,2637.0195,winter,day1
2025-01-31 01:50:00,3233.2403999999997,2669.598,winter,day1
2025-01-31 01:55:00,2634.7596,2676.7935,winter,day1
2025-01-31 02:00:00,3291.1416,2691.509,winter,day1
2025-01-31 02:05:00,2764.3464,2695.859,winter,day1
2025-01-31 02:10:00,3136.0596,2715.5962,winter,day1
2025-01-31 02:15:00,3107.1648,2761.324,winter,day1
2025-01-31 02:20:00,2950.0908,2742.373,winter,day1
2025-01-31 02:25:00,3388.2504,2725.7024,winter,day1
2025-01-31 02:30:00,2792.6447999999996,2734.531,winter,day1
2025-01-31 02:35:00,3416.9544,2729.7932,winter,day1
2025-01-31 02:40:00,3290.1672,2836.1714,winter,day1
2025-01-31 02:45:00,3310.4148,2858.4937,winter,day1
2025-01-31 02:50:00,3021.81,2814.4111,winter,day1
2025-01-31 02:55:00,3089.8908,2836.9424,winter,day1
2025-01-31 03:00:00,3474.132,2846.7212,winter,day1
2025-01-31 03:05:00,3120.5652,2851.717,winter,day1
2025-01-31 03:10:00,2604.7464,2832.4114,winter,day1
2025-01-31 03:15:00,3252.3288000000002,2836.5085,winter,day1
2025-01-31 03:20:00,3162.252,2778.8691,winter,day1
2025-01-31 03:25:00,2431.2168,2587.6987,winter,day1
2025-01-31 03:30:00,2432.5091999999995,2542.9612,winter,day1
2025-01-31 03:35:00,2455.344,2540.0098,winter,day1
2025-01-31 03:40:00,2557.572,2557.7244,winter,day1
2025-01-31 03:45:00,2469.3948,2567.4263,winter,day1
2025-01-31 03:50:00,2462.4528,2546.4814,winter,day1
2025-01-31 03:55:00,2547.384,2554.9878,winter,day1
2025-01-31 04:00:00,2612.8884,2561.958,winter,day1
2025-01-31 04:05:00,2651.478,2553.183,winter,day1
2025-01-31 04:10:00,2652.9564,2546.2053,winter,day1
2025-01-31 04:15:00,2611.4268,2540.9868,winter,day1
2025-01-31 04:20:00,2538.81,2523.7803,winter,day1
2025-01-31 04:25:00,2501.904,2528.5657,winter,day1
2025-01-31 04:30:00,2600.8464,2533.235,winter,day1
2025-01-31 04:35:00,2704.0416,2537.563,winter,day1
2025-01-31 04:40:00,2662.4568,2532.676,winter,day1
2025-01-31 04:45:00,2502.9612,2564.445,winter,day1
2025-01-31 04:50:00,2486.8968,2556.3416,winter,day1
2025-01-31 04:55:00,2481.2088,2560.6692,winter,day1
2025-01-31 05:00:00,2460.0216,2558.3525,winter,day1
2025-01-31 05:05:00,2467.8156,2561.9233,winter,day1
2025-01-31 05:10:00,2625.0348,2549.1511,winter,day1
2025-01-31 05:15:00,2701.698,2560.3818,winter,day1
2025-01-31 05:20:00,2665.6584,2555.2397,winter,day1
2025-01-31 05:25:00,2646.3732,2549.4514,winter,day1
2025-01-31 05:30:00,2630.1696,2549.454,winter,day1
2025-01-31 05:35:00,2554.8923999999997,2541.2163,winter,day1
2025-01-31 05:40:00,2540.9676,2521.9658,winter,day1
2025-01-31 05:45:00,2553.3516,2529.2292,winter,day1
2025-01-31 05:50:00,2523.4356,2531.0728,winter,day1
2025-01-31 05:55:00,2493.5436,2517.5059,winter,day1
2025-01-31 06:00:00,2469.4991999999997,2503.7163,winter,day1
2025-01-31 06:05:00,2479.0164,2519.3984,winter,day1
2025-01-31 06:10:00,2474.82,2499.7002,winter,day1
2025-01-31 06:15:00,2475.942,2511.2747,winter,day1
2025-01-31 06:20:00,2560.44,2520.8281,winter,day1
2025-01-31 06:25:00,2689.5407999999998,2535.2854,winter,day1
2025-01-31 06:30:00,2691.576,2538.5679,winter,day1
2025-01-31 06:35:00,2586.3576000000003,2565.786,winter,day1
2025-01-31 06:40:00,2574.9108,2586.629,winter,day1
2025-01-31 06:45:00,2593.9031999999997,2573.4756,winter,day1
2025-01-31 06:50:00,2597.6484,2560.293,winter,day1
2025-01-31 06:55:00,2657.052,2544.2876,winter,day1
2025-01-31 07:00:00,2503.29,2543.3823,winter,day1
2025-01-31 07:05:00,2399.8536,2633.3953,winter,day1
2025-01-31 07:10:00,2796.7475999999997,2745.9707,winter,day1
2025-01-31 07:15:00,3094.368,2959.3042,winter,day1
2025-01-31 07:20:00,1062.0948,3032.5498,winter,day1
2025-01-31 07:25:00,0.0,3199.813,winter,day1
2025-01-31 07:30:00,329.8464,3604.3464,winter,day1
2025-01-31 07:35:00,4469.830800000001,4796.119,winter,day1
2025-01-31 07:40:00,3195.8712,6567.1895,winter,day1
2025-01-31 07:45:00,3173.7912,6539.497,winter,day1
2025-01-31 07:50:00,3154.2168,5795.046,winter,day1
2025-01-31 07:55:00,3164.3784,5411.5786,winter,day1
2025-01-31 08:00:00,3110.9256,5293.781,winter,day1
2025-01-31 08:05:00,3053.4204,5200.038,winter,day1
2025-01-31 08:10:00,2941.5024000000003,5069.0054,winter,day1
2025-01-31 08:15:00,2826.8436,4832.1904,winter,day1
2025-01-31 08:20:00,2778.8831999999998,4596.5005,winter,day1
2025-01-31 08:25:00,2879.9292,4520.503,winter,day1
2025-01-31 08:30:00,2893.1904,4496.519,winter,day1
2025-01-31 08:35:00,2838.2712,4416.7764,winter,day1
2025-01-31 08:40:00,2864.5692,4426.6367,winter,day1
2025-01-31 08:45:00,3146.5944,4427.3623,winter,day1
2025-01-31 08:50:00,3818.0771999999997,4447.1416,winter,day1
2025-01-31 08:55:00,2896.1760000000004,4412.2515,winter,day1
2025-01-31 09:00:00,3146.4948,4395.819,winter,day1
2025-01-31 09:05:00,3097.1639999999998,4387.663,winter,day1
2025-01-31 09:10:00,2852.1804,4323.1006,winter,day1
2025-01-31 09:15:00,2902.47,4245.747,winter,day1
2025-01-31 09:20:00,2858.8464,3888.532,winter,day1
2025-01-31 09:25:00,2969.58,3929.7612,winter,day1
2025-01-31 09:30:00,3069.2843999999996,4009.0764,winter,day1
2025-01-31 09:35:00,2776.5600000000004,4181.1763,winter,day1
2025-01-31 09:40:00,2763.0828,4345.6064,winter,day1
2025-01-31 09:45:00,2781.0827999999997,4445.121,winter,day1
2025-01-31 09:50:00,2815.8372000000004,4536.7036,winter,day1
2025-01-31 09:55:00,2843.6519999999996,4552.516,winter,day1
2025-01-31 10:00:00,3068.1444,4520.1284,winter,day1
2025-01-31 10:05:00,3093.9936000000002,4489.061,winter,day1
2025-01-31 10:10:00,2814.2316,4587.2554,winter,day1
2025-01-31 10:15:00,2781.3828,4537.3115,winter,day1
2025-01-31 10:20:00,2811.6984,4271.127,winter,day1
2025-01-31 10:25:00,2800.0080000000003,4162.637,winter,day1
2025-01-31 10:30:00,2792.0843999999997,4145.0596,winter,day1
2025-01-31 10:35:00,2786.0892,4094.3862,winter,day1
2025-01-31 10:40:00,3025.9536,3786.2654,winter,day1
2025-01-31 10:45:00,3129.0924,3703.958,winter,day1
2025-01-31 10:50:00,11905.8276,3689.649,winter,day1
2025-01-31 10:55:00,7211.2044,3711.376,winter,day1
2025-01-31 11:00:00,5106.3192,3684.3694,winter,day1
2025-01-31 11:05:00,5155.3848,3737.5356,winter,day1
2025-01-31 11:10:00,4274.8716,3760.038,winter,day1
2025-01-31 11:15:00,2854.3284,3723.439,winter,day1
2025-01-31 11:20:00,2956.7388,3702.7888,winter,day1
2025-01-31 11:25:00,3654.8784,3583.9058,winter,day1
2025-01-31 11:30:00,2839.4579999999996,3489.2297,winter,day1
2025-01-31 11:35:00,2797.7952,3524.3848,winter,day1
2025-01-31 11:40:00,2320.0860000000002,3595.8882,winter,day1
2025-01-31 11:45:00,3245.9795999999997,3562.1936,winter,day1
2025-01-31 11:50:00,1997.8655999999999,3472.1536,winter,day1
2025-01-31 11:55:00,1985.4227999999998,3419.79,winter,day1
2025-01-31 12:00:00,2112.2736,3390.869,winter,day1
2025-01-31 12:05:00,2531.1336,3354.8572,winter,day1
2025-01-31 12:10:00,2235.1668,3348.631,winter,day1
2025-01-31 12:15:00,2350.9752,3290.0854,winter,day1
2025-01-31 12:20:00,2110.1243999999997,3225.8816,winter,day1
2025-01-31 12:25:00,2110.1736,3240.751,winter,day1
2025-01-31 12:30:00,2318.832,3218.7393,winter,day1
2025-01-31 12:35:00,2952.972,3180.8123,winter,day1
2025-01-31 12:40:00,2047.9656,3187.8423,winter,day1
2025-01-31 12:45:00,2041.5672,3197.2188,winter,day1
2025-01-31 12:50:00,2436.7619999999997,3162.6084,winter,day1
2025-01-31 12:55:00,2047.6128,3191.3276,winter,day1
2025-01-31 13:00:00,2608.8540000000003,3183.2632,winter,day1
2025-01-31 13:05:00,3095.1996,3151.9507,winter,day1
2025-01-31 13:10:00,2278.9164,3142.1362,winter,day1
2025-01-31 13:15:00,2230.1351999999997,3115.1401,winter,day1
2025-01-31 13:20:00,3371.2248,3281.3525,winter,day1
2025-01-31 13:25:00,2222.0628,3264.4292,winter,day1
2025-01-31 13:30:00,3055.6488,3240.357,winter,day1
2025-01-31 13:35:00,2325.1392,3270.54,winter,day1
2025-01-31 13:40:00,2361.2112,3271.497,winter,day1
2025-01-31 13:45:00,2338.8456,3334.0273,winter,day1
2025-01-31 13:50:00,2381.0556,3348.0764,winter,day1
2025-01-31 13:55:00,2489.7996,3308.8423,winter,day1
2025-01-31 14:00:00,2614.1279999999997,3281.4453,winter,day1
2025-01-31 14:05:00,4218.2844,3273.4536,winter,day1
2025-01-31 14:10:00,3829.068,3285.223,winter,day1
2025-01-31 14:15:00,2993.958,3311.147,winter,day1
2025-01-31 14:20:00,2935.1256000000003,3314.1692,winter,day1
2025-01-31 14:25:00,3198.9996,3330.1772,winter,day1
2025-01-31 14:30:00,3069.672,3312.3044,winter,day1
2025-01-31 14:35:00,3663.1524000000004,3310.0571,winter,day1
2025-01-31 14:40:00,3035.2788,3462.1472,winter,day1
2025-01-31 14:45:00,2981.6124,3470.8616,winter,day1
2025-01-31 14:50:00,3319.7892,3487.2253,winter,day1
2025-01-31 14:55:00,4121.4744,3497.5884,winter,day1
2025-01-31 15:00:00,3289.0932000000003,3534.8857,winter,day1
2025-01-31 15:05:00,3411.0696,3602.1782,winter,day1
2025-01-31 15:10:00,3320.6339999999996,3698.1162,winter,day1
2025-01-31 15:15:00,3538.6992,3814.573,winter,day1
2025-01-31 15:20:00,3681.6839999999997,3845.446,winter,day1
2025-01-31 15:25:00,3798.6876,3883.8694,winter,day1
2025-01-31 15:30:00,6839.639999999999,4066.7283,winter,day1
2025-01-31 15:35:00,5204.9928,4342.2827,winter,day1
2025-01-31 15:40:00,4172.244000000001,4825.63,winter,day1
2025-01-31 15:45:00,3777.9048000000003,5182.699,winter,day1
2025-01-31 15:50:00,3975.4968,5350.6294,winter,day1
2025-01-31 15:55:00,3809.7635999999998,5504.8687,winter,day1
2025-01-31 16:00:00,4072.4808000000003,5674.454,winter,day1
2025-01-31 16:05:00,5101.509599999999,5681.568,winter,day1
2025-01-31 16:10:00,5849.4348,5706.908,winter,day1
2025-01-31 16:15:00,4265.634,5645.6377,winter,day1
2025-01-31 16:20:00,6059.244000000001,5576.5977,winter,day1
2025-01-31 16:25:00,6108.861599999999,5518.7827,winter,day1
2025-01-31 16:30:00,3822.9264000000003,5473.303,winter,day1
2025-01-31 16:35:00,4368.2699999999995,5493.1733,winter,day1
2025-01-31 16:40:00,5444.748,5560.173,winter,day1
2025-01-31 16:45:00,5331.2519999999995,5617.4053,winter,day1
2025-01-31 16:50:00,4275.2411999999995,5675.1123,winter,day1
2025-01-31 16:55:00,4357.412399999999,5750.0625,winter,day1
2025-01-31 17:00:00,4463.323200000001,5767.26,winter,day1
2025-01-31 17:05:00,4956.6804,5767.2246,winter,day1
2025-01-31 17:10:00,7434.4644,5682.623,winter,day1
2025-01-31 17:15:00,5788.616400000001,5660.839,winter,day1
2025-01-31 17:20:00,4697.286,5338.482,winter,day1
2025-01-31 17:25:00,4403.4888,5273.972,winter,day1
2025-01-31 17:30:00,4285.9548,5388.7085,winter,day1
2025-01-31 17:35:00,5213.6352,5458.902,winter,day1
2025-01-31 17:40:00,6172.1292,5579.805,winter,day1
2025-01-31 17:45:00,4718.4672,5780.908,winter,day1
2025-01-31 17:50:00,5186.240400000001,5804.68,winter,day1
2025-01-31 17:55:00,4587.0491999999995,5680.2036,winter,day1
2025-01-31 18:00:00,5823.6876,5877.8784,winter,day1
2025-01-31 18:05:00,8507.269199999999,8335.524,winter,day1
2025-01-31 18:10:00,11902.4772,10718.455,winter,day1
2025-01-31 18:15:00,11655.633600000001,10937.311,winter,day1
2025-01-31 18:20:00,5160.3396,5973.6694,winter,day1
2025-01-31 18:25:00,3717.7248,5199.977,winter,day1
2025-01-31 18:30:00,5269.1724,5089.455,winter,day1
2025-01-31 18:35:00,4856.976000000001,4976.5977,winter,day1
2025-01-31 18:40:00,4008.9468,4764.9834,winter,day1
2025-01-31 18:45:00,4800.2136,4754.6636,winter,day1
2025-01-31 18:50:00,3721.53,4633.0347,winter,day1
2025-01-31 18:55:00,3683.9592,4619.1216,winter,day1
2025-01-31 19:00:00,3895.4376,4743.319,winter,day1
2025-01-31 19:05:00,3802.4256,4719.9,winter,day1
2025-01-31 19:10:00,3494.0424,4617.394,winter,day1
2025-01-31 19:15:00,3520.9271999999996,4565.5376,winter,day1
2025-01-31 19:20:00,3634.2239999999997,4572.878,winter,day1
2025-01-31 19:25:00,3646.3836,4221.316,winter,day1
2025-01-31 19:30:00,3716.0195999999996,4007.1562,winter,day1
2025-01-31 19:35:00,3563.6051999999995,3947.8098,winter,day1
2025-01-31 19:40:00,3467.5968000000003,3966.6238,winter,day1
2025-01-31 19:45:00,3381.3479999999995,3982.9282,winter,day1
2025-01-31 19:50:00,3352.4472,3929.5332,winter,day1
2025-01-31 19:55:00,3341.6771999999996,3894.2207,winter,day1
2025-01-31 20:00:00,3418.7784,3670.2966,winter,day1
2025-01-31 20:05:00,3528.0816,3587.026,winter,day1
2025-01-31 20:10:00,3441.972,3492.731,winter,day1
2025-01-31 20:15:00,3466.8540000000003,3373.19,winter,day1
2025-01-31 20:20:00,3511.7148,3256.3843,winter,day1
2025-01-31 20:25:00,3541.2408000000005,3190.7058,winter,day1
2025-01-31 20:30:00,3458.8896,3153.3694,winter,day1
2025-01-31 20:35:00,3527.4875999999995,3121.6912,winter,day1
2025-01-31 20:40:00,3652.4676,3102.4263,winter,day1
2025-01-31 20:45:00,3501.528,3086.1719,winter,day1
2025-01-31 20:50:00,3391.0944000000004,3058.9243,winter,day1
2025-01-31 20:55:00,3383.6675999999998,3027.7021,winter,day1
2025-01-31 21:00:00,3351.6288,2997.4316,winter,day1
2025-01-31 21:05:00,3343.6224,2960.8403,winter,day1
2025-01-31 21:10:00,3418.3812000000007,2940.0796,winter,day1
2025-01-31 21:15:00,3300.8892,2943.9868,winter,day1
2025-01-31 21:20:00,3487.3992,2886.7715,winter,day1
2025-01-31 21:25:00,3316.2119999999995,2856.795,winter,day1
2025-01-31 21:30:00,2800.2096,2841.9336,winter,day1
2025-01-31 21:35:00,2635.6800000000003,2862.1396,winter,day1
2025-01-31 21:40:00,2649.3432000000003,2818.8435,winter,day1
2025-01-31 21:45:00,2659.1639999999998,2799.274,winter,day1
2025-01-31 21:50:00,2892.5184,2806.349,winter,day1
2025-01-31 21:55:00,2654.2968,2713.8335,winter,day1
2025-01-31 22:00:00,2338.524,2576.7393,winter,day1
2025-01-31 22:05:00,2304.9372,2534.6863,winter,day1
2025-01-31 22:10:00,2355.42,2523.7197,winter,day1
2025-01-31 22:15:00,2420.1408,2534.9856,winter,day1
2025-01-31 22:20:00,2454.942,2528.2258,winter,day1
2025-01-31 22:25:00,2469.5027999999998,2519.918,winter,day1
2025-01-31 22:30:00,2496.9192,2521.359,winter,day1
2025-01-31 22:35:00,2502.054,2520.167,winter,day1
2025-01-31 22:40:00,2451.114,2486.0015,winter,day1
2025-01-31 22:45:00,2420.7167999999997,2479.5303,winter,day1
2025-01-31 22:50:00,2386.6548,2480.7236,winter,day1
2025-01-31 22:55:00,2656.3896,2486.3618,winter,day1
2025-01-31 23:00:00,2482.7052,2462.1714,winter,day1
2025-01-31 23:05:00,2367.366,2476.5376,winter,day1
2025-01-31 23:10:00,2323.6728,2487.397,winter,day1
2025-01-31 23:15:00,2325.3540000000003,2499.2373,winter,day1
2025-01-31 23:20:00,2334.3468000000003,2483.5886,winter,day1
2025-01-31 23:25:00,2387.064,2497.357,winter,day1
2025-01-31 23:30:00,2426.784,2479.7832,winter,day1
2025-01-31 23:35:00,2455.0416,2493.5315,winter,day1
2025-01-31 23:40:00,2426.13,2500.7031,winter,day1
2025-01-31 23:45:00,2358.9696,2506.7212,winter,day1
2025-01-31 23:50:00,2372.2799999999997,2498.1943,winter,day1
2025-01-31 23:55:00,2386.9379999999996,2500.9219,winter,day1
2025-02-15 00:00:00,2488.5384,2609.8032,winter,day2
2025-02-15 00:05:00,2497.0703999999996,2626.6497,winter,day2
2025-02-15 00:10:00,2762.6688,2637.8235,winter,day2
2025-02-15 00:15:00,2761.0692,2626.079,winter,day2
2025-02-15 00:20:00,2593.7484,2602.3452,winter,day2
2025-02-15 00:25:00,2635.5971999999997,2600.3772,winter,day2
2025-02-15 00:30:00,2626.2876,2593.9424,winter,day2
2025-02-15 00:35:00,2579.4564,2574.3286,winter,day2
2025-02-15 00:40:00,2572.9091999999996,2560.5557,winter,day2
2025-02-15 00:45:00,2528.3172,2580.7512,winter,day2
2025-02-15 00:50:00,2526.468,2563.276,winter,day2
2025-02-15 00:55:00,2652.132,2570.255,winter,day2
2025-02-15 01:00:00,2831.778,2577.5745,winter,day2
2025-02-15 01:05:00,2576.6052,2585.2642,winter,day2
2025-02-15 01:10:00,2568.846,2590.7202,winter,day2
2025-02-15 01:15:00,2563.6367999999998,2617.5967,winter,day2
2025-02-15 01:20:00,2620.032,2660.6543,winter,day2
2025-02-15 01:25:00,2629.7076,2673.8137,winter,day2
2025-02-15 01:30:00,2632.2468,2708.2458,winter,day2
2025-02-15 01:35:00,2596.05,2727.949,winter,day2
2025-02-15 01:40:00,2657.7996,2731.614,winter,day2
2025-02-15 01:45:00,2699.7708,2758.912,winter,day2
2025-02-15 01:50:00,3088.3104,2807.084,winter,day2
2025-02-15 01:55:00,2952.6648,2851.1685,winter,day2
2025-02-15 02:00:00,3365.6771999999996,2887.4377,winter,day2
2025-02-15 02:05:00,2748.9912,2934.8992,winter,day2
2025-02-15 02:10:00,3425.2812,3005.81,winter,day2
2025-02-15 02:15:00,3386.4096,3046.8323,winter,day2
2025-02-15 02:20:00,2955.0828,3066.353,winter,day2
2025-02-15 02:25:00,3455.4984000000004,3122.456,winter,day2
2025-02-15 02:30:00,3340.5888,3174.9119,winter,day2
2025-02-15 02:35:00,3299.0520000000006,3204.8284,winter,day2
2025-02-15 02:40:00,3295.6968,3263.0598,winter,day2
2025-02-15 02:45:00,3496.2048000000004,3320.5781,winter,day2
2025-02-15 02:50:00,3678.81,3337.6924,winter,day2
2025-02-15 02:55:00,3431.8212,3366.259,winter,day2
2025-02-15 03:00:00,2997.8568,3312.3425,winter,day2
2025-02-15 03:05:00,3494.8248,3300.0706,winter,day2
2025-02-15 03:10:00,3501.9,3308.122,winter,day2
2025-02-15 03:15:00,3167.2776,3331.464,winter,day2
2025-02-15 03:20:00,3507.2136,3255.302,winter,day2
2025-02-15 03:25:00,3349.2144,3211.287,winter,day2
2025-02-15 03:30:00,3250.1916,3224.5312,winter,day2
2025-02-15 03:35:00,3390.924,3260.1826,winter,day2
2025-02-15 03:40:00,2922.5028,3010.07,winter,day2
2025-02-15 03:45:00,2559.2904000000003,2758.4697,winter,day2
2025-02-15 03:50:00,2797.6764,2743.7632,winter,day2
2025-02-15 03:55:00,2562.6192,2737.6821,winter,day2
2025-02-15 04:00:00,2540.7732,2731.586,winter,day2
2025-02-15 04:05:00,2542.0536,2724.574,winter,day2
2025-02-15 04:10:00,2665.9128,2714.2893,winter,day2
2025-02-15 04:15:00,2718.2088,2692.893,winter,day2
2025-02-15 04:20:00,2717.5116,2668.474,winter,day2
2025-02-15 04:25:00,2653.6296,2665.1006,winter,day2
2025-02-15 04:30:00,2697.8544,2659.4675,winter,day2
2025-02-15 04:35:00,2711.3399999999997,2651.0996,winter,day2
2025-02-15 04:40:00,2700.6528,2640.2573,winter,day2
2025-02-15 04:45:00,2799.0384000000004,2668.5562,winter,day2
2025-02-15 04:50:00,2976.3599999999997,2661.6606,winter,day2
2025-02-15 04:55:00,2617.7652000000003,2687.0527,winter,day2
2025-02-15 05:00:00,2624.0424,2702.4448,winter,day2
2025-02-15 05:05:00,2733.1187999999997,2720.293,winter,day2
2025-02-15 05:10:00,2724.3563999999997,2728.5815,winter,day2
2025-02-15 05:15:00,2746.314,2749.4844,winter,day2
2025-02-15 05:20:00,2761.5456,2751.148,winter,day2
2025-02-15 05:25:00,2770.9211999999998,2749.3484,winter,day2
2025-02-15 05:30:00,2778.6492,2739.663,winter,day2
2025-02-15 05:35:00,2719.5144,2721.3362,winter,day2
2025-02-15 05:40:00,2715.99,2694.0168,winter,day2
2025-02-15 05:45:00,2973.078,2686.0352,winter,day2
2025-02-15 05:50:00,2825.2788,2677.9463,winter,day2
2025-02-15 05:55:00,2689.6044,2652.1694,winter,day2
2025-02-15 06:00:00,2615.4156000000003,2638.3838,winter,day2
2025-02-15 06:05:00,2624.5080000000003,2654.804,winter,day2
2025-02-15 06:10:00,2611.782,2628.5137,winter,day2
2025-02-15 06:15:00,2592.9468,2631.0635,winter,day2
2025-02-15 06:20:00,2628.9048000000003,2633.8206,winter,day2
2025-02-15 06:25:00,2613.1932,2639.2544,winter,day2
2025-02-15 06:30:00,2612.5775999999996,2633.8042,winter,day2
2025-02-15 06:35:00,2545.6056,2647.0342,winter,day2
2025-02-15 06:40:00,2487.6396,2698.1353,winter,day2
2025-02-15 06:45:00,2432.4816,2711.957,winter,day2
2025-02-15 06:50:00,2675.988,2685.8438,winter,day2
2025-02-15 06:55:00,2424.3216,2674.8228,winter,day2
2025-02-15 07:00:00,2442.4272,2692.7153,winter,day2
2025-02-15 07:05:00,2382.3648000000003,2749.8894,winter,day2
2025-02-15 07:10:00,2677.4316,2816.5308,winter,day2
2025-02-15 07:15:00,3024.7824,3011.332,winter,day2
2025-02-15 07:20:00,3020.04,3085.5576,winter,day2
2025-02-15 07:25:00,3081.3347999999996,3166.371,winter,day2
2025-02-15 07:30:00,4056.6732,3340.2896,winter,day2
2025-02-15 07:35:00,11292.3996,4113.6416,winter,day2
2025-02-15 07:40:00,11048.544,10234.189,winter,day2
2025-02-15 07:45:00,5957.1264,10920.248,winter,day2
2025-02-15 07:50:00,4076.0915999999997,7355.4707,winter,day2
2025-02-15 07:55:00,3772.0080000000003,5074.433,winter,day2
2025-02-15 08:00:00,3840.4620000000004,4999.511,winter,day2
2025-02-15 08:05:00,5717.4936,5171.982,winter,day2
2025-02-15 08:10:00,7114.7555999999995,5124.534,winter,day2
2025-02-15 08:15:00,6988.9128,4975.64,winter,day2
2025-02-15 08:20:00,6578.6772,4938.077,winter,day2
2025-02-15 08:25:00,4691.0856,4952.793,winter,day2
2025-02-15 08:30:00,4353.1416,4969.057,winter,day2
2025-02-15 08:35:00,4543.8528,4994.9795,winter,day2
2025-02-15 08:40:00,4814.4108,5028.252,winter,day2
2025-02-15 08:45:00,4399.854,5113.6206,winter,day2
2025-02-15 08:50:00,4330.0428,5169.394,winter,day2
2025-02-15 08:55:00,5953.8024,5175.4604,winter,day2
2025-02-15 09:00:00,5415.3864,5178.2393,winter,day2
2025-02-15 09:05:00,5265.3576,5232.24,winter,day2
2025-02-15 09:10:00,4289.6376,5261.3975,winter,day2
2025-02-15 09:15:00,4193.6844,5248.0854,winter,day2
2025-02-15 09:20:00,4645.1424,5134.7124,winter,day2
2025-02-15 09:25:00,4191.9552,5147.921,winter,day2
2025-02-15 09:30:00,4246.309200000001,5237.593,winter,day2
2025-02-15 09:35:00,4949.8524,5299.597,winter,day2
2025-02-15 09:40:00,4334.73,5348.658,winter,day2
2025-02-15 09:45:00,4737.3204,5364.148,winter,day2
2025-02-15 09:50:00,5548.7832,5435.1084,winter,day2
2025-02-15 09:55:00,5322.1932,5456.946,winter,day2
2025-02-15 10:00:00,4632.3588,5495.2896,winter,day2
2025-02-15 10:05:00,5411.0076,5605.2236,winter,day2
2025-02-15 10:10:00,6348.6888,5708.197,winter,day2
2025-02-15 10:15:00,5285.1144,5675.0596,winter,day2
2025-02-15 10:20:00,4419.2328,5606.177,winter,day2
2025-02-15 10:25:00,4396.9956,5595.8057,winter,day2
2025-02-15 10:30:00,4392.759599999999,5612.951,winter,day2
2025-02-15 10:35:00,6185.994000000001,5626.8794,winter,day2
2025-02-15 10:40:00,5201.3652,5354.105,winter,day2
2025-02-15 10:45:00,4983.3252,5332.22,winter,day2
2025-02-15 10:50:00,6062.6004,5347.3257,winter,day2
2025-02-15 10:55:00,4482.6528,5347.8867,winter,day2
2025-02-15 11:00:00,4369.5996,5322.1533,winter,day2
2025-02-15 11:05:00,4604.948399999999,5313.4297,winter,day2
2025-02-15 11:10:00,4555.5,5336.754,winter,day2
2025-02-15 11:15:00,5872.7052,5282.9414,winter,day2
2025-02-15 11:20:00,4895.9856,5236.481,winter,day2
2025-02-15 11:25:00,6677.3724,5216.8574,winter,day2
2025-02-15 11:30:00,5196.2928,5208.3457,winter,day2
2025-02-15 11:35:00,4449.2304,5205.013,winter,day2
2025-02-15 11:40:00,4519.8348,5155.6406,winter,day2
2025-02-15 11:45:00,4362.051600000001,5111.494,winter,day2
2025-02-15 11:50:00,5688.996,5053.5283,winter,day2
2025-02-15 11:55:00,6641.567999999999,5001.1772,winter,day2
2025-02-15 12:00:00,4780.4544000000005,4875.1133,winter,day2
2025-02-15 12:05:00,4838.2955999999995,4879.9395,winter,day2
2025-02-15 12:10:00,6261.8604,4938.741,winter,day2
2025-02-15 12:15:00,4966.3068,4916.1943,winter,day2
2025-02-15 12:20:00,4915.3116,4875.827,winter,day2
2025-02-15 12:25:00,6678.210000000001,4805.8745,winter,day2
2025-02-15 12:30:00,5226.5712,4763.577,winter,day2
2025-02-15 12:35:00,4141.104,4706.2876,winter,day2
2025-02-15 12:40:00,3603.4008000000003,4639.517,winter,day2
2025-02-15 12:45:00,3644.2043999999996,4633.248,winter,day2
2025-02-15 12:50:00,2812.5912,4671.392,winter,day2
2025-02-15 12:55:00,2937.4548000000004,4686.953,winter,day2
2025-02-15 13:00:00,3804.3947999999996,4667.1196,winter,day2
2025-02-15 13:05:00,2557.9824,4684.2705,winter,day2
2025-02-15 13:10:00,3793.4616,4665.4795,winter,day2
2025-02-15 13:15:00,3430.7484000000004,4643.755,winter,day2
2025-02-15 13:20:00,3147.3372,4422.4883,winter,day2
2025-02-15 13:25:00,2454.6096000000002,4400.446,winter,day2
2025-02-15 13:30:00,10347.3852,4416.9644,winter,day2
2025-02-15 13:35:00,12404.5884,4369.1665,winter,day2
2025-02-15 13:40:00,11947.5432,4341.478,winter,day2
2025-02-15 13:45:00,12035.5848,4302.354,winter,day2
2025-02-15 13:50:00,12659.388,4320.4443,winter,day2
2025-02-15 13:55:00,12770.053199999998,4350.0913,winter,day2
2025-02-15 14:00:00,13642.8648,4329.1675,winter,day2
2025-02-15 14:05:00,5633.1012,4315.659,winter,day2
2025-02-15 14:10:00,4914.022800000001,4328.944,winter,day2
2025-02-15 14:15:00,4696.9056,4330.061,winter,day2
2025-02-15 14:20:00,4501.5779999999995,4388.2285,winter,day2
2025-02-15 14:25:00,5893.4148,4440.0186,winter,day2
2025-02-15 14:30:00,7143.294,4459.752,winter,day2
2025-02-15 14:35:00,6570.2508,4476.4614,winter,day2
2025-02-15 14:40:00,6067.0908,4380.984,winter,day2
2025-02-15 14:45:00,7256.6952,4536.216,winter,day2
2025-02-15 14:50:00,8559.5208,4732.506,winter,day2
2025-02-15 14:55:00,8953.0584,4773.7124,winter,day2
2025-02-15 15:00:00,6538.944,4871.9243,winter,day2
2025-02-15 15:05:00,4598.980799999999,4953.064,winter,day2
2025-02-15 15:10:00,5760.027599999999,5013.306,winter,day2
2025-02-15 15:15:00,6697.352400000001,5045.075,winter,day2
2025-02-15 15:20:00,5173.7568,5126.745,winter,day2
2025-02-15 15:25:00,4370.5908,5215.4346,winter,day2
2025-02-15 15:30:00,4713.4812,5322.8936,winter,day2
2025-02-15 15:35:00,4968.6468,5486.291,winter,day2
2025-02-15 15:40:00,7555.3356,5618.6064,winter,day2
2025-02-15 15:45:00,7059.3864,5637.932,winter,day2
2025-02-15 15:50:00,8549.5824,5626.108,winter,day2
2025-02-15 15:55:00,8541.6696,5632.401,winter,day2
2025-02-15 16:00:00,8092.132799999999,5854.156,winter,day2
2025-02-15 16:05:00,6996.906,5974.466,winter,day2
2025-02-15 16:10:00,6957.266399999999,6022.7163,winter,day2
2025-02-15 16:15:00,6731.3724,6020.1865,winter,day2
2025-02-15 16:20:00,7061.8008,5990.295,winter,day2
2025-02-15 16:25:00,7746.345600000001,5988.2295,winter,day2
2025-02-15 16:30:00,7681.7352,6032.507,winter,day2
2025-02-15 16:35:00,7173.738,6043.464,winter,day2
2025-02-15 16:40:00,6496.0092,6100.1396,winter,day2
2025-02-15 16:45:00,5636.995199999999,6141.7554,winter,day2
2025-02-15 16:50:00,5181.9924,6232.2183,winter,day2
2025-02-15 16:55:00,5061.844800000001,6216.604,winter,day2
2025-02-15 17:00:00,5736.4704,6208.205,winter,day2
2025-02-15 17:05:00,5347.518,6196.951,winter,day2
2025-02-15 17:10:00,6278.236800000001,6197.109,winter,day2
2025-02-15 17:15:00,7073.215200000001,6163.2466,winter,day2
2025-02-15 17:20:00,6359.3148,6128.076,winter,day2
2025-02-15 17:25:00,6632.8032,6257.212,winter,day2
2025-02-15 17:30:00,6291.6108,6151.985,winter,day2
2025-02-15 17:35:00,6996.260399999999,6012.3804,winter,day2
2025-02-15 17:40:00,6293.794800000001,5997.8345,winter,day2
2025-02-15 17:45:00,7691.7444000000005,5950.9326,winter,day2
2025-02-15 17:50:00,6314.8584,6127.275,winter,day2
2025-02-15 17:55:00,6229.6524,6246.716,winter,day2
2025-02-15 18:00:00,6089.13,6543.186,winter,day2
2025-02-15 18:05:00,9879.4008,8699.422,winter,day2
2025-02-15 18:10:00,11469.4416,9636.193,winter,day2
2025-02-15 18:15:00,11986.0548,9441.133,winter,day2
2025-02-15 18:20:00,7759.8924,7069.1675,winter,day2
2025-02-15 18:25:00,7490.6772,6273.11,winter,day2
2025-02-15 18:30:00,7945.158,6148.57,winter,day2
2025-02-15 18:35:00,9408.1236,5980.0215,winter,day2
2025-02-15 18:40:00,7508.767199999999,5893.672,winter,day2
2025-02-15 18:45:00,6825.6216,5808.9,winter,day2
2025-02-15 18:50:00,5278.8432,5771.632,winter,day2
2025-02-15 18:55:00,4547.1072,5737.209,winter,day2
2025-02-15 19:00:00,4536.4968,5703.572,winter,day2
2025-02-15 19:05:00,4995.2388,5680.2324,winter,day2
2025-02-15 19:10:00,7088.988,5665.0234,winter,day2
2025-02-15 19:15:00,5754.777599999999,5576.297,winter,day2
2025-02-15 19:20:00,5796.762000000001,5460.834,winter,day2
2025-02-15 19:25:00,4289.941199999999,5395.4595,winter,day2
2025-02-15 19:30:00,4289.2919999999995,5324.989,winter,day2
2025-02-15 19:35:00,4805.046,5295.6255,winter,day2
2025-02-15 19:40:00,4305.5568,5176.7983,winter,day2
2025-02-15 19:45:00,4204.6836,5008.5415,winter,day2
2025-02-15 19:50:00,4491.5136,4854.604,winter,day2
2025-02-15 19:55:00,4038.1008,4782.9277,winter,day2
2025-02-15 20:00:00,4228.7088,4882.5483,winter,day2
2025-02-15 20:05:00,4548.522,4801.5317,winter,day2
2025-02-15 20:10:00,5616.1008,4789.722,winter,day2
2025-02-15 20:15:00,5732.5608,4736.785,winter,day2
2025-02-15 20:20:00,3872.2488,4679.0776,winter,day2
2025-02-15 20:25:00,3953.9892,4592.1333,winter,day2
2025-02-15 20:30:00,3924.7884,4482.113,winter,day2
2025-02-15 20:35:00,4385.402400000001,4400.2285,winter,day2
2025-02-15 20:40:00,4002.9119999999994,4306.8433,winter,day2
2025-02-15 20:45:00,6012.9672,4253.709,winter,day2
2025-02-15 20:50:00,5836.6644,4238.4424,winter,day2
2025-02-15 20:55:00,4751.3016,4219.626,winter,day2
2025-02-15 21:00:00,4026.8196,4197.401,winter,day2
2025-02-15 21:05:00,3470.2619999999997,4158.482,winter,day2
2025-02-15 21:10:00,3234.0612,4105.2373,winter,day2
2025-02-15 21:15:00,2808.1104,4015.333,winter,day2
2025-02-15 21:20:00,2842.9559999999997,3742.4812,winter,day2
2025-02-15 21:25:00,2899.9248,3648.269,winter,day2
2025-02-15 21:30:00,2940.126,3572.1926,winter,day2
2025-02-15 21:35:00,3015.5256,3458.3428,winter,day2
2025-02-15 21:40:00,2942.934,3348.4238,winter,day2
2025-02-15 21:45:00,3243.2904,3260.8457,winter,day2
2025-02-15 21:50:00,3078.7044,3192.9744,winter,day2
2025-02-15 21:55:00,2939.5775999999996,3064.4172,winter,day2
2025-02-15 22:00:00,2648.214,2888.1821,winter,day2
2025-02-15 22:05:00,2525.3544,2760.2632,winter,day2
2025-02-15 22:10:00,2470.1268,2708.43,winter,day2
2025-02-15 22:15:00,2454.642,2679.754,winter,day2
2025-02-15 22:20:00,3749.8032,2666.2783,winter,day2
2025-02-15 22:25:00,3233.868,2646.1626,winter,day2
2025-02-15 22:30:00,2614.3848,2668.389,winter,day2
2025-02-15 22:35:00,2474.7624,2660.415,winter,day2
2025-02-15 22:40:00,2493.3743999999997,2616.1414,winter,day2
2025-02-15 22:45:00,2640.4103999999998,2612.9146,winter,day2
2025-02-15 22:50:00,2646.7583999999997,2611.2288,winter,day2
2025-02-15 22:55:00,2626.6344,2610.5374,winter,day2
2025-02-15 23:00:00,2640.1115999999997,2592.94,winter,day2
2025-02-15 23:05:00,2685.4056,2595.4297,winter,day2
2025-02-15 23:10:00,2946.2928,2598.7769,winter,day2
2025-02-15 23:15:00,2753.5404000000003,2602.3247,winter,day2
2025-02-15 23:20:00,2502.9816,2588.5454,winter,day2
2025-02-15 23:25:00,2548.0272,2613.8076,winter,day2
2025-02-15 23:30:00,2540.3940000000002,2595.7314,winter,day2
2025-02-15 23:35:00,2539.1664,2602.041,winter,day2
2025-02-15 23:40:00,2457.7032,2603.267,winter,day2
2025-02-15 23:45:00,2438.4072,2604.5945,winter,day2
2025-02-15 23:50:00,2441.1,2599.1626,winter,day2
2025-02-15 23:55:00,2596.3404,2606.2102,winter,day2
2025-12-02 00:00:00,2584.6764,2561.542,winter,day3
2025-12-02 00:05:00,2585.208,2560.224,winter,day3
2025-12-02 00:10:00,2589.12,2562.4272,winter,day3
2025-12-02 00:15:00,2559.282,2557.1377,winter,day3
2025-12-02 00:20:00,2531.1192,2547.0815,winter,day3
2025-12-02 00:25:00,2496.3887999999997,2556.059,winter,day3
2025-12-02 00:30:00,2486.3280000000004,2560.2656,winter,day3
2025-12-02 00:35:00,2690.9939999999997,2550.922,winter,day3
2025-12-02 00:40:00,2574.9252,2547.5332,winter,day3
2025-12-02 00:45:00,2494.8108,2566.3945,winter,day3
2025-12-02 00:50:00,2455.4892,2554.5032,winter,day3
2025-12-02 00:55:00,2462.4516,2558.9307,winter,day3
2025-12-02 01:00:00,2447.6135999999997,2559.4243,winter,day3
2025-12-02 01:05:00,2474.5703999999996,2559.7637,winter,day3
2025-12-02 01:10:00,2497.134,2546.5957,winter,day3
2025-12-02 01:15:00,2529.6516,2552.0972,winter,day3
2025-12-02 01:20:00,2571.4692000000005,2557.7856,winter,day3
2025-12-02 01:25:00,2593.9512,2553.8486,winter,day3
2025-12-02 01:30:00,2562.9576,2558.1345,winter,day3
2025-12-02 01:35:00,2498.9148,2561.0796,winter,day3
2025-12-02 01:40:00,2532.2592,2549.1155,winter,day3
2025-12-02 01:45:00,2671.7832,2558.2427,winter,day3
2025-12-02 01:50:00,2719.0872,2564.761,winter,day3
2025-12-02 01:55:00,2499.786,2562.1484,winter,day3
2025-12-02 02:00:00,2475.3660000000004,2557.392,winter,day3
2025-12-02 02:05:00,2435.1972,2580.507,winter,day3
2025-12-02 02:10:00,2416.3512,2568.5105,winter,day3
2025-12-02 02:15:00,2404.0716,2574.7312,winter,day3
2025-12-02 02:20:00,2407.6464,2576.9492,winter,day3
2025-12-02 02:25:00,2513.4552,2578.5557,winter,day3
2025-12-02 02:30:00,2573.7744,2566.4988,winter,day3
2025-12-02 02:35:00,2593.4412,2575.4558,winter,day3
2025-12-02 02:40:00,2579.1264,2580.85,winter,day3
2025-12-02 02:45:00,2561.5332000000003,2580.9812,winter,day3
2025-12-02 02:50:00,2554.6704,2590.0342,winter,day3
2025-12-02 02:55:00,2680.9188000000004,2593.9058,winter,day3
2025-12-02 03:00:00,2821.9284,2583.5366,winter,day3
2025-12-02 03:05:00,2529.4788,2593.9746,winter,day3
2025-12-02 03:10:00,2450.1108,2599.7754,winter,day3
2025-12-02 03:15:00,2541.4308,2595.289,winter,day3
2025-12-02 03:20:00,2563.3116,2588.2244,winter,day3
2025-12-02 03:25:00,2546.5824000000002,2613.312,winter,day3
2025-12-02 03:30:00,2570.7768,2597.5962,winter,day3
2025-12-02 03:35:00,2608.5348,2603.0317,winter,day3
2025-12-02 03:40:00,2459.814,2600.6802,winter,day3
2025-12-02 03:45:00,2487.6552,2606.1978,winter,day3
2025-12-02 03:50:00,2492.58,2597.6357,winter,day3
2025-12-02 03:55:00,2491.2708,2608.254,winter,day3
2025-12-02 04:00:00,2595.0984,2611.3296,winter,day3
2025-12-02 04:05:00,2754.0708,2601.771,winter,day3
2025-12-02 04:10:00,2676.1644,2603.7861,winter,day3
2025-12-02 04:15:00,2469.6984,2608.9243,winter,day3
2025-12-02 04:20:00,2466.5412,2603.656,winter,day3
2025-12-02 04:25:00,2462.928,2609.8042,winter,day3
2025-12-02 04:30:00,2440.3848000000003,2617.1902,winter,day3
2025-12-02 04:35:00,2441.0292,2616.0518,winter,day3
2025-12-02 04:40:00,2483.6016,2613.2627,winter,day3
2025-12-02 04:45:00,2476.2864,2638.4893,winter,day3
2025-12-02 04:50:00,2476.3128,2624.506,winter,day3
2025-12-02 04:55:00,2498.7888,2634.957,winter,day3
2025-12-02 05:00:00,2523.3660000000004,2636.4595,winter,day3
2025-12-02 05:05:00,2492.9892,2635.4766,winter,day3
2025-12-02 05:10:00,2602.7760000000003,2621.9658,winter,day3
2025-12-02 05:15:00,2801.0388,2627.7861,winter,day3
2025-12-02 05:20:00,2673.4776,2653.1865,winter,day3
2025-12-02 05:25:00,2574.0732,2635.8892,winter,day3
2025-12-02 05:30:00,2596.2648,2629.85,winter,day3
2025-12-02 05:35:00,2568.6384,2642.4531,winter,day3
2025-12-02 05:40:00,2539.674,2642.0776,winter,day3
2025-12-02 05:45:00,2670.9276,2668.1792,winter,day3
2025-12-02 05:50:00,2813.7347999999997,2710.0635,winter,day3
2025-12-02 05:55:00,2841.3156,2773.0654,winter,day3
2025-12-02 06:00:00,2828.9052,2976.9421,winter,day3
2025-12-02 06:05:00,3314.8008,3293.1694,winter,day3
2025-12-02 06:10:00,3381.696,3500.341,winter,day3
2025-12-02 06:15:00,3469.9020000000005,3562.6816,winter,day3
2025-12-02 06:20:00,3127.2312,3556.5884,winter,day3
2025-12-02 06:25:00,3247.2599999999998,3487.184,winter,day3
2025-12-02 06:30:00,3546.2699999999995,3486.7178,winter,day3
2025-12-02 06:35:00,3619.1964,3550.1072,winter,day3
2025-12-02 06:40:00,3879.7032,3585.419,winter,day3
2025-12-02 06:45:00,3268.986,3653.7737,winter,day3
2025-12-02 06:50:00,3886.7904000000003,3725.3232,winter,day3
2025-12-02 06:55:00,3782.0352,3807.791,winter,day3
2025-12-02 07:00:00,3783.4752,3896.894,winter,day3
2025-12-02 07:05:00,3802.332,3873.0178,winter,day3
2025-12-02 07:10:00,3549.6432,3944.5007,winter,day3
2025-12-02 07:15:00,4389.8184,3988.0962,winter,day3
2025-12-02 07:20:00,3724.4375999999997,4460.0303,winter,day3
2025-12-02 07:25:00,3420.7776,4650.3154,winter,day3
2025-12-02 07:30:00,3205.5792,5330.1978,winter,day3
2025-12-02 07:35:00,10705.3956,5843.2466,winter,day3
2025-12-02 07:40:00,10067.283599999999,7626.045,winter,day3
2025-12-02 07:45:00,7560.3408,6904.132,winter,day3
2025-12-02 07:50:00,4807.704,6117.178,winter,day3
2025-12-02 07:55:00,4616.5488,5473.292,winter,day3
2025-12-02 08:00:00,4571.3387999999995,5308.165,winter,day3
2025-12-02 08:05:00,4221.3384,5279.4775,winter,day3
2025-12-02 08:10:00,4044.636,5230.7886,winter,day3
2025-12-02 08:15:00,4346.2464,5230.799,winter,day3
2025-12-02 08:20:00,4628.1012,5190.7593,winter,day3
2025-12-02 08:25:00,3938.0112,5156.1274,winter,day3
2025-12-02 08:30:00,4449.6516,5119.4863,winter,day3
2025-12-02 08:35:00,4098.3972,5110.3735,winter,day3
2025-12-02 08:40:00,4391.9016,5130.331,winter,day3
2025-12-02 08:45:00,4145.3616,5138.381,winter,day3
2025-12-02 08:50:00,4601.3772,5111.2104,winter,day3
2025-12-02 08:55:00,3736.4676,5104.324,winter,day3
2025-12-02 09:00:00,3649.4195999999997,5108.1167,winter,day3
2025-12-02 09:05:00,3287.7876000000006,5134.9575,winter,day3
2025-12-02 09:10:00,3704.5728000000004,5116.7593,winter,day3
2025-12-02 09:15:00,3636.1944000000003,5091.6196,winter,day3
2025-12-02 09:20:00,3402.618,4841.339,winter,day3
2025-12-02 09:25:00,3828.1452,4816.426,winter,day3
2025-12-02 09:30:00,4100.364,4785.6924,winter,day3
2025-12-02 09:35:00,5915.7228000000005,4757.95,winter,day3
2025-12-02 09:40:00,5611.8984,4773.5596,winter,day3
2025-12-02 09:45:00,6284.7444000000005,4768.8857,winter,day3
2025-12-02 09:50:00,5128.0464,4787.7334,winter,day3
2025-12-02 09:55:00,3856.9595999999997,4854.0186,winter,day3
2025-12-02 10:00:00,3329.1684,4929.381,winter,day3
2025-12-02 10:05:00,3522.4547999999995,5056.6855,winter,day3
2025-12-02 10:10:00,4173.559200000001,5113.441,winter,day3
2025-12-02 10:15:00,3471.6612,5117.091,winter,day3
2025-12-02 10:20:00,3522.942,5050.7153,winter,day3
2025-12-02 10:25:00,4584.6348,5021.0283,winter,day3
2025-12-02 10:30:00,3909.4919999999997,4969.463,winter,day3
2025-12-02 10:35:00,3484.4916,4958.289,winter,day3
2025-12-02 10:40:00,3428.1732,4914.463,winter,day3
2025-12-02 10:45:00,3359.4804000000004,4909.9614,winter,day3
2025-12-02 10:50:00,3126.1104,4937.1934,winter,day3
2025-12-02 10:55:00,3711.8604,4944.6147,winter,day3
2025-12-02 11:00:00,5273.270399999999,4912.3057,winter,day3
2025-12-02 11:05:00,4952.9976,4873.4326,winter,day3
2025-12-02 11:10:00,5216.586,4842.9893,winter,day3
2025-12-02 11:15:00,3273.0155999999997,4779.9907,winter,day3
2025-12-02 11:20:00,3135.8532,4703.6216,winter,day3
2025-12-02 11:25:00,3062.5092,4657.7856,winter,day3
2025-12-02 11:30:00,3240.69,4604.886,winter,day3
2025-12-02 11:35:00,3230.982,4572.4937,winter,day3
2025-12-02 11:40:00,3260.3904,4578.1577,winter,day3
2025-12-02 11:45:00,3225.2184,4595.1865,winter,day3
2025-12-02 11:50:00,3921.918,4539.114,winter,day3
2025-12-02 11:55:00,3512.7203999999997,4530.0464,winter,day3
2025-12-02 12:00:00,4808.245199999999,4468.524,winter,day3
2025-12-02 12:05:00,3658.2396,4396.4604,winter,day3
2025-12-02 12:10:00,2711.4744,4343.4707,winter,day3
2025-12-02 12:15:00,2604.3948,4310.396,winter,day3
2025-12-02 12:20:00,2801.2212,4308.3047,winter,day3
2025-12-02 12:25:00,2865.6012,4267.111,winter,day3
2025-12-02 12:30:00,2542.9548000000004,4246.854,winter,day3
2025-12-02 12:35:00,2481.0984,4279.181,winter,day3
2025-12-02 12:40:00,2771.0076,4342.003,winter,day3
2025-12-02 12:45:00,2348.0148,4377.1743,winter,day3
2025-12-02 12:50:00,2308.3548,4373.3306,winter,day3
2025-12-02 12:55:00,3027.4595999999997,4341.0713,winter,day3
2025-12-02 13:00:00,3510.2940000000003,4295.8115,winter,day3
2025-12-02 13:05:00,2609.2752,4239.99,winter,day3
2025-12-02 13:10:00,2433.036,4149.648,winter,day3
2025-12-02 13:15:00,2345.9052,4082.2744,winter,day3
2025-12-02 13:20:00,2655.876,4017.391,winter,day3
2025-12-02 13:25:00,2783.5164,3935.2563,winter,day3
2025-12-02 13:30:00,2350.638,3882.672,winter,day3
2025-12-02 13:35:00,2416.8804,3852.8945,winter,day3
2025-12-02 13:40:00,2738.5032,3839.282,winter,day3
2025-12-02 13:45:00,2698.3332,3858.6208,winter,day3
2025-12-02 13:50:00,3171.6468,3890.323,winter,day3
2025-12-02 13:55:00,2537.556,3946.3057,winter,day3
2025-12-02 14:00:00,3734.082,4004.8677,winter,day3
2025-12-02 14:05:00,3048.7907999999998,4038.9048,winter,day3
2025-12-02 14:10:00,2487.3120000000004,4039.1438,winter,day3
2025-12-02 14:15:00,2934.0072,4037.98,winter,day3
2025-12-02 14:20:00,2624.2871999999998,4018.483,winter,day3
2025-12-02 14:25:00,2740.02,3966.1304,winter,day3
2025-12-02 14:30:00,4219.794,3918.6626,winter,day3
2025-12-02 14:35:00,2654.328,3929.7585,winter,day3
2025-12-02 14:40:00,2405.3988,4041.4773,winter,day3
2025-12-02 14:45:00,2550.5124,4278.7236,winter,day3
2025-12-02 14:50:00,2943.7871999999998,4432.027,winter,day3
2025-12-02 14:55:00,3097.4543999999996,4550.5747,winter,day3
2025-12-02 15:00:00,3536.3184,4620.2,winter,day3
2025-12-02 15:05:00,3761.1816,4625.4126,winter,day3
2025-12-02 15:10:00,5736.9144,4776.213,winter,day3
2025-12-02 15:15:00,3531.6684,4784.2275,winter,day3
2025-12-02 15:20:00,3434.8368,4954.4546,winter,day3
2025-12-02 15:25:00,4197.5772,4949.889,winter,day3
2025-12-02 15:30:00,3837.726,5038.473,winter,day3
2025-12-02 15:35:00,3723.4392,5059.672,winter,day3
2025-12-02 15:40:00,4281.906,5154.3457,winter,day3
2025-12-02 15:45:00,4808.8788,5145.0537,winter,day3
2025-12-02 15:50:00,8003.0748,5155.3857,winter,day3
2025-12-02 15:55:00,10921.180799999998,5228.3403,winter,day3
2025-12-02 16:00:00,7045.9512,5475.9844,winter,day3
2025-12-02 16:05:00,5442.3348,5530.4365,winter,day3
2025-12-02 16:10:00,4902.6432,5552.0522,winter,day3
2025-12-02 16:15:00,5564.142,5577.5547,winter,day3
2025-12-02 16:20:00,5172.030000000001,5565.5547,winter,day3
2025-12-02 16:25:00,4569.3876,5597.6807,winter,day3
2025-12-02 16:30:00,6030.306,5607.785,winter,day3
2025-12-02 16:35:00,4963.482,5599.2583,winter,day3
2025-12-02 16:40:00,4907.358,5664.173,winter,day3
2025-12-02 16:45:00,4758.9276,5652.255,winter,day3
2025-12-02 16:50:00,5014.9980000000005,5637.4893,winter,day3
2025-12-02 16:55:00,4404.9828,5628.134,winter,day3
2025-12-02 17:00:00,4670.3988,5661.9673,winter,day3
2025-12-02 17:05:00,5168.3315999999995,5680.251,winter,day3
2025-12-02 17:10:00,5390.0964,5675.8486,winter,day3
2025-12-02 17:15:00,6159.0216,5591.938,winter,day3
2025-12-02 17:20:00,4260.8243999999995,5667.8535,winter,day3
2025-12-02 17:25:00,5884.4256000000005,5698.59,winter,day3
2025-12-02 17:30:00,4307.7312,5682.0166,winter,day3
2025-12-02 17:35:00,4909.2768,5599.37,winter,day3
2025-12-02 17:40:00,4737.6744,5645.588,winter,day3
2025-12-02 17:45:00,4368.9684,5588.1167,winter,day3
2025-12-02 17:50:00,4411.5156,5530.7197,winter,day3
2025-12-02 17:55:00,5227.368,5815.712,winter,day3
2025-12-02 18:00:00,5888.1816,6501.7324,winter,day3
2025-12-02 18:05:00,9812.7636,8185.685,winter,day3
2025-12-02 18:10:00,11284.710000000001,9842.539,winter,day3
2025-12-02 18:15:00,11618.9928,10144.504,winter,day3
2025-12-02 18:20:00,10094.826,9396.649,winter,day3
2025-12-02 18:25:00,10502.1132,8219.753,winter,day3
2025-12-02 18:30:00,12101.6124,8414.178,winter,day3
2025-12-02 18:35:00,9531.9984,7942.6587,winter,day3
2025-12-02 18:40:00,10680.1812,7794.0806,winter,day3
2025-12-02 18:45:00,12144.138,7465.1377,winter,day3
2025-12-02 18:50:00,7109.723999999999,7249.964,winter,day3
2025-12-02 18:55:00,7418.1972000000005,7532.497,winter,day3
2025-12-02 19:00:00,7708.2648,7894.0615,winter,day3
2025-12-02 19:05:00,9314.2776,7839.509,winter,day3
2025-12-02 19:10:00,9864.9504,7875.324,winter,day3
2025-12-02 19:15:00,8999.8596,7379.692,winter,day3
2025-12-02 19:20:00,6535.7339999999995,4818.3105,winter,day3
2025-12-02 19:25:00,4100.412,4371.8125,winter,day3
2025-12-02 19:30:00,4550.5188,4156.3325,winter,day3
2025-12-02 19:35:00,4494.7788,4069.9858,winter,day3
2025-12-02 19:40:00,3748.4796,3995.0735,winter,day3
2025-12-02 19:45:00,5512.9872000000005,3986.3982,winter,day3
2025-12-02 19:50:00,3661.0932000000003,4014.1333,winter,day3
2025-12-02 19:55:00,3563.4252,3972.6287,winter,day3
2025-12-02 20:00:00,3712.278,4042.269,winter,day3
2025-12-02 20:05:00,3904.3032,3988.517,winter,day3
2025-12-02 20:10:00,4927.479600000001,3922.021,winter,day3
2025-12-02 20:15:00,3493.1376000000005,3861.7124,winter,day3
2025-12-02 20:20:00,3690.5063999999998,3859.4219,winter,day3
2025-12-02 20:25:00,5000.07,3799.8447,winter,day3
2025-12-02 20:30:00,3994.9392,3723.39,winter,day3
2025-12-02 20:35:00,3530.514,3691.5977,winter,day3
2025-12-02 20:40:00,4586.4767999999995,3664.476,winter,day3
2025-12-02 20:45:00,3391.0656000000004,3615.942,winter,day3
2025-12-02 20:50:00,3483.6696,3543.0093,winter,day3
2025-12-02 20:55:00,3330.3588000000004,3462.787,winter,day3
2025-12-02 21:00:00,3306.4811999999997,3356.9114,winter,day3
2025-12-02 21:05:00,3287.6268000000005,3286.9097,winter,day3
2025-12-02 21:10:00,3172.2275999999997,3187.14,winter,day3
2025-12-02 21:15:00,3150.8544,3086.0222,winter,day3
2025-12-02 21:20:00,3292.8588000000004,2847.0837,winter,day3
2025-12-02 21:25:00,3413.5824000000002,2780.9282,winter,day3
2025-12-02 21:30:00,3162.7932,2678.5244,winter,day3
2025-12-02 21:35:00,2532.1032,2614.2588,winter,day3
2025-12-02 21:40:00,2470.866,2577.8901,winter,day3
2025-12-02 21:45:00,2432.8896,2586.624,winter,day3
2025-12-02 21:50:00,2435.016,2580.7043,winter,day3
2025-12-02 21:55:00,2388.636,2574.7217,winter,day3
2025-12-02 22:00:00,2384.8104,2574.7495,winter,day3
2025-12-02 22:05:00,2335.4088,2580.7861,winter,day3
2025-12-02 22:10:00,2418.3408,2581.2744,winter,day3
2025-12-02 22:15:00,2474.7095999999997,2587.1672,winter,day3
2025-12-02 22:20:00,2393.5464,2587.1914,winter,day3
2025-12-02 22:25:00,2419.8024,2583.9634,winter,day3
2025-12-02 22:30:00,2450.4492,2583.8804,winter,day3
2025-12-02 22:35:00,2568.1416,2579.7888,winter,day3
2025-12-02 22:40:00,2598.1284,2549.5312,winter,day3
2025-12-02 22:45:00,2508.744,2547.2993,winter,day3
2025-12-02 22:50:00,2466.5652,2556.2869,winter,day3
2025-12-02 22:55:00,2458.7472,2566.7363,winter,day3
2025-12-02 23:00:00,2433.3815999999997,2559.0908,winter,day3
2025-12-02 23:05:00,2410.7076,2562.5684,winter,day3
2025-12-02 23:10:00,2413.4472,2565.9014,winter,day3
2025-12-02 23:15:00,2412.6312000000003,2564.7637,winter,day3
2025-12-02 23:20:00,2454.2844,2555.4287,winter,day3
2025-12-02 23:25:00,2464.9236,2587.6882,winter,day3
2025-12-02 23:30:00,2458.1592,2572.0742,winter,day3
2025-12-02 23:35:00,2471.8356,2583.3918,winter,day3
2025-12-02 23:40:00,2516.2943999999998,2585.814,winter,day3
2025-12-02 23:45:00,2607.6972,2593.459,winter,day3
2025-12-02 23:50:00,2705.5236,2585.0796,winter,day3
2025-12-02 23:55:00,2556.8328,2598.224,winter,day3
2025-12-16 00:00:00,2537.6531999999997,2478.691,winter,day4
2025-12-16 00:05:00,2463.0612,2480.305,winter,day4
2025-12-16 00:10:00,2478.9552,2486.5498,winter,day4
2025-12-16 00:15:00,2475.5952,2487.024,winter,day4
2025-12-16 00:20:00,2526.93,2481.6785,winter,day4
2025-12-16 00:25:00,2661.3804,2493.621,winter,day4
2025-12-16 00:30:00,2497.9211999999998,2498.3486,winter,day4
2025-12-16 00:35:00,2512.8108,2494.5034,winter,day4
2025-12-16 00:40:00,2480.7372,2492.8037,winter,day4
2025-12-16 00:45:00,2447.2524,2502.997,winter,day4
2025-12-16 00:50:00,2428.0188000000003,2497.6514,winter,day4
2025-12-16 00:55:00,2469.3876,2500.297,winter,day4
2025-12-16 01:00:00,2464.098,2497.1724,winter,day4
2025-12-16 01:05:00,2487.9096,2497.784,winter,day4
2025-12-16 01:10:00,2482.6068,2488.3767,winter,day4
2025-12-16 01:15:00,2474.6244,2495.761,winter,day4
2025-12-16 01:20:00,2426.1996,2493.768,winter,day4
2025-12-16 01:25:00,2422.1484,2493.2595,winter,day4
2025-12-16 01:30:00,2423.5595999999996,2500.4358,winter,day4
2025-12-16 01:35:00,2611.6068000000005,2500.7998,winter,day4
2025-12-16 01:40:00,2671.5756,2497.3008,winter,day4
2025-12-16 01:45:00,2519.8584,2512.0718,winter,day4
2025-12-16 01:50:00,2502.0,2516.2793,winter,day4
2025-12-16 01:55:00,2512.4988,2507.13,winter,day4
2025-12-16 02:00:00,2486.046,2495.6274,winter,day4
2025-12-16 02:05:00,2490.7403999999997,2504.5562,winter,day4
2025-12-16 02:10:00,2474.5836,2492.1035,winter,day4
2025-12-16 02:15:00,2457.4428,2495.8313,winter,day4
2025-12-16 02:20:00,2506.3812,2495.924,winter,day4
2025-12-16 02:25:00,2499.4668,2501.89,winter,day4
2025-12-16 02:30:00,2483.6232,2496.4258,winter,day4
2025-12-16 02:35:00,2487.9108,2506.103,winter,day4
2025-12-16 02:40:00,2523.3455999999996,2506.5947,winter,day4
2025-12-16 02:45:00,2520.9156000000003,2509.3926,winter,day4
2025-12-16 02:50:00,2706.6036,2518.9055,winter,day4
2025-12-16 02:55:00,2766.4248,2520.1274,winter,day4
2025-12-16 03:00:00,2290.1076000000003,2510.5432,winter,day4
2025-12-16 03:05:00,2421.8496,2520.6152,winter,day4
2025-12-16 03:10:00,2512.548,2522.5354,winter,day4
2025-12-16 03:15:00,2539.3104,2510.75,winter,day4
2025-12-16 03:20:00,2553.546,2506.088,winter,day4
2025-12-16 03:25:00,2564.2932,2523.73,winter,day4
2025-12-16 03:30:00,2555.55,2511.7378,winter,day4
2025-12-16 03:35:00,2529.3684000000003,2516.0679,winter,day4
2025-12-16 03:40:00,2524.3296,2514.5234,winter,day4
2025-12-16 03:45:00,2553.1776,2519.6116,winter,day4
2025-12-16 03:50:00,2598.0492,2513.7153,winter,day4
2025-12-16 03:55:00,2610.4031999999997,2523.334,winter,day4
2025-12-16 04:00:00,2672.9664000000002,2535.9043,winter,day4
2025-12-16 04:05:00,2769.1476,2533.8208,winter,day4
2025-12-16 04:10:00,2510.9796,2534.6519,winter,day4
2025-12-16 04:15:00,2513.3496,2532.099,winter,day4
2025-12-16 04:20:00,2461.6572,2518.9834,winter,day4
2025-12-16 04:25:00,2454.2832000000003,2525.7817,winter,day4
2025-12-16 04:30:00,2431.9415999999997,2529.9841,winter,day4
2025-12-16 04:35:00,2428.5168000000003,2528.3564,winter,day4
2025-12-16 04:40:00,2429.9412,2521.3452,winter,day4
2025-12-16 04:45:00,2432.2812,2543.27,winter,day4
2025-12-16 04:50:00,2449.4688,2537.686,winter,day4
2025-12-16 04:55:00,2473.9968,2549.3813,winter,day4
2025-12-16 05:00:00,2527.7064,2552.5833,winter,day4
2025-12-16 05:05:00,2551.5227999999997,2555.3618,winter,day4
2025-12-16 05:10:00,2566.3548,2543.9443,winter,day4
2025-12-16 05:15:00,2722.0716,2554.5469,winter,day4
2025-12-16 05:20:00,2673.9900000000002,2570.4495,winter,day4
2025-12-16 05:25:00,2507.898,2552.538,winter,day4
2025-12-16 05:30:00,2523.1512000000002,2556.8516,winter,day4
2025-12-16 05:35:00,2549.0676,2566.4004,winter,day4
2025-12-16 05:40:00,2525.4012,2561.798,winter,day4
2025-12-16 05:45:00,2511.8568,2579.256,winter,day4
2025-12-16 05:50:00,2513.7456,2595.015,winter,day4
2025-12-16 05:55:00,2576.892,2637.138,winter,day4
2025-12-16 06:00:00,3618.0396,2753.1372,winter,day4
2025-12-16 06:05:00,3193.9272,2955.876,winter,day4
2025-12-16 06:10:00,3056.322,3096.0693,winter,day4
2025-12-16 06:15:00,3188.802,3148.4478,winter,day4
2025-12-16 06:20:00,3320.8584,3175.642,winter,day4
2025-12-16 06:25:00,3678.6936,3202.3494,winter,day4
2025-12-16 06:30:00,3141.4139999999998,3247.2383,winter,day4
2025-12-16 06:35:00,3588.9756,3302.2273,winter,day4
2025-12-16 06:40:00,3585.9936000000002,3309.9429,winter,day4
2025-12-16 06:45:00,3242.9543999999996,3262.7031,winter,day4
2025-12-16 06:50:00,3911.3903999999993,3229.1262,winter,day4
2025-12-16 06:55:00,3752.6135999999997,3230.2168,winter,day4
2025-12-16 07:00:00,3536.4792,3258.597,winter,day4
2025-12-16 07:05:00,3213.9744,3387.198,winter,day4
2025-12-16 07:10:00,3840.2915999999996,3508.8672,winter,day4
2025-12-16 07:15:00,3452.256,3607.869,winter,day4
2025-12-16 07:20:00,4289.8572,3948.8953,winter,day4
2025-12-16 07:25:00,3764.9388,4093.9287,winter,day4
2025-12-16 07:30:00,3594.4968,4664.467,winter,day4
2025-12-16 07:35:00,8889.6912,6571.5225,winter,day4
2025-12-16 07:40:00,13350.6684,6774.608,winter,day4
2025-12-16 07:45:00,8135.238,6090.9136,winter,day4
2025-12-16 07:50:00,7084.504800000001,5590.9873,winter,day4
2025-12-16 07:55:00,7205.719200000001,5218.796,winter,day4
2025-12-16 08:00:00,5879.8068,4860.5513,winter,day4
2025-12-16 08:05:00,4666.3068,4775.4277,winter,day4
2025-12-16 08:10:00,4394.0808,4734.4414,winter,day4
2025-12-16 08:15:00,5070.0396,4692.542,winter,day4
2025-12-16 08:20:00,5125.4232,4674.326,winter,day4
2025-12-16 08:25:00,4303.0656,4655.9907,winter,day4
2025-12-16 08:30:00,4704.1788,4668.4,winter,day4
2025-12-16 08:35:00,4075.7591999999995,4678.1704,winter,day4
2025-12-16 08:40:00,5405.31,4677.1577,winter,day4
2025-12-16 08:45:00,4404.897599999999,4691.054,winter,day4
2025-12-16 08:50:00,4950.6528,4696.832,winter,day4
2025-12-16 08:55:00,6181.3092,4710.179,winter,day4
2025-12-16 09:00:00,7122.306,4732.379,winter,day4
2025-12-16 09:05:00,6685.9908,4738.916,winter,day4
2025-12-16 09:10:00,5233.7771999999995,4709.949,winter,day4
2025-12-16 09:15:00,4153.1268,4710.3228,winter,day4
2025-12-16 09:20:00,4161.3144,4640.6455,winter,day4
2025-12-16 09:25:00,4026.3971999999994,4630.619,winter,day4
2025-12-16 09:30:00,5052.306,4677.241,winter,day4
2025-12-16 09:35:00,4094.2668,4677.1426,winter,day4
2025-12-16 09:40:00,4127.8476,4688.9976,winter,day4
2025-12-16 09:45:00,4505.4204,4709.423,winter,day4
2025-12-16 09:50:00,4041.7356,4701.1357,winter,day4
2025-12-16 09:55:00,4273.462799999999,4694.687,winter,day4
2025-12-16 10:00:00,4452.0552,4698.951,winter,day4
2025-12-16 10:05:00,4339.7004,4737.083,winter,day4
2025-12-16 10:10:00,4576.8612,4734.694,winter,day4
2025-12-16 10:15:00,4096.518,4714.3276,winter,day4
2025-12-16 10:20:00,4990.0284,4702.285,winter,day4
2025-12-16 10:25:00,4283.2356,4698.945,winter,day4
2025-12-16 10:30:00,4198.0848,4703.9634,winter,day4
2025-12-16 10:35:00,4275.766799999999,4644.032,winter,day4
2025-12-16 10:40:00,4266.4704,4643.25,winter,day4
2025-12-16 10:45:00,4146.7356,4659.1074,winter,day4
2025-12-16 10:50:00,4051.476,4651.6055,winter,day4
2025-12-16 10:55:00,4008.6924,4655.622,winter,day4
2025-12-16 11:00:00,3833.4636,4656.2915,winter,day4
2025-12-16 11:05:00,3885.5519999999997,4667.971,winter,day4
2025-12-16 11:10:00,4982.191199999999,4575.011,winter,day4
2025-12-16 11:15:00,4509.4524,4458.9575,winter,day4
2025-12-16 11:20:00,5283.576,4265.6343,winter,day4
2025-12-16 11:25:00,5901.5736,4199.1963,winter,day4
2025-12-16 11:30:00,4369.2048,4192.58,winter,day4
2025-12-16 11:35:00,3914.8235999999997,4177.385,winter,day4
2025-12-16 11:40:00,3608.1084,4210.189,winter,day4
2025-12-16 11:45:00,3877.2612,4276.852,winter,day4
2025-12-16 11:50:00,4029.2700000000004,4277.2964,winter,day4
2025-12-16 11:55:00,3742.668,4254.102,winter,day4
2025-12-16 12:00:00,6038.3544,4263.7793,winter,day4
2025-12-16 12:05:00,4067.7383999999997,4267.8,winter,day4
2025-12-16 12:10:00,4482.716399999999,4263.4746,winter,day4
2025-12-16 12:15:00,3729.8424,4193.1147,winter,day4
2025-12-16 12:20:00,3680.1672,4177.8438,winter,day4
2025-12-16 12:25:00,3748.7160000000003,4163.4634,winter,day4
2025-12-16 12:30:00,4284.1068,4125.9575,winter,day4
2025-12-16 12:35:00,3777.2724000000003,4112.457,winter,day4
2025-12-16 12:40:00,4806.6084,4093.5647,winter,day4
2025-12-16 12:45:00,4121.4264,4084.748,winter,day4
2025-12-16 12:50:00,3663.7932,4081.419,winter,day4
2025-12-16 12:55:00,3641.1803999999997,4059.773,winter,day4
2025-12-16 13:00:00,4079.0616,4051.8262,winter,day4
2025-12-16 13:05:00,5389.7448,4039.2964,winter,day4
2025-12-16 13:10:00,4180.530000000001,3988.5698,winter,day4
2025-12-16 13:15:00,3867.5292,3909.651,winter,day4
2025-12-16 13:20:00,3947.0832,3722.7244,winter,day4
2025-12-16 13:25:00,4291.2084,3647.7058,winter,day4
2025-12-16 13:30:00,3750.8556,3623.766,winter,day4
2025-12-16 13:35:00,3951.222,3616.4858,winter,day4
2025-12-16 13:40:00,3920.4024,3619.8293,winter,day4
2025-12-16 13:45:00,3324.2484000000004,3624.8994,winter,day4
2025-12-16 13:50:00,3828.1944000000003,3647.7205,winter,day4
2025-12-16 13:55:00,3311.3136,3712.7397,winter,day4
2025-12-16 14:00:00,3627.4115999999995,3821.012,winter,day4
2025-12-16 14:05:00,3714.8712,3921.9536,winter,day4
2025-12-16 14:10:00,4166.5199999999995,4095.0938,winter,day4
2025-12-16 14:15:00,3917.3808000000004,4112.506,winter,day4
2025-12-16 14:20:00,5278.9044,4052.2183,winter,day4
2025-12-16 14:25:00,3564.9252,4040.0952,winter,day4
2025-12-16 14:30:00,3410.8896,4070.0474,winter,day4
2025-12-16 14:35:00,3794.142,4151.4805,winter,day4
2025-12-16 14:40:00,4064.0759999999996,4257.432,winter,day4
2025-12-16 14:45:00,4060.0187999999994,4294.3105,winter,day4
2025-12-16 14:50:00,5638.8264,4448.3667,winter,day4
2025-12-16 14:55:00,4045.8311999999996,4708.204,winter,day4
2025-12-16 15:00:00,5577.5988,4794.616,winter,day4
2025-12-16 15:05:00,5338.7663999999995,4895.058,winter,day4
2025-12-16 15:10:00,4601.8332,4969.798,winter,day4
2025-12-16 15:15:00,4514.3004,5076.9253,winter,day4
2025-12-16 15:20:00,4651.674000000001,5170.6255,winter,day4
2025-12-16 15:25:00,4688.780400000001,5230.094,winter,day4
2025-12-16 15:30:00,5018.646,5249.854,winter,day4
2025-12-16 15:35:00,4649.3124,5307.58,winter,day4
2025-12-16 15:40:00,5036.8956,5415.374,winter,day4
2025-12-16 15:45:00,6101.222400000001,5634.6426,winter,day4
2025-12-16 15:50:00,5310.1344,5710.6973,winter,day4
2025-12-16 15:55:00,5578.8444,5624.2856,winter,day4
2025-12-16 16:00:00,6418.926,5804.83,winter,day4
2025-12-16 16:05:00,6934.9872000000005,5878.9746,winter,day4
2025-12-16 16:10:00,5723.4084,5953.5127,winter,day4
2025-12-16 16:15:00,6220.02,6011.446,winter,day4
2025-12-16 16:20:00,6189.9816,5925.219,winter,day4
2025-12-16 16:25:00,8523.5976,5950.119,winter,day4
2025-12-16 16:30:00,6921.2136,5962.705,winter,day4
2025-12-16 16:35:00,6369.4176,5948.2964,winter,day4
2025-12-16 16:40:00,5543.4936,5996.739,winter,day4
2025-12-16 16:45:00,5541.312,5995.871,winter,day4
2025-12-16 16:50:00,6021.54,6002.868,winter,day4
2025-12-16 16:55:00,5594.2212,6037.7197,winter,day4
2025-12-16 17:00:00,5404.383599999999,6072.162,winter,day4
2025-12-16 17:05:00,5644.6044,6068.136,winter,day4
2025-12-16 17:10:00,5346.6396,6024.789,winter,day4
2025-12-16 17:15:00,5382.9756,5906.9565,winter,day4
2025-12-16 17:20:00,5437.419599999999,5622.1396,winter,day4
2025-12-16 17:25:00,5168.364,5434.701,winter,day4
2025-12-16 17:30:00,4849.17,5503.2993,winter,day4
2025-12-16 17:35:00,4824.846,5308.0317,winter,day4
2025-12-16 17:40:00,4795.218,5339.6533,winter,day4
2025-12-16 17:45:00,4838.4264,5338.232,winter,day4
2025-12-16 17:50:00,5375.1948,5685.713,winter,day4
2025-12-16 17:55:00,6129.4152,5693.481,winter,day4
2025-12-16 18:00:00,7022.948399999999,6117.1084,winter,day4
2025-12-16 18:05:00,9322.598399999999,8552.695,winter,day4
2025-12-16 18:10:00,12304.332,10989.688,winter,day4
2025-12-16 18:15:00,13883.9892,11102.021,winter,day4
2025-12-16 18:20:00,10606.9176,10402.166,winter,day4
2025-12-16 18:25:00,11033.883600000001,10019.623,winter,day4
2025-12-16 18:30:00,10770.066,10193.686,winter,day4
2025-12-16 18:35:00,10817.2656,9903.008,winter,day4
2025-12-16 18:40:00,10768.5732,9732.225,winter,day4
2025-12-16 18:45:00,11083.158,8792.875,winter,day4
2025-12-16 18:50:00,10502.316,8201.109,winter,day4
2025-12-16 18:55:00,11726.8764,8775.006,winter,day4
2025-12-16 19:00:00,9362.4708,9224.074,winter,day4
2025-12-16 19:05:00,8939.4012,9184.252,winter,day4
2025-12-16 19:10:00,9068.5296,8853.228,winter,day4
2025-12-16 19:15:00,10369.382399999999,9227.944,winter,day4
2025-12-16 19:20:00,4406.4276,5238.841,winter,day4
2025-12-16 19:25:00,4186.9980000000005,4368.1357,winter,day4
2025-12-16 19:30:00,3759.4103999999998,4365.866,winter,day4
2025-12-16 19:35:00,3591.4980000000005,4367.215,winter,day4
2025-12-16 19:40:00,3997.8432000000003,4262.958,winter,day4
2025-12-16 19:45:00,4548.5256,4288.4575,winter,day4
2025-12-16 19:50:00,3994.7388,4220.397,winter,day4
2025-12-16 19:55:00,3709.2588000000005,4161.333,winter,day4
2025-12-16 20:00:00,3851.6184000000003,4066.874,winter,day4
2025-12-16 20:05:00,3718.47,4032.1445,winter,day4
2025-12-16 20:10:00,3542.9483999999998,4019.4102,winter,day4
2025-12-16 20:15:00,3521.2992,3933.2166,winter,day4
2025-12-16 20:20:00,3372.9900000000002,3863.4094,winter,day4
2025-12-16 20:25:00,3389.2332,3801.4536,winter,day4
2025-12-16 20:30:00,3283.4328,3661.8442,winter,day4
2025-12-16 20:35:00,3479.4120000000003,3568.7427,winter,day4
2025-12-16 20:40:00,3745.8095999999996,3510.0723,winter,day4
2025-12-16 20:45:00,3636.8256,3432.386,winter,day4
2025-12-16 20:50:00,3511.9475999999995,3339.4001,winter,day4
2025-12-16 20:55:00,3160.8300000000004,3273.3206,winter,day4
2025-12-16 21:00:00,2850.8544,3184.6492,winter,day4
2025-12-16 21:05:00,3042.5196,3083.9978,winter,day4
2025-12-16 21:10:00,2641.8276,2973.6372,winter,day4
2025-12-16 21:15:00,2519.262,2883.8984,winter,day4
2025-12-16 21:20:00,2553.0744,2618.6958,winter,day4
2025-12-16 21:25:00,2424.522,2546.9612,winter,day4
2025-12-16 21:30:00,2406.6228,2517.8296,winter,day4
2025-12-16 21:35:00,2408.4168,2505.825,winter,day4
2025-12-16 21:40:00,2452.5396,2497.5793,winter,day4
2025-12-16 21:45:00,2527.0487999999996,2505.7136,winter,day4
2025-12-16 21:50:00,2566.5407999999998,2501.7852,winter,day4
2025-12-16 21:55:00,2691.1824,2500.9282,winter,day4
2025-12-16 22:00:00,2636.7324,2498.0322,winter,day4
2025-12-16 22:05:00,2519.8163999999997,2515.1582,winter,day4
2025-12-16 22:10:00,2459.0063999999998,2513.9468,winter,day4
2025-12-16 22:15:00,2469.444,2517.1436,winter,day4
2025-12-16 22:20:00,2629.8804,2516.9282,winter,day4
2025-12-16 22:25:00,2411.6412,2516.7134,winter,day4
2025-12-16 22:30:00,2404.7952,2518.7966,winter,day4
2025-12-16 22:35:00,2386.5227999999997,2515.392,winter,day4
2025-12-16 22:40:00,2356.6524,2498.3333,winter,day4
2025-12-16 22:45:00,2410.1699999999996,2493.6943,winter,day4
2025-12-16 22:50:00,2458.6308,2495.3994,winter,day4
2025-12-16 22:55:00,2457.5592,2501.1626,winter,day4
2025-12-16 23:00:00,2356.7484,2493.2068,winter,day4
2025-12-16 23:05:00,2337.0996,2498.8193,winter,day4
2025-12-16 23:10:00,2441.2511999999997,2506.4648,winter,day4
2025-12-16 23:15:00,2482.1556,2501.0225,winter,day4
2025-12-16 23:20:00,2489.8968,2495.9297,winter,day4
2025-12-16 23:25:00,2577.7008,2514.6982,winter,day4
2025-12-16 23:30:00,2728.6416,2504.1106,winter,day4
2025-12-16 23:35:00,2683.764,2508.5928,winter,day4
2025-12-16 23:40:00,2471.9808000000003,2508.355,winter,day4
2025-12-16 23:45:00,2458.0584,2513.1304,winter,day4
2025-12-16 23:50:00,2508.2268,2505.2478,winter,day4
2025-12-16 23:55:00,2562.8736,2510.941,winter,day4
2025-12-31 00:00:00,3338.9136,3260.4072,winter,day5
2025-12-31 00:05:00,3319.3343999999997,3253.9785,winter,day5
2025-12-31 00:10:00,2794.9272,3278.2852,winter,day5
2025-12-31 00:15:00,3241.1208,3303.5823,winter,day5
2025-12-31 00:20:00,2992.0703999999996,3301.0122,winter,day5
2025-12-31 00:25:00,3351.4127999999996,3318.6506,winter,day5
2025-12-31 00:30:00,3351.6444,3339.4722,winter,day5
2025-12-31 00:35:00,2985.12,3343.5322,winter,day5
2025-12-31 00:40:00,3308.274,3342.4963,winter,day5
2025-12-31 00:45:00,3283.6752,3328.5571,winter,day5
2025-12-31 00:50:00,3266.0256,3324.4395,winter,day5
2025-12-31 00:55:00,3306.7512,3353.5854,winter,day5
2025-12-31 01:00:00,2924.0676,3352.8425,winter,day5
2025-12-31 01:05:00,3583.3644,3322.465,winter,day5
2025-12-31 01:10:00,3572.2008,3294.663,winter,day5
2025-12-31 01:15:00,3407.7563999999998,3256.7363,winter,day5
2025-12-31 01:20:00,3333.2388,3102.2148,winter,day5
2025-12-31 01:25:00,3103.6272,3072.0122,winter,day5
2025-12-31 01:30:00,3114.5016,2991.4287,winter,day5
2025-12-31 01:35:00,2717.7156,2875.1294,winter,day5
2025-12-31 01:40:00,2677.3104,2777.5176,winter,day5
2025-12-31 01:45:00,2759.4504,2722.1038,winter,day5
2025-12-31 01:50:00,2732.4624,2695.0986,winter,day5
2025-12-31 01:55:00,2525.8248,2665.168,winter,day5
2025-12-31 02:00:00,2513.3172,2642.4072,winter,day5
2025-12-31 02:05:00,2507.8452,2645.1833,winter,day5
2025-12-31 02:10:00,2518.17,2617.7192,winter,day5
2025-12-31 02:15:00,2575.4700000000003,2619.5874,winter,day5
2025-12-31 02:20:00,2600.076,2603.086,winter,day5
2025-12-31 02:25:00,2733.7608,2599.9934,winter,day5
2025-12-31 02:30:00,2878.1268,2610.913,winter,day5
2025-12-31 02:35:00,2681.0556,2615.604,winter,day5
2025-12-31 02:40:00,2654.16,2642.1333,winter,day5
2025-12-31 02:45:00,2642.2284,2641.354,winter,day5
2025-12-31 02:50:00,2643.522,2658.6152,winter,day5
2025-12-31 02:55:00,2711.7408000000005,2656.8325,winter,day5
2025-12-31 03:00:00,2456.0964,2639.5742,winter,day5
2025-12-31 03:05:00,2610.2784,2640.6533,winter,day5
2025-12-31 03:10:00,2780.85,2644.2344,winter,day5
2025-12-31 03:15:00,2629.2455999999997,2666.2139,winter,day5
2025-12-31 03:20:00,2558.4924,2671.0747,winter,day5
2025-12-31 03:25:00,2607.1164,2704.0127,winter,day5
2025-12-31 03:30:00,2624.0988,2712.2068,winter,day5
2025-12-31 03:35:00,2653.4604,2725.441,winter,day5
2025-12-31 03:40:00,2596.5335999999998,2706.3481,winter,day5
2025-12-31 03:45:00,2587.9199999999996,2684.1697,winter,day5
2025-12-31 03:50:00,2564.3892,2664.6626,winter,day5
2025-12-31 03:55:00,2620.44,2659.454,winter,day5
2025-12-31 04:00:00,2676.4896,2652.7244,winter,day5
2025-12-31 04:05:00,2725.3512,2645.2268,winter,day5
2025-12-31 04:10:00,2698.3068,2643.1099,winter,day5
2025-12-31 04:15:00,2618.6076000000003,2641.2502,winter,day5
2025-12-31 04:20:00,2582.802,2623.7046,winter,day5
2025-12-31 04:25:00,2585.6232,2630.6821,winter,day5
2025-12-31 04:30:00,2729.1276,2633.7773,winter,day5
2025-12-31 04:35:00,2707.9440000000004,2635.0151,winter,day5
2025-12-31 04:40:00,2614.2036,2628.3223,winter,day5
2025-12-31 04:45:00,2609.3724,2654.017,winter,day5
2025-12-31 04:50:00,2532.6348,2642.4634,winter,day5
2025-12-31 04:55:00,2524.2924,2647.9185,winter,day5
2025-12-31 05:00:00,2552.7192,2648.4736,winter,day5
2025-12-31 05:05:00,2590.962,2650.6475,winter,day5
2025-12-31 05:10:00,2662.6608,2641.9805,winter,day5
2025-12-31 05:15:00,2660.9856,2651.6958,winter,day5
2025-12-31 05:20:00,2644.1448,2658.7644,winter,day5
2025-12-31 05:25:00,2650.6716,2648.8828,winter,day5
2025-12-31 05:30:00,2610.084,2654.6348,winter,day5
2025-12-31 05:35:00,2720.0328,2656.6704,winter,day5
2025-12-31 05:40:00,2779.6992,2647.6099,winter,day5
2025-12-31 05:45:00,2879.2716,2657.7292,winter,day5
2025-12-31 05:50:00,2901.7116,2665.5237,winter,day5
2025-12-31 05:55:00,2602.9991999999997,2685.2754,winter,day5
2025-12-31 06:00:00,2562.9984,2687.4978,winter,day5
2025-12-31 06:05:00,2562.6924,2723.671,winter,day5
2025-12-31 06:10:00,2514.3912,2726.4526,winter,day5
2025-12-31 06:15:00,2505.2196,2752.24,winter,day5
2025-12-31 06:20:00,2627.9424,2769.7756,winter,day5
2025-12-31 06:25:00,2631.9516,2794.954,winter,day5
2025-12-31 06:30:00,2570.6196,2852.0857,winter,day5
2025-12-31 06:35:00,2528.904,2936.3767,winter,day5
2025-12-31 06:40:00,2597.9376,3104.9404,winter,day5
2025-12-31 06:45:00,3277.6716,3118.9639,winter,day5
2025-12-31 06:50:00,2724.3419999999996,3244.707,winter,day5
2025-12-31 06:55:00,3794.3148,3545.1956,winter,day5
2025-12-31 07:00:00,3542.3412,3564.6526,winter,day5
2025-12-31 07:05:00,3736.728,3559.7358,winter,day5
2025-12-31 07:10:00,3571.6476000000002,3610.7285,winter,day5
2025-12-31 07:15:00,3651.3527999999997,3618.3992,winter,day5
2025-12-31 07:20:00,3699.6192,4128.7256,winter,day5
2025-12-31 07:25:00,3630.0996,4850.8066,winter,day5
2025-12-31 07:30:00,3662.142,5678.32,winter,day5
2025-12-31 07:35:00,3685.2119999999995,6523.559,winter,day5
2025-12-31 07:40:00,3743.3592,6180.1396,winter,day5
2025-12-31 07:45:00,3919.9871999999996,5559.8496,winter,day5
2025-12-31 07:50:00,4016.8248,5464.2124,winter,day5
2025-12-31 07:55:00,3773.514,5436.1123,winter,day5
2025-12-31 08:00:00,3514.1724000000004,4956.566,winter,day5
2025-12-31 08:05:00,3398.4924,4919.618,winter,day5
2025-12-31 08:10:00,3332.1804,4913.2725,winter,day5
2025-12-31 08:15:00,3295.9188000000004,4924.459,winter,day5
2025-12-31 08:20:00,3875.2344,4883.2524,winter,day5
2025-12-31 08:25:00,4055.7504,4890.479,winter,day5
2025-12-31 08:30:00,4329.8328,4897.3687,winter,day5
2025-12-31 08:35:00,3847.4483999999998,4883.182,winter,day5
2025-12-31 08:40:00,3638.88,4865.351,winter,day5
2025-12-31 08:45:00,4250.6004,4837.78,winter,day5
2025-12-31 08:50:00,5217.933599999999,4804.455,winter,day5
2025-12-31 08:55:00,5401.4208,4827.944,winter,day5
2025-12-31 09:00:00,5468.3712,4830.9707,winter,day5
2025-12-31 09:05:00,6148.494000000001,4849.7104,winter,day5
2025-12-31 09:10:00,5363.1864000000005,4823.2485,winter,day5
2025-12-31 09:15:00,5088.996,4827.9966,winter,day5
2025-12-31 09:20:00,4635.3804,4691.455,winter,day5
2025-12-31 09:25:00,4231.6344,4686.387,winter,day5
2025-12-31 09:30:00,4401.9384,4685.217,winter,day5
2025-12-31 09:35:00,4285.6488,4674.8223,winter,day5
2025-12-31 09:40:00,4400.7660000000005,4677.3823,winter,day5
2025-12-31 09:45:00,10283.52,4674.408,winter,day5
2025-12-31 09:50:00,9461.2608,4663.939,winter,day5
2025-12-31 09:55:00,6320.339999999999,4665.7847,winter,day5
2025-12-31 10:00:00,5219.9544000000005,4663.841,winter,day5
2025-12-31 10:05:00,6990.068399999999,4670.51,winter,day5
2025-12-31 10:10:00,7397.634000000001,4661.6885,winter,day5
2025-12-31 10:15:00,6904.8912,4687.281,winter,day5
2025-12-31 10:20:00,7039.7004,4697.175,winter,day5
2025-12-31 10:25:00,5734.6788,4711.3677,winter,day5
2025-12-31 10:30:00,4595.825999999999,4684.5825,winter,day5
2025-12-31 10:35:00,4877.7708,4702.6626,winter,day5
2025-12-31 10:40:00,4928.214,4689.939,winter,day5
2025-12-31 10:45:00,4913.7684,4701.836,winter,day5
2025-12-31 10:50:00,4863.794400000001,4708.389,winter,day5
2025-12-31 10:55:00,4884.3576,4705.8076,winter,day5
2025-12-31 11:00:00,6113.4084,4693.1665,winter,day5
2025-12-31 11:05:00,6825.190799999999,4682.485,winter,day5
2025-12-31 11:10:00,4889.0424,4678.8247,winter,day5
2025-12-31 11:15:00,4561.323600000001,4655.7886,winter,day5
2025-12-31 11:20:00,4379.131200000001,4643.272,winter,day5
2025-12-31 11:25:00,4388.6124,4627.9395,winter,day5
2025-12-31 11:30:00,4846.6488,4597.948,winter,day5
2025-12-31 11:35:00,4757.1408,4613.9067,winter,day5
2025-12-31 11:40:00,4462.3944,4601.6606,winter,day5
2025-12-31 11:45:00,4755.7464,4610.9414,winter,day5
2025-12-31 11:50:00,4390.89,4560.7124,winter,day5
2025-12-31 11:55:00,4404.8412,4575.9976,winter,day5
2025-12-31 12:00:00,5794.1556,4560.1206,winter,day5
2025-12-31 12:05:00,4418.346,4558.3535,winter,day5
2025-12-31 12:10:00,5056.236,4560.3965,winter,day5
2025-12-31 12:15:00,5098.2708,4548.4175,winter,day5
2025-12-31 12:20:00,4206.414,4493.276,winter,day5
2025-12-31 12:25:00,3740.4792,4452.8135,winter,day5
2025-12-31 12:30:00,4270.369199999999,4431.6504,winter,day5
2025-12-31 12:35:00,3738.846,4426.47,winter,day5
2025-12-31 12:40:00,3676.3055999999997,4412.248,winter,day5
2025-12-31 12:45:00,3983.2188,4404.4404,winter,day5
2025-12-31 12:50:00,4142.532,4391.0605,winter,day5
2025-12-31 12:55:00,4682.7924,4408.2305,winter,day5
2025-12-31 13:00:00,3651.5472,4387.355,winter,day5
2025-12-31 13:05:00,3380.8475999999996,4378.687,winter,day5
2025-12-31 13:10:00,3235.3272,4327.606,winter,day5
2025-12-31 13:15:00,3393.5544,4337.9673,winter,day5
2025-12-31 13:20:00,3722.7455999999997,4306.0312,winter,day5
2025-12-31 13:25:00,3094.4916,4267.4185,winter,day5
2025-12-31 13:30:00,3354.0228,4276.655,winter,day5
2025-12-31 13:35:00,3534.4464,4285.8984,winter,day5
2025-12-31 13:40:00,4910.742,4257.1694,winter,day5
2025-12-31 13:45:00,3182.7648,4212.887,winter,day5
2025-12-31 13:50:00,3054.1944,4206.772,winter,day5
2025-12-31 13:55:00,3002.3016000000002,4211.09,winter,day5
2025-12-31 14:00:00,2984.1696,4209.583,winter,day5
2025-12-31 14:05:00,3174.0047999999997,4213.8887,winter,day5
2025-12-31 14:10:00,3060.2676,4239.9067,winter,day5
2025-12-31 14:15:00,3016.8,4287.651,winter,day5
2025-12-31 14:20:00,3024.552,4290.6855,winter,day5
2025-12-31 14:25:00,3008.0016,4311.3066,winter,day5
2025-12-31 14:30:00,2977.5504,4302.248,winter,day5
2025-12-31 14:35:00,2995.1868,4389.4204,winter,day5
2025-12-31 14:40:00,3277.6440000000002,4507.161,winter,day5
2025-12-31 14:45:00,3150.348,4568.882,winter,day5
2025-12-31 14:50:00,3066.4632,4701.12,winter,day5
2025-12-31 14:55:00,3065.202,4732.2476,winter,day5
2025-12-31 15:00:00,3021.1884,4740.706,winter,day5
2025-12-31 15:05:00,2968.5,4731.113,winter,day5
2025-12-31 15:10:00,2935.4376,4729.577,winter,day5
2025-12-31 15:15:00,3112.5912,4758.4194,winter,day5
2025-12-31 15:20:00,3107.9436,4832.528,winter,day5
2025-12-31 15:25:00,2957.5236,4937.438,winter,day5
2025-12-31 15:30:00,2978.1096,5049.8135,winter,day5
2025-12-31 15:35:00,2978.2392,5112.3027,winter,day5
2025-12-31 15:40:00,2978.1612,5169.6426,winter,day5
2025-12-31 15:45:00,2993.9676,5188.765,winter,day5
2025-12-31 15:50:00,3241.9056,5228.384,winter,day5
2025-12-31 15:55:00,3256.4268,5280.574,winter,day5
2025-12-31 16:00:00,3148.1603999999998,5350.0864,winter,day5
2025-12-31 16:05:00,3193.7232,5381.1797,winter,day5
2025-12-31 16:10:00,3213.4632,5408.733,winter,day5
2025-12-31 16:15:00,3326.7936,5414.4336,winter,day5
2025-12-31 16:20:00,3319.1495999999997,5385.7744,winter,day5
2025-12-31 16:25:00,3282.486,5401.34,winter,day5
2025-12-31 16:30:00,3423.804,5380.8213,winter,day5
2025-12-31 16:35:00,3312.3659999999995,5353.539,winter,day5
2025-12-31 16:40:00,3215.3652,5399.601,winter,day5
2025-12-31 16:45:00,3342.4656000000004,5453.909,winter,day5
2025-12-31 16:50:00,3411.024,5532.097,winter,day5
2025-12-31 16:55:00,3581.5235999999995,5586.522,winter,day5
2025-12-31 17:00:00,3520.2288,5597.7783,winter,day5
2025-12-31 17:05:00,3353.9616,5574.2744,winter,day5
2025-12-31 17:10:00,3362.9724,5523.9824,winter,day5
2025-12-31 17:15:00,3338.9352,5482.109,winter,day5
2025-12-31 17:20:00,3324.5736000000006,5206.656,winter,day5
2025-12-31 17:25:00,3249.9816,5063.9507,winter,day5
2025-12-31 17:30:00,3212.5800000000004,4984.7344,winter,day5
2025-12-31 17:35:00,3211.5263999999997,4895.5103,winter,day5
2025-12-31 17:40:00,3443.358,4932.773,winter,day5
2025-12-31 17:45:00,3471.1619999999994,4818.12,winter,day5
2025-12-31 17:50:00,3254.922,4901.372,winter,day5
2025-12-31 17:55:00,3212.4456,4907.615,winter,day5
2025-12-31 18:00:00,3897.6492,5320.967,winter,day5
2025-12-31 18:05:00,6079.2816,8441.579,winter,day5
2025-12-31 18:10:00,8732.07,10840.662,winter,day5
2025-12-31 18:15:00,10121.2344,10987.86,winter,day5
2025-12-31 18:20:00,10166.0112,10267.296,winter,day5
2025-12-31 18:25:00,9286.32,9749.748,winter,day5
2025-12-31 18:30:00,9876.8364,9847.469,winter,day5
2025-12-31 18:35:00,9728.7576,9823.791,winter,day5
2025-12-31 18:40:00,10754.2644,9882.888,winter,day5
2025-12-31 18:45:00,9422.2032,9791.307,winter,day5
2025-12-31 18:50:00,10060.2228,9112.507,winter,day5
2025-12-31 18:55:00,9426.3576,9342.677,winter,day5
2025-12-31 19:00:00,10228.1712,9761.241,winter,day5
2025-12-31 19:05:00,9329.5824,9944.478,winter,day5
2025-12-31 19:10:00,9846.7392,9755.379,winter,day5
2025-12-31 19:15:00,9757.6764,9713.592,winter,day5
2025-12-31 19:20:00,3601.8120000000004,4507.5796,winter,day5
2025-12-31 19:25:00,2518.1063999999997,3902.0266,winter,day5
2025-12-31 19:30:00,2554.3332,3817.2354,winter,day5
2025-12-31 19:35:00,2569.9883999999997,3591.728,winter,day5
2025-12-31 19:40:00,2584.7196,3516.6062,winter,day5
2025-12-31 19:45:00,2544.3527999999997,3603.672,winter,day5
2025-12-31 19:50:00,2550.6443999999997,3587.088,winter,day5
2025-12-31 19:55:00,2509.4736000000003,3451.735,winter,day5
2025-12-31 20:00:00,2468.7516,3268.1206,winter,day5
2025-12-31 20:05:00,2578.404,3125.4702,winter,day5
2025-12-31 20:10:00,2585.016,3005.0833,winter,day5
2025-12-31 20:15:00,2491.5156,2896.396,winter,day5
2025-12-31 20:20:00,2616.33,2788.1924,winter,day5
2025-12-31 20:25:00,2699.3508,2713.9404,winter,day5
2025-12-31 20:30:00,2727.7608,2673.1167,winter,day5
2025-12-31 20:35:00,2821.0836000000004,2636.6357,winter,day5
2025-12-31 20:40:00,2587.2383999999997,2633.644,winter,day5
2025-12-31 20:45:00,2546.3856,2627.0898,winter,day5
2025-12-31 20:50:00,2522.6184000000003,2614.223,winter,day5
2025-12-31 20:55:00,2542.3464,2603.8623,winter,day5
2025-12-31 21:00:00,2529.996,2598.6602,winter,day5
2025-12-31 21:05:00,2506.7016,2588.101,winter,day5
2025-12-31 21:10:00,2507.3232,2595.588,winter,day5
2025-12-31 21:15:00,2447.2799999999997,2590.865,winter,day5
2025-12-31 21:20:00,2453.8836,2603.6592,winter,day5
2025-12-31 21:25:00,2469.5328,2600.4739,winter,day5
2025-12-31 21:30:00,2475.8928,2601.146,winter,day5
2025-12-31 21:35:00,2655.1764,2599.9246,winter,day5
2025-12-31 21:40:00,2679.09,2584.9014,winter,day5
2025-12-31 21:45:00,2519.6688000000004,2590.832,winter,day5
2025-12-31 21:50:00,2522.1984,2593.8354,winter,day5
2025-12-31 21:55:00,2541.0371999999998,2590.4387,winter,day5
2025-12-31 22:00:00,2644.1531999999997,2580.4155,winter,day5
2025-12-31 22:05:00,2618.184,2604.3723,winter,day5
2025-12-31 22:10:00,2623.7676,2588.728,winter,day5
2025-12-31 22:15:00,2541.876,2594.5703,winter,day5
2025-12-31 22:20:00,2579.6711999999998,2593.0947,winter,day5
2025-12-31 22:25:00,2563.0739999999996,2596.8823,winter,day5
2025-12-31 22:30:00,2559.7188,2589.3354,winter,day5
2025-12-31 22:35:00,2531.4911999999995,2599.0486,winter,day5
2025-12-31 22:40:00,2508.1008,2590.21,winter,day5
2025-12-31 22:45:00,2500.602,2586.0059,winter,day5
2025-12-31 22:50:00,2753.952,2605.397,winter,day5
2025-12-31 22:55:00,2793.0588,2611.9194,winter,day5
2025-12-31 23:00:00,2577.3888,2594.351,winter,day5
2025-12-31 23:05:00,2533.2312,2598.3252,winter,day5
2025-12-31 23:10:00,2484.7104,2597.901,winter,day5
2025-12-31 23:15:00,2511.4008000000003,2616.5928,winter,day5
2025-12-31 23:20:00,2530.2252,2625.086,winter,day5
2025-12-31 23:25:00,2549.9352,2657.7065,winter,day5
2025-12-31 23:30:00,2534.6004000000003,2656.0935,winter,day5
2025-12-31 23:35:00,2584.8216,2689.358,winter,day5
2025-12-31 23:40:00,2595.6192,2716.3635,winter,day5
2025-12-31 23:45:00,2565.9672,2751.9666,winter,day5
2025-12-31 23:50:00,2620.8684000000003,2816.9849,winter,day5
2025-12-31 23:55:00,2719.3668000000002,2902.6836,winter,day5
2025-06-01 00:00:00,2526.7452000000003,2505.6953,summer,day1
2025-06-01 00:05:00,2463.0612,2495.0586,summer,day1
2025-06-01 00:10:00,2445.3624,2490.2175,summer,day1
2025-06-01 00:15:00,2434.8624,2481.567,summer,day1
2025-06-01 00:20:00,2444.8836,2474.8853,summer,day1
2025-06-01 00:25:00,2443.6536,2482.912,summer,day1
2025-06-01 00:30:00,2400.8712,2498.0513,summer,day1
2025-06-01 00:35:00,2397.0864,2502.9873,summer,day1
2025-06-01 00:40:00,2408.7204,2514.5244,summer,day1
2025-06-01 00:45:00,2576.5236,2533.7275,summer,day1
2025-06-01 00:50:00,2515.4268,2536.952,summer,day1
2025-06-01 00:55:00,2153.4936000000002,2543.409,summer,day1
2025-06-01 01:00:00,2206.2684,2541.6355,summer,day1
2025-06-01 01:05:00,2483.8824,2532.1265,summer,day1
2025-06-01 01:10:00,2487.558,2514.2903,summer,day1
2025-06-01 01:15:00,2458.3416,2507.65,summer,day1
2025-06-01 01:20:00,2445.9036,2500.5498,summer,day1
2025-06-01 01:25:00,2436.6744,2500.9438,summer,day1
2025-06-01 01:30:00,2437.7196,2504.479,summer,day1
2025-06-01 01:35:00,2587.3559999999998,2504.7434,summer,day1
2025-06-01 01:40:00,2479.992,2498.8586,summer,day1
2025-06-01 01:45:00,2388.192,2508.545,summer,day1
2025-06-01 01:50:00,2394.2076,2520.9297,summer,day1
2025-06-01 01:55:00,2490.8304,2526.6428,summer,day1
2025-06-01 02:00:00,2550.2843999999996,2527.4106,summer,day1
2025-06-01 02:05:00,2232.5172,2539.3477,summer,day1
2025-06-01 02:10:00,2317.0955999999996,2529.1697,summer,day1
2025-06-01 02:15:00,2408.6268,2529.9585,summer,day1
2025-06-01 02:20:00,2410.9224,2526.8286,summer,day1
2025-06-01 02:25:00,2668.9451999999997,2524.4243,summer,day1
2025-06-01 02:30:00,2585.2272000000003,2518.0515,summer,day1
2025-06-01 02:35:00,2479.1099999999997,2521.6667,summer,day1
2025-06-01 02:40:00,2463.4188,2516.8408,summer,day1
2025-06-01 02:45:00,2463.426,2518.0688,summer,day1
2025-06-01 02:50:00,2449.2504,2516.7373,summer,day1
2025-06-01 02:55:00,2430.3516,2511.5688,summer,day1
2025-06-01 03:00:00,2278.2048,2504.287,summer,day1
2025-06-01 03:05:00,2049.5772,2508.2676,summer,day1
2025-06-01 03:10:00,2396.1804,2509.0425,summer,day1
2025-06-01 03:15:00,2571.4836,2502.142,summer,day1
2025-06-01 03:20:00,2472.3228,2498.6846,summer,day1
2025-06-01 03:25:00,2364.7223999999997,2511.813,summer,day1
2025-06-01 03:30:00,2362.8804,2499.772,summer,day1
2025-06-01 03:35:00,2403.0744,2501.1064,summer,day1
2025-06-01 03:40:00,2472.7284,2501.2412,summer,day1
2025-06-01 03:45:00,2457.0335999999998,2499.0469,summer,day1
2025-06-01 03:50:00,2505.8808,2492.5957,summer,day1
2025-06-01 03:55:00,2628.3024,2495.434,summer,day1
2025-06-01 04:00:00,2548.8804,2494.0098,summer,day1
2025-06-01 04:05:00,2958.8952,2493.8103,summer,day1
2025-06-01 04:10:00,2742.2664,2491.3462,summer,day1
2025-06-01 04:15:00,2707.5528,2484.316,summer,day1
2025-06-01 04:20:00,2519.6711999999998,2478.8398,summer,day1
2025-06-01 04:25:00,2526.5076,2483.0623,summer,day1
2025-06-01 04:30:00,2333.9604,2479.6697,summer,day1
2025-06-01 04:35:00,2619.3684000000003,2468.0068,summer,day1
2025-06-01 04:40:00,2623.7064,2454.0002,summer,day1
2025-06-01 04:45:00,2598.2364000000002,2456.8843,summer,day1
2025-06-01 04:50:00,2679.3684000000003,2431.6108,summer,day1
2025-06-01 04:55:00,2428.9248,2432.24,summer,day1
2025-06-01 05:00:00,2514.702,2432.9233,summer,day1
2025-06-01 05:05:00,2484.4308,2430.055,summer,day1
2025-06-01 05:10:00,2354.9424,2423.4736,summer,day1
2025-06-01 05:15:00,2305.1148000000003,2430.9302,summer,day1
2025-06-01 05:20:00,2247.9636,2433.2063,summer,day1
2025-06-01 05:25:00,2213.5667999999996,2426.356,summer,day1
2025-06-01 05:30:00,2216.1144,2415.8718,summer,day1
2025-06-01 05:35:00,2200.464,2407.834,summer,day1
2025-06-01 05:40:00,2392.1304,2393.391,summer,day1
2025-06-01 05:45:00,2271.996,2387.8071,summer,day1
2025-06-01 05:50:00,1770.0084,2384.2346,summer,day1
2025-06-01 05:55:00,2016.8064,2375.5146,summer,day1
2025-06-01 06:00:00,2133.8292,2376.5679,summer,day1
2025-06-01 06:05:00,2130.4919999999997,2369.5464,summer,day1
2025-06-01 06:10:00,2230.986,2364.3584,summer,day1
2025-06-01 06:15:00,2238.2808,2369.8237,summer,day1
2025-06-01 06:20:00,2225.3784,2375.936,summer,day1
2025-06-01 06:25:00,2329.7064,2401.437,summer,day1
2025-06-01 06:30:00,2475.1596,2426.6514,summer,day1
2025-06-01 06:35:00,2459.2691999999997,2452.2578,summer,day1
2025-06-01 06:40:00,2403.2580000000003,2385.5278,summer,day1
2025-06-01 06:45:00,2256.264,2379.114,summer,day1
2025-06-01 06:50:00,1824.366,2367.96,summer,day1
2025-06-01 06:55:00,2134.1207999999997,2351.9102,summer,day1
2025-06-01 07:00:00,2114.7612,2369.7415,summer,day1
2025-06-01 07:05:00,2258.0135999999998,2362.4175,summer,day1
2025-06-01 07:10:00,2336.9784,2372.3892,summer,day1
2025-06-01 07:15:00,2308.5888,2426.522,summer,day1
2025-06-01 07:20:00,2138.7804,2436.9912,summer,day1
2025-06-01 07:25:00,2185.3416,2459.0232,summer,day1
2025-06-01 07:30:00,2207.0724,2520.6616,summer,day1
2025-06-01 07:35:00,2170.8455999999996,2660.861,summer,day1
2025-06-01 07:40:00,2332.9175999999998,2766.7217,summer,day1
2025-06-01 07:45:00,2384.088,2813.4668,summer,day1
2025-06-01 07:50:00,2123.6772,2791.5312,summer,day1
2025-06-01 07:55:00,1838.58,2813.8062,summer,day1
2025-06-01 08:00:00,2112.7272000000003,2959.762,summer,day1
2025-06-01 08:05:00,2153.328,2951.1626,summer,day1
2025-06-01 08:10:00,2160.3684000000003,2957.5776,summer,day1
2025-06-01 08:15:00,2475.5544,2986.3132,summer,day1
2025-06-01 08:20:00,2394.636,3054.5466,summer,day1
2025-06-01 08:25:00,2184.186,3115.3787,summer,day1
2025-06-01 08:30:00,2254.5948,3195.918,summer,day1
2025-06-01 08:35:00,2363.4900000000002,3225.9229,summer,day1
2025-06-01 08:40:00,2342.436,3266.356,summer,day1
2025-06-01 08:45:00,2388.0108,3325.6338,summer,day1
2025-06-01 08:50:00,2300.2776000000003,3358.985,summer,day1
2025-06-01 08:55:00,2314.1412,3465.2341,summer,day1
2025-06-01 09:00:00,2255.1216,3519.6775,summer,day1
2025-06-01 09:05:00,2313.3948,3556.4294,summer,day1
2025-06-01 09:10:00,2415.1488,3561.247,summer,day1
2025-06-01 09:15:00,2218.5576,3536.0356,summer,day1
2025-06-01 09:20:00,2022.6299999999999,3565.8445,summer,day1
2025-06-01 09:25:00,2324.4804,3620.1323,summer,day1
2025-06-01 09:30:00,2429.7347999999997,3656.8474,summer,day1
2025-06-01 09:35:00,2425.4712,3702.459,summer,day1
2025-06-01 09:40:00,2634.6984,3722.896,summer,day1
2025-06-01 09:45:00,2589.936,3722.3223,summer,day1
2025-06-01 09:50:00,2985.9504,3771.1277,summer,day1
2025-06-01 09:55:00,3118.7580000000003,3841.5776,summer,day1
2025-06-01 10:00:00,3145.3296,3892.5151,summer,day1
2025-06-01 10:05:00,3000.0155999999997,3922.1694,summer,day1
2025-06-01 10:10:00,3243.4548000000004,3937.0488,summer,day1
2025-06-01 10:15:00,3048.8723999999997,3932.682,summer,day1
2025-06-01 10:20:00,3718.5312,3913.524,summer,day1
2025-06-01 10:25:00,5525.8536,3908.6677,summer,day1
2025-06-01 10:30:00,5728.9068,3958.9473,summer,day1
2025-06-01 10:35:00,4920.803999999999,3933.8472,summer,day1
2025-06-01 10:40:00,4729.0068,3822.3252,summer,day1
2025-06-01 10:45:00,3853.2576,3844.795,summer,day1
2025-06-01 10:50:00,2675.8728,3827.6643,summer,day1
2025-06-01 10:55:00,2582.5896,3801.6465,summer,day1
2025-06-01 11:00:00,2453.0532,3763.9102,summer,day1
2025-06-01 11:05:00,2372.7012,3744.9138,summer,day1
2025-06-01 11:10:00,2824.2048,3713.5022,summer,day1
2025-06-01 11:15:00,2350.6644,3698.67,summer,day1
2025-06-01 11:20:00,2357.4336,3664.4,summer,day1
2025-06-01 11:25:00,2379.8388,3687.4668,summer,day1
2025-06-01 11:30:00,2499.0504,3689.3354,summer,day1
2025-06-01 11:35:00,2567.2272000000003,3716.389,summer,day1
2025-06-01 11:40:00,2478.8772,3689.7253,summer,day1
2025-06-01 11:45:00,2295.3540000000003,3665.0923,summer,day1
2025-06-01 11:50:00,3115.3415999999997,3680.2754,summer,day1
2025-06-01 11:55:00,3889.0332000000003,3659.584,summer,day1
2025-06-01 12:00:00,3719.8884,3704.9556,summer,day1
2025-06-01 12:05:00,3485.3304000000003,3692.1543,summer,day1
2025-06-01 12:10:00,2500.02,3677.5002,summer,day1
2025-06-01 12:15:00,2617.29,3656.0295,summer,day1
2025-06-01 12:20:00,2718.5292,3672.9553,summer,day1
2025-06-01 12:25:00,2607.4476,3682.9946,summer,day1
2025-06-01 12:30:00,2617.8552,3672.911,summer,day1
2025-06-01 12:35:00,2815.4244,3670.0315,summer,day1
2025-06-01 12:40:00,4412.1384,3615.7146,summer,day1
2025-06-01 12:45:00,2853.0396,3592.1675,summer,day1
2025-06-01 12:50:00,2855.496,3618.9512,summer,day1
2025-06-01 12:55:00,2674.8887999999997,3627.811,summer,day1
2025-06-01 13:00:00,2721.9348,3598.375,summer,day1
2025-06-01 13:05:00,2948.1132,3588.2979,summer,day1
2025-06-01 13:10:00,2809.6452,3582.5107,summer,day1
2025-06-01 13:15:00,2726.0027999999998,3527.3733,summer,day1
2025-06-01 13:20:00,2850.1968,3420.212,summer,day1
2025-06-01 13:25:00,3645.504,3397.5786,summer,day1
2025-06-01 13:30:00,2543.5356,3380.4272,summer,day1
2025-06-01 13:35:00,2949.6636000000003,3400.3906,summer,day1
2025-06-01 13:40:00,2862.3936000000003,3381.2002,summer,day1
2025-06-01 13:45:00,3786.2771999999995,3338.2917,summer,day1
2025-06-01 13:50:00,3468.108,3308.2104,summer,day1
2025-06-01 13:55:00,2655.426,3274.9277,summer,day1
2025-06-01 14:00:00,2680.296,3207.8213,summer,day1
2025-06-01 14:05:00,2841.2519999999995,3184.7175,summer,day1
2025-06-01 14:10:00,2700.8604,3184.861,summer,day1
2025-06-01 14:15:00,2827.1531999999997,3232.0361,summer,day1
2025-06-01 14:20:00,2387.9148,3199.2056,summer,day1
2025-06-01 14:25:00,2899.1928,3194.2844,summer,day1
2025-06-01 14:30:00,2663.7648,3194.6602,summer,day1
2025-06-01 14:35:00,2387.2248,3217.4963,summer,day1
2025-06-01 14:40:00,4273.9836000000005,3147.0215,summer,day1
2025-06-01 14:45:00,2890.9271999999996,3147.7266,summer,day1
2025-06-01 14:50:00,2668.7364000000002,3148.6597,summer,day1
2025-06-01 14:55:00,3903.7128,3142.3772,summer,day1
2025-06-01 15:00:00,2540.7792,3139.5154,summer,day1
2025-06-01 15:05:00,2755.254,3178.473,summer,day1
2025-06-01 15:10:00,2635.0212,3182.9824,summer,day1
2025-06-01 15:15:00,2438.8092,3199.3154,summer,day1
2025-06-01 15:20:00,2891.064,3214.7273,summer,day1
2025-06-01 15:25:00,3213.5328,3230.7202,summer,day1
2025-06-01 15:30:00,3069.1188,3231.3142,summer,day1
2025-06-01 15:35:00,2916.8148,3307.5403,summer,day1
2025-06-01 15:40:00,2681.3484,3339.1187,summer,day1
2025-06-01 15:45:00,2591.9196,3367.7305,summer,day1
2025-06-01 15:50:00,2534.0412,3375.9255,summer,day1
2025-06-01 15:55:00,2495.9292,3397.2615,summer,day1
2025-06-01 16:00:00,2491.0932000000003,3249.8857,summer,day1
2025-06-01 16:05:00,2664.2856,3225.1494,summer,day1
2025-06-01 16:10:00,2811.6516,3240.5295,summer,day1
2025-06-01 16:15:00,3117.8592,3231.4697,summer,day1
2025-06-01 16:20:00,4169.6952,3269.552,summer,day1
2025-06-01 16:25:00,2414.3124,3321.0217,summer,day1
2025-06-01 16:30:00,2393.514,3399.685,summer,day1
2025-06-01 16:35:00,2857.5096000000003,3404.5198,summer,day1
2025-06-01 16:40:00,4026.078,3376.8145,summer,day1
2025-06-01 16:45:00,2541.4656000000004,3406.0415,summer,day1
2025-06-01 16:50:00,2174.7504,3428.2695,summer,day1
2025-06-01 16:55:00,2387.6387999999997,3480.2175,summer,day1
2025-06-01 17:00:00,2397.7716,3500.9634,summer,day1
2025-06-01 17:05:00,2432.6843999999996,3499.003,summer,day1
2025-06-01 17:10:00,2457.018,3505.1309,summer,day1
2025-06-01 17:15:00,2702.7419999999997,3508.5212,summer,day1
2025-06-01 17:20:00,4379.1444,3494.7131,summer,day1
2025-06-01 17:25:00,3323.6051999999995,3523.9377,summer,day1
2025-06-01 17:30:00,2690.2488,3542.5093,summer,day1
2025-06-01 17:35:00,2122.3416,3586.4468,summer,day1
2025-06-01 17:40:00,2711.0268,3594.8042,summer,day1
2025-06-01 17:45:00,2545.4892,3613.759,summer,day1
2025-06-01 17:50:00,2521.1124,3637.0886,summer,day1
2025-06-01 17:55:00,2543.04,3643.148,summer,day1
2025-06-01 18:00:00,2570.8884000000003,3622.4146,summer,day1
2025-06-01 18:05:00,2498.3952,3633.7222,summer,day1
2025-06-01 18:10:00,2600.8848,3612.9448,summer,day1
2025-06-01 18:15:00,2658.8952,3627.353,summer,day1
2025-06-01 18:20:00,2163.9036,3618.6814,summer,day1
2025-06-01 18:25:00,2102.6904,3640.9453,summer,day1
2025-06-01 18:30:00,2507.7168,3643.4438,summer,day1
2025-06-01 18:35:00,3421.4592000000002,3661.5906,summer,day1
2025-06-01 18:40:00,2807.2884,3606.4067,summer,day1
2025-06-01 18:45:00,2499.4464,3599.9983,summer,day1
2025-06-01 18:50:00,2503.9452,3541.6333,summer,day1
2025-06-01 18:55:00,2464.7424,3510.1704,summer,day1
2025-06-01 19:00:00,2600.79,3432.9446,summer,day1
2025-06-01 19:05:00,3695.5464,3375.464,summer,day1
2025-06-01 19:10:00,2330.4816,3338.1914,summer,day1
2025-06-01 19:15:00,4419.794400000001,3314.5413,summer,day1
2025-06-01 19:20:00,3815.7084000000004,3272.2527,summer,day1
2025-06-01 19:25:00,2421.7824,3279.6626,summer,day1
2025-06-01 19:30:00,2543.9724,3255.2598,summer,day1
2025-06-01 19:35:00,2655.9828,3258.3035,summer,day1
2025-06-01 19:40:00,2640.4056,3245.447,summer,day1
2025-06-01 19:45:00,2566.278,3228.4373,summer,day1
2025-06-01 19:50:00,3982.7364000000002,3193.053,summer,day1
2025-06-01 19:55:00,2547.8172,3176.0518,summer,day1
2025-06-01 20:00:00,2575.1304,3148.7773,summer,day1
2025-06-01 20:05:00,2425.5816,3132.9695,summer,day1
2025-06-01 20:10:00,2405.0676,3086.1885,summer,day1
2025-06-01 20:15:00,2391.6888,3039.6267,summer,day1
2025-06-01 20:20:00,2529.078,3038.8584,summer,day1
2025-06-01 20:25:00,2718.7656,3048.151,summer,day1
2025-06-01 20:30:00,2516.5908,3075.7224,summer,day1
2025-06-01 20:35:00,2565.996,3114.7595,summer,day1
2025-06-01 20:40:00,2844.4092,3091.4014,summer,day1
2025-06-01 20:45:00,2795.7275999999997,3054.432,summer,day1
2025-06-01 20:50:00,3136.416,3073.7527,summer,day1
2025-06-01 20:55:00,2801.3436,3080.1843,summer,day1
2025-06-01 21:00:00,3487.9380000000006,3094.8406,summer,day1
2025-06-01 21:05:00,5444.5428,3073.8345,summer,day1
2025-06-01 21:10:00,2689.6331999999998,3036.2832,summer,day1
2025-06-01 21:15:00,2623.1232,2978.5178,summer,day1
2025-06-01 21:20:00,2600.0004,2889.1924,summer,day1
2025-06-01 21:25:00,2670.3216,2846.545,summer,day1
2025-06-01 21:30:00,2692.434,2832.2217,summer,day1
2025-06-01 21:35:00,2714.4372,2801.895,summer,day1
2025-06-01 21:40:00,2700.2760000000003,2769.671,summer,day1
2025-06-01 21:45:00,3052.0656,2755.8142,summer,day1
2025-06-01 21:50:00,3078.2484,2712.1868,summer,day1
2025-06-01 21:55:00,3035.1684,2646.4995,summer,day1
2025-06-01 22:00:00,2783.4648,2570.216,summer,day1
2025-06-01 22:05:00,2785.8815999999997,2538.5254,summer,day1
2025-06-01 22:10:00,4259.868,2513.9004,summer,day1
2025-06-01 22:15:00,2610.0072,2525.7744,summer,day1
2025-06-01 22:20:00,2425.2203999999997,2514.084,summer,day1
2025-06-01 22:25:00,2425.6223999999997,2505.6426,summer,day1
2025-06-01 22:30:00,2810.292,2506.6235,summer,day1
2025-06-01 22:35:00,2570.988,2525.929,summer,day1
2025-06-01 22:40:00,2472.0468,2499.6406,summer,day1
2025-06-01 22:45:00,2311.9932,2501.1167,summer,day1
2025-06-01 22:50:00,2304.8507999999997,2499.2407,summer,day1
2025-06-01 22:55:00,2339.7288,2492.6855,summer,day1
2025-06-01 23:00:00,2386.2048,2487.4067,summer,day1
2025-06-01 23:05:00,2396.2596000000003,2486.4949,summer,day1
2025-06-01 23:10:00,2407.5312,2482.3022,summer,day1
2025-06-01 23:15:00,2741.9652,2468.2883,summer,day1
2025-06-01 23:20:00,2382.4175999999998,2463.6797,summer,day1
2025-06-01 23:25:00,3181.968,2467.71,summer,day1
2025-06-01 23:30:00,3738.246,2452.2656,summer,day1
2025-06-01 23:35:00,2528.7792,2461.4062,summer,day1
2025-06-01 23:40:00,2630.2608,2469.2778,summer,day1
2025-06-01 23:45:00,2449.3128,2475.8809,summer,day1
2025-06-01 23:50:00,2401.1412,2474.274,summer,day1
2025-06-01 23:55:00,2395.2372,2490.7769,summer,day1
2025-06-24 00:00:00,2356.5696,2483.9026,summer,day2
2025-06-24 00:05:00,2411.358,2502.0938,summer,day2
2025-06-24 00:10:00,2821.9272,2515.8936,summer,day2
2025-06-24 00:15:00,2831.8404,2510.4612,summer,day2
2025-06-24 00:20:00,2597.4588,2504.185,summer,day2
2025-06-24 00:25:00,2563.5384000000004,2492.3066,summer,day2
2025-06-24 00:30:00,3407.8908,2488.7966,summer,day2
2025-06-24 00:35:00,2765.4792,2475.6016,summer,day2
2025-06-24 00:40:00,2452.8432000000003,2478.0933,summer,day2
2025-06-24 00:45:00,2434.3848000000003,2488.0298,summer,day2
2025-06-24 00:50:00,2451.7644,2471.1602,summer,day2
2025-06-24 00:55:00,2130.21,2477.9941,summer,day2
2025-06-24 01:00:00,2233.194,2481.676,summer,day2
2025-06-24 01:05:00,3605.7839999999997,2490.3694,summer,day2
2025-06-24 01:10:00,2808.7475999999997,2491.9492,summer,day2
2025-06-24 01:15:00,2943.5292,2504.4966,summer,day2
2025-06-24 01:20:00,2578.9368,2534.5347,summer,day2
2025-06-24 01:25:00,2534.5584,2538.1775,summer,day2
2025-06-24 01:30:00,2113.9812,2536.7974,summer,day2
2025-06-24 01:35:00,2514.7836,2530.018,summer,day2
2025-06-24 01:40:00,2447.6808,2524.622,summer,day2
2025-06-24 01:45:00,2441.1288,2527.069,summer,day2
2025-06-24 01:50:00,2577.3671999999997,2532.63,summer,day2
2025-06-24 01:55:00,2676.3347999999996,2522.003,summer,day2
2025-06-24 02:00:00,2500.8156000000004,2527.334,summer,day2
2025-06-24 02:05:00,2388.3792000000003,2540.1963,summer,day2
2025-06-24 02:10:00,2485.8072,2528.67,summer,day2
2025-06-24 02:15:00,2500.4004,2540.4644,summer,day2
2025-06-24 02:20:00,2470.71,2546.162,summer,day2
2025-06-24 02:25:00,3962.8644,2543.2822,summer,day2
2025-06-24 02:30:00,2498.4768,2526.6826,summer,day2
2025-06-24 02:35:00,2558.0376,2531.836,summer,day2
2025-06-24 02:40:00,2158.6176,2525.9094,summer,day2
2025-06-24 02:45:00,2369.4336,2532.318,summer,day2
2025-06-24 02:50:00,2774.3916,2537.6787,summer,day2
2025-06-24 02:55:00,2358.1403999999998,2533.9265,summer,day2
2025-06-24 03:00:00,2350.6272,2529.8198,summer,day2
2025-06-24 03:05:00,2805.0072,2534.101,summer,day2
2025-06-24 03:10:00,2867.67,2538.0854,summer,day2
2025-06-24 03:15:00,2564.4936000000002,2528.5078,summer,day2
2025-06-24 03:20:00,2998.6512,2525.2896,summer,day2
2025-06-24 03:25:00,2742.8676,2539.7378,summer,day2
2025-06-24 03:30:00,2620.1232,2525.2764,summer,day2
2025-06-24 03:35:00,2824.1856,2539.045,summer,day2
2025-06-24 03:40:00,2424.4332000000004,2545.0635,summer,day2
2025-06-24 03:45:00,3818.7059999999997,2545.2925,summer,day2
2025-06-24 03:50:00,1940.8883999999998,2539.2822,summer,day2
2025-06-24 03:55:00,2519.2560000000003,2547.1655,summer,day2
2025-06-24 04:00:00,2640.1248,2557.9907,summer,day2
2025-06-24 04:05:00,2472.1752,2565.2153,summer,day2
2025-06-24 04:10:00,2479.2708,2562.5513,summer,day2
2025-06-24 04:15:00,2458.1256000000003,2558.7573,summer,day2
2025-06-24 04:20:00,2945.9124,2525.1826,summer,day2
2025-06-24 04:25:00,1830.9707999999998,2479.0327,summer,day2
2025-06-24 04:30:00,2352.888,2448.7554,summer,day2
2025-06-24 04:35:00,2333.8559999999998,2417.9407,summer,day2
2025-06-24 04:40:00,2529.5676,2409.8682,summer,day2
2025-06-24 04:45:00,2345.9615999999996,2401.9482,summer,day2
2025-06-24 04:50:00,2276.46,2379.4934,summer,day2
2025-06-24 04:55:00,2291.118,2386.8628,summer,day2
2025-06-24 05:00:00,3367.95,2392.003,summer,day2
2025-06-24 05:05:00,2908.398,2409.3086,summer,day2
2025-06-24 05:10:00,2540.8356,2411.309,summer,day2
2025-06-24 05:15:00,2495.7576,2439.5225,summer,day2
2025-06-24 05:20:00,2464.8887999999997,2430.2744,summer,day2
2025-06-24 05:25:00,2481.648,2428.963,summer,day2
2025-06-24 05:30:00,2339.3903999999998,2428.8386,summer,day2
2025-06-24 05:35:00,1834.0224000000003,2428.3872,summer,day2
2025-06-24 05:40:00,2187.312,2425.0422,summer,day2
2025-06-24 05:45:00,2216.6675999999998,2423.8281,summer,day2
2025-06-24 05:50:00,2267.7648,2428.3477,summer,day2
2025-06-24 05:55:00,2734.9883999999997,2427.757,summer,day2
2025-06-24 06:00:00,2195.4792,2439.1084,summer,day2
2025-06-24 06:05:00,2311.0451999999996,2450.3906,summer,day2
2025-06-24 06:10:00,2231.256,2441.7734,summer,day2
2025-06-24 06:15:00,2256.5316,2467.5317,summer,day2
2025-06-24 06:20:00,3915.5832,2478.3286,summer,day2
2025-06-24 06:25:00,2262.4116000000004,2482.9028,summer,day2
2025-06-24 06:30:00,2237.8740000000003,2477.2974,summer,day2
2025-06-24 06:35:00,2517.7056000000002,2489.1523,summer,day2
2025-06-24 06:40:00,2973.66,2595.6128,summer,day2
2025-06-24 06:45:00,2641.7376,2625.8276,summer,day2
2025-06-24 06:50:00,2818.2924,2600.3938,summer,day2
2025-06-24 06:55:00,3222.3311999999996,2608.859,summer,day2
2025-06-24 07:00:00,3169.374,2610.3677,summer,day2
2025-06-24 07:05:00,2716.782,2627.4612,summer,day2
2025-06-24 07:10:00,2466.1644,2640.127,summer,day2
2025-06-24 07:15:00,2439.5088,2765.7434,summer,day2
2025-06-24 07:20:00,2492.7756,2849.6956,summer,day2
2025-06-24 07:25:00,2633.3292,2913.2559,summer,day2
2025-06-24 07:30:00,3860.7888,3113.3325,summer,day2
2025-06-24 07:35:00,12758.3508,3904.561,summer,day2
2025-06-24 07:40:00,13033.7784,7379.345,summer,day2
2025-06-24 07:45:00,10706.01,7204.589,summer,day2
2025-06-24 07:50:00,4031.3784,4723.429,summer,day2
2025-06-24 07:55:00,4538.0664,4131.8247,summer,day2
2025-06-24 08:00:00,5770.6068,4028.438,summer,day2
2025-06-24 08:05:00,6086.1528,4004.6904,summer,day2
2025-06-24 08:10:00,4450.2888,3996.8567,summer,day2
2025-06-24 08:15:00,4173.3096,3972.438,summer,day2
2025-06-24 08:20:00,5067.804,4007.4634,summer,day2
2025-06-24 08:25:00,4492.3512,4024.0369,summer,day2
2025-06-24 08:30:00,4050.0384,4013.5955,summer,day2
2025-06-24 08:35:00,5833.9800000000005,4033.441,summer,day2
2025-06-24 08:40:00,4507.8888,4081.592,summer,day2
2025-06-24 08:45:00,4903.134,4133.863,summer,day2
2025-06-24 08:50:00,5765.508,4118.9893,summer,day2
2025-06-24 08:55:00,6054.8496,4106.687,summer,day2
2025-06-24 09:00:00,6162.2616,4089.7573,summer,day2
2025-06-24 09:05:00,4468.8624,4085.6272,summer,day2
2025-06-24 09:10:00,4301.638800000001,4078.5127,summer,day2
2025-06-24 09:15:00,5098.83,4104.3228,summer,day2
2025-06-24 09:20:00,5291.5632,4232.873,summer,day2
2025-06-24 09:25:00,4459.9259999999995,4277.1123,summer,day2
2025-06-24 09:30:00,4992.5064,4261.5786,summer,day2
2025-06-24 09:35:00,4522.630800000001,4214.4585,summer,day2
2025-06-24 09:40:00,4221.2748,4162.451,summer,day2
2025-06-24 09:45:00,3979.6692000000003,4110.3003,summer,day2
2025-06-24 09:50:00,4549.5923999999995,4096.4727,summer,day2
2025-06-24 09:55:00,4840.4256000000005,4149.9897,summer,day2
2025-06-24 10:00:00,5219.3796,4242.2793,summer,day2
2025-06-24 10:05:00,5934.624,4287.8237,summer,day2
2025-06-24 10:10:00,4991.5212,4279.3833,summer,day2
2025-06-24 10:15:00,6135.784799999999,4268.294,summer,day2
2025-06-24 10:20:00,7249.9547999999995,4215.3135,summer,day2
2025-06-24 10:25:00,6449.8332,4173.249,summer,day2
2025-06-24 10:30:00,5611.7064,4137.444,summer,day2
2025-06-24 10:35:00,5147.0172,4134.635,summer,day2
2025-06-24 10:40:00,6022.651199999999,4178.8022,summer,day2
2025-06-24 10:45:00,2209.1148000000003,4153.163,summer,day2
2025-06-24 10:50:00,0.0,4146.348,summer,day2
2025-06-24 10:55:00,0.0,4191.425,summer,day2
2025-06-24 11:00:00,0.0,4204.6245,summer,day2
2025-06-24 11:05:00,0.0,4172.251,summer,day2
2025-06-24 11:10:00,0.0,4196.3955,summer,day2
2025-06-24 11:15:00,0.0,4232.8096,summer,day2
2025-06-24 11:20:00,0.0,4210.511,summer,day2
2025-06-24 11:25:00,10374.148799999999,4221.4478,summer,day2
2025-06-24 11:30:00,8077.9836,4192.286,summer,day2
2025-06-24 11:35:00,8140.6032000000005,4182.0596,summer,day2
2025-06-24 11:40:00,5274.2544,4153.4927,summer,day2
2025-06-24 11:45:00,4511.8464,4157.525,summer,day2
2025-06-24 11:50:00,4432.8192,4126.053,summer,day2
2025-06-24 11:55:00,4059.4175999999998,4115.4463,summer,day2
2025-06-24 12:00:00,4351.0296,4105.086,summer,day2
2025-06-24 12:05:00,4626.9876,4113.6753,summer,day2
2025-06-24 12:10:00,4543.6848,4121.472,summer,day2
2025-06-24 12:15:00,4715.955599999999,4092.9092,summer,day2
2025-06-24 12:20:00,5139.732,4112.5513,summer,day2
2025-06-24 12:25:00,4729.7076,4061.0107,summer,day2
2025-06-24 12:30:00,4742.9388,4015.8054,summer,day2
2025-06-24 12:35:00,4532.0748,4011.9084,summer,day2
2025-06-24 12:40:00,4787.046,3987.8376,summer,day2
2025-06-24 12:45:00,6061.9944000000005,3981.9128,summer,day2
2025-06-24 12:50:00,4309.6464,3946.8608,summer,day2
2025-06-24 12:55:00,4927.7688,3937.8796,summer,day2
2025-06-24 13:00:00,4759.4136,3916.2856,summer,day2
2025-06-24 13:05:00,4881.195600000001,3929.7317,summer,day2
2025-06-24 13:10:00,5205.7608,3935.0906,summer,day2
2025-06-24 13:15:00,4842.1584,3955.1357,summer,day2
2025-06-24 13:20:00,4565.3916,4016.7734,summer,day2
2025-06-24 13:25:00,4868.202,4044.2434,summer,day2
2025-06-24 13:30:00,5420.0676,4031.35,summer,day2
2025-06-24 13:35:00,4323.3936,3989.462,summer,day2
2025-06-24 13:40:00,5516.91,3950.3171,summer,day2
2025-06-24 13:45:00,3799.548,3888.2017,summer,day2
2025-06-24 13:50:00,4270.5972,3860.5393,summer,day2
2025-06-24 13:55:00,4795.6308,3861.2788,summer,day2
2025-06-24 14:00:00,6366.4368,3884.516,summer,day2
2025-06-24 14:05:00,4284.882,3881.3547,summer,day2
2025-06-24 14:10:00,3199.1567999999997,3871.6284,summer,day2
2025-06-24 14:15:00,3085.3104,3872.5051,summer,day2
2025-06-24 14:20:00,3536.8404,3851.907,summer,day2
2025-06-24 14:25:00,3320.964,3826.1514,summer,day2
2025-06-24 14:30:00,3471.9648,3799.106,summer,day2
2025-06-24 14:35:00,3321.666,3794.964,summer,day2
2025-06-24 14:40:00,3339.8076,3841.2402,summer,day2
2025-06-24 14:45:00,3742.1616000000004,3829.6306,summer,day2
2025-06-24 14:50:00,3813.8124,3828.7834,summer,day2
2025-06-24 14:55:00,3377.4335999999994,3830.6118,summer,day2
2025-06-24 15:00:00,3785.9628,3855.0396,summer,day2
2025-06-24 15:05:00,3971.3556,3831.5974,summer,day2
2025-06-24 15:10:00,3921.0804,3815.05,summer,day2
2025-06-24 15:15:00,3370.3032,3836.2473,summer,day2
2025-06-24 15:20:00,4189.9344,3846.1707,summer,day2
2025-06-24 15:25:00,2810.4336,3849.637,summer,day2
2025-06-24 15:30:00,3074.682,3816.5493,summer,day2
2025-06-24 15:35:00,2481.8448,3832.0427,summer,day2
2025-06-24 15:40:00,3805.3296,3836.9866,summer,day2
2025-06-24 15:45:00,3129.2508000000003,3882.3281,summer,day2
2025-06-24 15:50:00,2580.4908,3858.108,summer,day2
2025-06-24 15:55:00,2946.5568,3869.9312,summer,day2
2025-06-24 16:00:00,3111.4716,3895.0728,summer,day2
2025-06-24 16:05:00,3135.0924,3869.6345,summer,day2
2025-06-24 16:10:00,2783.4528,3886.513,summer,day2
2025-06-24 16:15:00,3239.4624,3855.825,summer,day2
2025-06-24 16:20:00,3294.3407999999995,3883.4995,summer,day2
2025-06-24 16:25:00,4283.1324,3869.0457,summer,day2
2025-06-24 16:30:00,2500.4712,3843.254,summer,day2
2025-06-24 16:35:00,3620.7479999999996,3851.9314,summer,day2
2025-06-24 16:40:00,3150.3084,3841.0774,summer,day2
2025-06-24 16:45:00,2960.8824,3839.6858,summer,day2
2025-06-24 16:50:00,2897.2116,3818.3132,summer,day2
2025-06-24 16:55:00,2918.454,3818.0676,summer,day2
2025-06-24 17:00:00,4798.6584,3802.4875,summer,day2
2025-06-24 17:05:00,2999.7792,3803.7998,summer,day2
2025-06-24 17:10:00,2923.0044,3804.4988,summer,day2
2025-06-24 17:15:00,2641.3896,3812.8513,summer,day2
2025-06-24 17:20:00,2671.7760000000003,3880.622,summer,day2
2025-06-24 17:25:00,2650.9716,3882.5437,summer,day2
2025-06-24 17:30:00,2825.0496,3870.8423,summer,day2
2025-06-24 17:35:00,2896.6572,3832.623,summer,day2
2025-06-24 17:40:00,3510.9528,3860.5234,summer,day2
2025-06-24 17:45:00,4574.4612,3834.0923,summer,day2
2025-06-24 17:50:00,2827.3464,3755.504,summer,day2
2025-06-24 17:55:00,3183.7536,3783.108,summer,day2
2025-06-24 18:00:00,6137.4144,3912.8665,summer,day2
2025-06-24 18:05:00,13028.5596,3948.074,summer,day2
2025-06-24 18:10:00,12003.9588,3913.5986,summer,day2
2025-06-24 18:15:00,4283.983200000001,3879.5215,summer,day2
2025-06-24 18:20:00,3900.2591999999995,3841.6177,summer,day2
2025-06-24 18:25:00,3571.0476000000003,3804.2932,summer,day2
2025-06-24 18:30:00,4422.8664,3760.6807,summer,day2
2025-06-24 18:35:00,4603.4748,3728.4639,summer,day2
2025-06-24 18:40:00,3922.4208,3645.3948,summer,day2
2025-06-24 18:45:00,5402.8668,3628.9338,summer,day2
2025-06-24 18:50:00,4105.824,3593.6797,summer,day2
2025-06-24 18:55:00,6040.26,3586.3113,summer,day2
2025-06-24 19:00:00,6760.8516,3584.073,summer,day2
2025-06-24 19:05:00,4314.4788,3528.8962,summer,day2
2025-06-24 19:10:00,3982.2588000000005,3483.3013,summer,day2
2025-06-24 19:15:00,5452.4472000000005,3477.3096,summer,day2
2025-06-24 19:20:00,3731.5775999999996,3518.1099,summer,day2
2025-06-24 19:25:00,2943.654,3541.5251,summer,day2
2025-06-24 19:30:00,3148.674,3404.44,summer,day2
2025-06-24 19:35:00,2842.8444,3344.929,summer,day2
2025-06-24 19:40:00,4424.7624,3328.1858,summer,day2
2025-06-24 19:45:00,2855.5667999999996,3331.5103,summer,day2
2025-06-24 19:50:00,2756.3256,3301.4434,summer,day2
2025-06-24 19:55:00,2818.3848000000003,3259.2866,summer,day2
2025-06-24 20:00:00,3068.9736000000003,3206.2554,summer,day2
2025-06-24 20:05:00,4017.7236,3140.5,summer,day2
2025-06-24 20:10:00,3180.042,3072.2668,summer,day2
2025-06-24 20:15:00,2247.564,3051.9702,summer,day2
2025-06-24 20:20:00,2287.1531999999997,3059.4976,summer,day2
2025-06-24 20:25:00,2420.6387999999997,2966.4966,summer,day2
2025-06-24 20:30:00,4464.534,2836.7847,summer,day2
2025-06-24 20:35:00,3274.3548,2777.0398,summer,day2
2025-06-24 20:40:00,1980.7788,2753.8987,summer,day2
2025-06-24 20:45:00,2157.738,2758.2148,summer,day2
2025-06-24 20:50:00,2306.8032,2756.9968,summer,day2
2025-06-24 20:55:00,2534.0748,2754.0928,summer,day2
2025-06-24 21:00:00,2524.3692,2750.919,summer,day2
2025-06-24 21:05:00,2142.9612,2782.4414,summer,day2
2025-06-24 21:10:00,2104.218,2858.724,summer,day2
2025-06-24 21:15:00,3007.1592,2899.8208,summer,day2
2025-06-24 21:20:00,2693.538,2990.2573,summer,day2
2025-06-24 21:25:00,2847.2256,3014.1702,summer,day2
2025-06-24 21:30:00,2899.1220000000003,3028.6064,summer,day2
2025-06-24 21:35:00,2790.2484,3032.5493,summer,day2
2025-06-24 21:40:00,2656.9428,2947.9204,summer,day2
2025-06-24 21:45:00,2621.6328000000003,2870.823,summer,day2
2025-06-24 21:50:00,2624.322,2846.2507,summer,day2
2025-06-24 21:55:00,2582.082,2729.0164,summer,day2
2025-06-24 22:00:00,2492.7912,2597.462,summer,day2
2025-06-24 22:05:00,2343.1403999999998,2550.8577,summer,day2
2025-06-24 22:10:00,2291.2308000000003,2556.4993,summer,day2
2025-06-24 22:15:00,2364.4236,2628.8862,summer,day2
2025-06-24 22:20:00,2391.6059999999998,2698.1868,summer,day2
2025-06-24 22:25:00,2501.1684,2640.79,summer,day2
2025-06-24 22:30:00,2982.7956,2562.588,summer,day2
2025-06-24 22:35:00,2872.9128,2543.5547,summer,day2
2025-06-24 22:40:00,2819.4684,2548.9443,summer,day2
2025-06-24 22:45:00,2847.5784,2555.545,summer,day2
2025-06-24 22:50:00,2850.1812,2563.3555,summer,day2
2025-06-24 22:55:00,2677.2192,2564.9253,summer,day2
2025-06-24 23:00:00,2564.2596,2572.1787,summer,day2
2025-06-24 23:05:00,2354.1588,2577.0762,summer,day2
2025-06-24 23:10:00,2379.594,2588.2957,summer,day2
2025-06-24 23:15:00,2559.54,2583.4495,summer,day2
2025-06-24 23:20:00,2436.492,2588.972,summer,day2
2025-06-24 23:25:00,2404.9175999999998,2613.156,summer,day2
2025-06-24 23:30:00,2388.7176,2606.25,summer,day2
2025-06-24 23:35:00,2431.6716,2620.7063,summer,day2
2025-06-24 23:40:00,2481.1356,2628.3325,summer,day2
2025-06-24 23:45:00,2668.3704,2623.9805,summer,day2
2025-06-24 23:50:00,2523.8172000000004,2615.9219,summer,day2
2025-06-24 23:55:00,2377.2336,2624.8713,summer,day2
2025-07-17 00:00:00,5246.0484,5373.759,summer,day3
2025-07-17 00:05:00,5356.5491999999995,5291.5244,summer,day3
2025-07-17 00:10:00,5203.0692,5251.8916,summer,day3
2025-07-17 00:15:00,5114.8428,5210.032,summer,day3
2025-07-17 00:20:00,5111.4,5164.89,summer,day3
2025-07-17 00:25:00,4177.302000000001,5080.921,summer,day3
2025-07-17 00:30:00,3789.2208,5042.3857,summer,day3
2025-07-17 00:35:00,3766.1652000000004,4979.4736,summer,day3
2025-07-17 00:40:00,3981.3,4945.8613,summer,day3
2025-07-17 00:45:00,3932.2392,4887.2393,summer,day3
2025-07-17 00:50:00,4200.8148,4844.101,summer,day3
2025-07-17 00:55:00,3925.5864,4760.9014,summer,day3
2025-07-17 01:00:00,4000.392,4700.961,summer,day3
2025-07-17 01:05:00,3869.9772000000003,4668.0547,summer,day3
2025-07-17 01:10:00,3786.9983999999995,4632.6387,summer,day3
2025-07-17 01:15:00,3910.2767999999996,4598.26,summer,day3
2025-07-17 01:20:00,3882.3659999999995,4635.847,summer,day3
2025-07-17 01:25:00,3814.8792000000003,4582.577,summer,day3
2025-07-17 01:30:00,3929.1024000000007,4586.2637,summer,day3
2025-07-17 01:35:00,3919.0188000000003,4591.6484,summer,day3
2025-07-17 01:40:00,4097.3076,4575.3306,summer,day3
2025-07-17 01:45:00,4060.0032,4558.54,summer,day3
2025-07-17 01:50:00,4196.1264,4535.412,summer,day3
2025-07-17 01:55:00,4211.3124,4476.4136,summer,day3
2025-07-17 02:00:00,3966.1452,4426.5156,summer,day3
2025-07-17 02:05:00,3856.932,4372.2065,summer,day3
2025-07-17 02:10:00,3851.5968000000003,4344.2524,summer,day3
2025-07-17 02:15:00,2869.5348,4317.259,summer,day3
2025-07-17 02:20:00,2371.6428,4281.873,summer,day3
2025-07-17 02:25:00,2450.4708,4263.2075,summer,day3
2025-07-17 02:30:00,2315.2763999999997,4248.999,summer,day3
2025-07-17 02:35:00,2376.9648,4251.968,summer,day3
2025-07-17 02:40:00,2425.7136,4271.3564,summer,day3
2025-07-17 02:45:00,2429.9352,4253.9478,summer,day3
2025-07-17 02:50:00,2390.3856,4276.3286,summer,day3
2025-07-17 02:55:00,2386.8552,4257.624,summer,day3
2025-07-17 03:00:00,2431.0488,4266.368,summer,day3
2025-07-17 03:05:00,2698.674,4240.4136,summer,day3
2025-07-17 03:10:00,2730.6624,4211.943,summer,day3
2025-07-17 03:15:00,2747.6892,4180.532,summer,day3
2025-07-17 03:20:00,2523.4991999999997,4173.8325,summer,day3
2025-07-17 03:25:00,2460.6456,4163.863,summer,day3
2025-07-17 03:30:00,2440.014,4152.622,summer,day3
2025-07-17 03:35:00,2432.5992,4168.973,summer,day3
2025-07-17 03:40:00,2599.3776,4159.798,summer,day3
2025-07-17 03:45:00,2705.4552,4156.4927,summer,day3
2025-07-17 03:50:00,2623.6236,4141.5566,summer,day3
2025-07-17 03:55:00,2478.0384000000004,4126.996,summer,day3
2025-07-17 04:00:00,2335.9368000000004,3995.679,summer,day3
2025-07-17 04:05:00,2251.9632,3942.8372,summer,day3
2025-07-17 04:10:00,2529.6984,3971.181,summer,day3
2025-07-17 04:15:00,2788.8228,3938.8152,summer,day3
2025-07-17 04:20:00,2851.6332,3923.1191,summer,day3
2025-07-17 04:25:00,2461.8024,3898.4448,summer,day3
2025-07-17 04:30:00,2586.2183999999997,3884.1472,summer,day3
2025-07-17 04:35:00,2548.9356,3841.0884,summer,day3
2025-07-17 04:40:00,2482.7676,3804.0854,summer,day3
2025-07-17 04:45:00,2635.4016,3790.5215,summer,day3
2025-07-17 04:50:00,2669.6448,3764.9258,summer,day3
2025-07-17 04:55:00,2490.3444,3729.125,summer,day3
2025-07-17 05:00:00,2453.6315999999997,3728.1301,summer,day3
2025-07-17 05:05:00,2496.9624,3691.6348,summer,day3
2025-07-17 05:10:00,2487.0912,3676.3643,summer,day3
2025-07-17 05:15:00,2354.1288,3676.0393,summer,day3
2025-07-17 05:20:00,2367.9612,3707.0042,summer,day3
2025-07-17 05:25:00,2027.0747999999999,3654.5957,summer,day3
2025-07-17 05:30:00,2033.0387999999998,3677.0532,summer,day3
2025-07-17 05:35:00,2132.3436,3678.8064,summer,day3
2025-07-17 05:40:00,2186.538,3671.6501,summer,day3
2025-07-17 05:45:00,2277.5208,3669.0464,summer,day3
2025-07-17 05:50:00,2383.4532,3654.7004,summer,day3
2025-07-17 05:55:00,2263.3512,3596.359,summer,day3
2025-07-17 06:00:00,2142.2964,3518.96,summer,day3
2025-07-17 06:05:00,2132.5476,3486.404,summer,day3
2025-07-17 06:10:00,2150.2956,3458.0767,summer,day3
2025-07-17 06:15:00,2239.2588,3430.3193,summer,day3
2025-07-17 06:20:00,2391.6612,3437.4036,summer,day3
2025-07-17 06:25:00,2539.6872000000003,3423.7773,summer,day3
2025-07-17 06:30:00,2463.282,3447.9333,summer,day3
2025-07-17 06:35:00,2265.4955999999997,3497.217,summer,day3
2025-07-17 06:40:00,2153.3052,3414.3542,summer,day3
2025-07-17 06:45:00,2090.0616,3428.9197,summer,day3
2025-07-17 06:50:00,2232.0252,3499.2947,summer,day3
2025-07-17 06:55:00,2288.1564,3527.076,summer,day3
2025-07-17 07:00:00,2431.6992,3540.7957,summer,day3
2025-07-17 07:05:00,2459.5032,3577.2922,summer,day3
2025-07-17 07:10:00,2412.8052,3622.9265,summer,day3
2025-07-17 07:15:00,2845.1148000000003,3657.9421,summer,day3
2025-07-17 07:20:00,3148.1328000000003,3713.1997,summer,day3
2025-07-17 07:25:00,3165.2424,3868.1458,summer,day3
2025-07-17 07:30:00,3216.468,4024.025,summer,day3
2025-07-17 07:35:00,3406.0248,4213.932,summer,day3
2025-07-17 07:40:00,3412.6344,4375.87,summer,day3
2025-07-17 07:45:00,3796.7232000000004,4432.165,summer,day3
2025-07-17 07:50:00,12464.6484,4434.9976,summer,day3
2025-07-17 07:55:00,11088.114,4448.2686,summer,day3
2025-07-17 08:00:00,6102.2028,4453.838,summer,day3
2025-07-17 08:05:00,6575.924400000001,4420.6465,summer,day3
2025-07-17 08:10:00,6474.072,4461.5977,summer,day3
2025-07-17 08:15:00,7917.368400000001,4456.888,summer,day3
2025-07-17 08:20:00,5783.8344,4503.5757,summer,day3
2025-07-17 08:25:00,4748.4828,4511.203,summer,day3
2025-07-17 08:30:00,4604.4228,4514.7847,summer,day3
2025-07-17 08:35:00,4767.498,4532.46,summer,day3
2025-07-17 08:40:00,4559.272800000001,4524.0845,summer,day3
2025-07-17 08:45:00,4849.681200000001,4504.832,summer,day3
2025-07-17 08:50:00,5948.52,4539.638,summer,day3
2025-07-17 08:55:00,6792.8063999999995,4575.9907,summer,day3
2025-07-17 09:00:00,6504.967200000001,4594.03,summer,day3
2025-07-17 09:05:00,5775.3168000000005,4585.873,summer,day3
2025-07-17 09:10:00,4880.7108,4601.7515,summer,day3
2025-07-17 09:15:00,5552.7036,4592.3896,summer,day3
2025-07-17 09:20:00,6530.7624000000005,4524.623,summer,day3
2025-07-17 09:25:00,5388.566400000001,4523.8164,summer,day3
2025-07-17 09:30:00,5798.6232,4592.1,summer,day3
2025-07-17 09:35:00,5717.1276,4603.284,summer,day3
2025-07-17 09:40:00,5498.9712,4641.883,summer,day3
2025-07-17 09:45:00,4674.5160000000005,4606.318,summer,day3
2025-07-17 09:50:00,5567.778,4574.7476,summer,day3
2025-07-17 09:55:00,5435.2248,4536.925,summer,day3
2025-07-17 10:00:00,4890.4344,4466.919,summer,day3
2025-07-17 10:05:00,4255.0512,4410.18,summer,day3
2025-07-17 10:10:00,4441.3284,4407.3906,summer,day3
2025-07-17 10:15:00,4890.2976,4427.953,summer,day3
2025-07-17 10:20:00,4805.6196,4404.9185,summer,day3
2025-07-17 10:25:00,6851.9232,4419.5366,summer,day3
2025-07-17 10:30:00,5099.004,4439.1636,summer,day3
2025-07-17 10:35:00,4659.8508,4422.83,summer,day3
2025-07-17 10:40:00,6122.6844,4564.361,summer,day3
2025-07-17 10:45:00,4203.4800000000005,4595.3643,summer,day3
2025-07-17 10:50:00,4802.1576000000005,4623.7915,summer,day3
2025-07-17 10:55:00,4432.9236,4606.95,summer,day3
2025-07-17 11:00:00,4953.2532,4651.224,summer,day3
2025-07-17 11:05:00,5866.8576,4614.334,summer,day3
2025-07-17 11:10:00,5520.3012,4599.2725,summer,day3
2025-07-17 11:15:00,5037.6252,4609.298,summer,day3
2025-07-17 11:20:00,4809.15,4641.7607,summer,day3
2025-07-17 11:25:00,5365.188,4617.708,summer,day3
2025-07-17 11:30:00,4426.3884,4618.98,summer,day3
2025-07-17 11:35:00,4918.7592,4643.2666,summer,day3
2025-07-17 11:40:00,5263.7256,4664.1177,summer,day3
2025-07-17 11:45:00,4268.602800000001,4668.8447,summer,day3
2025-07-17 11:50:00,4858.2036,4674.118,summer,day3
2025-07-17 11:55:00,5438.0904,4659.9946,summer,day3
2025-07-17 12:00:00,4499.245199999999,4548.4526,summer,day3
2025-07-17 12:05:00,4930.468800000001,4551.3306,summer,day3
2025-07-17 12:10:00,4484.1,4571.238,summer,day3
2025-07-17 12:15:00,5279.354399999999,4545.517,summer,day3
2025-07-17 12:20:00,5635.4208,4599.619,summer,day3
2025-07-17 12:25:00,7468.26,4589.3887,summer,day3
2025-07-17 12:30:00,5192.6436,4582.863,summer,day3
2025-07-17 12:35:00,4543.9488,4588.9883,summer,day3
2025-07-17 12:40:00,6092.5008,4572.375,summer,day3
2025-07-17 12:45:00,7782.559200000001,4530.5967,summer,day3
2025-07-17 12:50:00,6412.6092,4510.3457,summer,day3
2025-07-17 12:55:00,6379.0584,4519.3687,summer,day3
2025-07-17 13:00:00,4599.3876,4542.674,summer,day3
2025-07-17 13:05:00,4737.0216,4544.8433,summer,day3
2025-07-17 13:10:00,6574.3068,4557.261,summer,day3
2025-07-17 13:15:00,5047.7232,4543.821,summer,day3
2025-07-17 13:20:00,6563.8068,4638.543,summer,day3
2025-07-17 13:25:00,7114.498799999999,4684.201,summer,day3
2025-07-17 13:30:00,5494.794,4742.7646,summer,day3
2025-07-17 13:35:00,4849.7352,4714.573,summer,day3
2025-07-17 13:40:00,5346.7044000000005,4770.149,summer,day3
2025-07-17 13:45:00,4955.202,4750.807,summer,day3
2025-07-17 13:50:00,5024.3364,4716.6494,summer,day3
2025-07-17 13:55:00,4966.8852,4691.9194,summer,day3
2025-07-17 14:00:00,4621.818,4602.561,summer,day3
2025-07-17 14:05:00,5243.9112000000005,4556.735,summer,day3
2025-07-17 14:10:00,6409.0632,4558.233,summer,day3
2025-07-17 14:15:00,4819.956,4563.6323,summer,day3
2025-07-17 14:20:00,4747.390799999999,4568.3584,summer,day3
2025-07-17 14:25:00,6238.9308,4567.383,summer,day3
2025-07-17 14:30:00,5582.022,4584.7485,summer,day3
2025-07-17 14:35:00,4787.9088,4613.637,summer,day3
2025-07-17 14:40:00,4944.138,4515.3594,summer,day3
2025-07-17 14:45:00,5074.722,4525.3066,summer,day3
2025-07-17 14:50:00,5499.2352,4548.681,summer,day3
2025-07-17 14:55:00,4968.6384,4509.4697,summer,day3
2025-07-17 15:00:00,5770.7616,4536.2573,summer,day3
2025-07-17 15:05:00,5905.2468,4521.8154,summer,day3
2025-07-17 15:10:00,5332.9752,4510.6855,summer,day3
2025-07-17 15:15:00,4588.5576,4514.091,summer,day3
2025-07-17 15:20:00,4382.6664,4557.929,summer,day3
2025-07-17 15:25:00,4640.8212,4579.6104,summer,day3
2025-07-17 15:30:00,4833.7644,4597.5913,summer,day3
2025-07-17 15:35:00,4735.32,4656.952,summer,day3
2025-07-17 15:40:00,5593.9956,4698.838,summer,day3
2025-07-17 15:45:00,6699.9204,4752.375,summer,day3
2025-07-17 15:50:00,5349.530400000001,4759.691,summer,day3
2025-07-17 15:55:00,4272.5472,4754.51,summer,day3
2025-07-17 16:00:00,5156.5692,4659.441,summer,day3
2025-07-17 16:05:00,3829.3248,4654.011,summer,day3
2025-07-17 16:10:00,3904.7964,4650.1006,summer,day3
2025-07-17 16:15:00,3894.5555999999997,4570.0347,summer,day3
2025-07-17 16:20:00,3870.8376000000003,4582.78,summer,day3
2025-07-17 16:25:00,4002.0528,4554.351,summer,day3
2025-07-17 16:30:00,3569.1551999999997,4544.2275,summer,day3
2025-07-17 16:35:00,3827.4168,4530.957,summer,day3
2025-07-17 16:40:00,4213.9656,4530.743,summer,day3
2025-07-17 16:45:00,3695.3868,4511.118,summer,day3
2025-07-17 16:50:00,3703.0847999999996,4494.8013,summer,day3
2025-07-17 16:55:00,5570.166,4512.0947,summer,day3
2025-07-17 17:00:00,4633.2624,4515.2217,summer,day3
2025-07-17 17:05:00,6476.478,4531.9062,summer,day3
2025-07-17 17:10:00,5138.442,4541.0645,summer,day3
2025-07-17 17:15:00,5058.0504,4530.2896,summer,day3
2025-07-17 17:20:00,5018.3351999999995,4563.574,summer,day3
2025-07-17 17:25:00,4594.0596000000005,4559.5923,summer,day3
2025-07-17 17:30:00,3719.3544,4577.1885,summer,day3
2025-07-17 17:35:00,3734.5440000000003,4560.647,summer,day3
2025-07-17 17:40:00,3975.9672,4617.198,summer,day3
2025-07-17 17:45:00,4450.2204,4588.0894,summer,day3
2025-07-17 17:50:00,4235.4132,4562.5386,summer,day3
2025-07-17 17:55:00,3930.0624,4486.6304,summer,day3
2025-07-17 18:00:00,5268.5292,4391.95,summer,day3
2025-07-17 18:05:00,5162.6532,4355.057,summer,day3
2025-07-17 18:10:00,4423.0344,4348.5566,summer,day3
2025-07-17 18:15:00,5258.8056,4362.182,summer,day3
2025-07-17 18:20:00,4014.7344,4340.66,summer,day3
2025-07-17 18:25:00,3932.4660000000003,4347.3115,summer,day3
2025-07-17 18:30:00,3727.0728000000004,4348.423,summer,day3
2025-07-17 18:35:00,3610.1976000000004,4353.366,summer,day3
2025-07-17 18:40:00,3780.9444000000003,4441.184,summer,day3
2025-07-17 18:45:00,3828.2172000000005,4440.979,summer,day3
2025-07-17 18:50:00,3959.0099999999998,4445.71,summer,day3
2025-07-17 18:55:00,4518.9228,4431.443,summer,day3
2025-07-17 19:00:00,3927.3635999999997,4430.6826,summer,day3
2025-07-17 19:05:00,3844.9199999999996,4365.9375,summer,day3
2025-07-17 19:10:00,4531.116,4329.629,summer,day3
2025-07-17 19:15:00,6519.4812,4309.39,summer,day3
2025-07-17 19:20:00,5548.7663999999995,4335.7603,summer,day3
2025-07-17 19:25:00,4800.1116,4375.476,summer,day3
2025-07-17 19:30:00,3718.7748,4377.417,summer,day3
2025-07-17 19:35:00,4131.6144,4401.777,summer,day3
2025-07-17 19:40:00,3456.3072,4383.777,summer,day3
2025-07-17 19:45:00,3640.9728000000005,4391.0225,summer,day3
2025-07-17 19:50:00,3621.3959999999997,4377.4927,summer,day3
2025-07-17 19:55:00,3452.7012000000004,4366.8037,summer,day3
2025-07-17 20:00:00,3340.0343999999996,4345.305,summer,day3
2025-07-17 20:05:00,3938.4468,4314.4473,summer,day3
2025-07-17 20:10:00,5138.5524,4327.6987,summer,day3
2025-07-17 20:15:00,4519.9536,4283.5015,summer,day3
2025-07-17 20:20:00,3926.7612,4293.085,summer,day3
2025-07-17 20:25:00,3740.0208,4271.929,summer,day3
2025-07-17 20:30:00,4663.9524,4270.2886,summer,day3
2025-07-17 20:35:00,4187.022,4238.627,summer,day3
2025-07-17 20:40:00,3741.7536,4233.588,summer,day3
2025-07-17 20:45:00,4081.4483999999998,4217.8467,summer,day3
2025-07-17 20:50:00,4111.0248,4233.3633,summer,day3
2025-07-17 20:55:00,4040.1852,4255.3613,summer,day3
2025-07-17 21:00:00,4022.5296000000003,4249.964,summer,day3
2025-07-17 21:05:00,5074.1916,4266.119,summer,day3
2025-07-17 21:10:00,5019.6864000000005,4273.715,summer,day3
2025-07-17 21:15:00,5235.1056,4271.6997,summer,day3
2025-07-17 21:20:00,5198.7276,4356.919,summer,day3
2025-07-17 21:25:00,5041.8972,4309.1416,summer,day3
2025-07-17 21:30:00,4947.7572,4379.4453,summer,day3
2025-07-17 21:35:00,4845.9983999999995,4368.685,summer,day3
2025-07-17 21:40:00,4915.1556,4369.0815,summer,day3
2025-07-17 21:45:00,4995.6108,4321.0625,summer,day3
2025-07-17 21:50:00,5145.023999999999,4297.9043,summer,day3
2025-07-17 21:55:00,4821.938400000001,4067.9465,summer,day3
2025-07-17 22:00:00,5224.206,3782.1318,summer,day3
2025-07-17 22:05:00,5409.0491999999995,3673.2383,summer,day3
2025-07-17 22:10:00,7144.282800000001,3651.623,summer,day3
2025-07-17 22:15:00,7163.3364,3600.6514,summer,day3
2025-07-17 22:20:00,5021.166,3584.8477,summer,day3
2025-07-17 22:25:00,5094.3084,3530.5083,summer,day3
2025-07-17 22:30:00,5358.468,3492.1614,summer,day3
2025-07-17 22:35:00,5151.765600000001,3481.6277,summer,day3
2025-07-17 22:40:00,5313.6588,3516.4907,summer,day3
2025-07-17 22:45:00,5620.0271999999995,3495.2922,summer,day3
2025-07-17 22:50:00,5626.4496,3547.981,summer,day3
2025-07-17 22:55:00,5536.8804,3510.6714,summer,day3
2025-07-17 23:00:00,5400.3396,3443.2322,summer,day3
2025-07-17 23:05:00,5470.469999999999,3420.2656,summer,day3
2025-07-17 23:10:00,5739.8243999999995,3379.3591,summer,day3
2025-07-17 23:15:00,5787.3996,3359.942,summer,day3
2025-07-17 23:20:00,5927.4816,3358.5146,summer,day3
2025-07-17 23:25:00,5834.090399999999,3352.8533,summer,day3
2025-07-17 23:30:00,5615.3124,3393.0884,summer,day3
2025-07-17 23:35:00,5421.51,3449.5435,summer,day3
2025-07-17 23:40:00,5291.3436,3476.867,summer,day3
2025-07-17 23:45:00,6521.7792,3478.1462,summer,day3
2025-07-17 23:50:00,5161.5504,3440.848,summer,day3
2025-07-17 23:55:00,4628.9604,3381.895,summer,day3
2025-08-08 00:00:00,2905.4832,3891.9878,summer,day4
2025-08-08 00:05:00,2841.84,3588.6428,summer,day4
2025-08-08 00:10:00,3052.6944,3406.754,summer,day4
2025-08-08 00:15:00,3142.6728,3312.255,summer,day4
2025-08-08 00:20:00,2870.1984,3238.382,summer,day4
2025-08-08 00:25:00,2817.8292,3192.1943,summer,day4
2025-08-08 00:30:00,2915.0568,3155.3167,summer,day4
2025-08-08 00:35:00,2962.2383999999997,3106.1934,summer,day4
2025-08-08 00:40:00,2623.6164,3076.207,summer,day4
2025-08-08 00:45:00,2690.5608,3033.202,summer,day4
2025-08-08 00:50:00,2906.832,3044.287,summer,day4
2025-08-08 00:55:00,2565.0204,3032.5137,summer,day4
2025-08-08 01:00:00,2503.4616,3047.885,summer,day4
2025-08-08 01:05:00,2474.418,3034.7083,summer,day4
2025-08-08 01:10:00,2648.3604,3010.7068,summer,day4
2025-08-08 01:15:00,2786.8572,2971.0664,summer,day4
2025-08-08 01:20:00,2711.532,2788.004,summer,day4
2025-08-08 01:25:00,2803.4472,2756.687,summer,day4
2025-08-08 01:30:00,2854.1808,2734.5557,summer,day4
2025-08-08 01:35:00,2967.666,2709.8857,summer,day4
2025-08-08 01:40:00,2924.532,2718.1982,summer,day4
2025-08-08 01:45:00,2853.4332,2703.708,summer,day4
2025-08-08 01:50:00,2575.8959999999997,2706.7783,summer,day4
2025-08-08 01:55:00,2489.8164,2706.9375,summer,day4
2025-08-08 02:00:00,2426.1984,2713.1062,summer,day4
2025-08-08 02:05:00,2760.0792,2719.9248,summer,day4
2025-08-08 02:10:00,3409.6788,2701.0237,summer,day4
2025-08-08 02:15:00,3478.7292,2688.9336,summer,day4
2025-08-08 02:20:00,3429.4031999999997,2681.8499,summer,day4
2025-08-08 02:25:00,3368.4684,2670.4678,summer,day4
2025-08-08 02:30:00,3050.1252,2658.4294,summer,day4
2025-08-08 02:35:00,2940.1956,2658.575,summer,day4
2025-08-08 02:40:00,3120.0227999999997,2628.6692,summer,day4
2025-08-08 02:45:00,4267.158,2623.8928,summer,day4
2025-08-08 02:50:00,4474.515600000001,2629.8594,summer,day4
2025-08-08 02:55:00,3739.8084000000003,2611.9993,summer,day4
2025-08-08 03:00:00,5022.6144,2625.4307,summer,day4
2025-08-08 03:05:00,4454.8908,2616.3398,summer,day4
2025-08-08 03:10:00,2717.2367999999997,2619.4543,summer,day4
2025-08-08 03:15:00,3616.4352,2603.9475,summer,day4
2025-08-08 03:20:00,5155.7544,2611.7954,summer,day4
2025-08-08 03:25:00,3559.5,2616.749,summer,day4
2025-08-08 03:30:00,2605.1423999999997,2591.3354,summer,day4
2025-08-08 03:35:00,2508.5832,2595.8281,summer,day4
2025-08-08 03:40:00,2695.8588000000004,2595.3794,summer,day4
2025-08-08 03:45:00,2457.4272,2595.3586,summer,day4
2025-08-08 03:50:00,2337.6576,2586.0012,summer,day4
2025-08-08 03:55:00,2346.7884,2596.2935,summer,day4
2025-08-08 04:00:00,2334.5664,2605.1018,summer,day4
2025-08-08 04:05:00,2381.9700000000003,2608.892,summer,day4
2025-08-08 04:10:00,2430.6504,2610.874,summer,day4
2025-08-08 04:15:00,2522.2812,2587.6802,summer,day4
2025-08-08 04:20:00,2233.764,2587.6436,summer,day4
2025-08-08 04:25:00,2555.6351999999997,2571.0232,summer,day4
2025-08-08 04:30:00,2582.2488000000003,2586.6443,summer,day4
2025-08-08 04:35:00,3999.4116000000004,2574.3723,summer,day4
2025-08-08 04:40:00,2532.3635999999997,2585.9307,summer,day4
2025-08-08 04:45:00,2868.2604,2582.6147,summer,day4
2025-08-08 04:50:00,3039.5508,2559.794,summer,day4
2025-08-08 04:55:00,2912.1144,2566.2827,summer,day4
2025-08-08 05:00:00,2723.4708,2573.5073,summer,day4
2025-08-08 05:05:00,2702.4924,2573.3174,summer,day4
2025-08-08 05:10:00,2537.0099999999998,2549.415,summer,day4
2025-08-08 05:15:00,2216.7768,2535.938,summer,day4
2025-08-08 05:20:00,2429.4576,2417.9294,summer,day4
2025-08-08 05:25:00,2355.9864000000002,2389.7573,summer,day4
2025-08-08 05:30:00,2164.7628,2364.5664,summer,day4
2025-08-08 05:35:00,2109.3347999999996,2347.9624,summer,day4
2025-08-08 05:40:00,2062.8455999999996,2339.0806,summer,day4
2025-08-08 05:45:00,2216.46,2333.5562,summer,day4
2025-08-08 05:50:00,2434.5024,2331.6465,summer,day4
2025-08-08 05:55:00,2256.9624,2329.0596,summer,day4
2025-08-08 06:00:00,2086.1076000000003,2339.6064,summer,day4
2025-08-08 06:05:00,2038.9080000000001,2342.9302,summer,day4
2025-08-08 06:10:00,2045.8739999999998,2327.8398,summer,day4
2025-08-08 06:15:00,2038.7652000000003,2324.956,summer,day4
2025-08-08 06:20:00,2295.6876,2331.7607,summer,day4
2025-08-08 06:25:00,2334.8376,2352.9277,summer,day4
2025-08-08 06:30:00,2314.3343999999997,2365.6895,summer,day4
2025-08-08 06:35:00,2259.6408,2393.1487,summer,day4
2025-08-08 06:40:00,2163.0119999999997,2505.2158,summer,day4
2025-08-08 06:45:00,2305.9932,2531.277,summer,day4
2025-08-08 06:50:00,2580.3732,2626.7036,summer,day4
2025-08-08 06:55:00,2479.3308,2669.9,summer,day4
2025-08-08 07:00:00,2469.1236,2705.3743,summer,day4
2025-08-08 07:05:00,2567.5296,2726.7246,summer,day4
2025-08-08 07:10:00,2516.7912,2746.6782,summer,day4
2025-08-08 07:15:00,2933.8487999999998,2790.6948,summer,day4
2025-08-08 07:20:00,4157.588400000001,2867.3984,summer,day4
2025-08-08 07:25:00,3769.9464,2953.5183,summer,day4
2025-08-08 07:30:00,3520.6008,3063.579,summer,day4
2025-08-08 07:35:00,3993.84,3155.564,summer,day4
2025-08-08 07:40:00,3469.446,3266.317,summer,day4
2025-08-08 07:45:00,3332.5608,3359.6584,summer,day4
2025-08-08 07:50:00,4370.982,3381.3665,summer,day4
2025-08-08 07:55:00,5928.4632,3424.0322,summer,day4
2025-08-08 08:00:00,6051.9216,3574.0664,summer,day4
2025-08-08 08:05:00,7442.5740000000005,3545.5444,summer,day4
2025-08-08 08:10:00,6914.742,3572.1853,summer,day4
2025-08-08 08:15:00,4370.236800000001,3577.812,summer,day4
2025-08-08 08:20:00,3859.41,3614.2,summer,day4
2025-08-08 08:25:00,3873.5616,3610.496,summer,day4
2025-08-08 08:30:00,3982.8959999999997,3624.2358,summer,day4
2025-08-08 08:35:00,4137.0887999999995,3660.7231,summer,day4
2025-08-08 08:40:00,4582.818,3665.6907,summer,day4
2025-08-08 08:45:00,4052.8572,3742.9429,summer,day4
2025-08-08 08:50:00,3729.6876,3810.7634,summer,day4
2025-08-08 08:55:00,3790.8612000000003,3842.299,summer,day4
2025-08-08 09:00:00,3798.4464,3867.7976,summer,day4
2025-08-08 09:05:00,5274.7428,3899.816,summer,day4
2025-08-08 09:10:00,4159.0452000000005,3902.6943,summer,day4
2025-08-08 09:15:00,4181.5740000000005,3895.058,summer,day4
2025-08-08 09:20:00,5541.3996,3822.4563,summer,day4
2025-08-08 09:25:00,4343.9496,3818.1838,summer,day4
2025-08-08 09:30:00,5387.140799999999,3848.2922,summer,day4
2025-08-08 09:35:00,4316.7192,3828.1685,summer,day4
2025-08-08 09:40:00,4500.069600000001,3848.7554,summer,day4
2025-08-08 09:45:00,4473.2916,3843.523,summer,day4
2025-08-08 09:50:00,6840.2064,3838.247,summer,day4
2025-08-08 09:55:00,5347.7736,3849.806,summer,day4
2025-08-08 10:00:00,4514.2572,3856.4211,summer,day4
2025-08-08 10:05:00,5084.0124,3869.162,summer,day4
2025-08-08 10:10:00,5008.0896,3893.6208,summer,day4
2025-08-08 10:15:00,4081.65,3853.3008,summer,day4
2025-08-08 10:20:00,4155.3396,3820.293,summer,day4
2025-08-08 10:25:00,4868.2476,3839.919,summer,day4
2025-08-08 10:30:00,5180.252399999999,3860.4805,summer,day4
2025-08-08 10:35:00,4211.556,3860.6501,summer,day4
2025-08-08 10:40:00,4728.6048,3879.2932,summer,day4
2025-08-08 10:45:00,4576.3128,3904.8083,summer,day4
2025-08-08 10:50:00,4665.6708,3910.9736,summer,day4
2025-08-08 10:55:00,3503.478,3879.4487,summer,day4
2025-08-08 11:00:00,3574.1040000000003,3909.6433,summer,day4
2025-08-08 11:05:00,3782.2296,3913.6218,summer,day4
2025-08-08 11:10:00,5051.9436000000005,3895.0195,summer,day4
2025-08-08 11:15:00,4720.2924,3866.819,summer,day4
2025-08-08 11:20:00,5171.43,3862.7822,summer,day4
2025-08-08 11:25:00,5189.8332,3876.7969,summer,day4
2025-08-08 11:30:00,6781.4364000000005,3867.4365,summer,day4
2025-08-08 11:35:00,5262.777599999999,3869.384,summer,day4
2025-08-08 11:40:00,5481.5484,3864.0625,summer,day4
2025-08-08 11:45:00,4569.4092,3892.8403,summer,day4
2025-08-08 11:50:00,2638.8288000000002,3899.6963,summer,day4
2025-08-08 11:55:00,2600.8296,3910.2556,summer,day4
2025-08-08 12:00:00,2749.0620000000004,3930.6587,summer,day4
2025-08-08 12:05:00,3770.9472,3932.9517,summer,day4
2025-08-08 12:10:00,4299.8112,3947.8862,summer,day4
2025-08-08 12:15:00,4665.4152,3912.1333,summer,day4
2025-08-08 12:20:00,2908.5612,3916.0369,summer,day4
2025-08-08 12:25:00,2706.7356,3906.2576,summer,day4
2025-08-08 12:30:00,2959.0415999999996,3900.2896,summer,day4
2025-08-08 12:35:00,2706.6168000000002,3877.0757,summer,day4
2025-08-08 12:40:00,2692.866,3889.6084,summer,day4
2025-08-08 12:45:00,2798.7972,3921.063,summer,day4
2025-08-08 12:50:00,2721.0768,3938.9673,summer,day4
2025-08-08 12:55:00,3447.0324,3944.158,summer,day4
2025-08-08 13:00:00,3030.2988,3974.0986,summer,day4
2025-08-08 13:05:00,3751.1796000000004,3993.9543,summer,day4
2025-08-08 13:10:00,4783.0992,3987.6296,summer,day4
2025-08-08 13:15:00,7185.755999999999,3980.3723,summer,day4
2025-08-08 13:20:00,5689.8216,3973.478,summer,day4
2025-08-08 13:25:00,5006.1312,3965.805,summer,day4
2025-08-08 13:30:00,3681.2316,3983.8408,summer,day4
2025-08-08 13:35:00,3398.9496,3957.7026,summer,day4
2025-08-08 13:40:00,4802.8212,4016.1357,summer,day4
2025-08-08 13:45:00,3532.0811999999996,3999.4038,summer,day4
2025-08-08 13:50:00,5046.8928,3972.236,summer,day4
2025-08-08 13:55:00,3782.6591999999996,3969.668,summer,day4
2025-08-08 14:00:00,5003.0352,3978.5962,summer,day4
2025-08-08 14:05:00,4340.454,4003.304,summer,day4
2025-08-08 14:10:00,4120.7292,4012.3364,summer,day4
2025-08-08 14:15:00,3413.1551999999997,3990.0835,summer,day4
2025-08-08 14:20:00,3355.8695999999995,3984.8052,summer,day4
2025-08-08 14:25:00,3638.7228000000005,4014.7822,summer,day4
2025-08-08 14:30:00,4723.7112,4009.769,summer,day4
2025-08-08 14:35:00,5800.7076,4019.378,summer,day4
2025-08-08 14:40:00,4699.6812,4035.3542,summer,day4
2025-08-08 14:45:00,4796.1576000000005,4073.8723,summer,day4
2025-08-08 14:50:00,4215.8184,4082.5122,summer,day4
2025-08-08 14:55:00,3505.9067999999997,4060.401,summer,day4
2025-08-08 15:00:00,3366.9396,4154.505,summer,day4
2025-08-08 15:05:00,2607.7943999999998,4150.592,summer,day4
2025-08-08 15:10:00,2683.9067999999997,4084.708,summer,day4
2025-08-08 15:15:00,3289.518,4018.6143,summer,day4
2025-08-08 15:20:00,3239.2763999999997,3977.4238,summer,day4
2025-08-08 15:25:00,3709.536,3996.4492,summer,day4
2025-08-08 15:30:00,3970.7555999999995,3998.4023,summer,day4
2025-08-08 15:35:00,3985.5864,3997.8447,summer,day4
2025-08-08 15:40:00,4568.6796,3954.6333,summer,day4
2025-08-08 15:45:00,3415.3487999999998,4030.0962,summer,day4
2025-08-08 15:50:00,4920.3684,4036.776,summer,day4
2025-08-08 15:55:00,3361.9080000000004,4056.7327,summer,day4
2025-08-08 16:00:00,3421.9584000000004,4017.4382,summer,day4
2025-08-08 16:05:00,3696.834,4025.5754,summer,day4
2025-08-08 16:10:00,4050.3455999999996,4023.4512,summer,day4
2025-08-08 16:15:00,4786.476000000001,3992.6948,summer,day4
2025-08-08 16:20:00,5060.3364,3991.3455,summer,day4
2025-08-08 16:25:00,3897.1176,3956.8933,summer,day4
2025-08-08 16:30:00,4117.412399999999,3919.9272,summer,day4
2025-08-08 16:35:00,3502.3224,3878.772,summer,day4
2025-08-08 16:40:00,3515.2404,3831.3604,summer,day4
2025-08-08 16:45:00,4857.1788,3852.0762,summer,day4
2025-08-08 16:50:00,4484.3351999999995,3896.472,summer,day4
2025-08-08 16:55:00,3655.2156000000004,3881.4722,summer,day4
2025-08-08 17:00:00,3561.2088000000003,3857.1362,summer,day4
2025-08-08 17:05:00,3523.1760000000004,3889.9304,summer,day4
2025-08-08 17:10:00,3922.7532,3854.6772,summer,day4
2025-08-08 17:15:00,4652.664,3833.8198,summer,day4
2025-08-08 17:20:00,4405.8264,3716.6035,summer,day4
2025-08-08 17:25:00,4178.4924,3696.0916,summer,day4
2025-08-08 17:30:00,5473.3824,3678.7566,summer,day4
2025-08-08 17:35:00,3859.8455999999996,3662.369,summer,day4
2025-08-08 17:40:00,3788.3196000000003,3659.2546,summer,day4
2025-08-08 17:45:00,4298.9592,3643.137,summer,day4
2025-08-08 17:50:00,3523.536,3625.694,summer,day4
2025-08-08 17:55:00,3408.1704,3620.848,summer,day4
2025-08-08 18:00:00,3892.5996,3605.1963,summer,day4
2025-08-08 18:05:00,5197.6044,3620.4983,summer,day4
2025-08-08 18:10:00,4862.986800000001,3626.0815,summer,day4
2025-08-08 18:15:00,3944.046,3589.44,summer,day4
2025-08-08 18:20:00,3285.3455999999996,3544.9922,summer,day4
2025-08-08 18:25:00,2748.4847999999997,3549.05,summer,day4
2025-08-08 18:30:00,2445.9864000000002,3566.701,summer,day4
2025-08-08 18:35:00,2176.9584000000004,3560.6318,summer,day4
2025-08-08 18:40:00,2878.4148,3616.3547,summer,day4
2025-08-08 18:45:00,2829.4811999999997,3628.5798,summer,day4
2025-08-08 18:50:00,2444.1924,3617.3782,summer,day4
2025-08-08 18:55:00,2611.938,3595.6316,summer,day4
2025-08-08 19:00:00,3374.5512000000003,3636.1218,summer,day4
2025-08-08 19:05:00,2960.0088000000005,3674.1653,summer,day4
2025-08-08 19:10:00,4092.1416,3607.287,summer,day4
2025-08-08 19:15:00,4772.0532,3549.3376,summer,day4
2025-08-08 19:20:00,2430.786,3530.9622,summer,day4
2025-08-08 19:25:00,2479.8048,3596.0708,summer,day4
2025-08-08 19:30:00,2630.2752,3591.1907,summer,day4
2025-08-08 19:35:00,2845.0608,3552.6162,summer,day4
2025-08-08 19:40:00,2938.3392,3540.4792,summer,day4
2025-08-08 19:45:00,2988.6756,3574.647,summer,day4
2025-08-08 19:50:00,4017.8328,3585.5244,summer,day4
2025-08-08 19:55:00,2619.2712,3595.4924,summer,day4
2025-08-08 20:00:00,2265.0191999999997,3657.513,summer,day4
2025-08-08 20:05:00,2141.1264,3652.7183,summer,day4
2025-08-08 20:10:00,2102.7912,3656.5012,summer,day4
2025-08-08 20:15:00,2098.248,3613.4587,summer,day4
2025-08-08 20:20:00,2046.3192,3622.0989,summer,day4
2025-08-08 20:25:00,2141.1876,3623.5015,summer,day4
2025-08-08 20:30:00,2322.7776,3598.1475,summer,day4
2025-08-08 20:35:00,2007.8604,3582.323,summer,day4
2025-08-08 20:40:00,2347.452,3568.9114,summer,day4
2025-08-08 20:45:00,2397.0984,3597.7305,summer,day4
2025-08-08 20:50:00,2293.8131999999996,3621.2673,summer,day4
2025-08-08 20:55:00,2290.6295999999998,3599.3447,summer,day4
2025-08-08 21:00:00,2288.046,3605.3591,summer,day4
2025-08-08 21:05:00,2324.6964,3609.8616,summer,day4
2025-08-08 21:10:00,2523.294,3567.654,summer,day4
2025-08-08 21:15:00,2329.0008000000003,3508.3733,summer,day4
2025-08-08 21:20:00,2381.2511999999997,3276.932,summer,day4
2025-08-08 21:25:00,2403.864,3211.7104,summer,day4
2025-08-08 21:30:00,2394.0804,3182.3188,summer,day4
2025-08-08 21:35:00,2208.7619999999997,3133.6472,summer,day4
2025-08-08 21:40:00,2059.0595999999996,3111.0647,summer,day4
2025-08-08 21:45:00,2403.7248,3102.3892,summer,day4
2025-08-08 21:50:00,2643.1368,3081.26,summer,day4
2025-08-08 21:55:00,2519.4636,3059.5784,summer,day4
2025-08-08 22:00:00,2748.9156000000003,3030.0376,summer,day4
2025-08-08 22:05:00,2819.1731999999997,2988.793,summer,day4
2025-08-08 22:10:00,2797.3787999999995,2986.2773,summer,day4
2025-08-08 22:15:00,2728.8216,2969.7888,summer,day4
2025-08-08 22:20:00,2633.6316,2946.8923,summer,day4
2025-08-08 22:25:00,2613.8088,2933.3909,summer,day4
2025-08-08 22:30:00,2962.7928,2918.8445,summer,day4
2025-08-08 22:35:00,2505.8232,2889.4355,summer,day4
2025-08-08 22:40:00,2656.6367999999998,2866.2383,summer,day4
2025-08-08 22:45:00,2846.6796,2855.7212,summer,day4
2025-08-08 22:50:00,2746.4292,2828.9868,summer,day4
2025-08-08 22:55:00,2563.2732,2815.6826,summer,day4
2025-08-08 23:00:00,2549.2188,2842.5547,summer,day4
2025-08-08 23:05:00,2521.6368,2854.3438,summer,day4
2025-08-08 23:10:00,2702.8176,2818.752,summer,day4
2025-08-08 23:15:00,2504.3064,2778.158,summer,day4
2025-08-08 23:20:00,2510.2596000000003,2751.0537,summer,day4
2025-08-08 23:25:00,2516.4468,2740.4453,summer,day4
2025-08-08 23:30:00,2216.4096,2710.831,summer,day4
2025-08-08 23:35:00,2404.7748,2701.0945,summer,day4
2025-08-08 23:40:00,2587.326,2696.2158,summer,day4
2025-08-08 23:45:00,2509.5348,2684.3286,summer,day4
2025-08-08 23:50:00,2691.5496000000003,2691.9744,summer,day4
2025-08-08 23:55:00,2451.072,2695.709,summer,day4
2025-08-31 00:00:00,2182.0248,2375.4436,summer,day5
2025-08-31 00:05:00,2171.3016,2392.2551,summer,day5
2025-08-31 00:10:00,2179.698,2404.9424,summer,day5
2025-08-31 00:15:00,2367.0263999999997,2407.4712,summer,day5
2025-08-31 00:20:00,2488.9332,2406.5752,summer,day5
2025-08-31 00:25:00,2413.3188,2413.2073,summer,day5
2025-08-31 00:30:00,2379.0276,2416.6135,summer,day5
2025-08-31 00:35:00,2326.3428,2408.9475,summer,day5
2025-08-31 00:40:00,2281.1736,2406.9868,summer,day5
2025-08-31 00:45:00,2240.9832,2414.5176,summer,day5
2025-08-31 00:50:00,2339.43,2400.151,summer,day5
2025-08-31 00:55:00,2428.9248,2401.933,summer,day5
2025-08-31 01:00:00,2334.294,2400.2239,summer,day5
2025-08-31 01:05:00,2190.9312,2398.9695,summer,day5
2025-08-31 01:10:00,2169.1596,2396.802,summer,day5
2025-08-31 01:15:00,2111.2547999999997,2400.2747,summer,day5
2025-08-31 01:20:00,2149.638,2385.0,summer,day5
2025-08-31 01:25:00,2269.2131999999997,2384.23,summer,day5
2025-08-31 01:30:00,2388.1440000000002,2384.6304,summer,day5
2025-08-31 01:35:00,2309.5524,2387.4695,summer,day5
2025-08-31 01:40:00,2106.84,2382.9578,summer,day5
2025-08-31 01:45:00,2144.9196,2385.6548,summer,day5
2025-08-31 01:50:00,2150.5368000000003,2388.4204,summer,day5
2025-08-31 01:55:00,2092.8300000000004,2386.4197,summer,day5
2025-08-31 02:00:00,2155.7448,2389.8137,summer,day5
2025-08-31 02:05:00,2274.1344,2397.9893,summer,day5
2025-08-31 02:10:00,2262.8508,2384.834,summer,day5
2025-08-31 02:15:00,2125.1784,2390.0195,summer,day5
2025-08-31 02:20:00,2130.1404,2391.8162,summer,day5
2025-08-31 02:25:00,2179.1448,2394.8203,summer,day5
2025-08-31 02:30:00,2169.3563999999997,2394.2065,summer,day5
2025-08-31 02:35:00,2281.506,2401.8813,summer,day5
2025-08-31 02:40:00,2460.4584,2424.563,summer,day5
2025-08-31 02:45:00,2300.6772,2428.8867,summer,day5
2025-08-31 02:50:00,2135.4096,2438.0437,summer,day5
2025-08-31 02:55:00,2109.5292,2442.5264,summer,day5
2025-08-31 03:00:00,2105.1396,2440.9941,summer,day5
2025-08-31 03:05:00,2159.7383999999997,2451.6062,summer,day5
2025-08-31 03:10:00,2250.6012,2458.755,summer,day5
2025-08-31 03:15:00,2335.6188,2455.752,summer,day5
2025-08-31 03:20:00,2230.9847999999997,2458.5564,summer,day5
2025-08-31 03:25:00,2123.4684,2468.5442,summer,day5
2025-08-31 03:30:00,2129.9424,2458.461,summer,day5
2025-08-31 03:35:00,2201.3148,2467.3354,summer,day5
2025-08-31 03:40:00,2191.3212,2470.2083,summer,day5
2025-08-31 03:45:00,2239.4388,2468.5854,summer,day5
2025-08-31 03:50:00,2352.6924,2463.2905,summer,day5
2025-08-31 03:55:00,2211.0936,2467.4746,summer,day5
2025-08-31 04:00:00,2164.3068,2476.911,summer,day5
2025-08-31 04:05:00,2287.62,2483.1729,summer,day5
2025-08-31 04:10:00,2700.0996,2486.59,summer,day5
2025-08-31 04:15:00,2477.7419999999997,2482.2563,summer,day5
2025-08-31 04:20:00,2596.2275999999997,2482.0488,summer,day5
2025-08-31 04:25:00,2646.3095999999996,2482.845,summer,day5
2025-08-31 04:30:00,2636.9880000000003,2487.121,summer,day5
2025-08-31 04:35:00,2435.2727999999997,2475.101,summer,day5
2025-08-31 04:40:00,2260.7400000000002,2472.668,summer,day5
2025-08-31 04:45:00,2271.9948,2482.1648,summer,day5
2025-08-31 04:50:00,2605.2828,2466.762,summer,day5
2025-08-31 04:55:00,2715.6156,2469.622,summer,day5
2025-08-31 05:00:00,2876.3772,2465.8835,summer,day5
2025-08-31 05:05:00,2702.5811999999996,2459.7705,summer,day5
2025-08-31 05:10:00,2473.926,2448.2153,summer,day5
2025-08-31 05:15:00,2450.0244,2451.2007,summer,day5
2025-08-31 05:20:00,2296.3368,2390.54,summer,day5
2025-08-31 05:25:00,2158.2192000000005,2391.8318,summer,day5
2025-08-31 05:30:00,2101.218,2386.9634,summer,day5
2025-08-31 05:35:00,2207.7648,2380.1033,summer,day5
2025-08-31 05:40:00,2161.4616,2357.4849,summer,day5
2025-08-31 05:45:00,2376.87,2325.7014,summer,day5
2025-08-31 05:50:00,2385.6744,2308.1223,summer,day5
2025-08-31 05:55:00,2232.6072,2281.7676,summer,day5
2025-08-31 06:00:00,2064.4416,2269.8591,summer,day5
2025-08-31 06:05:00,2381.2632000000003,2261.3936,summer,day5
2025-08-31 06:10:00,2458.8036,2246.945,summer,day5
2025-08-31 06:15:00,2302.2167999999997,2240.605,summer,day5
2025-08-31 06:20:00,2281.3416,2249.5986,summer,day5
2025-08-31 06:25:00,2290.0896000000002,2254.6313,summer,day5
2025-08-31 06:30:00,2123.9892,2259.488,summer,day5
2025-08-31 06:35:00,2123.946,2280.267,summer,day5
2025-08-31 06:40:00,2096.8224,2307.6807,summer,day5
2025-08-31 06:45:00,1990.8756,2331.5615,summer,day5
2025-08-31 06:50:00,1907.2992,2360.1414,summer,day5
2025-08-31 06:55:00,1924.4784,2370.5833,summer,day5
2025-08-31 07:00:00,1899.3,2390.028,summer,day5
2025-08-31 07:05:00,1934.532,2425.4539,summer,day5
2025-08-31 07:10:00,2058.1404,2527.4873,summer,day5
2025-08-31 07:15:00,2033.2908,2690.9644,summer,day5
2025-08-31 07:20:00,1949.8044000000002,2832.816,summer,day5
2025-08-31 07:25:00,1825.3044000000002,2892.1748,summer,day5
2025-08-31 07:30:00,1910.9268,2984.1028,summer,day5
2025-08-31 07:35:00,2020.998,3121.0757,summer,day5
2025-08-31 07:40:00,2011.0392,3203.025,summer,day5
2025-08-31 07:45:00,2001.1487999999997,3232.14,summer,day5
2025-08-31 07:50:00,2134.5996,3245.1184,summer,day5
2025-08-31 07:55:00,2044.752,3216.3289,summer,day5
2025-08-31 08:00:00,1855.0716,3166.6514,summer,day5
2025-08-31 08:05:00,1842.3108,3231.4607,summer,day5
2025-08-31 08:10:00,1864.1748,3246.3748,summer,day5
2025-08-31 08:15:00,1817.7900000000002,3252.0461,summer,day5
2025-08-31 08:20:00,1829.7252,3272.8662,summer,day5
2025-08-31 08:25:00,2058.3815999999997,3279.61,summer,day5
2025-08-31 08:30:00,2041.7628,3301.9773,summer,day5
2025-08-31 08:35:00,1887.4584,3325.7732,summer,day5
2025-08-31 08:40:00,1857.786,3323.9414,summer,day5
2025-08-31 08:45:00,1862.8727999999999,3368.166,summer,day5
2025-08-31 08:50:00,1895.7408,3414.5754,summer,day5
2025-08-31 08:55:00,1874.7972000000002,3502.085,summer,day5
2025-08-31 09:00:00,2894.6099999999997,3549.8662,summer,day5
2025-08-31 09:05:00,4606.0332,3596.499,summer,day5
2025-08-31 09:10:00,4738.5612,3559.4312,summer,day5
2025-08-31 09:15:00,4384.8336,3527.641,summer,day5
2025-08-31 09:20:00,2424.528,3416.8635,summer,day5
2025-08-31 09:25:00,2227.5624,3445.4512,summer,day5
2025-08-31 09:30:00,2263.3368,3494.8628,summer,day5
2025-08-31 09:35:00,2350.8504000000003,3499.338,summer,day5
2025-08-31 09:40:00,2626.5012,3466.3503,summer,day5
2025-08-31 09:45:00,1964.9772,3414.7473,summer,day5
2025-08-31 09:50:00,1971.7044,3421.7747,summer,day5
2025-08-31 09:55:00,2005.4256,3440.0605,summer,day5
2025-08-31 10:00:00,2067.1572,3443.5435,summer,day5
2025-08-31 10:05:00,2244.852,3483.5747,summer,day5
2025-08-31 10:10:00,3416.1023999999998,3496.0457,summer,day5
2025-08-31 10:15:00,3862.4364,3458.465,summer,day5
2025-08-31 10:20:00,3836.4936000000002,3417.9185,summer,day5
2025-08-31 10:25:00,3223.632,3451.3032,summer,day5
2025-08-31 10:30:00,2984.226,3468.8142,summer,day5
2025-08-31 10:35:00,2255.4672,3503.4888,summer,day5
2025-08-31 10:40:00,3035.508,3527.5513,summer,day5
2025-08-31 10:45:00,3573.0192,3538.1833,summer,day5
2025-08-31 10:50:00,3498.6192,3550.8962,summer,day5
2025-08-31 10:55:00,2997.8003999999996,3558.159,summer,day5
2025-08-31 11:00:00,2643.792,3566.6707,summer,day5
2025-08-31 11:05:00,3442.1771999999996,3548.922,summer,day5
2025-08-31 11:10:00,2188.5804,3549.552,summer,day5
2025-08-31 11:15:00,2405.3496,3549.2178,summer,day5
2025-08-31 11:20:00,2584.6979999999994,3554.8093,summer,day5
2025-08-31 11:25:00,2462.0099999999998,3546.0977,summer,day5
2025-08-31 11:30:00,2161.662,3530.948,summer,day5
2025-08-31 11:35:00,2140.29,3559.9492,summer,day5
2025-08-31 11:40:00,2179.4292,3548.5684,summer,day5
2025-08-31 11:45:00,2256.7428,3568.9856,summer,day5
2025-08-31 11:50:00,2426.5632,3560.5173,summer,day5
2025-08-31 11:55:00,2053.9788,3568.0786,summer,day5
2025-08-31 12:00:00,2084.1984,3536.0417,summer,day5
2025-08-31 12:05:00,2074.7232,3554.8572,summer,day5
2025-08-31 12:10:00,2848.9848,3572.232,summer,day5
2025-08-31 12:15:00,3339.7188,3538.9006,summer,day5
2025-08-31 12:20:00,2250.9828,3542.771,summer,day5
2025-08-31 12:25:00,2207.862,3515.5933,summer,day5
2025-08-31 12:30:00,2535.6792,3506.965,summer,day5
2025-08-31 12:35:00,2224.3764,3505.7974,summer,day5
2025-08-31 12:40:00,2402.472,3492.3618,summer,day5
2025-08-31 12:45:00,2056.6992,3484.327,summer,day5
2025-08-31 12:50:00,1929.1284,3462.4788,summer,day5
2025-08-31 12:55:00,2071.3872,3461.7554,summer,day5
2025-08-31 13:00:00,2795.3724,3448.9614,summer,day5
2025-08-31 13:05:00,3846.1284,3448.8472,summer,day5
2025-08-31 13:10:00,5238.2124,3415.2283,summer,day5
2025-08-31 13:15:00,4509.752399999999,3412.5483,summer,day5
2025-08-31 13:20:00,4622.245199999999,3347.219,summer,day5
2025-08-31 13:25:00,4373.318399999999,3348.2776,summer,day5
2025-08-31 13:30:00,4350.6972000000005,3390.8572,summer,day5
2025-08-31 13:35:00,5883.780000000001,3395.3623,summer,day5
2025-08-31 13:40:00,4219.455599999999,3401.8843,summer,day5
2025-08-31 13:45:00,4279.3428,3291.5369,summer,day5
2025-08-31 13:50:00,4733.3724,3267.966,summer,day5
2025-08-31 13:55:00,4474.8588,3274.2366,summer,day5
2025-08-31 14:00:00,4857.1776,3261.9568,summer,day5
2025-08-31 14:05:00,4142.4324,3296.2815,summer,day5
2025-08-31 14:10:00,5776.6992,3308.554,summer,day5
2025-08-31 14:15:00,4289.4924,3282.6987,summer,day5
2025-08-31 14:20:00,4750.2924,3264.2004,summer,day5
2025-08-31 14:25:00,4333.697999999999,3248.805,summer,day5
2025-08-31 14:30:00,4190.0592,3253.631,summer,day5
2025-08-31 14:35:00,5073.8844,3288.4888,summer,day5
2025-08-31 14:40:00,4693.2372000000005,3325.2966,summer,day5
2025-08-31 14:45:00,5723.7504,3368.2026,summer,day5
2025-08-31 14:50:00,6133.338000000001,3359.8835,summer,day5
2025-08-31 14:55:00,4434.3192,3386.7861,summer,day5
2025-08-31 15:00:00,4249.2936,3370.319,summer,day5
2025-08-31 15:05:00,4138.8612,3355.7222,summer,day5
2025-08-31 15:10:00,5869.584,3399.025,summer,day5
2025-08-31 15:15:00,4105.4856,3420.8535,summer,day5
2025-08-31 15:20:00,4772.3135999999995,3433.5974,summer,day5
2025-08-31 15:25:00,7226.844,3432.3154,summer,day5
2025-08-31 15:30:00,4697.1396,3413.394,summer,day5
2025-08-31 15:35:00,4431.940799999999,3434.5803,summer,day5
2025-08-31 15:40:00,4453.8396,3455.6377,summer,day5
2025-08-31 15:45:00,4339.2372000000005,3469.4966,summer,day5
2025-08-31 15:50:00,4215.6876,3474.1394,summer,day5
2025-08-31 15:55:00,4487.0496,3461.8599,summer,day5
2025-08-31 16:00:00,4655.004,3414.246,summer,day5
2025-08-31 16:05:00,6531.1428,3489.936,summer,day5
2025-08-31 16:10:00,5223.3948,3490.6292,summer,day5
2025-08-31 16:15:00,5174.808,3468.6592,summer,day5
2025-08-31 16:20:00,5001.606,3465.5085,summer,day5
2025-08-31 16:25:00,8077.4352,3472.792,summer,day5
2025-08-31 16:30:00,7781.7588000000005,3479.0427,summer,day5
2025-08-31 16:35:00,6015.5844,3501.4958,summer,day5
2025-08-31 16:40:00,5052.6924,3495.9192,summer,day5
2025-08-31 16:45:00,4952.0976,3507.0535,summer,day5
2025-08-31 16:50:00,5160.8196,3523.682,summer,day5
2025-08-31 16:55:00,6077.4324,3523.0134,summer,day5
2025-08-31 17:00:00,8012.6352,3532.8057,summer,day5
2025-08-31 17:05:00,6954.955199999999,3543.6423,summer,day5
2025-08-31 17:10:00,6484.3824,3542.271,summer,day5
2025-08-31 17:15:00,6229.974,3531.7095,summer,day5
2025-08-31 17:20:00,6230.1012,3503.6396,summer,day5
2025-08-31 17:25:00,6915.224400000001,3538.5256,summer,day5
2025-08-31 17:30:00,6302.778,3591.1968,summer,day5
2025-08-31 17:35:00,6173.4144,3565.6257,summer,day5
2025-08-31 17:40:00,6153.0216,3547.4302,summer,day5
2025-08-31 17:45:00,6950.794800000001,3491.715,summer,day5
2025-08-31 17:50:00,7280.1576000000005,3483.1292,summer,day5
2025-08-31 17:55:00,6939.375599999999,3516.907,summer,day5
2025-08-31 18:00:00,6380.1323999999995,3515.5527,summer,day5
2025-08-31 18:05:00,6515.6424,3550.6636,summer,day5
2025-08-31 18:10:00,4805.9256000000005,3571.2769,summer,day5
2025-08-31 18:15:00,4628.286,3534.1133,summer,day5
2025-08-31 18:20:00,4889.294400000001,3499.491,summer,day5
2025-08-31 18:25:00,4872.770399999999,3513.8162,summer,day5
2025-08-31 18:30:00,3872.9748,3520.9805,summer,day5
2025-08-31 18:35:00,3762.5663999999997,3531.8638,summer,day5
2025-08-31 18:40:00,3813.8604,3600.5022,summer,day5
2025-08-31 18:45:00,3833.7264000000005,3612.6868,summer,day5
2025-08-31 18:50:00,3909.7284,3646.1357,summer,day5
2025-08-31 18:55:00,3944.4888,3648.5044,summer,day5
2025-08-31 19:00:00,5147.4612,3656.869,summer,day5
2025-08-31 19:05:00,4844.462399999999,3644.6658,summer,day5
2025-08-31 19:10:00,4242.972,3650.1511,summer,day5
2025-08-31 19:15:00,3783.0204,3648.5857,summer,day5
2025-08-31 19:20:00,3764.4767999999995,3640.451,summer,day5
2025-08-31 19:25:00,3732.8520000000003,3652.0354,summer,day5
2025-08-31 19:30:00,3727.3704,3644.891,summer,day5
2025-08-31 19:35:00,3835.8479999999995,3654.0413,summer,day5
2025-08-31 19:40:00,4004.9688,3655.4187,summer,day5
2025-08-31 19:45:00,3859.8516000000004,3662.457,summer,day5
2025-08-31 19:50:00,4215.4056,3642.7905,summer,day5
2025-08-31 19:55:00,4371.5676,3646.8381,summer,day5
2025-08-31 20:00:00,4049.5752,3560.7905,summer,day5
2025-08-31 20:05:00,4192.674,3570.5254,summer,day5
2025-08-31 20:10:00,4126.7604,3586.4482,summer,day5
2025-08-31 20:15:00,4924.669199999999,3541.9617,summer,day5
2025-08-31 20:20:00,4501.0968,3528.4421,summer,day5
2025-08-31 20:25:00,4050.282,3481.2568,summer,day5
2025-08-31 20:30:00,3954.6612,3469.6797,summer,day5
2025-08-31 20:35:00,5177.9832,3462.0122,summer,day5
2025-08-31 20:40:00,6023.2248,3409.7944,summer,day5
2025-08-31 20:45:00,4444.468800000001,3355.185,summer,day5
2025-08-31 20:50:00,4218.8928,3296.48,summer,day5
2025-08-31 20:55:00,5574.2136,3272.515,summer,day5
2025-08-31 21:00:00,4219.7784,3232.814,summer,day5
2025-08-31 21:05:00,3663.756,3172.5542,summer,day5
2025-08-31 21:10:00,3199.6356,3111.8748,summer,day5
2025-08-31 21:15:00,3130.2432,3074.9282,summer,day5
2025-08-31 21:20:00,3049.0476,2875.9363,summer,day5
2025-08-31 21:25:00,3273.9696,2825.1697,summer,day5
2025-08-31 21:30:00,3364.7028,2809.3289,summer,day5
2025-08-31 21:35:00,3176.8272,2786.0771,summer,day5
2025-08-31 21:40:00,3206.7576,2738.4082,summer,day5
2025-08-31 21:45:00,3216.1848,2664.7832,summer,day5
2025-08-31 21:50:00,3184.5828,2593.8484,summer,day5
2025-08-31 21:55:00,3230.1228,2553.6082,summer,day5
2025-08-31 22:00:00,3364.3284,2557.2542,summer,day5
2025-08-31 22:05:00,3308.3316,2565.6118,summer,day5
2025-08-31 22:10:00,3490.9008000000003,2558.7598,summer,day5
2025-08-31 22:15:00,3602.454,2566.9836,summer,day5
2025-08-31 22:20:00,3511.1316000000006,2550.3604,summer,day5
2025-08-31 22:25:00,3519.972,2532.334,summer,day5
2025-08-31 22:30:00,3696.5627999999997,2514.3223,summer,day5
2025-08-31 22:35:00,3609.7224,2522.8228,summer,day5
2025-08-31 22:40:00,3199.3379999999997,2539.6719,summer,day5
2025-08-31 22:45:00,2989.5996,2542.3198,summer,day5
2025-08-31 22:50:00,3265.2072,2546.1914,summer,day5
2025-08-31 22:55:00,3382.1027999999997,2544.1196,summer,day5
2025-08-31 23:00:00,3412.0392,2542.5566,summer,day5
2025-08-31 23:05:00,3385.3644,2539.7104,summer,day5
2025-08-31 23:10:00,3303.9276,2544.301,summer,day5
2025-08-31 23:15:00,3277.4028,2534.7646,summer,day5
2025-08-31 23:20:00,3480.042,2542.328,summer,day5
2025-08-31 23:25:00,3273.5628,2543.9792,summer,day5
2025-08-31 23:30:00,3248.9136,2536.5242,summer,day5
2025-08-31 23:35:00,3623.5368000000003,2548.114,summer,day5
2025-08-31 23:40:00,3674.1804,2550.1536,summer,day5
2025-08-31 23:45:00,3651.9276,2547.009,summer,day5
2025-08-31 23:50:00,3458.1588,2537.9812,summer,day5
2025-08-31 23:55:00,3396.2532,2539.3926,summer,day5
