timestamp,actual,prediction,season,day
2025-01-31 00:00:00,2419.7136,2468.5542,winter,day1
2025-01-31 00:05:00,2421.2076,2462.5708,winter,day1
2025-01-31 00:10:00,2406.2376,2458.8237,winter,day1
2025-01-31 00:15:00,2448.138,2453.9219,winter,day1
2025-01-31 00:20:00,2446.1592,2448.9983,winter,day1
2025-01-31 00:25:00,2429.3184,2444.7207,winter,day1
2025-01-31 00:30:00,2415.4271999999996,2439.3591,winter,day1
2025-01-31 00:35:00,2436.0756,2435.9163,winter,day1
2025-01-31 00:40:00,2442.5879999999997,2433.1025,winter,day1
2025-01-31 00:45:00,2489.8392,2432.5718,winter,day1
2025-01-31 00:50:00,2574.8892000000005,2433.1072,winter,day1
2025-01-31 00:55:00,2494.1771999999996,2432.9456,winter,day1
2025-01-31 01:00:00,2460.7032,2434.4497,winter,day1
2025-01-31 01:05:00,2478.7308000000003,2436.3352,winter,day1
2025-01-31 01:10:00,2655.1824,2440.469,winter,day1
2025-01-31 01:15:00,2623.8792000000003,2443.4412,winter,day1
2025-01-31 01:20:00,2643.6804,2446.3735,winter,day1
2025-01-31 01:25:00,2677.7496,2449.021,winter,day1
2025-01-31 01:30:00,2612.2164000000002,2451.3408,winter,day1
2025-01-31 01:35:00,2576.718,2456.0405,winter,day1
2025-01-31 01:40:00,2567.16,2460.4932,winter,day1
2025-01-31 01:45:00,2857.2072,2465.5278,winter,day1
2025-01-31 01:50:00,3233.2403999999997,2470.8264,winter,day1
2025-01-31 01:55:00,2634.7596,2475.9075,winter,day1
2025-01-31 02:00:00,3291.1416,2495.7097,winter,day1
2025-01-31 02:05:00,2764.3464,2501.3748,winter,day1
2025-01-31 02:10:00,3136.0596,2508.6821,winter,day1
2025-01-31 02:15:00,3107.1648,2514.1006,winter,day1
2025-01-31 02:20:00,2950.0908,2519.0862,winter,day1
2025-01-31 02:25:00,3388.2504,2523.2886,winter,day1
2025-01-31 02:30:00,2792.6447999999996,2528.0388,winter,day1
2025-01-31 02:35:00,3416.9544,2534.6094,winter,day1
2025-01-31 02:40:00,3290.1672,2539.7864,winter,day1
2025-01-31 02:45:00,3310.4148,2543.2861,winter,day1
2025-01-31 02:50:00,3021.81,2546.103,winter,day1
2025-01-31 02:55:00,3089.8908,2548.7744,winter,day1
2025-01-31 03:00:00,3474.132,2575.5515,winter,day1
2025-01-31 03:05:00,3120.5652,2578.435,winter,day1
2025-01-31 03:10:00,2604.7464,2582.416,winter,day1
2025-01-31 03:15:00,3252.3288000000002,2585.1453,winter,day1
2025-01-31 03:20:00,3162.252,2588.153,winter,day1
2025-01-31 03:25:00,2431.2168,2589.1338,winter,day1
2025-01-31 03:30:00,2432.5091999999995,2590.9937,winter,day1
2025-01-31 03:35:00,2455.344,2593.2815,winter,day1
2025-01-31 03:40:00,2557.572,2595.6978,winter,day1
2025-01-31 03:45:00,2469.3948,2596.0793,winter,day1
2025-01-31 03:50:00,2462.4528,2597.2507,winter,day1
2025-01-31 03:55:00,2547.384,2598.4116,winter,day1
2025-01-31 04:00:00,2612.8884,2631.6646,winter,day1
2025-01-31 04:05:00,2651.478,2632.8123,winter,day1
2025-01-31 04:10:00,2652.9564,2634.944,winter,day1
2025-01-31 04:15:00,2611.4268,2636.9048,winter,day1
2025-01-31 04:20:00,2538.81,2639.0994,winter,day1
2025-01-31 04:25:00,2501.904,2639.1777,winter,day1
2025-01-31 04:30:00,2600.8464,2640.418,winter,day1
2025-01-31 04:35:00,2704.0416,2641.7126,winter,day1
2025-01-31 04:40:00,2662.4568,2643.3472,winter,day1
2025-01-31 04:45:00,2502.9612,2643.0684,winter,day1
2025-01-31 04:50:00,2486.8968,2643.9907,winter,day1
2025-01-31 04:55:00,2481.2088,2644.788,winter,day1
2025-01-31 05:00:00,2460.0216,2618.1196,winter,day1
2025-01-31 05:05:00,2467.8156,2620.745,winter,day1
2025-01-31 05:10:00,2625.0348,2624.1238,winter,day1
2025-01-31 05:15:00,2701.698,2627.2866,winter,day1
2025-01-31 05:20:00,2665.6584,2630.1526,winter,day1
2025-01-31 05:25:00,2646.3732,2630.1497,winter,day1
2025-01-31 05:30:00,2630.1696,2630.44,winter,day1
2025-01-31 05:35:00,2554.8923999999997,2630.3113,winter,day1
2025-01-31 05:40:00,2540.9676,2630.0112,winter,day1
2025-01-31 05:45:00,2553.3516,2627.8755,winter,day1
2025-01-31 05:50:00,2523.4356,2626.7588,winter,day1
2025-01-31 05:55:00,2493.5436,2625.922,winter,day1
2025-01-31 06:00:00,2469.4991999999997,2652.6057,winter,day1
2025-01-31 06:05:00,2479.0164,2653.7432,winter,day1
2025-01-31 06:10:00,2474.82,2654.6772,winter,day1
2025-01-31 06:15:00,2475.942,2655.331,winter,day1
2025-01-31 06:20:00,2560.44,2655.7524,winter,day1
2025-01-31 06:25:00,2689.5407999999998,2652.3274,winter,day1
2025-01-31 06:30:00,2691.576,2649.543,winter,day1
2025-01-31 06:35:00,2586.3576000000003,2646.9412,winter,day1
2025-01-31 06:40:00,2574.9108,2647.4504,winter,day1
2025-01-31 06:45:00,2593.9031999999997,2650.0378,winter,day1
2025-01-31 06:50:00,2597.6484,2657.4658,winter,day1
2025-01-31 06:55:00,2657.052,2668.0842,winter,day1
2025-01-31 07:00:00,2503.29,2894.7275,winter,day1
2025-01-31 07:05:00,2399.8536,2939.9868,winter,day1
2025-01-31 07:10:00,2796.7475999999997,2982.4878,winter,day1
2025-01-31 07:15:00,3094.368,3027.24,winter,day1
2025-01-31 07:20:00,1062.0948,3070.4663,winter,day1
2025-01-31 07:25:00,0.0,3105.8838,winter,day1
2025-01-31 07:30:00,329.8464,3158.5256,winter,day1
2025-01-31 07:35:00,4469.830800000001,3208.5083,winter,day1
2025-01-31 07:40:00,3195.8712,3262.6873,winter,day1
2025-01-31 07:45:00,3173.7912,3310.2642,winter,day1
2025-01-31 07:50:00,3154.2168,3361.1318,winter,day1
2025-01-31 07:55:00,3164.3784,3418.0054,winter,day1
2025-01-31 08:00:00,3110.9256,3539.262,winter,day1
2025-01-31 08:05:00,3053.4204,3596.4463,winter,day1
2025-01-31 08:10:00,2941.5024000000003,3633.0664,winter,day1
2025-01-31 08:15:00,2826.8436,3672.9456,winter,day1
2025-01-31 08:20:00,2778.8831999999998,3706.943,winter,day1
2025-01-31 08:25:00,2879.9292,3724.8464,winter,day1
2025-01-31 08:30:00,2893.1904,3770.7888,winter,day1
2025-01-31 08:35:00,2838.2712,3820.9907,winter,day1
2025-01-31 08:40:00,2864.5692,3872.3726,winter,day1
2025-01-31 08:45:00,3146.5944,3888.7085,winter,day1
2025-01-31 08:50:00,3818.0771999999997,3895.5977,winter,day1
2025-01-31 08:55:00,2896.1760000000004,3922.691,winter,day1
2025-01-31 09:00:00,3146.4948,3834.9487,winter,day1
2025-01-31 09:05:00,3097.1639999999998,3867.9995,winter,day1
2025-01-31 09:10:00,2852.1804,3883.7874,winter,day1
2025-01-31 09:15:00,2902.47,3901.8682,winter,day1
2025-01-31 09:20:00,2858.8464,3915.0144,winter,day1
2025-01-31 09:25:00,2969.58,3916.4504,winter,day1
2025-01-31 09:30:00,3069.2843999999996,3937.1316,winter,day1
2025-01-31 09:35:00,2776.5600000000004,3953.1543,winter,day1
2025-01-31 09:40:00,2763.0828,3979.2139,winter,day1
2025-01-31 09:45:00,2781.0827999999997,3997.696,winter,day1
2025-01-31 09:50:00,2815.8372000000004,4009.125,winter,day1
2025-01-31 09:55:00,2843.6519999999996,4021.2166,winter,day1
2025-01-31 10:00:00,3068.1444,4139.5894,winter,day1
2025-01-31 10:05:00,3093.9936000000002,4153.74,winter,day1
2025-01-31 10:10:00,2814.2316,4154.8027,winter,day1
2025-01-31 10:15:00,2781.3828,4157.0723,winter,day1
2025-01-31 10:20:00,2811.6984,4153.7876,winter,day1
2025-01-31 10:25:00,2800.0080000000003,4146.078,winter,day1
2025-01-31 10:30:00,2792.0843999999997,4158.2085,winter,day1
2025-01-31 10:35:00,2786.0892,4168.425,winter,day1
2025-01-31 10:40:00,3025.9536,4178.7686,winter,day1
2025-01-31 10:45:00,3129.0924,4176.452,winter,day1
2025-01-31 10:50:00,11905.8276,4165.9946,winter,day1
2025-01-31 10:55:00,7211.2044,4155.9,winter,day1
2025-01-31 11:00:00,5106.3192,4150.0737,winter,day1
2025-01-31 11:05:00,5155.3848,4146.493,winter,day1
2025-01-31 11:10:00,4274.8716,4135.318,winter,day1
2025-01-31 11:15:00,2854.3284,4126.902,winter,day1
2025-01-31 11:20:00,2956.7388,4113.855,winter,day1
2025-01-31 11:25:00,3654.8784,4094.5867,winter,day1
2025-01-31 11:30:00,2839.4579999999996,4083.267,winter,day1
2025-01-31 11:35:00,2797.7952,4072.086,winter,day1
2025-01-31 11:40:00,2320.0860000000002,4063.724,winter,day1
2025-01-31 11:45:00,3245.9795999999997,4052.355,winter,day1
2025-01-31 11:50:00,1997.8655999999999,4041.3936,winter,day1
2025-01-31 11:55:00,1985.4227999999998,4032.1868,winter,day1
2025-01-31 12:00:00,2112.2736,4050.488,winter,day1
2025-01-31 12:05:00,2531.1336,4046.3093,winter,day1
2025-01-31 12:10:00,2235.1668,4038.4424,winter,day1
2025-01-31 12:15:00,2350.9752,4032.9265,winter,day1
2025-01-31 12:20:00,2110.1243999999997,4023.81,winter,day1
2025-01-31 12:25:00,2110.1736,4009.822,winter,day1
2025-01-31 12:30:00,2318.832,4001.217,winter,day1
2025-01-31 12:35:00,2952.972,3994.7915,winter,day1
2025-01-31 12:40:00,2047.9656,3992.0227,winter,day1
2025-01-31 12:45:00,2041.5672,3989.291,winter,day1
2025-01-31 12:50:00,2436.7619999999997,3987.9307,winter,day1
2025-01-31 12:55:00,2047.6128,3983.1865,winter,day1
2025-01-31 13:00:00,2608.8540000000003,3950.9482,winter,day1
2025-01-31 13:05:00,3095.1996,3944.1982,winter,day1
2025-01-31 13:10:00,2278.9164,3932.8857,winter,day1
2025-01-31 13:15:00,2230.1351999999997,3923.0737,winter,day1
2025-01-31 13:20:00,3371.2248,3910.9448,winter,day1
2025-01-31 13:25:00,2222.0628,3895.1472,winter,day1
2025-01-31 13:30:00,3055.6488,3886.8862,winter,day1
2025-01-31 13:35:00,2325.1392,3882.2852,winter,day1
2025-01-31 13:40:00,2361.2112,3880.1934,winter,day1
2025-01-31 13:45:00,2338.8456,3876.3296,winter,day1
2025-01-31 13:50:00,2381.0556,3873.8936,winter,day1
2025-01-31 13:55:00,2489.7996,3871.065,winter,day1
2025-01-31 14:00:00,2614.1279999999997,3810.0222,winter,day1
2025-01-31 14:05:00,4218.2844,3809.4656,winter,day1
2025-01-31 14:10:00,3829.068,3803.2112,winter,day1
2025-01-31 14:15:00,2993.958,3797.0417,winter,day1
2025-01-31 14:20:00,2935.1256000000003,3789.196,winter,day1
2025-01-31 14:25:00,3198.9996,3773.7878,winter,day1
2025-01-31 14:30:00,3069.672,3759.4626,winter,day1
2025-01-31 14:35:00,3663.1524000000004,3745.8264,winter,day1
2025-01-31 14:40:00,3035.2788,3748.3467,winter,day1
2025-01-31 14:45:00,2981.6124,3771.3838,winter,day1
2025-01-31 14:50:00,3319.7892,3815.3174,winter,day1
2025-01-31 14:55:00,4121.4744,3864.5063,winter,day1
2025-01-31 15:00:00,3289.0932000000003,4059.6294,winter,day1
2025-01-31 15:05:00,3411.0696,4114.047,winter,day1
2025-01-31 15:10:00,3320.6339999999996,4158.051,winter,day1
2025-01-31 15:15:00,3538.6992,4199.75,winter,day1
2025-01-31 15:20:00,3681.6839999999997,4239.051,winter,day1
2025-01-31 15:25:00,3798.6876,4274.6636,winter,day1
2025-01-31 15:30:00,6839.639999999999,4326.3003,winter,day1
2025-01-31 15:35:00,5204.9928,4385.122,winter,day1
2025-01-31 15:40:00,4172.244000000001,4448.4385,winter,day1
2025-01-31 15:45:00,3777.9048000000003,4509.3813,winter,day1
2025-01-31 15:50:00,3975.4968,4573.264,winter,day1
2025-01-31 15:55:00,3809.7635999999998,4640.9297,winter,day1
2025-01-31 16:00:00,4072.4808000000003,4865.045,winter,day1
2025-01-31 16:05:00,5101.509599999999,4927.052,winter,day1
2025-01-31 16:10:00,5849.4348,4970.048,winter,day1
2025-01-31 16:15:00,4265.634,5013.337,winter,day1
2025-01-31 16:20:00,6059.244000000001,5053.532,winter,day1
2025-01-31 16:25:00,6108.861599999999,5085.3447,winter,day1
2025-01-31 16:30:00,3822.9264000000003,5135.926,winter,day1
2025-01-31 16:35:00,4368.2699999999995,5198.0713,winter,day1
2025-01-31 16:40:00,5444.748,5255.2314,winter,day1
2025-01-31 16:45:00,5331.2519999999995,5286.995,winter,day1
2025-01-31 16:50:00,4275.2411999999995,5308.663,winter,day1
2025-01-31 16:55:00,4357.412399999999,5339.126,winter,day1
2025-01-31 17:00:00,4463.323200000001,5350.8877,winter,day1
2025-01-31 17:05:00,4956.6804,5378.601,winter,day1
2025-01-31 17:10:00,7434.4644,5376.2173,winter,day1
2025-01-31 17:15:00,5788.616400000001,5372.312,winter,day1
2025-01-31 17:20:00,4697.286,5363.034,winter,day1
2025-01-31 17:25:00,4403.4888,5345.449,winter,day1
2025-01-31 17:30:00,4285.9548,5348.99,winter,day1
2025-01-31 17:35:00,5213.6352,5360.0757,winter,day1
2025-01-31 17:40:00,6172.1292,5382.4385,winter,day1
2025-01-31 17:45:00,4718.4672,5398.7783,winter,day1
2025-01-31 17:50:00,5186.240400000001,5406.702,winter,day1
2025-01-31 17:55:00,4587.0491999999995,5414.7207,winter,day1
2025-01-31 18:00:00,5823.6876,5362.4785,winter,day1
2025-01-31 18:05:00,8507.269199999999,5365.776,winter,day1
2025-01-31 18:10:00,11902.4772,5339.1284,winter,day1
2025-01-31 18:15:00,11655.633600000001,5309.3716,winter,day1
2025-01-31 18:20:00,5160.3396,5273.5635,winter,day1
2025-01-31 18:25:00,3717.7248,5233.573,winter,day1
2025-01-31 18:30:00,5269.1724,5228.544,winter,day1
2025-01-31 18:35:00,4856.976000000001,5223.45,winter,day1
2025-01-31 18:40:00,4008.9468,5223.285,winter,day1
2025-01-31 18:45:00,4800.2136,5205.903,winter,day1
2025-01-31 18:50:00,3721.53,5174.9893,winter,day1
2025-01-31 18:55:00,3683.9592,5140.3096,winter,day1
2025-01-31 19:00:00,3895.4376,4575.4565,winter,day1
2025-01-31 19:05:00,3802.4256,4537.958,winter,day1
2025-01-31 19:10:00,3494.0424,4479.5806,winter,day1
2025-01-31 19:15:00,3520.9271999999996,4422.457,winter,day1
2025-01-31 19:20:00,3634.2239999999997,4366.7065,winter,day1
2025-01-31 19:25:00,3646.3836,4302.9263,winter,day1
2025-01-31 19:30:00,3716.0195999999996,4261.6094,winter,day1
2025-01-31 19:35:00,3563.6051999999995,4220.3003,winter,day1
2025-01-31 19:40:00,3467.5968000000003,4192.363,winter,day1
2025-01-31 19:45:00,3381.3479999999995,4161.24,winter,day1
2025-01-31 19:50:00,3352.4472,4131.1914,winter,day1
2025-01-31 19:55:00,3341.6771999999996,4105.723,winter,day1
2025-01-31 20:00:00,3418.7784,3496.198,winter,day1
2025-01-31 20:05:00,3528.0816,3470.2566,winter,day1
2025-01-31 20:10:00,3441.972,3433.1172,winter,day1
2025-01-31 20:15:00,3466.8540000000003,3396.639,winter,day1
2025-01-31 20:20:00,3511.7148,3364.1638,winter,day1
2025-01-31 20:25:00,3541.2408000000005,3323.1887,winter,day1
2025-01-31 20:30:00,3458.8896,3297.5037,winter,day1
2025-01-31 20:35:00,3527.4875999999995,3273.6948,winter,day1
2025-01-31 20:40:00,3652.4676,3262.2754,winter,day1
2025-01-31 20:45:00,3501.528,3251.6628,winter,day1
2025-01-31 20:50:00,3391.0944000000004,3245.6455,winter,day1
2025-01-31 20:55:00,3383.6675999999998,3241.1543,winter,day1
2025-01-31 21:00:00,3351.6288,2915.768,winter,day1
2025-01-31 21:05:00,3343.6224,2906.4932,winter,day1
2025-01-31 21:10:00,3418.3812000000007,2892.3618,winter,day1
2025-01-31 21:15:00,3300.8892,2877.1167,winter,day1
2025-01-31 21:20:00,3487.3992,2864.4575,winter,day1
2025-01-31 21:25:00,3316.2119999999995,2844.435,winter,day1
2025-01-31 21:30:00,2800.2096,2831.4438,winter,day1
2025-01-31 21:35:00,2635.6800000000003,2816.442,winter,day1
2025-01-31 21:40:00,2649.3432000000003,2805.3691,winter,day1
2025-01-31 21:45:00,2659.1639999999998,2791.5051,winter,day1
2025-01-31 21:50:00,2892.5184,2779.531,winter,day1
2025-01-31 21:55:00,2654.2968,2769.6074,winter,day1
2025-01-31 22:00:00,2338.524,2643.415,winter,day1
2025-01-31 22:05:00,2304.9372,2637.4531,winter,day1
2025-01-31 22:10:00,2355.42,2631.1555,winter,day1
2025-01-31 22:15:00,2420.1408,2624.6335,winter,day1
2025-01-31 22:20:00,2454.942,2620.2258,winter,day1
2025-01-31 22:25:00,2469.5027999999998,2613.095,winter,day1
2025-01-31 22:30:00,2496.9192,2607.7236,winter,day1
2025-01-31 22:35:00,2502.054,2602.8762,winter,day1
2025-01-31 22:40:00,2451.114,2599.523,winter,day1
2025-01-31 22:45:00,2420.7167999999997,2595.8076,winter,day1
2025-01-31 22:50:00,2386.6548,2594.0342,winter,day1
2025-01-31 22:55:00,2656.3896,2593.1367,winter,day1
2025-01-31 23:00:00,2482.7052,2558.6604,winter,day1
2025-01-31 23:05:00,2367.366,2558.5466,winter,day1
2025-01-31 23:10:00,2323.6728,2559.8818,winter,day1
2025-01-31 23:15:00,2325.3540000000003,2560.756,winter,day1
2025-01-31 23:20:00,2334.3468000000003,2561.9712,winter,day1
2025-01-31 23:25:00,2387.064,2560.7722,winter,day1
2025-01-31 23:30:00,2426.784,2559.7502,winter,day1
2025-01-31 23:35:00,2455.0416,2559.4924,winter,day1
2025-01-31 23:40:00,2426.13,2559.1055,winter,day1
2025-01-31 23:45:00,2358.9696,2557.651,winter,day1
2025-01-31 23:50:00,2372.2799999999997,2557.6091,winter,day1
2025-01-31 23:55:00,2386.9379999999996,2557.5332,winter,day1
2025-02-15 00:00:00,2488.5384,2594.7305,winter,day2
2025-02-15 00:05:00,2497.0703999999996,2602.1892,winter,day2
2025-02-15 00:10:00,2762.6688,2598.313,winter,day2
2025-02-15 00:15:00,2761.0692,2592.8374,winter,day2
2025-02-15 00:20:00,2593.7484,2587.776,winter,day2
2025-02-15 00:25:00,2635.5971999999997,2585.542,winter,day2
2025-02-15 00:30:00,2626.2876,2585.4744,winter,day2
2025-02-15 00:35:00,2579.4564,2583.8884,winter,day2
2025-02-15 00:40:00,2572.9091999999996,2577.4033,winter,day2
2025-02-15 00:45:00,2528.3172,2568.9624,winter,day2
2025-02-15 00:50:00,2526.468,2569.644,winter,day2
2025-02-15 00:55:00,2652.132,2576.7874,winter,day2
2025-02-15 01:00:00,2831.778,2618.7358,winter,day2
2025-02-15 01:05:00,2576.6052,2618.3655,winter,day2
2025-02-15 01:10:00,2568.846,2618.5127,winter,day2
2025-02-15 01:15:00,2563.6367999999998,2633.7212,winter,day2
2025-02-15 01:20:00,2620.032,2660.2932,winter,day2
2025-02-15 01:25:00,2629.7076,2688.33,winter,day2
2025-02-15 01:30:00,2632.2468,2702.0151,winter,day2
2025-02-15 01:35:00,2596.05,2707.5828,winter,day2
2025-02-15 01:40:00,2657.7996,2710.0784,winter,day2
2025-02-15 01:45:00,2699.7708,2716.4004,winter,day2
2025-02-15 01:50:00,3088.3104,2732.2717,winter,day2
2025-02-15 01:55:00,2952.6648,2744.8008,winter,day2
2025-02-15 02:00:00,3365.6771999999996,2792.862,winter,day2
2025-02-15 02:05:00,2748.9912,2810.2588,winter,day2
2025-02-15 02:10:00,3425.2812,2829.4465,winter,day2
2025-02-15 02:15:00,3386.4096,2857.0752,winter,day2
2025-02-15 02:20:00,2955.0828,2889.9492,winter,day2
2025-02-15 02:25:00,3455.4984000000004,2932.2527,winter,day2
2025-02-15 02:30:00,3340.5888,2972.3228,winter,day2
2025-02-15 02:35:00,3299.0520000000006,3015.9243,winter,day2
2025-02-15 02:40:00,3295.6968,3042.9001,winter,day2
2025-02-15 02:45:00,3496.2048000000004,3052.9116,winter,day2
2025-02-15 02:50:00,3678.81,3062.2437,winter,day2
2025-02-15 02:55:00,3431.8212,3067.0928,winter,day2
2025-02-15 03:00:00,2997.8568,3084.1697,winter,day2
2025-02-15 03:05:00,3494.8248,3069.0552,winter,day2
2025-02-15 03:10:00,3501.9,3048.051,winter,day2
2025-02-15 03:15:00,3167.2776,3029.6846,winter,day2
2025-02-15 03:20:00,3507.2136,3007.9287,winter,day2
2025-02-15 03:25:00,3349.2144,2983.3342,winter,day2
2025-02-15 03:30:00,3250.1916,2951.5989,winter,day2
2025-02-15 03:35:00,3390.924,2927.58,winter,day2
2025-02-15 03:40:00,2922.5028,2893.7874,winter,day2
2025-02-15 03:45:00,2559.2904000000003,2858.0417,winter,day2
2025-02-15 03:50:00,2797.6764,2836.332,winter,day2
2025-02-15 03:55:00,2562.6192,2814.865,winter,day2
2025-02-15 04:00:00,2540.7732,2743.087,winter,day2
2025-02-15 04:05:00,2542.0536,2732.1565,winter,day2
2025-02-15 04:10:00,2665.9128,2723.7532,winter,day2
2025-02-15 04:15:00,2718.2088,2719.3403,winter,day2
2025-02-15 04:20:00,2717.5116,2709.8105,winter,day2
2025-02-15 04:25:00,2653.6296,2702.496,winter,day2
2025-02-15 04:30:00,2697.8544,2694.7239,winter,day2
2025-02-15 04:35:00,2711.3399999999997,2690.2202,winter,day2
2025-02-15 04:40:00,2700.6528,2679.4106,winter,day2
2025-02-15 04:45:00,2799.0384000000004,2669.2134,winter,day2
2025-02-15 04:50:00,2976.3599999999997,2670.7893,winter,day2
2025-02-15 04:55:00,2617.7652000000003,2672.2166,winter,day2
2025-02-15 05:00:00,2624.0424,2643.766,winter,day2
2025-02-15 05:05:00,2733.1187999999997,2653.6743,winter,day2
2025-02-15 05:10:00,2724.3563999999997,2668.2136,winter,day2
2025-02-15 05:15:00,2746.314,2684.0522,winter,day2
2025-02-15 05:20:00,2761.5456,2693.959,winter,day2
2025-02-15 05:25:00,2770.9211999999998,2709.9316,winter,day2
2025-02-15 05:30:00,2778.6492,2698.9785,winter,day2
2025-02-15 05:35:00,2719.5144,2686.4604,winter,day2
2025-02-15 05:40:00,2715.99,2664.984,winter,day2
2025-02-15 05:45:00,2973.078,2640.7334,winter,day2
2025-02-15 05:50:00,2825.2788,2625.6284,winter,day2
2025-02-15 05:55:00,2689.6044,2614.5183,winter,day2
2025-02-15 06:00:00,2615.4156000000003,2599.364,winter,day2
2025-02-15 06:05:00,2624.5080000000003,2586.8804,winter,day2
2025-02-15 06:10:00,2611.782,2586.2297,winter,day2
2025-02-15 06:15:00,2592.9468,2585.2476,winter,day2
2025-02-15 06:20:00,2628.9048000000003,2582.776,winter,day2
2025-02-15 06:25:00,2613.1932,2590.1985,winter,day2
2025-02-15 06:30:00,2612.5775999999996,2597.8525,winter,day2
2025-02-15 06:35:00,2545.6056,2606.0977,winter,day2
2025-02-15 06:40:00,2487.6396,2605.34,winter,day2
2025-02-15 06:45:00,2432.4816,2597.0364,winter,day2
2025-02-15 06:50:00,2675.988,2586.083,winter,day2
2025-02-15 06:55:00,2424.3216,2570.7273,winter,day2
2025-02-15 07:00:00,2442.4272,2504.2366,winter,day2
2025-02-15 07:05:00,2382.3648000000003,2539.1113,winter,day2
2025-02-15 07:10:00,2677.4316,2614.4011,winter,day2
2025-02-15 07:15:00,3024.7824,2708.4407,winter,day2
2025-02-15 07:20:00,3020.04,2810.4375,winter,day2
2025-02-15 07:25:00,3081.3347999999996,3100.5864,winter,day2
2025-02-15 07:30:00,4056.6732,4362.1284,winter,day2
2025-02-15 07:35:00,11292.3996,9117.773,winter,day2
2025-02-15 07:40:00,11048.544,13351.916,winter,day2
2025-02-15 07:45:00,5957.1264,13595.223,winter,day2
2025-02-15 07:50:00,4076.0915999999997,12227.227,winter,day2
2025-02-15 07:55:00,3772.0080000000003,8657.973,winter,day2
2025-02-15 08:00:00,3840.4620000000004,5125.552,winter,day2
2025-02-15 08:05:00,5717.4936,5056.239,winter,day2
2025-02-15 08:10:00,7114.7555999999995,5039.4727,winter,day2
2025-02-15 08:15:00,6988.9128,5026.615,winter,day2
2025-02-15 08:20:00,6578.6772,5044.106,winter,day2
2025-02-15 08:25:00,4691.0856,5128.7466,winter,day2
2025-02-15 08:30:00,4353.1416,5196.4053,winter,day2
2025-02-15 08:35:00,4543.8528,5282.0933,winter,day2
2025-02-15 08:40:00,4814.4108,5311.966,winter,day2
2025-02-15 08:45:00,4399.854,5374.0947,winter,day2
2025-02-15 08:50:00,4330.0428,5502.698,winter,day2
2025-02-15 08:55:00,5953.8024,5568.1006,winter,day2
2025-02-15 09:00:00,5415.3864,5062.0522,winter,day2
2025-02-15 09:05:00,5265.3576,5111.8774,winter,day2
2025-02-15 09:10:00,4289.6376,5197.124,winter,day2
2025-02-15 09:15:00,4193.6844,5314.386,winter,day2
2025-02-15 09:20:00,4645.1424,5441.846,winter,day2
2025-02-15 09:25:00,4191.9552,5544.089,winter,day2
2025-02-15 09:30:00,4246.309200000001,5568.3066,winter,day2
2025-02-15 09:35:00,4949.8524,5621.698,winter,day2
2025-02-15 09:40:00,4334.73,5629.246,winter,day2
2025-02-15 09:45:00,4737.3204,5575.4517,winter,day2
2025-02-15 09:50:00,5548.7832,5554.941,winter,day2
2025-02-15 09:55:00,5322.1932,5523.2695,winter,day2
2025-02-15 10:00:00,4632.3588,5533.274,winter,day2
2025-02-15 10:05:00,5411.0076,5563.2646,winter,day2
2025-02-15 10:10:00,6348.6888,5515.483,winter,day2
2025-02-15 10:15:00,5285.1144,5364.3633,winter,day2
2025-02-15 10:20:00,4419.2328,5162.6816,winter,day2
2025-02-15 10:25:00,4396.9956,5023.2104,winter,day2
2025-02-15 10:30:00,4392.759599999999,4954.038,winter,day2
2025-02-15 10:35:00,6185.994000000001,4932.1274,winter,day2
2025-02-15 10:40:00,5201.3652,4902.6807,winter,day2
2025-02-15 10:45:00,4983.3252,4865.043,winter,day2
2025-02-15 10:50:00,6062.6004,4830.132,winter,day2
2025-02-15 10:55:00,4482.6528,4770.665,winter,day2
2025-02-15 11:00:00,4369.5996,4654.4478,winter,day2
2025-02-15 11:05:00,4604.948399999999,4653.6675,winter,day2
2025-02-15 11:10:00,4555.5,4668.7573,winter,day2
2025-02-15 11:15:00,5872.7052,4685.117,winter,day2
2025-02-15 11:20:00,4895.9856,4652.5024,winter,day2
2025-02-15 11:25:00,6677.3724,4602.165,winter,day2
2025-02-15 11:30:00,5196.2928,4554.528,winter,day2
2025-02-15 11:35:00,4449.2304,4537.757,winter,day2
2025-02-15 11:40:00,4519.8348,4518.5796,winter,day2
2025-02-15 11:45:00,4362.051600000001,4493.943,winter,day2
2025-02-15 11:50:00,5688.996,4471.9434,winter,day2
2025-02-15 11:55:00,6641.567999999999,4416.6245,winter,day2
2025-02-15 12:00:00,4780.4544000000005,4270.091,winter,day2
2025-02-15 12:05:00,4838.2955999999995,4262.122,winter,day2
2025-02-15 12:10:00,6261.8604,4265.387,winter,day2
2025-02-15 12:15:00,4966.3068,4272.2397,winter,day2
2025-02-15 12:20:00,4915.3116,4258.9766,winter,day2
2025-02-15 12:25:00,6678.210000000001,4235.2676,winter,day2
2025-02-15 12:30:00,5226.5712,4197.2617,winter,day2
2025-02-15 12:35:00,4141.104,4170.8335,winter,day2
2025-02-15 12:40:00,3603.4008000000003,4137.403,winter,day2
2025-02-15 12:45:00,3644.2043999999996,4118.4033,winter,day2
2025-02-15 12:50:00,2812.5912,4148.1924,winter,day2
2025-02-15 12:55:00,2937.4548000000004,4154.115,winter,day2
2025-02-15 13:00:00,3804.3947999999996,4171.027,winter,day2
2025-02-15 13:05:00,2557.9824,4229.9805,winter,day2
2025-02-15 13:10:00,3793.4616,4267.9985,winter,day2
2025-02-15 13:15:00,3430.7484000000004,4266.984,winter,day2
2025-02-15 13:20:00,3147.3372,4237.821,winter,day2
2025-02-15 13:25:00,2454.6096000000002,4194.3486,winter,day2
2025-02-15 13:30:00,10347.3852,4155.8687,winter,day2
2025-02-15 13:35:00,12404.5884,4203.08,winter,day2
2025-02-15 13:40:00,11947.5432,4264.9385,winter,day2
2025-02-15 13:45:00,12035.5848,4326.772,winter,day2
2025-02-15 13:50:00,12659.388,4454.5996,winter,day2
2025-02-15 13:55:00,12770.053199999998,4532.4194,winter,day2
2025-02-15 14:00:00,13642.8648,4620.7573,winter,day2
2025-02-15 14:05:00,5633.1012,4822.701,winter,day2
2025-02-15 14:10:00,4914.022800000001,5014.1455,winter,day2
2025-02-15 14:15:00,4696.9056,5170.471,winter,day2
2025-02-15 14:20:00,4501.5779999999995,5336.1,winter,day2
2025-02-15 14:25:00,5893.4148,5569.19,winter,day2
2025-02-15 14:30:00,7143.294,5827.5425,winter,day2
2025-02-15 14:35:00,6570.2508,6295.329,winter,day2
2025-02-15 14:40:00,6067.0908,6902.2393,winter,day2
2025-02-15 14:45:00,7256.6952,7700.65,winter,day2
2025-02-15 14:50:00,8559.5208,8803.257,winter,day2
2025-02-15 14:55:00,8953.0584,9577.425,winter,day2
2025-02-15 15:00:00,6538.944,12304.598,winter,day2
2025-02-15 15:05:00,4598.980799999999,13123.721,winter,day2
2025-02-15 15:10:00,5760.027599999999,13286.334,winter,day2
2025-02-15 15:15:00,6697.352400000001,12675.829,winter,day2
2025-02-15 15:20:00,5173.7568,11642.171,winter,day2
2025-02-15 15:25:00,4370.5908,10796.328,winter,day2
2025-02-15 15:30:00,4713.4812,10287.702,winter,day2
2025-02-15 15:35:00,4968.6468,10383.365,winter,day2
2025-02-15 15:40:00,7555.3356,10332.307,winter,day2
2025-02-15 15:45:00,7059.3864,9901.249,winter,day2
2025-02-15 15:50:00,8549.5824,9386.75,winter,day2
2025-02-15 15:55:00,8541.6696,8733.443,winter,day2
2025-02-15 16:00:00,8092.132799999999,9964.511,winter,day2
2025-02-15 16:05:00,6996.906,9817.223,winter,day2
2025-02-15 16:10:00,6957.266399999999,9803.956,winter,day2
2025-02-15 16:15:00,6731.3724,9592.64,winter,day2
2025-02-15 16:20:00,7061.8008,9229.422,winter,day2
2025-02-15 16:25:00,7746.345600000001,8974.395,winter,day2
2025-02-15 16:30:00,7681.7352,8795.642,winter,day2
2025-02-15 16:35:00,7173.738,8867.133,winter,day2
2025-02-15 16:40:00,6496.0092,8984.888,winter,day2
2025-02-15 16:45:00,5636.995199999999,9116.9,winter,day2
2025-02-15 16:50:00,5181.9924,9216.126,winter,day2
2025-02-15 16:55:00,5061.844800000001,8973.477,winter,day2
2025-02-15 17:00:00,5736.4704,7588.8877,winter,day2
2025-02-15 17:05:00,5347.518,7414.479,winter,day2
2025-02-15 17:10:00,6278.236800000001,7278.8467,winter,day2
2025-02-15 17:15:00,7073.215200000001,7125.2744,winter,day2
2025-02-15 17:20:00,6359.3148,6990.4434,winter,day2
2025-02-15 17:25:00,6632.8032,6906.2427,winter,day2
2025-02-15 17:30:00,6291.6108,6779.901,winter,day2
2025-02-15 17:35:00,6996.260399999999,6664.7686,winter,day2
2025-02-15 17:40:00,6293.794800000001,6547.645,winter,day2
2025-02-15 17:45:00,7691.7444000000005,6473.356,winter,day2
2025-02-15 17:50:00,6314.8584,6554.0527,winter,day2
2025-02-15 17:55:00,6229.6524,6867.1157,winter,day2
2025-02-15 18:00:00,6089.13,7909.664,winter,day2
2025-02-15 18:05:00,9879.4008,9948.521,winter,day2
2025-02-15 18:10:00,11469.4416,11534.477,winter,day2
2025-02-15 18:15:00,11986.0548,11192.681,winter,day2
2025-02-15 18:20:00,7759.8924,8997.621,winter,day2
2025-02-15 18:25:00,7490.6772,7977.048,winter,day2
2025-02-15 18:30:00,7945.158,7609.044,winter,day2
2025-02-15 18:35:00,9408.1236,7331.9546,winter,day2
2025-02-15 18:40:00,7508.767199999999,7107.3,winter,day2
2025-02-15 18:45:00,6825.6216,6948.529,winter,day2
2025-02-15 18:50:00,5278.8432,6843.095,winter,day2
2025-02-15 18:55:00,4547.1072,6706.215,winter,day2
2025-02-15 19:00:00,4536.4968,6202.5435,winter,day2
2025-02-15 19:05:00,4995.2388,6172.385,winter,day2
2025-02-15 19:10:00,7088.988,6186.6763,winter,day2
2025-02-15 19:15:00,5754.777599999999,6093.5547,winter,day2
2025-02-15 19:20:00,5796.762000000001,5849.7915,winter,day2
2025-02-15 19:25:00,4289.941199999999,5582.069,winter,day2
2025-02-15 19:30:00,4289.2919999999995,5391.835,winter,day2
2025-02-15 19:35:00,4805.046,5334.1646,winter,day2
2025-02-15 19:40:00,4305.5568,5286.1816,winter,day2
2025-02-15 19:45:00,4204.6836,5143.228,winter,day2
2025-02-15 19:50:00,4491.5136,4960.2524,winter,day2
2025-02-15 19:55:00,4038.1008,4794.9453,winter,day2
2025-02-15 20:00:00,4228.7088,4553.622,winter,day2
2025-02-15 20:05:00,4548.522,4493.215,winter,day2
2025-02-15 20:10:00,5616.1008,4436.858,winter,day2
2025-02-15 20:15:00,5732.5608,4359.604,winter,day2
2025-02-15 20:20:00,3872.2488,4273.738,winter,day2
2025-02-15 20:25:00,3953.9892,4196.6177,winter,day2
2025-02-15 20:30:00,3924.7884,4111.279,winter,day2
2025-02-15 20:35:00,4385.402400000001,4051.772,winter,day2
2025-02-15 20:40:00,4002.9119999999994,4004.1382,winter,day2
2025-02-15 20:45:00,6012.9672,3984.415,winter,day2
2025-02-15 20:50:00,5836.6644,4000.9097,winter,day2
2025-02-15 20:55:00,4751.3016,3997.236,winter,day2
2025-02-15 21:00:00,4026.8196,4270.9424,winter,day2
2025-02-15 21:05:00,3470.2619999999997,4345.9556,winter,day2
2025-02-15 21:10:00,3234.0612,4388.78,winter,day2
2025-02-15 21:15:00,2808.1104,4312.483,winter,day2
2025-02-15 21:20:00,2842.9559999999997,4152.702,winter,day2
2025-02-15 21:25:00,2899.9248,3995.2407,winter,day2
2025-02-15 21:30:00,2940.126,3848.826,winter,day2
2025-02-15 21:35:00,3015.5256,3748.0225,winter,day2
2025-02-15 21:40:00,2942.934,3631.9116,winter,day2
2025-02-15 21:45:00,3243.2904,3501.4514,winter,day2
2025-02-15 21:50:00,3078.7044,3381.5278,winter,day2
2025-02-15 21:55:00,2939.5775999999996,3253.4534,winter,day2
2025-02-15 22:00:00,2648.214,3032.3892,winter,day2
2025-02-15 22:05:00,2525.3544,2933.2659,winter,day2
2025-02-15 22:10:00,2470.1268,2848.2214,winter,day2
2025-02-15 22:15:00,2454.642,2785.1445,winter,day2
2025-02-15 22:20:00,3749.8032,2750.3206,winter,day2
2025-02-15 22:25:00,3233.868,2741.5535,winter,day2
2025-02-15 22:30:00,2614.3848,2742.7126,winter,day2
2025-02-15 22:35:00,2474.7624,2750.395,winter,day2
2025-02-15 22:40:00,2493.3743999999997,2747.8364,winter,day2
2025-02-15 22:45:00,2640.4103999999998,2736.159,winter,day2
2025-02-15 22:50:00,2646.7583999999997,2722.0427,winter,day2
2025-02-15 22:55:00,2626.6344,2702.37,winter,day2
2025-02-15 23:00:00,2640.1115999999997,2619.4478,winter,day2
2025-02-15 23:05:00,2685.4056,2604.9116,winter,day2
2025-02-15 23:10:00,2946.2928,2597.383,winter,day2
2025-02-15 23:15:00,2753.5404000000003,2603.5796,winter,day2
2025-02-15 23:20:00,2502.9816,2618.9321,winter,day2
2025-02-15 23:25:00,2548.0272,2633.7769,winter,day2
2025-02-15 23:30:00,2540.3940000000002,2639.8157,winter,day2
2025-02-15 23:35:00,2539.1664,2636.714,winter,day2
2025-02-15 23:40:00,2457.7032,2621.3794,winter,day2
2025-02-15 23:45:00,2438.4072,2607.9287,winter,day2
2025-02-15 23:50:00,2441.1,2603.9521,winter,day2
2025-02-15 23:55:00,2596.3404,2603.6455,winter,day2
2025-12-02 00:00:00,2584.6764,2558.6128,winter,day3
2025-12-02 00:05:00,2585.208,2563.1584,winter,day3
2025-12-02 00:10:00,2589.12,2565.694,winter,day3
2025-12-02 00:15:00,2559.282,2570.7693,winter,day3
2025-12-02 00:20:00,2531.1192,2574.894,winter,day3
2025-12-02 00:25:00,2496.3887999999997,2582.7854,winter,day3
2025-12-02 00:30:00,2486.3280000000004,2588.9553,winter,day3
2025-12-02 00:35:00,2690.9939999999997,2596.0266,winter,day3
2025-12-02 00:40:00,2574.9252,2597.426,winter,day3
2025-12-02 00:45:00,2494.8108,2593.4104,winter,day3
2025-12-02 00:50:00,2455.4892,2590.004,winter,day3
2025-12-02 00:55:00,2462.4516,2585.7495,winter,day3
2025-12-02 01:00:00,2447.6135999999997,2584.6472,winter,day3
2025-12-02 01:05:00,2474.5703999999996,2581.5776,winter,day3
2025-12-02 01:10:00,2497.134,2577.395,winter,day3
2025-12-02 01:15:00,2529.6516,2577.712,winter,day3
2025-12-02 01:20:00,2571.4692000000005,2579.833,winter,day3
2025-12-02 01:25:00,2593.9512,2582.616,winter,day3
2025-12-02 01:30:00,2562.9576,2585.2148,winter,day3
2025-12-02 01:35:00,2498.9148,2587.7595,winter,day3
2025-12-02 01:40:00,2532.2592,2587.4592,winter,day3
2025-12-02 01:45:00,2671.7832,2586.4814,winter,day3
2025-12-02 01:50:00,2719.0872,2589.3154,winter,day3
2025-12-02 01:55:00,2499.786,2591.6892,winter,day3
2025-12-02 02:00:00,2475.3660000000004,2618.9517,winter,day3
2025-12-02 02:05:00,2435.1972,2625.396,winter,day3
2025-12-02 02:10:00,2416.3512,2627.0454,winter,day3
2025-12-02 02:15:00,2404.0716,2631.7627,winter,day3
2025-12-02 02:20:00,2407.6464,2629.6033,winter,day3
2025-12-02 02:25:00,2513.4552,2631.4258,winter,day3
2025-12-02 02:30:00,2573.7744,2631.3442,winter,day3
2025-12-02 02:35:00,2593.4412,2632.3943,winter,day3
2025-12-02 02:40:00,2579.1264,2634.573,winter,day3
2025-12-02 02:45:00,2561.5332000000003,2631.933,winter,day3
2025-12-02 02:50:00,2554.6704,2635.7373,winter,day3
2025-12-02 02:55:00,2680.9188000000004,2640.4238,winter,day3
2025-12-02 03:00:00,2821.9284,2653.5962,winter,day3
2025-12-02 03:05:00,2529.4788,2654.9932,winter,day3
2025-12-02 03:10:00,2450.1108,2651.8127,winter,day3
2025-12-02 03:15:00,2541.4308,2652.021,winter,day3
2025-12-02 03:20:00,2563.3116,2649.2646,winter,day3
2025-12-02 03:25:00,2546.5824000000002,2653.1323,winter,day3
2025-12-02 03:30:00,2570.7768,2657.7021,winter,day3
2025-12-02 03:35:00,2608.5348,2661.5085,winter,day3
2025-12-02 03:40:00,2459.814,2663.31,winter,day3
2025-12-02 03:45:00,2487.6552,2663.8845,winter,day3
2025-12-02 03:50:00,2492.58,2665.4946,winter,day3
2025-12-02 03:55:00,2491.2708,2666.1045,winter,day3
2025-12-02 04:00:00,2595.0984,2660.6262,winter,day3
2025-12-02 04:05:00,2754.0708,2656.7104,winter,day3
2025-12-02 04:10:00,2676.1644,2651.4448,winter,day3
2025-12-02 04:15:00,2469.6984,2649.9526,winter,day3
2025-12-02 04:20:00,2466.5412,2647.3245,winter,day3
2025-12-02 04:25:00,2462.928,2652.9526,winter,day3
2025-12-02 04:30:00,2440.3848000000003,2661.8389,winter,day3
2025-12-02 04:35:00,2441.0292,2671.213,winter,day3
2025-12-02 04:40:00,2483.6016,2678.9768,winter,day3
2025-12-02 04:45:00,2476.2864,2683.176,winter,day3
2025-12-02 04:50:00,2476.3128,2687.3638,winter,day3
2025-12-02 04:55:00,2498.7888,2692.346,winter,day3
2025-12-02 05:00:00,2523.3660000000004,2728.0962,winter,day3
2025-12-02 05:05:00,2492.9892,2728.2617,winter,day3
2025-12-02 05:10:00,2602.7760000000003,2720.7554,winter,day3
2025-12-02 05:15:00,2801.0388,2716.4912,winter,day3
2025-12-02 05:20:00,2673.4776,2713.3887,winter,day3
2025-12-02 05:25:00,2574.0732,2713.9092,winter,day3
2025-12-02 05:30:00,2596.2648,2717.49,winter,day3
2025-12-02 05:35:00,2568.6384,2722.5085,winter,day3
2025-12-02 05:40:00,2539.674,2727.3525,winter,day3
2025-12-02 05:45:00,2670.9276,2735.0488,winter,day3
2025-12-02 05:50:00,2813.7347999999997,2748.531,winter,day3
2025-12-02 05:55:00,2841.3156,2768.484,winter,day3
2025-12-02 06:00:00,2828.9052,3018.4116,winter,day3
2025-12-02 06:05:00,3314.8008,3075.5618,winter,day3
2025-12-02 06:10:00,3381.696,3121.9277,winter,day3
2025-12-02 06:15:00,3469.9020000000005,3168.5034,winter,day3
2025-12-02 06:20:00,3127.2312,3218.7146,winter,day3
2025-12-02 06:25:00,3247.2599999999998,3263.8315,winter,day3
2025-12-02 06:30:00,3546.2699999999995,3299.6194,winter,day3
2025-12-02 06:35:00,3619.1964,3331.6985,winter,day3
2025-12-02 06:40:00,3879.7032,3362.2705,winter,day3
2025-12-02 06:45:00,3268.986,3383.8936,winter,day3
2025-12-02 06:50:00,3886.7904000000003,3426.8105,winter,day3
2025-12-02 06:55:00,3782.0352,3460.1873,winter,day3
2025-12-02 07:00:00,3783.4752,3762.7163,winter,day3
2025-12-02 07:05:00,3802.332,3781.7363,winter,day3
2025-12-02 07:10:00,3549.6432,3794.563,winter,day3
2025-12-02 07:15:00,4389.8184,3815.6301,winter,day3
2025-12-02 07:20:00,3724.4375999999997,3848.767,winter,day3
2025-12-02 07:25:00,3420.7776,3896.257,winter,day3
2025-12-02 07:30:00,3205.5792,3949.6755,winter,day3
2025-12-02 07:35:00,10705.3956,4018.4338,winter,day3
2025-12-02 07:40:00,10067.283599999999,4092.3672,winter,day3
2025-12-02 07:45:00,7560.3408,4112.704,winter,day3
2025-12-02 07:50:00,4807.704,4097.944,winter,day3
2025-12-02 07:55:00,4616.5488,4067.4917,winter,day3
2025-12-02 08:00:00,4571.3387999999995,3807.1216,winter,day3
2025-12-02 08:05:00,4221.3384,3837.2295,winter,day3
2025-12-02 08:10:00,4044.636,3847.751,winter,day3
2025-12-02 08:15:00,4346.2464,3866.127,winter,day3
2025-12-02 08:20:00,4628.1012,3887.2,winter,day3
2025-12-02 08:25:00,3938.0112,3916.122,winter,day3
2025-12-02 08:30:00,4449.6516,3947.808,winter,day3
2025-12-02 08:35:00,4098.3972,3989.789,winter,day3
2025-12-02 08:40:00,4391.9016,4010.09,winter,day3
2025-12-02 08:45:00,4145.3616,4016.2214,winter,day3
2025-12-02 08:50:00,4601.3772,4035.2026,winter,day3
2025-12-02 08:55:00,3736.4676,4050.6006,winter,day3
2025-12-02 09:00:00,3649.4195999999997,4291.6143,winter,day3
2025-12-02 09:05:00,3287.7876000000006,4282.9893,winter,day3
2025-12-02 09:10:00,3704.5728000000004,4268.121,winter,day3
2025-12-02 09:15:00,3636.1944000000003,4257.586,winter,day3
2025-12-02 09:20:00,3402.618,4249.013,winter,day3
2025-12-02 09:25:00,3828.1452,4249.5337,winter,day3
2025-12-02 09:30:00,4100.364,4255.8027,winter,day3
2025-12-02 09:35:00,5915.7228000000005,4263.713,winter,day3
2025-12-02 09:40:00,5611.8984,4277.939,winter,day3
2025-12-02 09:45:00,6284.7444000000005,4292.001,winter,day3
2025-12-02 09:50:00,5128.0464,4323.99,winter,day3
2025-12-02 09:55:00,3856.9595999999997,4360.523,winter,day3
2025-12-02 10:00:00,3329.1684,4508.3774,winter,day3
2025-12-02 10:05:00,3522.4547999999995,4558.58,winter,day3
2025-12-02 10:10:00,4173.559200000001,4595.706,winter,day3
2025-12-02 10:15:00,3471.6612,4618.5093,winter,day3
2025-12-02 10:20:00,3522.942,4633.127,winter,day3
2025-12-02 10:25:00,4584.6348,4638.488,winter,day3
2025-12-02 10:30:00,3909.4919999999997,4639.5635,winter,day3
2025-12-02 10:35:00,3484.4916,4643.5005,winter,day3
2025-12-02 10:40:00,3428.1732,4645.9053,winter,day3
2025-12-02 10:45:00,3359.4804000000004,4636.851,winter,day3
2025-12-02 10:50:00,3126.1104,4632.984,winter,day3
2025-12-02 10:55:00,3711.8604,4624.8394,winter,day3
2025-12-02 11:00:00,5273.270399999999,4509.4272,winter,day3
2025-12-02 11:05:00,4952.9976,4487.6875,winter,day3
2025-12-02 11:10:00,5216.586,4455.0557,winter,day3
2025-12-02 11:15:00,3273.0155999999997,4414.45,winter,day3
2025-12-02 11:20:00,3135.8532,4364.8677,winter,day3
2025-12-02 11:25:00,3062.5092,4314.1357,winter,day3
2025-12-02 11:30:00,3240.69,4273.7236,winter,day3
2025-12-02 11:35:00,3230.982,4245.7715,winter,day3
2025-12-02 11:40:00,3260.3904,4221.4907,winter,day3
2025-12-02 11:45:00,3225.2184,4188.1226,winter,day3
2025-12-02 11:50:00,3921.918,4172.375,winter,day3
2025-12-02 11:55:00,3512.7203999999997,4148.092,winter,day3
2025-12-02 12:00:00,4808.245199999999,4132.499,winter,day3
2025-12-02 12:05:00,3658.2396,4101.2646,winter,day3
2025-12-02 12:10:00,2711.4744,4060.3127,winter,day3
2025-12-02 12:15:00,2604.3948,4028.8525,winter,day3
2025-12-02 12:20:00,2801.2212,4005.2058,winter,day3
2025-12-02 12:25:00,2865.6012,3984.8032,winter,day3
2025-12-02 12:30:00,2542.9548000000004,3978.601,winter,day3
2025-12-02 12:35:00,2481.0984,3992.826,winter,day3
2025-12-02 12:40:00,2771.0076,4017.7043,winter,day3
2025-12-02 12:45:00,2348.0148,4042.418,winter,day3
2025-12-02 12:50:00,2308.3548,4081.588,winter,day3
2025-12-02 12:55:00,3027.4595999999997,4110.856,winter,day3
2025-12-02 13:00:00,3510.2940000000003,4991.1533,winter,day3
2025-12-02 13:05:00,2609.2752,5093.627,winter,day3
2025-12-02 13:10:00,2433.036,5133.6084,winter,day3
2025-12-02 13:15:00,2345.9052,5162.367,winter,day3
2025-12-02 13:20:00,2655.876,5167.9893,winter,day3
2025-12-02 13:25:00,2783.5164,5150.91,winter,day3
2025-12-02 13:30:00,2350.638,5177.195,winter,day3
2025-12-02 13:35:00,2416.8804,5209.329,winter,day3
2025-12-02 13:40:00,2738.5032,5215.824,winter,day3
2025-12-02 13:45:00,2698.3332,5195.751,winter,day3
2025-12-02 13:50:00,3171.6468,5187.0713,winter,day3
2025-12-02 13:55:00,2537.556,5131.046,winter,day3
2025-12-02 14:00:00,3734.082,4727.08,winter,day3
2025-12-02 14:05:00,3048.7907999999998,4685.499,winter,day3
2025-12-02 14:10:00,2487.3120000000004,4628.3926,winter,day3
2025-12-02 14:15:00,2934.0072,4583.961,winter,day3
2025-12-02 14:20:00,2624.2871999999998,4538.0137,winter,day3
2025-12-02 14:25:00,2740.02,4492.682,winter,day3
2025-12-02 14:30:00,4219.794,4465.57,winter,day3
2025-12-02 14:35:00,2654.328,4457.9365,winter,day3
2025-12-02 14:40:00,2405.3988,4472.8076,winter,day3
2025-12-02 14:45:00,2550.5124,4506.365,winter,day3
2025-12-02 14:50:00,2943.7871999999998,4575.262,winter,day3
2025-12-02 14:55:00,3097.4543999999996,4646.8403,winter,day3
2025-12-02 15:00:00,3536.3184,4867.936,winter,day3
2025-12-02 15:05:00,3761.1816,4929.459,winter,day3
2025-12-02 15:10:00,5736.9144,4978.8174,winter,day3
2025-12-02 15:15:00,3531.6684,5043.83,winter,day3
2025-12-02 15:20:00,3434.8368,5089.43,winter,day3
2025-12-02 15:25:00,4197.5772,5128.965,winter,day3
2025-12-02 15:30:00,3837.726,5172.125,winter,day3
2025-12-02 15:35:00,3723.4392,5211.327,winter,day3
2025-12-02 15:40:00,4281.906,5253.8823,winter,day3
2025-12-02 15:45:00,4808.8788,5268.8477,winter,day3
2025-12-02 15:50:00,8003.0748,5282.357,winter,day3
2025-12-02 15:55:00,10921.180799999998,5311.9404,winter,day3
2025-12-02 16:00:00,7045.9512,6274.393,winter,day3
2025-12-02 16:05:00,5442.3348,6433.6724,winter,day3
2025-12-02 16:10:00,4902.6432,6651.252,winter,day3
2025-12-02 16:15:00,5564.142,6931.914,winter,day3
2025-12-02 16:20:00,5172.030000000001,7079.251,winter,day3
2025-12-02 16:25:00,4569.3876,7092.4526,winter,day3
2025-12-02 16:30:00,6030.306,7140.1943,winter,day3
2025-12-02 16:35:00,4963.482,7041.719,winter,day3
2025-12-02 16:40:00,4907.358,6944.341,winter,day3
2025-12-02 16:45:00,4758.9276,6762.0913,winter,day3
2025-12-02 16:50:00,5014.9980000000005,6547.4604,winter,day3
2025-12-02 16:55:00,4404.9828,6424.5625,winter,day3
2025-12-02 17:00:00,4670.3988,6293.077,winter,day3
2025-12-02 17:05:00,5168.3315999999995,6293.8105,winter,day3
2025-12-02 17:10:00,5390.0964,6253.7153,winter,day3
2025-12-02 17:15:00,6159.0216,6206.6606,winter,day3
2025-12-02 17:20:00,4260.8243999999995,6103.7617,winter,day3
2025-12-02 17:25:00,5884.4256000000005,5983.3574,winter,day3
2025-12-02 17:30:00,4307.7312,5907.465,winter,day3
2025-12-02 17:35:00,4909.2768,5860.787,winter,day3
2025-12-02 17:40:00,4737.6744,5849.2007,winter,day3
2025-12-02 17:45:00,4368.9684,5863.5854,winter,day3
2025-12-02 17:50:00,4411.5156,5931.995,winter,day3
2025-12-02 17:55:00,5227.368,6097.816,winter,day3
2025-12-02 18:00:00,5888.1816,7647.696,winter,day3
2025-12-02 18:05:00,9812.7636,8270.088,winter,day3
2025-12-02 18:10:00,11284.710000000001,8814.462,winter,day3
2025-12-02 18:15:00,11618.9928,8975.641,winter,day3
2025-12-02 18:20:00,10094.826,8751.953,winter,day3
2025-12-02 18:25:00,10502.1132,8375.033,winter,day3
2025-12-02 18:30:00,12101.6124,8089.668,winter,day3
2025-12-02 18:35:00,9531.9984,7912.821,winter,day3
2025-12-02 18:40:00,10680.1812,7787.3438,winter,day3
2025-12-02 18:45:00,12144.138,7562.6704,winter,day3
2025-12-02 18:50:00,7109.723999999999,7359.4507,winter,day3
2025-12-02 18:55:00,7418.1972000000005,7219.7,winter,day3
2025-12-02 19:00:00,7708.2648,6102.177,winter,day3
2025-12-02 19:05:00,9314.2776,5817.9077,winter,day3
2025-12-02 19:10:00,9864.9504,5520.927,winter,day3
2025-12-02 19:15:00,8999.8596,5194.8975,winter,day3
2025-12-02 19:20:00,6535.7339999999995,4883.833,winter,day3
2025-12-02 19:25:00,4100.412,4644.479,winter,day3
2025-12-02 19:30:00,4550.5188,4498.6323,winter,day3
2025-12-02 19:35:00,4494.7788,4418.3613,winter,day3
2025-12-02 19:40:00,3748.4796,4374.0654,winter,day3
2025-12-02 19:45:00,5512.9872000000005,4344.658,winter,day3
2025-12-02 19:50:00,3661.0932000000003,4331.0493,winter,day3
2025-12-02 19:55:00,3563.4252,4321.023,winter,day3
2025-12-02 20:00:00,3712.278,4317.8755,winter,day3
2025-12-02 20:05:00,3904.3032,4284.297,winter,day3
2025-12-02 20:10:00,4927.479600000001,4238.2563,winter,day3
2025-12-02 20:15:00,3493.1376000000005,4194.5493,winter,day3
2025-12-02 20:20:00,3690.5063999999998,4138.8374,winter,day3
2025-12-02 20:25:00,5000.07,4084.8481,winter,day3
2025-12-02 20:30:00,3994.9392,4042.9797,winter,day3
2025-12-02 20:35:00,3530.514,4013.2124,winter,day3
2025-12-02 20:40:00,4586.4767999999995,3989.0742,winter,day3
2025-12-02 20:45:00,3391.0656000000004,3954.9092,winter,day3
2025-12-02 20:50:00,3483.6696,3916.8167,winter,day3
2025-12-02 20:55:00,3330.3588000000004,3864.484,winter,day3
2025-12-02 21:00:00,3306.4811999999997,3249.5898,winter,day3
2025-12-02 21:05:00,3287.6268000000005,3162.6953,winter,day3
2025-12-02 21:10:00,3172.2275999999997,3049.6538,winter,day3
2025-12-02 21:15:00,3150.8544,2951.5596,winter,day3
2025-12-02 21:20:00,3292.8588000000004,2861.218,winter,day3
2025-12-02 21:25:00,3413.5824000000002,2793.1748,winter,day3
2025-12-02 21:30:00,3162.7932,2742.4993,winter,day3
2025-12-02 21:35:00,2532.1032,2707.371,winter,day3
2025-12-02 21:40:00,2470.866,2680.9133,winter,day3
2025-12-02 21:45:00,2432.8896,2662.4485,winter,day3
2025-12-02 21:50:00,2435.016,2657.3262,winter,day3
2025-12-02 21:55:00,2388.636,2657.6284,winter,day3
2025-12-02 22:00:00,2384.8104,2595.3894,winter,day3
2025-12-02 22:05:00,2335.4088,2591.7798,winter,day3
2025-12-02 22:10:00,2418.3408,2584.362,winter,day3
2025-12-02 22:15:00,2474.7095999999997,2580.9604,winter,day3
2025-12-02 22:20:00,2393.5464,2577.7908,winter,day3
2025-12-02 22:25:00,2419.8024,2578.1926,winter,day3
2025-12-02 22:30:00,2450.4492,2575.5498,winter,day3
2025-12-02 22:35:00,2568.1416,2572.5205,winter,day3
2025-12-02 22:40:00,2598.1284,2571.7488,winter,day3
2025-12-02 22:45:00,2508.744,2571.8455,winter,day3
2025-12-02 22:50:00,2466.5652,2578.0347,winter,day3
2025-12-02 22:55:00,2458.7472,2583.2725,winter,day3
2025-12-02 23:00:00,2433.3815999999997,2544.284,winter,day3
2025-12-02 23:05:00,2410.7076,2547.5513,winter,day3
2025-12-02 23:10:00,2413.4472,2549.0562,winter,day3
2025-12-02 23:15:00,2412.6312000000003,2554.758,winter,day3
2025-12-02 23:20:00,2454.2844,2560.6707,winter,day3
2025-12-02 23:25:00,2464.9236,2571.243,winter,day3
2025-12-02 23:30:00,2458.1592,2580.688,winter,day3
2025-12-02 23:35:00,2471.8356,2592.8354,winter,day3
2025-12-02 23:40:00,2516.2943999999998,2603.368,winter,day3
2025-12-02 23:45:00,2607.6972,2608.541,winter,day3
2025-12-02 23:50:00,2705.5236,2613.0498,winter,day3
2025-12-02 23:55:00,2556.8328,2616.35,winter,day3
2025-12-16 00:00:00,2537.6531999999997,2569.4126,winter,day4
2025-12-16 00:05:00,2463.0612,2566.3167,winter,day4
2025-12-16 00:10:00,2478.9552,2568.7412,winter,day4
2025-12-16 00:15:00,2475.5952,2571.267,winter,day4
2025-12-16 00:20:00,2526.93,2578.5823,winter,day4
2025-12-16 00:25:00,2661.3804,2585.8188,winter,day4
2025-12-16 00:30:00,2497.9211999999998,2589.5703,winter,day4
2025-12-16 00:35:00,2512.8108,2593.278,winter,day4
2025-12-16 00:40:00,2480.7372,2593.7969,winter,day4
2025-12-16 00:45:00,2447.2524,2594.0867,winter,day4
2025-12-16 00:50:00,2428.0188000000003,2593.4277,winter,day4
2025-12-16 00:55:00,2469.3876,2589.6187,winter,day4
2025-12-16 01:00:00,2464.098,2588.7168,winter,day4
2025-12-16 01:05:00,2487.9096,2584.134,winter,day4
2025-12-16 01:10:00,2482.6068,2583.1582,winter,day4
2025-12-16 01:15:00,2474.6244,2581.8499,winter,day4
2025-12-16 01:20:00,2426.1996,2584.8933,winter,day4
2025-12-16 01:25:00,2422.1484,2586.9773,winter,day4
2025-12-16 01:30:00,2423.5595999999996,2586.2197,winter,day4
2025-12-16 01:35:00,2611.6068000000005,2585.163,winter,day4
2025-12-16 01:40:00,2671.5756,2582.7766,winter,day4
2025-12-16 01:45:00,2519.8584,2580.7659,winter,day4
2025-12-16 01:50:00,2502.0,2580.8032,winter,day4
2025-12-16 01:55:00,2512.4988,2581.7114,winter,day4
2025-12-16 02:00:00,2486.046,2615.675,winter,day4
2025-12-16 02:05:00,2490.7403999999997,2621.8242,winter,day4
2025-12-16 02:10:00,2474.5836,2623.6716,winter,day4
2025-12-16 02:15:00,2457.4428,2622.7195,winter,day4
2025-12-16 02:20:00,2506.3812,2622.6138,winter,day4
2025-12-16 02:25:00,2499.4668,2623.8892,winter,day4
2025-12-16 02:30:00,2483.6232,2623.5168,winter,day4
2025-12-16 02:35:00,2487.9108,2622.8413,winter,day4
2025-12-16 02:40:00,2523.3455999999996,2621.0024,winter,day4
2025-12-16 02:45:00,2520.9156000000003,2619.7632,winter,day4
2025-12-16 02:50:00,2706.6036,2622.9631,winter,day4
2025-12-16 02:55:00,2766.4248,2628.8914,winter,day4
2025-12-16 03:00:00,2290.1076000000003,2633.4019,winter,day4
2025-12-16 03:05:00,2421.8496,2645.6594,winter,day4
2025-12-16 03:10:00,2512.548,2652.2812,winter,day4
2025-12-16 03:15:00,2539.3104,2653.8076,winter,day4
2025-12-16 03:20:00,2553.546,2649.3171,winter,day4
2025-12-16 03:25:00,2564.2932,2644.2065,winter,day4
2025-12-16 03:30:00,2555.55,2639.972,winter,day4
2025-12-16 03:35:00,2529.3684000000003,2635.1562,winter,day4
2025-12-16 03:40:00,2524.3296,2631.86,winter,day4
2025-12-16 03:45:00,2553.1776,2631.5696,winter,day4
2025-12-16 03:50:00,2598.0492,2633.0508,winter,day4
2025-12-16 03:55:00,2610.4031999999997,2636.3535,winter,day4
2025-12-16 04:00:00,2672.9664000000002,2643.3047,winter,day4
2025-12-16 04:05:00,2769.1476,2643.1738,winter,day4
2025-12-16 04:10:00,2510.9796,2639.4817,winter,day4
2025-12-16 04:15:00,2513.3496,2637.6133,winter,day4
2025-12-16 04:20:00,2461.6572,2638.5054,winter,day4
2025-12-16 04:25:00,2454.2832000000003,2640.8455,winter,day4
2025-12-16 04:30:00,2431.9415999999997,2642.8865,winter,day4
2025-12-16 04:35:00,2428.5168000000003,2644.3276,winter,day4
2025-12-16 04:40:00,2429.9412,2644.721,winter,day4
2025-12-16 04:45:00,2432.2812,2647.5981,winter,day4
2025-12-16 04:50:00,2449.4688,2649.5999,winter,day4
2025-12-16 04:55:00,2473.9968,2656.1436,winter,day4
2025-12-16 05:00:00,2527.7064,2672.8098,winter,day4
2025-12-16 05:05:00,2551.5227999999997,2679.6604,winter,day4
2025-12-16 05:10:00,2566.3548,2684.0957,winter,day4
2025-12-16 05:15:00,2722.0716,2685.8823,winter,day4
2025-12-16 05:20:00,2673.9900000000002,2686.352,winter,day4
2025-12-16 05:25:00,2507.898,2685.849,winter,day4
2025-12-16 05:30:00,2523.1512000000002,2683.2773,winter,day4
2025-12-16 05:35:00,2549.0676,2680.8584,winter,day4
2025-12-16 05:40:00,2525.4012,2680.0198,winter,day4
2025-12-16 05:45:00,2511.8568,2685.3916,winter,day4
2025-12-16 05:50:00,2513.7456,2691.913,winter,day4
2025-12-16 05:55:00,2576.892,2707.942,winter,day4
2025-12-16 06:00:00,3618.0396,2912.9688,winter,day4
2025-12-16 06:05:00,3193.9272,2966.8174,winter,day4
2025-12-16 06:10:00,3056.322,3010.763,winter,day4
2025-12-16 06:15:00,3188.802,3056.0864,winter,day4
2025-12-16 06:20:00,3320.8584,3092.7412,winter,day4
2025-12-16 06:25:00,3678.6936,3138.8862,winter,day4
2025-12-16 06:30:00,3141.4139999999998,3181.5137,winter,day4
2025-12-16 06:35:00,3588.9756,3232.6133,winter,day4
2025-12-16 06:40:00,3585.9936000000002,3260.998,winter,day4
2025-12-16 06:45:00,3242.9543999999996,3256.7617,winter,day4
2025-12-16 06:50:00,3911.3903999999993,3245.149,winter,day4
2025-12-16 06:55:00,3752.6135999999997,3226.7803,winter,day4
2025-12-16 07:00:00,3536.4792,3400.5566,winter,day4
2025-12-16 07:05:00,3213.9744,3455.1729,winter,day4
2025-12-16 07:10:00,3840.2915999999996,3517.5444,winter,day4
2025-12-16 07:15:00,3452.256,3596.4878,winter,day4
2025-12-16 07:20:00,4289.8572,3679.9736,winter,day4
2025-12-16 07:25:00,3764.9388,3790.79,winter,day4
2025-12-16 07:30:00,3594.4968,3895.7163,winter,day4
2025-12-16 07:35:00,8889.6912,4044.7026,winter,day4
2025-12-16 07:40:00,13350.6684,4204.5957,winter,day4
2025-12-16 07:45:00,8135.238,4286.9395,winter,day4
2025-12-16 07:50:00,7084.504800000001,4335.573,winter,day4
2025-12-16 07:55:00,7205.719200000001,4308.5776,winter,day4
2025-12-16 08:00:00,5879.8068,4317.925,winter,day4
2025-12-16 08:05:00,4666.3068,4351.47,winter,day4
2025-12-16 08:10:00,4394.0808,4357.494,winter,day4
2025-12-16 08:15:00,5070.0396,4370.3164,winter,day4
2025-12-16 08:20:00,5125.4232,4395.368,winter,day4
2025-12-16 08:25:00,4303.0656,4403.8833,winter,day4
2025-12-16 08:30:00,4704.1788,4414.305,winter,day4
2025-12-16 08:35:00,4075.7591999999995,4415.8984,winter,day4
2025-12-16 08:40:00,5405.31,4427.971,winter,day4
2025-12-16 08:45:00,4404.897599999999,4422.601,winter,day4
2025-12-16 08:50:00,4950.6528,4446.867,winter,day4
2025-12-16 08:55:00,6181.3092,4448.1206,winter,day4
2025-12-16 09:00:00,7122.306,4465.168,winter,day4
2025-12-16 09:05:00,6685.9908,4464.217,winter,day4
2025-12-16 09:10:00,5233.7771999999995,4438.425,winter,day4
2025-12-16 09:15:00,4153.1268,4428.2046,winter,day4
2025-12-16 09:20:00,4161.3144,4440.384,winter,day4
2025-12-16 09:25:00,4026.3971999999994,4458.616,winter,day4
2025-12-16 09:30:00,5052.306,4482.806,winter,day4
2025-12-16 09:35:00,4094.2668,4498.2393,winter,day4
2025-12-16 09:40:00,4127.8476,4512.8765,winter,day4
2025-12-16 09:45:00,4505.4204,4512.185,winter,day4
2025-12-16 09:50:00,4041.7356,4525.6973,winter,day4
2025-12-16 09:55:00,4273.462799999999,4523.4927,winter,day4
2025-12-16 10:00:00,4452.0552,4490.0845,winter,day4
2025-12-16 10:05:00,4339.7004,4490.359,winter,day4
2025-12-16 10:10:00,4576.8612,4463.71,winter,day4
2025-12-16 10:15:00,4096.518,4443.1743,winter,day4
2025-12-16 10:20:00,4990.0284,4430.16,winter,day4
2025-12-16 10:25:00,4283.2356,4410.2437,winter,day4
2025-12-16 10:30:00,4198.0848,4391.0835,winter,day4
2025-12-16 10:35:00,4275.766799999999,4365.5063,winter,day4
2025-12-16 10:40:00,4266.4704,4363.512,winter,day4
2025-12-16 10:45:00,4146.7356,4367.5796,winter,day4
2025-12-16 10:50:00,4051.476,4404.9624,winter,day4
2025-12-16 10:55:00,4008.6924,4419.1104,winter,day4
2025-12-16 11:00:00,3833.4636,4419.823,winter,day4
2025-12-16 11:05:00,3885.5519999999997,4400.672,winter,day4
2025-12-16 11:10:00,4982.191199999999,4336.663,winter,day4
2025-12-16 11:15:00,4509.4524,4262.4824,winter,day4
2025-12-16 11:20:00,5283.576,4184.2593,winter,day4
2025-12-16 11:25:00,5901.5736,4109.5474,winter,day4
2025-12-16 11:30:00,4369.2048,4066.133,winter,day4
2025-12-16 11:35:00,3914.8235999999997,4030.4927,winter,day4
2025-12-16 11:40:00,3608.1084,4020.116,winter,day4
2025-12-16 11:45:00,3877.2612,4004.538,winter,day4
2025-12-16 11:50:00,4029.2700000000004,4028.3108,winter,day4
2025-12-16 11:55:00,3742.668,4021.813,winter,day4
2025-12-16 12:00:00,6038.3544,3961.5215,winter,day4
2025-12-16 12:05:00,4067.7383999999997,3952.3047,winter,day4
2025-12-16 12:10:00,4482.716399999999,3914.7627,winter,day4
2025-12-16 12:15:00,3729.8424,3879.9832,winter,day4
2025-12-16 12:20:00,3680.1672,3848.4058,winter,day4
2025-12-16 12:25:00,3748.7160000000003,3821.318,winter,day4
2025-12-16 12:30:00,4284.1068,3810.5657,winter,day4
2025-12-16 12:35:00,3777.2724000000003,3791.3113,winter,day4
2025-12-16 12:40:00,4806.6084,3783.902,winter,day4
2025-12-16 12:45:00,4121.4264,3763.7224,winter,day4
2025-12-16 12:50:00,3663.7932,3770.9604,winter,day4
2025-12-16 12:55:00,3641.1803999999997,3747.1758,winter,day4
2025-12-16 13:00:00,4079.0616,3776.5764,winter,day4
2025-12-16 13:05:00,5389.7448,3715.52,winter,day4
2025-12-16 13:10:00,4180.530000000001,3626.1658,winter,day4
2025-12-16 13:15:00,3867.5292,3544.15,winter,day4
2025-12-16 13:20:00,3947.0832,3475.2275,winter,day4
2025-12-16 13:25:00,4291.2084,3419.6843,winter,day4
2025-12-16 13:30:00,3750.8556,3381.889,winter,day4
2025-12-16 13:35:00,3951.222,3344.653,winter,day4
2025-12-16 13:40:00,3920.4024,3321.9326,winter,day4
2025-12-16 13:45:00,3324.2484000000004,3317.855,winter,day4
2025-12-16 13:50:00,3828.1944000000003,3346.6106,winter,day4
2025-12-16 13:55:00,3311.3136,3386.2407,winter,day4
2025-12-16 14:00:00,3627.4115999999995,3756.2505,winter,day4
2025-12-16 14:05:00,3714.8712,3833.9038,winter,day4
2025-12-16 14:10:00,4166.5199999999995,3885.5645,winter,day4
2025-12-16 14:15:00,3917.3808000000004,3924.9377,winter,day4
2025-12-16 14:20:00,5278.9044,3948.29,winter,day4
2025-12-16 14:25:00,3564.9252,3985.6428,winter,day4
2025-12-16 14:30:00,3410.8896,4033.7886,winter,day4
2025-12-16 14:35:00,3794.142,4093.4763,winter,day4
2025-12-16 14:40:00,4064.0759999999996,4155.4375,winter,day4
2025-12-16 14:45:00,4060.0187999999994,4215.969,winter,day4
2025-12-16 14:50:00,5638.8264,4301.6196,winter,day4
2025-12-16 14:55:00,4045.8311999999996,4376.735,winter,day4
2025-12-16 15:00:00,5577.5988,4687.8936,winter,day4
2025-12-16 15:05:00,5338.7663999999995,4787.5264,winter,day4
2025-12-16 15:10:00,4601.8332,4879.144,winter,day4
2025-12-16 15:15:00,4514.3004,4977.526,winter,day4
2025-12-16 15:20:00,4651.674000000001,5041.388,winter,day4
2025-12-16 15:25:00,4688.780400000001,5114.8535,winter,day4
2025-12-16 15:30:00,5018.646,5184.1924,winter,day4
2025-12-16 15:35:00,4649.3124,5263.8823,winter,day4
2025-12-16 15:40:00,5036.8956,5328.8657,winter,day4
2025-12-16 15:45:00,6101.222400000001,5387.46,winter,day4
2025-12-16 15:50:00,5310.1344,5455.907,winter,day4
2025-12-16 15:55:00,5578.8444,5513.419,winter,day4
2025-12-16 16:00:00,6418.926,6587.352,winter,day4
2025-12-16 16:05:00,6934.9872000000005,6896.519,winter,day4
2025-12-16 16:10:00,5723.4084,7244.945,winter,day4
2025-12-16 16:15:00,6220.02,7624.219,winter,day4
2025-12-16 16:20:00,6189.9816,7790.406,winter,day4
2025-12-16 16:25:00,8523.5976,7934.341,winter,day4
2025-12-16 16:30:00,6921.2136,8076.4385,winter,day4
2025-12-16 16:35:00,6369.4176,8236.427,winter,day4
2025-12-16 16:40:00,5543.4936,8370.945,winter,day4
2025-12-16 16:45:00,5541.312,8459.33,winter,day4
2025-12-16 16:50:00,6021.54,8469.634,winter,day4
2025-12-16 16:55:00,5594.2212,8489.188,winter,day4
2025-12-16 17:00:00,5404.383599999999,8002.845,winter,day4
2025-12-16 17:05:00,5644.6044,8076.3535,winter,day4
2025-12-16 17:10:00,5346.6396,7929.805,winter,day4
2025-12-16 17:15:00,5382.9756,7595.4863,winter,day4
2025-12-16 17:20:00,5437.419599999999,6956.461,winter,day4
2025-12-16 17:25:00,5168.364,6414.165,winter,day4
2025-12-16 17:30:00,4849.17,6128.451,winter,day4
2025-12-16 17:35:00,4824.846,5980.0293,winter,day4
2025-12-16 17:40:00,4795.218,5935.5547,winter,day4
2025-12-16 17:45:00,4838.4264,5890.171,winter,day4
2025-12-16 17:50:00,5375.1948,5946.8296,winter,day4
2025-12-16 17:55:00,6129.4152,6111.5703,winter,day4
2025-12-16 18:00:00,7022.948399999999,6600.1436,winter,day4
2025-12-16 18:05:00,9322.598399999999,6876.169,winter,day4
2025-12-16 18:10:00,12304.332,6960.054,winter,day4
2025-12-16 18:15:00,13883.9892,6917.3613,winter,day4
2025-12-16 18:20:00,10606.9176,6678.765,winter,day4
2025-12-16 18:25:00,11033.883600000001,6465.4014,winter,day4
2025-12-16 18:30:00,10770.066,6390.0615,winter,day4
2025-12-16 18:35:00,10817.2656,6340.611,winter,day4
2025-12-16 18:40:00,10768.5732,6294.6245,winter,day4
2025-12-16 18:45:00,11083.158,6168.1626,winter,day4
2025-12-16 18:50:00,10502.316,6139.0815,winter,day4
2025-12-16 18:55:00,11726.8764,6179.4595,winter,day4
2025-12-16 19:00:00,9362.4708,5707.4253,winter,day4
2025-12-16 19:05:00,8939.4012,5698.7896,winter,day4
2025-12-16 19:10:00,9068.5296,5511.7046,winter,day4
2025-12-16 19:15:00,10369.382399999999,5216.651,winter,day4
2025-12-16 19:20:00,4406.4276,4872.1094,winter,day4
2025-12-16 19:25:00,4186.9980000000005,4665.692,winter,day4
2025-12-16 19:30:00,3759.4103999999998,4594.835,winter,day4
2025-12-16 19:35:00,3591.4980000000005,4560.321,winter,day4
2025-12-16 19:40:00,3997.8432000000003,4576.442,winter,day4
2025-12-16 19:45:00,4548.5256,4574.1494,winter,day4
2025-12-16 19:50:00,3994.7388,4611.2114,winter,day4
2025-12-16 19:55:00,3709.2588000000005,4600.16,winter,day4
2025-12-16 20:00:00,3851.6184000000003,4358.806,winter,day4
2025-12-16 20:05:00,3718.47,4347.302,winter,day4
2025-12-16 20:10:00,3542.9483999999998,4289.3438,winter,day4
2025-12-16 20:15:00,3521.2992,4255.9946,winter,day4
2025-12-16 20:20:00,3372.9900000000002,4224.1514,winter,day4
2025-12-16 20:25:00,3389.2332,4188.8857,winter,day4
2025-12-16 20:30:00,3283.4328,4165.26,winter,day4
2025-12-16 20:35:00,3479.4120000000003,4120.704,winter,day4
2025-12-16 20:40:00,3745.8095999999996,4094.2844,winter,day4
2025-12-16 20:45:00,3636.8256,4046.6206,winter,day4
2025-12-16 20:50:00,3511.9475999999995,4033.4778,winter,day4
2025-12-16 20:55:00,3160.8300000000004,3980.961,winter,day4
2025-12-16 21:00:00,2850.8544,3602.0974,winter,day4
2025-12-16 21:05:00,3042.5196,3542.6958,winter,day4
2025-12-16 21:10:00,2641.8276,3427.2139,winter,day4
2025-12-16 21:15:00,2519.262,3330.1443,winter,day4
2025-12-16 21:20:00,2553.0744,3247.4285,winter,day4
2025-12-16 21:25:00,2424.522,3148.993,winter,day4
2025-12-16 21:30:00,2406.6228,3063.6492,winter,day4
2025-12-16 21:35:00,2408.4168,2966.977,winter,day4
2025-12-16 21:40:00,2452.5396,2906.784,winter,day4
2025-12-16 21:45:00,2527.0487999999996,2851.79,winter,day4
2025-12-16 21:50:00,2566.5407999999998,2844.6155,winter,day4
2025-12-16 21:55:00,2691.1824,2852.3086,winter,day4
2025-12-16 22:00:00,2636.7324,2731.881,winter,day4
2025-12-16 22:05:00,2519.8163999999997,2758.399,winter,day4
2025-12-16 22:10:00,2459.0063999999998,2746.2676,winter,day4
2025-12-16 22:15:00,2469.444,2740.7307,winter,day4
2025-12-16 22:20:00,2629.8804,2755.0088,winter,day4
2025-12-16 22:25:00,2411.6412,2758.7605,winter,day4
2025-12-16 22:30:00,2404.7952,2768.914,winter,day4
2025-12-16 22:35:00,2386.5227999999997,2765.4282,winter,day4
2025-12-16 22:40:00,2356.6524,2781.7163,winter,day4
2025-12-16 22:45:00,2410.1699999999996,2785.6133,winter,day4
2025-12-16 22:50:00,2458.6308,2811.542,winter,day4
2025-12-16 22:55:00,2457.5592,2831.935,winter,day4
2025-12-16 23:00:00,2356.7484,2721.3354,winter,day4
2025-12-16 23:05:00,2337.0996,2742.6223,winter,day4
2025-12-16 23:10:00,2441.2511999999997,2747.4587,winter,day4
2025-12-16 23:15:00,2482.1556,2762.3972,winter,day4
2025-12-16 23:20:00,2489.8968,2791.809,winter,day4
2025-12-16 23:25:00,2577.7008,2819.3884,winter,day4
2025-12-16 23:30:00,2728.6416,2881.1394,winter,day4
2025-12-16 23:35:00,2683.764,2964.9128,winter,day4
2025-12-16 23:40:00,2471.9808000000003,3062.8955,winter,day4
2025-12-16 23:45:00,2458.0584,3107.6396,winter,day4
2025-12-16 23:50:00,2508.2268,3119.744,winter,day4
2025-12-16 23:55:00,2562.8736,3136.879,winter,day4
2025-12-31 00:00:00,3338.9136,2841.5098,winter,day5
2025-12-31 00:05:00,3319.3343999999997,2890.6243,winter,day5
2025-12-31 00:10:00,2794.9272,2927.0183,winter,day5
2025-12-31 00:15:00,3241.1208,2952.7253,winter,day5
2025-12-31 00:20:00,2992.0703999999996,2972.976,winter,day5
2025-12-31 00:25:00,3351.4127999999996,2982.3252,winter,day5
2025-12-31 00:30:00,3351.6444,3000.19,winter,day5
2025-12-31 00:35:00,2985.12,3020.696,winter,day5
2025-12-31 00:40:00,3308.274,3039.4365,winter,day5
2025-12-31 00:45:00,3283.6752,3040.6318,winter,day5
2025-12-31 00:50:00,3266.0256,3037.4126,winter,day5
2025-12-31 00:55:00,3306.7512,3032.1155,winter,day5
2025-12-31 01:00:00,2924.0676,2955.9175,winter,day5
2025-12-31 01:05:00,3583.3644,2927.5186,winter,day5
2025-12-31 01:10:00,3572.2008,2877.4038,winter,day5
2025-12-31 01:15:00,3407.7563999999998,2821.524,winter,day5
2025-12-31 01:20:00,3333.2388,2774.5605,winter,day5
2025-12-31 01:25:00,3103.6272,2733.3433,winter,day5
2025-12-31 01:30:00,3114.5016,2709.1533,winter,day5
2025-12-31 01:35:00,2717.7156,2691.205,winter,day5
2025-12-31 01:40:00,2677.3104,2682.1099,winter,day5
2025-12-31 01:45:00,2759.4504,2672.4224,winter,day5
2025-12-31 01:50:00,2732.4624,2669.3315,winter,day5
2025-12-31 01:55:00,2525.8248,2666.7703,winter,day5
2025-12-31 02:00:00,2513.3172,2670.2017,winter,day5
2025-12-31 02:05:00,2507.8452,2670.823,winter,day5
2025-12-31 02:10:00,2518.17,2666.1938,winter,day5
2025-12-31 02:15:00,2575.4700000000003,2661.9473,winter,day5
2025-12-31 02:20:00,2600.076,2657.2102,winter,day5
2025-12-31 02:25:00,2733.7608,2650.8972,winter,day5
2025-12-31 02:30:00,2878.1268,2647.0896,winter,day5
2025-12-31 02:35:00,2681.0556,2645.8413,winter,day5
2025-12-31 02:40:00,2654.16,2645.6667,winter,day5
2025-12-31 02:45:00,2642.2284,2643.729,winter,day5
2025-12-31 02:50:00,2643.522,2644.707,winter,day5
2025-12-31 02:55:00,2711.7408000000005,2644.4172,winter,day5
2025-12-31 03:00:00,2456.0964,2658.6824,winter,day5
2025-12-31 03:05:00,2610.2784,2658.8733,winter,day5
2025-12-31 03:10:00,2780.85,2655.386,winter,day5
2025-12-31 03:15:00,2629.2455999999997,2652.8494,winter,day5
2025-12-31 03:20:00,2558.4924,2649.746,winter,day5
2025-12-31 03:25:00,2607.1164,2647.0862,winter,day5
2025-12-31 03:30:00,2624.0988,2646.7053,winter,day5
2025-12-31 03:35:00,2653.4604,2647.5542,winter,day5
2025-12-31 03:40:00,2596.5335999999998,2647.9675,winter,day5
2025-12-31 03:45:00,2587.9199999999996,2646.263,winter,day5
2025-12-31 03:50:00,2564.3892,2645.9553,winter,day5
2025-12-31 03:55:00,2620.44,2644.3838,winter,day5
2025-12-31 04:00:00,2676.4896,2666.988,winter,day5
2025-12-31 04:05:00,2725.3512,2666.1184,winter,day5
2025-12-31 04:10:00,2698.3068,2662.5413,winter,day5
2025-12-31 04:15:00,2618.6076000000003,2660.3904,winter,day5
2025-12-31 04:20:00,2582.802,2657.3162,winter,day5
2025-12-31 04:25:00,2585.6232,2653.5408,winter,day5
2025-12-31 04:30:00,2729.1276,2651.0093,winter,day5
2025-12-31 04:35:00,2707.9440000000004,2649.741,winter,day5
2025-12-31 04:40:00,2614.2036,2648.5886,winter,day5
2025-12-31 04:45:00,2609.3724,2646.7288,winter,day5
2025-12-31 04:50:00,2532.6348,2647.2158,winter,day5
2025-12-31 04:55:00,2524.2924,2647.2954,winter,day5
2025-12-31 05:00:00,2552.7192,2655.637,winter,day5
2025-12-31 05:05:00,2590.962,2655.481,winter,day5
2025-12-31 05:10:00,2662.6608,2652.3777,winter,day5
2025-12-31 05:15:00,2660.9856,2650.8557,winter,day5
2025-12-31 05:20:00,2644.1448,2649.2998,winter,day5
2025-12-31 05:25:00,2650.6716,2647.6128,winter,day5
2025-12-31 05:30:00,2610.084,2648.0142,winter,day5
2025-12-31 05:35:00,2720.0328,2649.6646,winter,day5
2025-12-31 05:40:00,2779.6992,2652.7466,winter,day5
2025-12-31 05:45:00,2879.2716,2654.593,winter,day5
2025-12-31 05:50:00,2901.7116,2659.6235,winter,day5
2025-12-31 05:55:00,2602.9991999999997,2665.0178,winter,day5
2025-12-31 06:00:00,2562.9984,2696.0032,winter,day5
2025-12-31 06:05:00,2562.6924,2704.1807,winter,day5
2025-12-31 06:10:00,2514.3912,2709.5706,winter,day5
2025-12-31 06:15:00,2505.2196,2718.1545,winter,day5
2025-12-31 06:20:00,2627.9424,2729.1501,winter,day5
2025-12-31 06:25:00,2631.9516,2740.811,winter,day5
2025-12-31 06:30:00,2570.6196,2757.3123,winter,day5
2025-12-31 06:35:00,2528.904,2773.1494,winter,day5
2025-12-31 06:40:00,2597.9376,2786.8784,winter,day5
2025-12-31 06:45:00,3277.6716,2792.95,winter,day5
2025-12-31 06:50:00,2724.3419999999996,2802.5386,winter,day5
2025-12-31 06:55:00,3794.3148,2812.9697,winter,day5
2025-12-31 07:00:00,3542.3412,3151.4067,winter,day5
2025-12-31 07:05:00,3736.728,3206.8823,winter,day5
2025-12-31 07:10:00,3571.6476000000002,3243.2805,winter,day5
2025-12-31 07:15:00,3651.3527999999997,3295.8176,winter,day5
2025-12-31 07:20:00,3699.6192,3353.624,winter,day5
2025-12-31 07:25:00,3630.0996,3409.0767,winter,day5
2025-12-31 07:30:00,3662.142,3491.957,winter,day5
2025-12-31 07:35:00,3685.2119999999995,3561.2395,winter,day5
2025-12-31 07:40:00,3743.3592,3633.9097,winter,day5
2025-12-31 07:45:00,3919.9871999999996,3664.9768,winter,day5
2025-12-31 07:50:00,4016.8248,3733.341,winter,day5
2025-12-31 07:55:00,3773.514,3798.755,winter,day5
2025-12-31 08:00:00,3514.1724000000004,3875.268,winter,day5
2025-12-31 08:05:00,3398.4924,3922.5854,winter,day5
2025-12-31 08:10:00,3332.1804,3907.2295,winter,day5
2025-12-31 08:15:00,3295.9188000000004,3915.7854,winter,day5
2025-12-31 08:20:00,3875.2344,3940.607,winter,day5
2025-12-31 08:25:00,4055.7504,3952.7349,winter,day5
2025-12-31 08:30:00,4329.8328,4024.1038,winter,day5
2025-12-31 08:35:00,3847.4483999999998,4080.1072,winter,day5
2025-12-31 08:40:00,3638.88,4157.541,winter,day5
2025-12-31 08:45:00,4250.6004,4180.7837,winter,day5
2025-12-31 08:50:00,5217.933599999999,4214.6577,winter,day5
2025-12-31 08:55:00,5401.4208,4250.754,winter,day5
2025-12-31 09:00:00,5468.3712,4407.1626,winter,day5
2025-12-31 09:05:00,6148.494000000001,4426.8975,winter,day5
2025-12-31 09:10:00,5363.1864000000005,4372.9326,winter,day5
2025-12-31 09:15:00,5088.996,4336.0293,winter,day5
2025-12-31 09:20:00,4635.3804,4311.482,winter,day5
2025-12-31 09:25:00,4231.6344,4274.579,winter,day5
2025-12-31 09:30:00,4401.9384,4279.07,winter,day5
2025-12-31 09:35:00,4285.6488,4258.5645,winter,day5
2025-12-31 09:40:00,4400.7660000000005,4267.9834,winter,day5
2025-12-31 09:45:00,10283.52,4252.5044,winter,day5
2025-12-31 09:50:00,9461.2608,4259.189,winter,day5
2025-12-31 09:55:00,6320.339999999999,4267.352,winter,day5
2025-12-31 10:00:00,5219.9544000000005,4222.044,winter,day5
2025-12-31 10:05:00,6990.068399999999,4237.6475,winter,day5
2025-12-31 10:10:00,7397.634000000001,4208.5303,winter,day5
2025-12-31 10:15:00,6904.8912,4199.156,winter,day5
2025-12-31 10:20:00,7039.7004,4202.9565,winter,day5
2025-12-31 10:25:00,5734.6788,4188.355,winter,day5
2025-12-31 10:30:00,4595.825999999999,4212.616,winter,day5
2025-12-31 10:35:00,4877.7708,4213.5483,winter,day5
2025-12-31 10:40:00,4928.214,4234.957,winter,day5
2025-12-31 10:45:00,4913.7684,4232.3984,winter,day5
2025-12-31 10:50:00,4863.794400000001,4245.098,winter,day5
2025-12-31 10:55:00,4884.3576,4263.094,winter,day5
2025-12-31 11:00:00,6113.4084,4313.601,winter,day5
2025-12-31 11:05:00,6825.190799999999,4333.6016,winter,day5
2025-12-31 11:10:00,4889.0424,4312.49,winter,day5
2025-12-31 11:15:00,4561.323600000001,4299.3296,winter,day5
2025-12-31 11:20:00,4379.131200000001,4283.5195,winter,day5
2025-12-31 11:25:00,4388.6124,4246.683,winter,day5
2025-12-31 11:30:00,4846.6488,4239.2095,winter,day5
2025-12-31 11:35:00,4757.1408,4212.409,winter,day5
2025-12-31 11:40:00,4462.3944,4211.6875,winter,day5
2025-12-31 11:45:00,4755.7464,4208.419,winter,day5
2025-12-31 11:50:00,4390.89,4220.346,winter,day5
2025-12-31 11:55:00,4404.8412,4235.0693,winter,day5
2025-12-31 12:00:00,5794.1556,4252.334,winter,day5
2025-12-31 12:05:00,4418.346,4266.8184,winter,day5
2025-12-31 12:10:00,5056.236,4244.5723,winter,day5
2025-12-31 12:15:00,5098.2708,4227.2656,winter,day5
2025-12-31 12:20:00,4206.414,4204.313,winter,day5
2025-12-31 12:25:00,3740.4792,4167.518,winter,day5
2025-12-31 12:30:00,4270.369199999999,4161.545,winter,day5
2025-12-31 12:35:00,3738.846,4145.1646,winter,day5
2025-12-31 12:40:00,3676.3055999999997,4145.5024,winter,day5
2025-12-31 12:45:00,3983.2188,4140.699,winter,day5
2025-12-31 12:50:00,4142.532,4138.5044,winter,day5
2025-12-31 12:55:00,4682.7924,4134.6963,winter,day5
2025-12-31 13:00:00,3651.5472,4054.4524,winter,day5
2025-12-31 13:05:00,3380.8475999999996,4031.5842,winter,day5
2025-12-31 13:10:00,3235.3272,3972.8708,winter,day5
2025-12-31 13:15:00,3393.5544,3918.732,winter,day5
2025-12-31 13:20:00,3722.7455999999997,3866.3057,winter,day5
2025-12-31 13:25:00,3094.4916,3810.4229,winter,day5
2025-12-31 13:30:00,3354.0228,3790.7974,winter,day5
2025-12-31 13:35:00,3534.4464,3770.7295,winter,day5
2025-12-31 13:40:00,4910.742,3773.708,winter,day5
2025-12-31 13:45:00,3182.7648,3777.06,winter,day5
2025-12-31 13:50:00,3054.1944,3792.6682,winter,day5
2025-12-31 13:55:00,3002.3016000000002,3812.9846,winter,day5
2025-12-31 14:00:00,2984.1696,3823.044,winter,day5
2025-12-31 14:05:00,3174.0047999999997,3847.3413,winter,day5
2025-12-31 14:10:00,3060.2676,3843.1592,winter,day5
2025-12-31 14:15:00,3016.8,3851.0103,winter,day5
2025-12-31 14:20:00,3024.552,3862.646,winter,day5
2025-12-31 14:25:00,3008.0016,3872.8958,winter,day5
2025-12-31 14:30:00,2977.5504,3919.1309,winter,day5
2025-12-31 14:35:00,2995.1868,3963.987,winter,day5
2025-12-31 14:40:00,3277.6440000000002,4024.6714,winter,day5
2025-12-31 14:45:00,3150.348,4079.3105,winter,day5
2025-12-31 14:50:00,3066.4632,4143.4844,winter,day5
2025-12-31 14:55:00,3065.202,4211.797,winter,day5
2025-12-31 15:00:00,3021.1884,4505.487,winter,day5
2025-12-31 15:05:00,2968.5,4560.511,winter,day5
2025-12-31 15:10:00,2935.4376,4583.329,winter,day5
2025-12-31 15:15:00,3112.5912,4626.1187,winter,day5
2025-12-31 15:20:00,3107.9436,4666.954,winter,day5
2025-12-31 15:25:00,2957.5236,4710.434,winter,day5
2025-12-31 15:30:00,2978.1096,4799.445,winter,day5
2025-12-31 15:35:00,2978.2392,4877.3525,winter,day5
2025-12-31 15:40:00,2978.1612,4959.925,winter,day5
2025-12-31 15:45:00,2993.9676,5029.1587,winter,day5
2025-12-31 15:50:00,3241.9056,5094.4395,winter,day5
2025-12-31 15:55:00,3256.4268,5170.874,winter,day5
2025-12-31 16:00:00,3148.1603999999998,5342.076,winter,day5
2025-12-31 16:05:00,3193.7232,5423.7495,winter,day5
2025-12-31 16:10:00,3213.4632,5456.754,winter,day5
2025-12-31 16:15:00,3326.7936,5498.8105,winter,day5
2025-12-31 16:20:00,3319.1495999999997,5494.8994,winter,day5
2025-12-31 16:25:00,3282.486,5472.784,winter,day5
2025-12-31 16:30:00,3423.804,5508.301,winter,day5
2025-12-31 16:35:00,3312.3659999999995,5532.959,winter,day5
2025-12-31 16:40:00,3215.3652,5567.939,winter,day5
2025-12-31 16:45:00,3342.4656000000004,5607.202,winter,day5
2025-12-31 16:50:00,3411.024,5634.944,winter,day5
2025-12-31 16:55:00,3581.5235999999995,5695.7236,winter,day5
2025-12-31 17:00:00,3520.2288,5660.8027,winter,day5
2025-12-31 17:05:00,3353.9616,5655.701,winter,day5
2025-12-31 17:10:00,3362.9724,5542.3364,winter,day5
2025-12-31 17:15:00,3338.9352,5420.248,winter,day5
2025-12-31 17:20:00,3324.5736000000006,5263.4336,winter,day5
2025-12-31 17:25:00,3249.9816,5121.6387,winter,day5
2025-12-31 17:30:00,3212.5800000000004,5089.9326,winter,day5
2025-12-31 17:35:00,3211.5263999999997,5052.6636,winter,day5
2025-12-31 17:40:00,3443.358,5078.2305,winter,day5
2025-12-31 17:45:00,3471.1619999999994,5155.795,winter,day5
2025-12-31 17:50:00,3254.922,5258.5786,winter,day5
2025-12-31 17:55:00,3212.4456,5438.33,winter,day5
2025-12-31 18:00:00,3897.6492,6986.986,winter,day5
2025-12-31 18:05:00,6079.2816,7721.4805,winter,day5
2025-12-31 18:10:00,8732.07,8389.689,winter,day5
2025-12-31 18:15:00,10121.2344,8973.36,winter,day5
2025-12-31 18:20:00,10166.0112,9243.614,winter,day5
2025-12-31 18:25:00,9286.32,9378.254,winter,day5
2025-12-31 18:30:00,9876.8364,9657.353,winter,day5
2025-12-31 18:35:00,9728.7576,9819.713,winter,day5
2025-12-31 18:40:00,10754.2644,9888.742,winter,day5
2025-12-31 18:45:00,9422.2032,9872.366,winter,day5
2025-12-31 18:50:00,10060.2228,9669.396,winter,day5
2025-12-31 18:55:00,9426.3576,9492.962,winter,day5
2025-12-31 19:00:00,10228.1712,9018.562,winter,day5
2025-12-31 19:05:00,9329.5824,8677.23,winter,day5
2025-12-31 19:10:00,9846.7392,7952.218,winter,day5
2025-12-31 19:15:00,9757.6764,6954.4126,winter,day5
2025-12-31 19:20:00,3601.8120000000004,5800.569,winter,day5
2025-12-31 19:25:00,2518.1063999999997,4943.254,winter,day5
2025-12-31 19:30:00,2554.3332,4548.8125,winter,day5
2025-12-31 19:35:00,2569.9883999999997,4258.027,winter,day5
2025-12-31 19:40:00,2584.7196,4112.2026,winter,day5
2025-12-31 19:45:00,2544.3527999999997,4019.0464,winter,day5
2025-12-31 19:50:00,2550.6443999999997,3946.1985,winter,day5
2025-12-31 19:55:00,2509.4736000000003,3889.9329,winter,day5
2025-12-31 20:00:00,2468.7516,3245.0918,winter,day5
2025-12-31 20:05:00,2578.404,3155.3276,winter,day5
2025-12-31 20:10:00,2585.016,3045.6528,winter,day5
2025-12-31 20:15:00,2491.5156,2952.967,winter,day5
2025-12-31 20:20:00,2616.33,2884.5542,winter,day5
2025-12-31 20:25:00,2699.3508,2823.5732,winter,day5
2025-12-31 20:30:00,2727.7608,2791.2427,winter,day5
2025-12-31 20:35:00,2821.0836000000004,2763.3936,winter,day5
2025-12-31 20:40:00,2587.2383999999997,2748.4756,winter,day5
2025-12-31 20:45:00,2546.3856,2735.0662,winter,day5
2025-12-31 20:50:00,2522.6184000000003,2726.5254,winter,day5
2025-12-31 20:55:00,2542.3464,2718.499,winter,day5
2025-12-31 21:00:00,2529.996,2677.051,winter,day5
2025-12-31 21:05:00,2506.7016,2669.1768,winter,day5
2025-12-31 21:10:00,2507.3232,2659.1694,winter,day5
2025-12-31 21:15:00,2447.2799999999997,2651.424,winter,day5
2025-12-31 21:20:00,2453.8836,2647.1196,winter,day5
2025-12-31 21:25:00,2469.5328,2642.6028,winter,day5
2025-12-31 21:30:00,2475.8928,2639.709,winter,day5
2025-12-31 21:35:00,2655.1764,2638.1074,winter,day5
2025-12-31 21:40:00,2679.09,2636.749,winter,day5
2025-12-31 21:45:00,2519.6688000000004,2633.2373,winter,day5
2025-12-31 21:50:00,2522.1984,2632.0886,winter,day5
2025-12-31 21:55:00,2541.0371999999998,2629.969,winter,day5
2025-12-31 22:00:00,2644.1531999999997,2609.6326,winter,day5
2025-12-31 22:05:00,2618.184,2607.0986,winter,day5
2025-12-31 22:10:00,2623.7676,2605.8457,winter,day5
2025-12-31 22:15:00,2541.876,2606.5188,winter,day5
2025-12-31 22:20:00,2579.6711999999998,2608.4346,winter,day5
2025-12-31 22:25:00,2563.0739999999996,2610.4712,winter,day5
2025-12-31 22:30:00,2559.7188,2610.34,winter,day5
2025-12-31 22:35:00,2531.4911999999995,2611.6047,winter,day5
2025-12-31 22:40:00,2508.1008,2611.3245,winter,day5
2025-12-31 22:45:00,2500.602,2610.0735,winter,day5
2025-12-31 22:50:00,2753.952,2612.9604,winter,day5
2025-12-31 22:55:00,2793.0588,2615.4368,winter,day5
2025-12-31 23:00:00,2577.3888,2620.1965,winter,day5
2025-12-31 23:05:00,2533.2312,2623.4111,winter,day5
2025-12-31 23:10:00,2484.7104,2628.8157,winter,day5
2025-12-31 23:15:00,2511.4008000000003,2637.7188,winter,day5
2025-12-31 23:20:00,2530.2252,2650.472,winter,day5
2025-12-31 23:25:00,2549.9352,2664.3223,winter,day5
2025-12-31 23:30:00,2534.6004000000003,2680.1653,winter,day5
2025-12-31 23:35:00,2584.8216,2699.3865,winter,day5
2025-12-31 23:40:00,2595.6192,2720.9326,winter,day5
2025-12-31 23:45:00,2565.9672,2740.6223,winter,day5
2025-12-31 23:50:00,2620.8684000000003,2770.8406,winter,day5
2025-12-31 23:55:00,2719.3668000000002,2806.0132,winter,day5
2025-06-01 00:00:00,2526.7452000000003,2455.1992,summer,day1
2025-06-01 00:05:00,2463.0612,2456.88,summer,day1
2025-06-01 00:10:00,2445.3624,2458.9395,summer,day1
2025-06-01 00:15:00,2434.8624,2460.4575,summer,day1
2025-06-01 00:20:00,2444.8836,2464.2852,summer,day1
2025-06-01 00:25:00,2443.6536,2469.4023,summer,day1
2025-06-01 00:30:00,2400.8712,2477.2131,summer,day1
2025-06-01 00:35:00,2397.0864,2483.79,summer,day1
2025-06-01 00:40:00,2408.7204,2489.0068,summer,day1
2025-06-01 00:45:00,2576.5236,2490.9607,summer,day1
2025-06-01 00:50:00,2515.4268,2490.1626,summer,day1
2025-06-01 00:55:00,2153.4936000000002,2488.0618,summer,day1
2025-06-01 01:00:00,2206.2684,2494.5754,summer,day1
2025-06-01 01:05:00,2483.8824,2489.0872,summer,day1
2025-06-01 01:10:00,2487.558,2486.3115,summer,day1
2025-06-01 01:15:00,2458.3416,2483.5554,summer,day1
2025-06-01 01:20:00,2445.9036,2482.2554,summer,day1
2025-06-01 01:25:00,2436.6744,2480.9575,summer,day1
2025-06-01 01:30:00,2437.7196,2479.8003,summer,day1
2025-06-01 01:35:00,2587.3559999999998,2480.6375,summer,day1
2025-06-01 01:40:00,2479.992,2480.9146,summer,day1
2025-06-01 01:45:00,2388.192,2481.6685,summer,day1
2025-06-01 01:50:00,2394.2076,2483.0864,summer,day1
2025-06-01 01:55:00,2490.8304,2484.3948,summer,day1
2025-06-01 02:00:00,2550.2843999999996,2522.0093,summer,day1
2025-06-01 02:05:00,2232.5172,2519.5913,summer,day1
2025-06-01 02:10:00,2317.0955999999996,2516.7969,summer,day1
2025-06-01 02:15:00,2408.6268,2513.4802,summer,day1
2025-06-01 02:20:00,2410.9224,2510.4846,summer,day1
2025-06-01 02:25:00,2668.9451999999997,2507.096,summer,day1
2025-06-01 02:30:00,2585.2272000000003,2503.0889,summer,day1
2025-06-01 02:35:00,2479.1099999999997,2500.7263,summer,day1
2025-06-01 02:40:00,2463.4188,2498.4163,summer,day1
2025-06-01 02:45:00,2463.426,2496.948,summer,day1
2025-06-01 02:50:00,2449.2504,2496.6575,summer,day1
2025-06-01 02:55:00,2430.3516,2495.6484,summer,day1
2025-06-01 03:00:00,2278.2048,2489.7612,summer,day1
2025-06-01 03:05:00,2049.5772,2488.3452,summer,day1
2025-06-01 03:10:00,2396.1804,2488.6042,summer,day1
2025-06-01 03:15:00,2571.4836,2489.2764,summer,day1
2025-06-01 03:20:00,2472.3228,2490.7397,summer,day1
2025-06-01 03:25:00,2364.7223999999997,2492.5361,summer,day1
2025-06-01 03:30:00,2362.8804,2492.786,summer,day1
2025-06-01 03:35:00,2403.0744,2493.7979,summer,day1
2025-06-01 03:40:00,2472.7284,2492.8645,summer,day1
2025-06-01 03:45:00,2457.0335999999998,2491.3193,summer,day1
2025-06-01 03:50:00,2505.8808,2489.5405,summer,day1
2025-06-01 03:55:00,2628.3024,2486.9175,summer,day1
2025-06-01 04:00:00,2548.8804,2484.9473,summer,day1
2025-06-01 04:05:00,2958.8952,2483.3909,summer,day1
2025-06-01 04:10:00,2742.2664,2482.9985,summer,day1
2025-06-01 04:15:00,2707.5528,2482.7104,summer,day1
2025-06-01 04:20:00,2519.6711999999998,2481.8464,summer,day1
2025-06-01 04:25:00,2526.5076,2480.5369,summer,day1
2025-06-01 04:30:00,2333.9604,2477.1013,summer,day1
2025-06-01 04:35:00,2619.3684000000003,2474.6416,summer,day1
2025-06-01 04:40:00,2623.7064,2470.3088,summer,day1
2025-06-01 04:45:00,2598.2364000000002,2465.1934,summer,day1
2025-06-01 04:50:00,2679.3684000000003,2460.336,summer,day1
2025-06-01 04:55:00,2428.9248,2455.439,summer,day1
2025-06-01 05:00:00,2514.702,2472.8352,summer,day1
2025-06-01 05:05:00,2484.4308,2470.893,summer,day1
2025-06-01 05:10:00,2354.9424,2470.1577,summer,day1
2025-06-01 05:15:00,2305.1148000000003,2469.3394,summer,day1
2025-06-01 05:20:00,2247.9636,2467.2886,summer,day1
2025-06-01 05:25:00,2213.5667999999996,2464.7522,summer,day1
2025-06-01 05:30:00,2216.1144,2459.2336,summer,day1
2025-06-01 05:35:00,2200.464,2454.6978,summer,day1
2025-06-01 05:40:00,2392.1304,2448.2878,summer,day1
2025-06-01 05:45:00,2271.996,2441.8613,summer,day1
2025-06-01 05:50:00,1770.0084,2436.9644,summer,day1
2025-06-01 05:55:00,2016.8064,2432.488,summer,day1
2025-06-01 06:00:00,2133.8292,2430.3313,summer,day1
2025-06-01 06:05:00,2130.4919999999997,2430.4475,summer,day1
2025-06-01 06:10:00,2230.986,2433.1223,summer,day1
2025-06-01 06:15:00,2238.2808,2437.1694,summer,day1
2025-06-01 06:20:00,2225.3784,2443.1772,summer,day1
2025-06-01 06:25:00,2329.7064,2451.7205,summer,day1
2025-06-01 06:30:00,2475.1596,2459.182,summer,day1
2025-06-01 06:35:00,2459.2691999999997,2467.8203,summer,day1
2025-06-01 06:40:00,2403.2580000000003,2470.8472,summer,day1
2025-06-01 06:45:00,2256.264,2468.953,summer,day1
2025-06-01 06:50:00,1824.366,2465.1042,summer,day1
2025-06-01 06:55:00,2134.1207999999997,2458.9543,summer,day1
2025-06-01 07:00:00,2114.7612,2502.0054,summer,day1
2025-06-01 07:05:00,2258.0135999999998,2521.778,summer,day1
2025-06-01 07:10:00,2336.9784,2556.6895,summer,day1
2025-06-01 07:15:00,2308.5888,2611.711,summer,day1
2025-06-01 07:20:00,2138.7804,2692.7808,summer,day1
2025-06-01 07:25:00,2185.3416,2818.62,summer,day1
2025-06-01 07:30:00,2207.0724,2969.2249,summer,day1
2025-06-01 07:35:00,2170.8455999999996,3175.407,summer,day1
2025-06-01 07:40:00,2332.9175999999998,3348.084,summer,day1
2025-06-01 07:45:00,2384.088,3481.0645,summer,day1
2025-06-01 07:50:00,2123.6772,3576.9485,summer,day1
2025-06-01 07:55:00,1838.58,3619.2153,summer,day1
2025-06-01 08:00:00,2112.7272000000003,3239.0652,summer,day1
2025-06-01 08:05:00,2153.328,3272.9429,summer,day1
2025-06-01 08:10:00,2160.3684000000003,3301.782,summer,day1
2025-06-01 08:15:00,2475.5544,3347.095,summer,day1
2025-06-01 08:20:00,2394.636,3390.9106,summer,day1
2025-06-01 08:25:00,2184.186,3454.3079,summer,day1
2025-06-01 08:30:00,2254.5948,3480.0027,summer,day1
2025-06-01 08:35:00,2363.4900000000002,3539.3616,summer,day1
2025-06-01 08:40:00,2342.436,3560.031,summer,day1
2025-06-01 08:45:00,2388.0108,3589.4426,summer,day1
2025-06-01 08:50:00,2300.2776000000003,3624.5527,summer,day1
2025-06-01 08:55:00,2314.1412,3635.0596,summer,day1
2025-06-01 09:00:00,2255.1216,3791.3826,summer,day1
2025-06-01 09:05:00,2313.3948,3796.4639,summer,day1
2025-06-01 09:10:00,2415.1488,3781.2783,summer,day1
2025-06-01 09:15:00,2218.5576,3780.5503,summer,day1
2025-06-01 09:20:00,2022.6299999999999,3786.3308,summer,day1
2025-06-01 09:25:00,2324.4804,3811.4626,summer,day1
2025-06-01 09:30:00,2429.7347999999997,3816.5059,summer,day1
2025-06-01 09:35:00,2425.4712,3855.3176,summer,day1
2025-06-01 09:40:00,2634.6984,3868.2817,summer,day1
2025-06-01 09:45:00,2589.936,3886.8901,summer,day1
2025-06-01 09:50:00,2985.9504,3911.3096,summer,day1
2025-06-01 09:55:00,3118.7580000000003,3927.8306,summer,day1
2025-06-01 10:00:00,3145.3296,4191.1074,summer,day1
2025-06-01 10:05:00,3000.0155999999997,4213.6064,summer,day1
2025-06-01 10:10:00,3243.4548000000004,4211.869,summer,day1
2025-06-01 10:15:00,3048.8723999999997,4216.7827,summer,day1
2025-06-01 10:20:00,3718.5312,4223.6714,summer,day1
2025-06-01 10:25:00,5525.8536,4252.9277,summer,day1
2025-06-01 10:30:00,5728.9068,4267.5576,summer,day1
2025-06-01 10:35:00,4920.803999999999,4315.114,summer,day1
2025-06-01 10:40:00,4729.0068,4321.2505,summer,day1
2025-06-01 10:45:00,3853.2576,4321.3516,summer,day1
2025-06-01 10:50:00,2675.8728,4313.979,summer,day1
2025-06-01 10:55:00,2582.5896,4289.5005,summer,day1
2025-06-01 11:00:00,2453.0532,4126.705,summer,day1
2025-06-01 11:05:00,2372.7012,4115.7305,summer,day1
2025-06-01 11:10:00,2824.2048,4106.3447,summer,day1
2025-06-01 11:15:00,2350.6644,4116.407,summer,day1
2025-06-01 11:20:00,2357.4336,4134.0977,summer,day1
2025-06-01 11:25:00,2379.8388,4160.9033,summer,day1
2025-06-01 11:30:00,2499.0504,4162.04,summer,day1
2025-06-01 11:35:00,2567.2272000000003,4179.5894,summer,day1
2025-06-01 11:40:00,2478.8772,4162.629,summer,day1
2025-06-01 11:45:00,2295.3540000000003,4151.9985,summer,day1
2025-06-01 11:50:00,3115.3415999999997,4147.5566,summer,day1
2025-06-01 11:55:00,3889.0332000000003,4135.2466,summer,day1
2025-06-01 12:00:00,3719.8884,4321.129,summer,day1
2025-06-01 12:05:00,3485.3304000000003,4328.6914,summer,day1
2025-06-01 12:10:00,2500.02,4325.947,summer,day1
2025-06-01 12:15:00,2617.29,4333.3765,summer,day1
2025-06-01 12:20:00,2718.5292,4336.9116,summer,day1
2025-06-01 12:25:00,2607.4476,4341.259,summer,day1
2025-06-01 12:30:00,2617.8552,4315.1943,summer,day1
2025-06-01 12:35:00,2815.4244,4305.289,summer,day1
2025-06-01 12:40:00,4412.1384,4261.649,summer,day1
2025-06-01 12:45:00,2853.0396,4217.1353,summer,day1
2025-06-01 12:50:00,2855.496,4169.071,summer,day1
2025-06-01 12:55:00,2674.8887999999997,4102.5947,summer,day1
2025-06-01 13:00:00,2721.9348,3482.585,summer,day1
2025-06-01 13:05:00,2948.1132,3453.1968,summer,day1
2025-06-01 13:10:00,2809.6452,3421.0613,summer,day1
2025-06-01 13:15:00,2726.0027999999998,3396.901,summer,day1
2025-06-01 13:20:00,2850.1968,3374.7354,summer,day1
2025-06-01 13:25:00,3645.504,3354.009,summer,day1
2025-06-01 13:30:00,2543.5356,3316.2898,summer,day1
2025-06-01 13:35:00,2949.6636000000003,3295.6426,summer,day1
2025-06-01 13:40:00,2862.3936000000003,3256.9558,summer,day1
2025-06-01 13:45:00,3786.2771999999995,3220.8716,summer,day1
2025-06-01 13:50:00,3468.108,3193.2273,summer,day1
2025-06-01 13:55:00,2655.426,3163.0256,summer,day1
2025-06-01 14:00:00,2680.296,2973.687,summer,day1
2025-06-01 14:05:00,2841.2519999999995,2957.869,summer,day1
2025-06-01 14:10:00,2700.8604,2943.9683,summer,day1
2025-06-01 14:15:00,2827.1531999999997,2936.3984,summer,day1
2025-06-01 14:20:00,2387.9148,2934.347,summer,day1
2025-06-01 14:25:00,2899.1928,2934.433,summer,day1
2025-06-01 14:30:00,2663.7648,2927.5056,summer,day1
2025-06-01 14:35:00,2387.2248,2932.3452,summer,day1
2025-06-01 14:40:00,4273.9836000000005,2931.8123,summer,day1
2025-06-01 14:45:00,2890.9271999999996,2935.7312,summer,day1
2025-06-01 14:50:00,2668.7364000000002,2950.7332,summer,day1
2025-06-01 14:55:00,3903.7128,2966.5056,summer,day1
2025-06-01 15:00:00,2540.7792,2934.5156,summer,day1
2025-06-01 15:05:00,2755.254,2953.0972,summer,day1
2025-06-01 15:10:00,2635.0212,2974.8357,summer,day1
2025-06-01 15:15:00,2438.8092,3003.7842,summer,day1
2025-06-01 15:20:00,2891.064,3036.1655,summer,day1
2025-06-01 15:25:00,3213.5328,3073.3298,summer,day1
2025-06-01 15:30:00,3069.1188,3104.6943,summer,day1
2025-06-01 15:35:00,2916.8148,3172.3564,summer,day1
2025-06-01 15:40:00,2681.3484,3231.9036,summer,day1
2025-06-01 15:45:00,2591.9196,3304.0142,summer,day1
2025-06-01 15:50:00,2534.0412,3394.428,summer,day1
2025-06-01 15:55:00,2495.9292,3477.2322,summer,day1
2025-06-01 16:00:00,2491.0932000000003,3270.5017,summer,day1
2025-06-01 16:05:00,2664.2856,3333.204,summer,day1
2025-06-01 16:10:00,2811.6516,3385.4314,summer,day1
2025-06-01 16:15:00,3117.8592,3447.1328,summer,day1
2025-06-01 16:20:00,4169.6952,3516.644,summer,day1
2025-06-01 16:25:00,2414.3124,3598.3926,summer,day1
2025-06-01 16:30:00,2393.514,3662.273,summer,day1
2025-06-01 16:35:00,2857.5096000000003,3762.8984,summer,day1
2025-06-01 16:40:00,4026.078,3819.1724,summer,day1
2025-06-01 16:45:00,2541.4656000000004,3873.9185,summer,day1
2025-06-01 16:50:00,2174.7504,3938.5762,summer,day1
2025-06-01 16:55:00,2387.6387999999997,3986.2866,summer,day1
2025-06-01 17:00:00,2397.7716,4064.8286,summer,day1
2025-06-01 17:05:00,2432.6843999999996,4075.1606,summer,day1
2025-06-01 17:10:00,2457.018,4047.523,summer,day1
2025-06-01 17:15:00,2702.7419999999997,4028.072,summer,day1
2025-06-01 17:20:00,4379.1444,4019.096,summer,day1
2025-06-01 17:25:00,3323.6051999999995,4034.2869,summer,day1
2025-06-01 17:30:00,2690.2488,4042.8875,summer,day1
2025-06-01 17:35:00,2122.3416,4102.3223,summer,day1
2025-06-01 17:40:00,2711.0268,4134.1895,summer,day1
2025-06-01 17:45:00,2545.4892,4170.2563,summer,day1
2025-06-01 17:50:00,2521.1124,4219.1055,summer,day1
2025-06-01 17:55:00,2543.04,4247.629,summer,day1
2025-06-01 18:00:00,2570.8884000000003,4664.4985,summer,day1
2025-06-01 18:05:00,2498.3952,4672.5645,summer,day1
2025-06-01 18:10:00,2600.8848,4619.0264,summer,day1
2025-06-01 18:15:00,2658.8952,4559.5664,summer,day1
2025-06-01 18:20:00,2163.9036,4491.861,summer,day1
2025-06-01 18:25:00,2102.6904,4452.4683,summer,day1
2025-06-01 18:30:00,2507.7168,4416.4595,summer,day1
2025-06-01 18:35:00,3421.4592000000002,4439.708,summer,day1
2025-06-01 18:40:00,2807.2884,4426.1685,summer,day1
2025-06-01 18:45:00,2499.4464,4403.178,summer,day1
2025-06-01 18:50:00,2503.9452,4379.503,summer,day1
2025-06-01 18:55:00,2464.7424,4334.936,summer,day1
2025-06-01 19:00:00,2600.79,3657.7166,summer,day1
2025-06-01 19:05:00,3695.5464,3619.6,summer,day1
2025-06-01 19:10:00,2330.4816,3577.3767,summer,day1
2025-06-01 19:15:00,4419.794400000001,3551.0828,summer,day1
2025-06-01 19:20:00,3815.7084000000004,3535.0203,summer,day1
2025-06-01 19:25:00,2421.7824,3526.265,summer,day1
2025-06-01 19:30:00,2543.9724,3505.232,summer,day1
2025-06-01 19:35:00,2655.9828,3502.9897,summer,day1
2025-06-01 19:40:00,2640.4056,3479.812,summer,day1
2025-06-01 19:45:00,2566.278,3456.984,summer,day1
2025-06-01 19:50:00,3982.7364000000002,3439.436,summer,day1
2025-06-01 19:55:00,2547.8172,3415.985,summer,day1
2025-06-01 20:00:00,2575.1304,3306.868,summer,day1
2025-06-01 20:05:00,2425.5816,3285.4424,summer,day1
2025-06-01 20:10:00,2405.0676,3255.976,summer,day1
2025-06-01 20:15:00,2391.6888,3234.3745,summer,day1
2025-06-01 20:20:00,2529.078,3217.164,summer,day1
2025-06-01 20:25:00,2718.7656,3204.9497,summer,day1
2025-06-01 20:30:00,2516.5908,3187.6077,summer,day1
2025-06-01 20:35:00,2565.996,3185.8174,summer,day1
2025-06-01 20:40:00,2844.4092,3177.428,summer,day1
2025-06-01 20:45:00,2795.7275999999997,3174.7866,summer,day1
2025-06-01 20:50:00,3136.416,3174.1162,summer,day1
2025-06-01 20:55:00,2801.3436,3164.7378,summer,day1
2025-06-01 21:00:00,3487.9380000000006,3055.1619,summer,day1
2025-06-01 21:05:00,5444.5428,3028.6707,summer,day1
2025-06-01 21:10:00,2689.6331999999998,2997.2695,summer,day1
2025-06-01 21:15:00,2623.1232,2968.7212,summer,day1
2025-06-01 21:20:00,2600.0004,2940.5903,summer,day1
2025-06-01 21:25:00,2670.3216,2914.1272,summer,day1
2025-06-01 21:30:00,2692.434,2885.1877,summer,day1
2025-06-01 21:35:00,2714.4372,2861.5537,summer,day1
2025-06-01 21:40:00,2700.2760000000003,2835.224,summer,day1
2025-06-01 21:45:00,3052.0656,2810.688,summer,day1
2025-06-01 21:50:00,3078.2484,2789.1672,summer,day1
2025-06-01 21:55:00,3035.1684,2768.4255,summer,day1
2025-06-01 22:00:00,2783.4648,2593.1526,summer,day1
2025-06-01 22:05:00,2785.8815999999997,2585.4968,summer,day1
2025-06-01 22:10:00,4259.868,2580.6514,summer,day1
2025-06-01 22:15:00,2610.0072,2577.407,summer,day1
2025-06-01 22:20:00,2425.2203999999997,2576.1182,summer,day1
2025-06-01 22:25:00,2425.6223999999997,2573.978,summer,day1
2025-06-01 22:30:00,2810.292,2570.7932,summer,day1
2025-06-01 22:35:00,2570.988,2566.9563,summer,day1
2025-06-01 22:40:00,2472.0468,2562.9192,summer,day1
2025-06-01 22:45:00,2311.9932,2559.1545,summer,day1
2025-06-01 22:50:00,2304.8507999999997,2556.684,summer,day1
2025-06-01 22:55:00,2339.7288,2554.9348,summer,day1
2025-06-01 23:00:00,2386.2048,2549.5261,summer,day1
2025-06-01 23:05:00,2396.2596000000003,2547.208,summer,day1
2025-06-01 23:10:00,2407.5312,2546.253,summer,day1
2025-06-01 23:15:00,2741.9652,2544.581,summer,day1
2025-06-01 23:20:00,2382.4175999999998,2542.9377,summer,day1
2025-06-01 23:25:00,3181.968,2540.158,summer,day1
2025-06-01 23:30:00,3738.246,2536.5312,summer,day1
2025-06-01 23:35:00,2528.7792,2533.4949,summer,day1
2025-06-01 23:40:00,2630.2608,2530.9976,summer,day1
2025-06-01 23:45:00,2449.3128,2528.9849,summer,day1
2025-06-01 23:50:00,2401.1412,2528.0527,summer,day1
2025-06-01 23:55:00,2395.2372,2526.894,summer,day1
2025-06-24 00:00:00,2356.5696,2589.2139,summer,day2
2025-06-24 00:05:00,2411.358,2594.7417,summer,day2
2025-06-24 00:10:00,2821.9272,2602.2512,summer,day2
2025-06-24 00:15:00,2831.8404,2609.863,summer,day2
2025-06-24 00:20:00,2597.4588,2615.5574,summer,day2
2025-06-24 00:25:00,2563.5384000000004,2619.937,summer,day2
2025-06-24 00:30:00,3407.8908,2627.1594,summer,day2
2025-06-24 00:35:00,2765.4792,2638.411,summer,day2
2025-06-24 00:40:00,2452.8432000000003,2645.1199,summer,day2
2025-06-24 00:45:00,2434.3848000000003,2646.7383,summer,day2
2025-06-24 00:50:00,2451.7644,2648.2732,summer,day2
2025-06-24 00:55:00,2130.21,2650.9517,summer,day2
2025-06-24 01:00:00,2233.194,2677.495,summer,day2
2025-06-24 01:05:00,3605.7839999999997,2680.501,summer,day2
2025-06-24 01:10:00,2808.7475999999997,2685.6006,summer,day2
2025-06-24 01:15:00,2943.5292,2692.8872,summer,day2
2025-06-24 01:20:00,2578.9368,2698.4404,summer,day2
2025-06-24 01:25:00,2534.5584,2700.4263,summer,day2
2025-06-24 01:30:00,2113.9812,2703.773,summer,day2
2025-06-24 01:35:00,2514.7836,2710.1084,summer,day2
2025-06-24 01:40:00,2447.6808,2710.73,summer,day2
2025-06-24 01:45:00,2441.1288,2707.9973,summer,day2
2025-06-24 01:50:00,2577.3671999999997,2707.654,summer,day2
2025-06-24 01:55:00,2676.3347999999996,2709.8804,summer,day2
2025-06-24 02:00:00,2500.8156000000004,2706.98,summer,day2
2025-06-24 02:05:00,2388.3792000000003,2707.7048,summer,day2
2025-06-24 02:10:00,2485.8072,2708.7769,summer,day2
2025-06-24 02:15:00,2500.4004,2713.6475,summer,day2
2025-06-24 02:20:00,2470.71,2714.9385,summer,day2
2025-06-24 02:25:00,3962.8644,2713.6816,summer,day2
2025-06-24 02:30:00,2498.4768,2714.0032,summer,day2
2025-06-24 02:35:00,2558.0376,2716.642,summer,day2
2025-06-24 02:40:00,2158.6176,2713.8745,summer,day2
2025-06-24 02:45:00,2369.4336,2707.8054,summer,day2
2025-06-24 02:50:00,2774.3916,2705.2676,summer,day2
2025-06-24 02:55:00,2358.1403999999998,2703.9563,summer,day2
2025-06-24 03:00:00,2350.6272,2710.259,summer,day2
2025-06-24 03:05:00,2805.0072,2707.9148,summer,day2
2025-06-24 03:10:00,2867.67,2706.7463,summer,day2
2025-06-24 03:15:00,2564.4936000000002,2710.1587,summer,day2
2025-06-24 03:20:00,2998.6512,2709.5415,summer,day2
2025-06-24 03:25:00,2742.8676,2706.9028,summer,day2
2025-06-24 03:30:00,2620.1232,2705.6873,summer,day2
2025-06-24 03:35:00,2824.1856,2706.8213,summer,day2
2025-06-24 03:40:00,2424.4332000000004,2704.0244,summer,day2
2025-06-24 03:45:00,3818.7059999999997,2698.8538,summer,day2
2025-06-24 03:50:00,1940.8883999999998,2696.7156,summer,day2
2025-06-24 03:55:00,2519.2560000000003,2692.524,summer,day2
2025-06-24 04:00:00,2640.1248,2743.3745,summer,day2
2025-06-24 04:05:00,2472.1752,2734.7373,summer,day2
2025-06-24 04:10:00,2479.2708,2726.863,summer,day2
2025-06-24 04:15:00,2458.1256000000003,2723.3428,summer,day2
2025-06-24 04:20:00,2945.9124,2716.4949,summer,day2
2025-06-24 04:25:00,1830.9707999999998,2705.1384,summer,day2
2025-06-24 04:30:00,2352.888,2693.7402,summer,day2
2025-06-24 04:35:00,2333.8559999999998,2685.1724,summer,day2
2025-06-24 04:40:00,2529.5676,2675.2688,summer,day2
2025-06-24 04:45:00,2345.9615999999996,2663.7803,summer,day2
2025-06-24 04:50:00,2276.46,2657.7803,summer,day2
2025-06-24 04:55:00,2291.118,2654.4187,summer,day2
2025-06-24 05:00:00,3367.95,2649.945,summer,day2
2025-06-24 05:05:00,2908.398,2653.2979,summer,day2
2025-06-24 05:10:00,2540.8356,2660.5,summer,day2
2025-06-24 05:15:00,2495.7576,2676.357,summer,day2
2025-06-24 05:20:00,2464.8887999999997,2691.8872,summer,day2
2025-06-24 05:25:00,2481.648,2703.6074,summer,day2
2025-06-24 05:30:00,2339.3903999999998,2709.34,summer,day2
2025-06-24 05:35:00,1834.0224000000003,2721.7705,summer,day2
2025-06-24 05:40:00,2187.312,2729.317,summer,day2
2025-06-24 05:45:00,2216.6675999999998,2707.4092,summer,day2
2025-06-24 05:50:00,2267.7648,2683.7832,summer,day2
2025-06-24 05:55:00,2734.9883999999997,2666.6655,summer,day2
2025-06-24 06:00:00,2195.4792,2734.9375,summer,day2
2025-06-24 06:05:00,2311.0451999999996,2736.1567,summer,day2
2025-06-24 06:10:00,2231.256,2738.3076,summer,day2
2025-06-24 06:15:00,2256.5316,2757.851,summer,day2
2025-06-24 06:20:00,3915.5832,2788.5745,summer,day2
2025-06-24 06:25:00,2262.4116000000004,2833.7397,summer,day2
2025-06-24 06:30:00,2237.8740000000003,2876.4116,summer,day2
2025-06-24 06:35:00,2517.7056000000002,2978.2222,summer,day2
2025-06-24 06:40:00,2973.66,3140.5034,summer,day2
2025-06-24 06:45:00,2641.7376,3212.4043,summer,day2
2025-06-24 06:50:00,2818.2924,3201.354,summer,day2
2025-06-24 06:55:00,3222.3311999999996,3160.3674,summer,day2
2025-06-24 07:00:00,3169.374,3356.326,summer,day2
2025-06-24 07:05:00,2716.782,3423.4888,summer,day2
2025-06-24 07:10:00,2466.1644,3519.351,summer,day2
2025-06-24 07:15:00,2439.5088,3678.9038,summer,day2
2025-06-24 07:20:00,2492.7756,3841.5784,summer,day2
2025-06-24 07:25:00,2633.3292,4067.1946,summer,day2
2025-06-24 07:30:00,3860.7888,4372.6196,summer,day2
2025-06-24 07:35:00,12758.3508,5201.693,summer,day2
2025-06-24 07:40:00,13033.7784,6650.451,summer,day2
2025-06-24 07:45:00,10706.01,7314.209,summer,day2
2025-06-24 07:50:00,4031.3784,7072.732,summer,day2
2025-06-24 07:55:00,4538.0664,6389.4014,summer,day2
2025-06-24 08:00:00,5770.6068,5175.573,summer,day2
2025-06-24 08:05:00,6086.1528,5071.1777,summer,day2
2025-06-24 08:10:00,4450.2888,5016.045,summer,day2
2025-06-24 08:15:00,4173.3096,5076.142,summer,day2
2025-06-24 08:20:00,5067.804,5180.684,summer,day2
2025-06-24 08:25:00,4492.3512,5347.8916,summer,day2
2025-06-24 08:30:00,4050.0384,5454.6304,summer,day2
2025-06-24 08:35:00,5833.9800000000005,5809.6704,summer,day2
2025-06-24 08:40:00,4507.8888,6301.4194,summer,day2
2025-06-24 08:45:00,4903.134,6345.377,summer,day2
2025-06-24 08:50:00,5765.508,6060.8447,summer,day2
2025-06-24 08:55:00,6054.8496,5623.632,summer,day2
2025-06-24 09:00:00,6162.2616,5239.6333,summer,day2
2025-06-24 09:05:00,4468.8624,5145.115,summer,day2
2025-06-24 09:10:00,4301.638800000001,5066.7485,summer,day2
2025-06-24 09:15:00,5098.83,5026.391,summer,day2
2025-06-24 09:20:00,5291.5632,5024.328,summer,day2
2025-06-24 09:25:00,4459.9259999999995,5036.0635,summer,day2
2025-06-24 09:30:00,4992.5064,5020.9097,summer,day2
2025-06-24 09:35:00,4522.630800000001,5095.6016,summer,day2
2025-06-24 09:40:00,4221.2748,5223.8486,summer,day2
2025-06-24 09:45:00,3979.6692000000003,5168.2715,summer,day2
2025-06-24 09:50:00,4549.5923999999995,5024.546,summer,day2
2025-06-24 09:55:00,4840.4256000000005,4908.1616,summer,day2
2025-06-24 10:00:00,5219.3796,4788.386,summer,day2
2025-06-24 10:05:00,5934.624,4787.2524,summer,day2
2025-06-24 10:10:00,4991.5212,4750.5464,summer,day2
2025-06-24 10:15:00,6135.784799999999,4705.4033,summer,day2
2025-06-24 10:20:00,7249.9547999999995,4692.7524,summer,day2
2025-06-24 10:25:00,6449.8332,4669.7837,summer,day2
2025-06-24 10:30:00,5611.7064,4642.3486,summer,day2
2025-06-24 10:35:00,5147.0172,4658.9287,summer,day2
2025-06-24 10:40:00,6022.651199999999,4700.9536,summer,day2
2025-06-24 10:45:00,2209.1148000000003,4651.366,summer,day2
2025-06-24 10:50:00,0.0,4550.2695,summer,day2
2025-06-24 10:55:00,0.0,4476.2837,summer,day2
2025-06-24 11:00:00,0.0,4505.24,summer,day2
2025-06-24 11:05:00,0.0,4542.0264,summer,day2
2025-06-24 11:10:00,0.0,4586.496,summer,day2
2025-06-24 11:15:00,0.0,4610.4956,summer,day2
2025-06-24 11:20:00,0.0,4633.9355,summer,day2
2025-06-24 11:25:00,10374.148799999999,4598.8506,summer,day2
2025-06-24 11:30:00,8077.9836,4551.141,summer,day2
2025-06-24 11:35:00,8140.6032000000005,4550.759,summer,day2
2025-06-24 11:40:00,5274.2544,4599.681,summer,day2
2025-06-24 11:45:00,4511.8464,4618.0244,summer,day2
2025-06-24 11:50:00,4432.8192,4594.552,summer,day2
2025-06-24 11:55:00,4059.4175999999998,4568.096,summer,day2
2025-06-24 12:00:00,4351.0296,4395.8447,summer,day2
2025-06-24 12:05:00,4626.9876,4408.139,summer,day2
2025-06-24 12:10:00,4543.6848,4422.616,summer,day2
2025-06-24 12:15:00,4715.955599999999,4438.2334,summer,day2
2025-06-24 12:20:00,5139.732,4480.542,summer,day2
2025-06-24 12:25:00,4729.7076,4504.6533,summer,day2
2025-06-24 12:30:00,4742.9388,4513.3413,summer,day2
2025-06-24 12:35:00,4532.0748,4538.1797,summer,day2
2025-06-24 12:40:00,4787.046,4568.229,summer,day2
2025-06-24 12:45:00,6061.9944000000005,4544.8706,summer,day2
2025-06-24 12:50:00,4309.6464,4480.7603,summer,day2
2025-06-24 12:55:00,4927.7688,4424.9004,summer,day2
2025-06-24 13:00:00,4759.4136,4302.111,summer,day2
2025-06-24 13:05:00,4881.195600000001,4311.809,summer,day2
2025-06-24 13:10:00,5205.7608,4329.8555,summer,day2
2025-06-24 13:15:00,4842.1584,4356.0396,summer,day2
2025-06-24 13:20:00,4565.3916,4400.3125,summer,day2
2025-06-24 13:25:00,4868.202,4421.2607,summer,day2
2025-06-24 13:30:00,5420.0676,4421.8003,summer,day2
2025-06-24 13:35:00,4323.3936,4436.744,summer,day2
2025-06-24 13:40:00,5516.91,4459.3696,summer,day2
2025-06-24 13:45:00,3799.548,4430.3125,summer,day2
2025-06-24 13:50:00,4270.5972,4373.65,summer,day2
2025-06-24 13:55:00,4795.6308,4327.392,summer,day2
2025-06-24 14:00:00,6366.4368,4272.251,summer,day2
2025-06-24 14:05:00,4284.882,4273.3105,summer,day2
2025-06-24 14:10:00,3199.1567999999997,4268.1953,summer,day2
2025-06-24 14:15:00,3085.3104,4271.244,summer,day2
2025-06-24 14:20:00,3536.8404,4299.675,summer,day2
2025-06-24 14:25:00,3320.964,4324.0264,summer,day2
2025-06-24 14:30:00,3471.9648,4346.841,summer,day2
2025-06-24 14:35:00,3321.666,4417.8877,summer,day2
2025-06-24 14:40:00,3339.8076,4514.366,summer,day2
2025-06-24 14:45:00,3742.1616000000004,4508.397,summer,day2
2025-06-24 14:50:00,3813.8124,4430.255,summer,day2
2025-06-24 14:55:00,3377.4335999999994,4344.314,summer,day2
2025-06-24 15:00:00,3785.9628,4092.012,summer,day2
2025-06-24 15:05:00,3971.3556,4078.0586,summer,day2
2025-06-24 15:10:00,3921.0804,4069.2063,summer,day2
2025-06-24 15:15:00,3370.3032,4075.9724,summer,day2
2025-06-24 15:20:00,4189.9344,4088.8384,summer,day2
2025-06-24 15:25:00,2810.4336,4104.974,summer,day2
2025-06-24 15:30:00,3074.682,4127.3213,summer,day2
2025-06-24 15:35:00,2481.8448,4191.472,summer,day2
2025-06-24 15:40:00,3805.3296,4283.9785,summer,day2
2025-06-24 15:45:00,3129.2508000000003,4312.512,summer,day2
2025-06-24 15:50:00,2580.4908,4275.393,summer,day2
2025-06-24 15:55:00,2946.5568,4215.048,summer,day2
2025-06-24 16:00:00,3111.4716,4131.0283,summer,day2
2025-06-24 16:05:00,3135.0924,4087.195,summer,day2
2025-06-24 16:10:00,2783.4528,4049.782,summer,day2
2025-06-24 16:15:00,3239.4624,4038.6892,summer,day2
2025-06-24 16:20:00,3294.3407999999995,4042.7244,summer,day2
2025-06-24 16:25:00,4283.1324,4054.894,summer,day2
2025-06-24 16:30:00,2500.4712,4066.087,summer,day2
2025-06-24 16:35:00,3620.7479999999996,4115.1987,summer,day2
2025-06-24 16:40:00,3150.3084,4186.7983,summer,day2
2025-06-24 16:45:00,2960.8824,4195.732,summer,day2
2025-06-24 16:50:00,2897.2116,4153.1665,summer,day2
2025-06-24 16:55:00,2918.454,4095.5173,summer,day2
2025-06-24 17:00:00,4798.6584,3939.1143,summer,day2
2025-06-24 17:05:00,2999.7792,3918.1614,summer,day2
2025-06-24 17:10:00,2923.0044,3898.4343,summer,day2
2025-06-24 17:15:00,2641.3896,3899.8115,summer,day2
2025-06-24 17:20:00,2671.7760000000003,3910.0505,summer,day2
2025-06-24 17:25:00,2650.9716,3926.3245,summer,day2
2025-06-24 17:30:00,2825.0496,3931.84,summer,day2
2025-06-24 17:35:00,2896.6572,3963.9856,summer,day2
2025-06-24 17:40:00,3510.9528,4013.409,summer,day2
2025-06-24 17:45:00,4574.4612,3983.259,summer,day2
2025-06-24 17:50:00,2827.3464,3921.3442,summer,day2
2025-06-24 17:55:00,3183.7536,3870.4941,summer,day2
2025-06-24 18:00:00,6137.4144,3801.2878,summer,day2
2025-06-24 18:05:00,13028.5596,3793.4487,summer,day2
2025-06-24 18:10:00,12003.9588,3768.71,summer,day2
2025-06-24 18:15:00,4283.983200000001,3752.279,summer,day2
2025-06-24 18:20:00,3900.2591999999995,3741.1233,summer,day2
2025-06-24 18:25:00,3571.0476000000003,3736.447,summer,day2
2025-06-24 18:30:00,4422.8664,3733.7017,summer,day2
2025-06-24 18:35:00,4603.4748,3758.953,summer,day2
2025-06-24 18:40:00,3922.4208,3798.0762,summer,day2
2025-06-24 18:45:00,5402.8668,3775.4995,summer,day2
2025-06-24 18:50:00,4105.824,3720.627,summer,day2
2025-06-24 18:55:00,6040.26,3668.7544,summer,day2
2025-06-24 19:00:00,6760.8516,3457.5547,summer,day2
2025-06-24 19:05:00,4314.4788,3465.6748,summer,day2
2025-06-24 19:10:00,3982.2588000000005,3476.46,summer,day2
2025-06-24 19:15:00,5452.4472000000005,3486.7961,summer,day2
2025-06-24 19:20:00,3731.5775999999996,3477.1133,summer,day2
2025-06-24 19:25:00,2943.654,3441.8945,summer,day2
2025-06-24 19:30:00,3148.674,3399.8975,summer,day2
2025-06-24 19:35:00,2842.8444,3376.3252,summer,day2
2025-06-24 19:40:00,4424.7624,3370.5693,summer,day2
2025-06-24 19:45:00,2855.5667999999996,3350.8926,summer,day2
2025-06-24 19:50:00,2756.3256,3324.511,summer,day2
2025-06-24 19:55:00,2818.3848000000003,3297.8823,summer,day2
2025-06-24 20:00:00,3068.9736000000003,3192.6648,summer,day2
2025-06-24 20:05:00,4017.7236,3180.7434,summer,day2
2025-06-24 20:10:00,3180.042,3172.9814,summer,day2
2025-06-24 20:15:00,2247.564,3173.0388,summer,day2
2025-06-24 20:20:00,2287.1531999999997,3175.5408,summer,day2
2025-06-24 20:25:00,2420.6387999999997,3167.0862,summer,day2
2025-06-24 20:30:00,4464.534,3153.178,summer,day2
2025-06-24 20:35:00,3274.3548,3134.0884,summer,day2
2025-06-24 20:40:00,1980.7788,3112.607,summer,day2
2025-06-24 20:45:00,2157.738,3076.2324,summer,day2
2025-06-24 20:50:00,2306.8032,3041.9622,summer,day2
2025-06-24 20:55:00,2534.0748,3021.5835,summer,day2
2025-06-24 21:00:00,2524.3692,3071.063,summer,day2
2025-06-24 21:05:00,2142.9612,3083.595,summer,day2
2025-06-24 21:10:00,2104.218,3109.7764,summer,day2
2025-06-24 21:15:00,3007.1592,3144.8616,summer,day2
2025-06-24 21:20:00,2693.538,3173.3655,summer,day2
2025-06-24 21:25:00,2847.2256,3184.7712,summer,day2
2025-06-24 21:30:00,2899.1220000000003,3181.5496,summer,day2
2025-06-24 21:35:00,2790.2484,3171.3118,summer,day2
2025-06-24 21:40:00,2656.9428,3153.8318,summer,day2
2025-06-24 21:45:00,2621.6328000000003,3117.955,summer,day2
2025-06-24 21:50:00,2624.322,3091.5103,summer,day2
2025-06-24 21:55:00,2582.082,3076.0427,summer,day2
2025-06-24 22:00:00,2492.7912,2980.7861,summer,day2
2025-06-24 22:05:00,2343.1403999999998,2978.2832,summer,day2
2025-06-24 22:10:00,2291.2308000000003,2976.955,summer,day2
2025-06-24 22:15:00,2364.4236,2980.5723,summer,day2
2025-06-24 22:20:00,2391.6059999999998,2983.5085,summer,day2
2025-06-24 22:25:00,2501.1684,2983.376,summer,day2
2025-06-24 22:30:00,2982.7956,2986.146,summer,day2
2025-06-24 22:35:00,2872.9128,2993.6155,summer,day2
2025-06-24 22:40:00,2819.4684,3001.3613,summer,day2
2025-06-24 22:45:00,2847.5784,2994.9644,summer,day2
2025-06-24 22:50:00,2850.1812,2990.3389,summer,day2
2025-06-24 22:55:00,2677.2192,2984.6628,summer,day2
2025-06-24 23:00:00,2564.2596,2899.1436,summer,day2
2025-06-24 23:05:00,2354.1588,2902.1787,summer,day2
2025-06-24 23:10:00,2379.594,2911.9033,summer,day2
2025-06-24 23:15:00,2559.54,2925.808,summer,day2
2025-06-24 23:20:00,2436.492,2936.58,summer,day2
2025-06-24 23:25:00,2404.9175999999998,2944.292,summer,day2
2025-06-24 23:30:00,2388.7176,2960.326,summer,day2
2025-06-24 23:35:00,2431.6716,2992.9915,summer,day2
2025-06-24 23:40:00,2481.1356,3037.9211,summer,day2
2025-06-24 23:45:00,2668.3704,3055.541,summer,day2
2025-06-24 23:50:00,2523.8172000000004,3053.2285,summer,day2
2025-06-24 23:55:00,2377.2336,3042.3599,summer,day2
2025-07-17 00:00:00,5246.0484,5155.134,summer,day3
2025-07-17 00:05:00,5356.5491999999995,5146.906,summer,day3
2025-07-17 00:10:00,5203.0692,5154.615,summer,day3
2025-07-17 00:15:00,5114.8428,5180.9307,summer,day3
2025-07-17 00:20:00,5111.4,5226.9185,summer,day3
2025-07-17 00:25:00,4177.302000000001,5266.5044,summer,day3
2025-07-17 00:30:00,3789.2208,5263.9395,summer,day3
2025-07-17 00:35:00,3766.1652000000004,5214.0557,summer,day3
2025-07-17 00:40:00,3981.3,5147.511,summer,day3
2025-07-17 00:45:00,3932.2392,5079.8037,summer,day3
2025-07-17 00:50:00,4200.8148,5020.913,summer,day3
2025-07-17 00:55:00,3925.5864,4986.282,summer,day3
2025-07-17 01:00:00,4000.392,5113.212,summer,day3
2025-07-17 01:05:00,3869.9772000000003,5119.145,summer,day3
2025-07-17 01:10:00,3786.9983999999995,5126.81,summer,day3
2025-07-17 01:15:00,3910.2767999999996,5145.3174,summer,day3
2025-07-17 01:20:00,3882.3659999999995,5202.931,summer,day3
2025-07-17 01:25:00,3814.8792000000003,5273.341,summer,day3
2025-07-17 01:30:00,3929.1024000000007,5340.0225,summer,day3
2025-07-17 01:35:00,3919.0188000000003,5397.857,summer,day3
2025-07-17 01:40:00,4097.3076,5440.6436,summer,day3
2025-07-17 01:45:00,4060.0032,5463.673,summer,day3
2025-07-17 01:50:00,4196.1264,5479.759,summer,day3
2025-07-17 01:55:00,4211.3124,5495.912,summer,day3
2025-07-17 02:00:00,3966.1452,6004.945,summer,day3
2025-07-17 02:05:00,3856.932,6016.6943,summer,day3
2025-07-17 02:10:00,3851.5968000000003,6056.5024,summer,day3
2025-07-17 02:15:00,2869.5348,6131.3135,summer,day3
2025-07-17 02:20:00,2371.6428,6242.605,summer,day3
2025-07-17 02:25:00,2450.4708,6322.6216,summer,day3
2025-07-17 02:30:00,2315.2763999999997,6365.4883,summer,day3
2025-07-17 02:35:00,2376.9648,6390.934,summer,day3
2025-07-17 02:40:00,2425.7136,6418.3975,summer,day3
2025-07-17 02:45:00,2429.9352,6434.775,summer,day3
2025-07-17 02:50:00,2390.3856,6426.0874,summer,day3
2025-07-17 02:55:00,2386.8552,6403.068,summer,day3
2025-07-17 03:00:00,2431.0488,6123.4116,summer,day3
2025-07-17 03:05:00,2698.674,6065.324,summer,day3
2025-07-17 03:10:00,2730.6624,6054.612,summer,day3
2025-07-17 03:15:00,2747.6892,6123.2456,summer,day3
2025-07-17 03:20:00,2523.4991999999997,6286.728,summer,day3
2025-07-17 03:25:00,2460.6456,6473.3936,summer,day3
2025-07-17 03:30:00,2440.014,6653.293,summer,day3
2025-07-17 03:35:00,2432.5992,6732.668,summer,day3
2025-07-17 03:40:00,2599.3776,6723.5312,summer,day3
2025-07-17 03:45:00,2705.4552,6646.3755,summer,day3
2025-07-17 03:50:00,2623.6236,6549.282,summer,day3
2025-07-17 03:55:00,2478.0384000000004,6476.0005,summer,day3
2025-07-17 04:00:00,2335.9368000000004,6949.432,summer,day3
2025-07-17 04:05:00,2251.9632,6915.8726,summer,day3
2025-07-17 04:10:00,2529.6984,6917.1885,summer,day3
2025-07-17 04:15:00,2788.8228,6952.095,summer,day3
2025-07-17 04:20:00,2851.6332,7001.256,summer,day3
2025-07-17 04:25:00,2461.8024,7007.395,summer,day3
2025-07-17 04:30:00,2586.2183999999997,6983.833,summer,day3
2025-07-17 04:35:00,2548.9356,6834.919,summer,day3
2025-07-17 04:40:00,2482.7676,6602.617,summer,day3
2025-07-17 04:45:00,2635.4016,6307.284,summer,day3
2025-07-17 04:50:00,2669.6448,6023.2617,summer,day3
2025-07-17 04:55:00,2490.3444,5819.0933,summer,day3
2025-07-17 05:00:00,2453.6315999999997,5232.108,summer,day3
2025-07-17 05:05:00,2496.9624,5099.2686,summer,day3
2025-07-17 05:10:00,2487.0912,4971.3784,summer,day3
2025-07-17 05:15:00,2354.1288,4856.403,summer,day3
2025-07-17 05:20:00,2367.9612,4752.5312,summer,day3
2025-07-17 05:25:00,2027.0747999999999,4640.5024,summer,day3
2025-07-17 05:30:00,2033.0387999999998,4556.286,summer,day3
2025-07-17 05:35:00,2132.3436,4441.509,summer,day3
2025-07-17 05:40:00,2186.538,4336.8535,summer,day3
2025-07-17 05:45:00,2277.5208,4231.671,summer,day3
2025-07-17 05:50:00,2383.4532,4126.0303,summer,day3
2025-07-17 05:55:00,2263.3512,4036.684,summer,day3
2025-07-17 06:00:00,2142.2964,3835.614,summer,day3
2025-07-17 06:05:00,2132.5476,3785.333,summer,day3
2025-07-17 06:10:00,2150.2956,3751.0732,summer,day3
2025-07-17 06:15:00,2239.2588,3727.018,summer,day3
2025-07-17 06:20:00,2391.6612,3700.648,summer,day3
2025-07-17 06:25:00,2539.6872000000003,3657.008,summer,day3
2025-07-17 06:30:00,2463.282,3626.6294,summer,day3
2025-07-17 06:35:00,2265.4955999999997,3587.8643,summer,day3
2025-07-17 06:40:00,2153.3052,3562.0503,summer,day3
2025-07-17 06:45:00,2090.0616,3543.9836,summer,day3
2025-07-17 06:50:00,2232.0252,3526.4094,summer,day3
2025-07-17 06:55:00,2288.1564,3513.3333,summer,day3
2025-07-17 07:00:00,2431.6992,4063.6492,summer,day3
2025-07-17 07:05:00,2459.5032,4014.6147,summer,day3
2025-07-17 07:10:00,2412.8052,3959.485,summer,day3
2025-07-17 07:15:00,2845.1148000000003,3898.93,summer,day3
2025-07-17 07:20:00,3148.1328000000003,3835.9675,summer,day3
2025-07-17 07:25:00,3165.2424,3763.2966,summer,day3
2025-07-17 07:30:00,3216.468,3702.6167,summer,day3
2025-07-17 07:35:00,3406.0248,3638.081,summer,day3
2025-07-17 07:40:00,3412.6344,3576.8965,summer,day3
2025-07-17 07:45:00,3796.7232000000004,3525.4395,summer,day3
2025-07-17 07:50:00,12464.6484,3482.5813,summer,day3
2025-07-17 07:55:00,11088.114,3455.5288,summer,day3
2025-07-17 08:00:00,6102.2028,3732.8418,summer,day3
2025-07-17 08:05:00,6575.924400000001,3734.83,summer,day3
2025-07-17 08:10:00,6474.072,3751.9019,summer,day3
2025-07-17 08:15:00,7917.368400000001,3780.281,summer,day3
2025-07-17 08:20:00,5783.8344,3825.2485,summer,day3
2025-07-17 08:25:00,4748.4828,3867.839,summer,day3
2025-07-17 08:30:00,4604.4228,3921.3286,summer,day3
2025-07-17 08:35:00,4767.498,3958.0493,summer,day3
2025-07-17 08:40:00,4559.272800000001,3962.055,summer,day3
2025-07-17 08:45:00,4849.681200000001,3954.843,summer,day3
2025-07-17 08:50:00,5948.52,3956.109,summer,day3
2025-07-17 08:55:00,6792.8063999999995,3988.2715,summer,day3
2025-07-17 09:00:00,6504.967200000001,4693.949,summer,day3
2025-07-17 09:05:00,5775.3168000000005,4825.3574,summer,day3
2025-07-17 09:10:00,4880.7108,5016.1846,summer,day3
2025-07-17 09:15:00,5552.7036,5226.0107,summer,day3
2025-07-17 09:20:00,6530.7624000000005,5441.6025,summer,day3
2025-07-17 09:25:00,5388.566400000001,5606.7104,summer,day3
2025-07-17 09:30:00,5798.6232,5748.531,summer,day3
2025-07-17 09:35:00,5717.1276,5850.9375,summer,day3
2025-07-17 09:40:00,5498.9712,5916.837,summer,day3
2025-07-17 09:45:00,4674.5160000000005,5990.7676,summer,day3
2025-07-17 09:50:00,5567.778,6104.939,summer,day3
2025-07-17 09:55:00,5435.2248,6312.5967,summer,day3
2025-07-17 10:00:00,4890.4344,6935.3413,summer,day3
2025-07-17 10:05:00,4255.0512,7200.8164,summer,day3
2025-07-17 10:10:00,4441.3284,7482.604,summer,day3
2025-07-17 10:15:00,4890.2976,7778.695,summer,day3
2025-07-17 10:20:00,4805.6196,8105.8843,summer,day3
2025-07-17 10:25:00,6851.9232,8389.237,summer,day3
2025-07-17 10:30:00,5099.004,8631.744,summer,day3
2025-07-17 10:35:00,4659.8508,8782.249,summer,day3
2025-07-17 10:40:00,6122.6844,8824.241,summer,day3
2025-07-17 10:45:00,4203.4800000000005,8815.297,summer,day3
2025-07-17 10:50:00,4802.1576000000005,8769.42,summer,day3
2025-07-17 10:55:00,4432.9236,8713.816,summer,day3
2025-07-17 11:00:00,4953.2532,7715.1387,summer,day3
2025-07-17 11:05:00,5866.8576,7482.5366,summer,day3
2025-07-17 11:10:00,5520.3012,7233.3965,summer,day3
2025-07-17 11:15:00,5037.6252,7017.5303,summer,day3
2025-07-17 11:20:00,4809.15,6870.1904,summer,day3
2025-07-17 11:25:00,5365.188,6766.8174,summer,day3
2025-07-17 11:30:00,4426.3884,6763.694,summer,day3
2025-07-17 11:35:00,4918.7592,6783.8296,summer,day3
2025-07-17 11:40:00,5263.7256,6815.3145,summer,day3
2025-07-17 11:45:00,4268.602800000001,6842.299,summer,day3
2025-07-17 11:50:00,4858.2036,6820.637,summer,day3
2025-07-17 11:55:00,5438.0904,6776.7837,summer,day3
2025-07-17 12:00:00,4499.245199999999,7285.5186,summer,day3
2025-07-17 12:05:00,4930.468800000001,7116.525,summer,day3
2025-07-17 12:10:00,4484.1,6966.7104,summer,day3
2025-07-17 12:15:00,5279.354399999999,6871.758,summer,day3
2025-07-17 12:20:00,5635.4208,6803.7715,summer,day3
2025-07-17 12:25:00,7468.26,6716.423,summer,day3
2025-07-17 12:30:00,5192.6436,6651.1523,summer,day3
2025-07-17 12:35:00,4543.9488,6493.09,summer,day3
2025-07-17 12:40:00,6092.5008,6272.002,summer,day3
2025-07-17 12:45:00,7782.559200000001,5997.442,summer,day3
2025-07-17 12:50:00,6412.6092,5655.4766,summer,day3
2025-07-17 12:55:00,6379.0584,5324.329,summer,day3
2025-07-17 13:00:00,4599.3876,5645.8154,summer,day3
2025-07-17 13:05:00,4737.0216,5407.0264,summer,day3
2025-07-17 13:10:00,6574.3068,5262.052,summer,day3
2025-07-17 13:15:00,5047.7232,5165.1206,summer,day3
2025-07-17 13:20:00,6563.8068,5092.65,summer,day3
2025-07-17 13:25:00,7114.498799999999,5027.6714,summer,day3
2025-07-17 13:30:00,5494.794,4998.163,summer,day3
2025-07-17 13:35:00,4849.7352,4950.945,summer,day3
2025-07-17 13:40:00,5346.7044000000005,4911.042,summer,day3
2025-07-17 13:45:00,4955.202,4874.483,summer,day3
2025-07-17 13:50:00,5024.3364,4819.495,summer,day3
2025-07-17 13:55:00,4966.8852,4758.8613,summer,day3
2025-07-17 14:00:00,4621.818,4646.3066,summer,day3
2025-07-17 14:05:00,5243.9112000000005,4602.5435,summer,day3
2025-07-17 14:10:00,6409.0632,4577.703,summer,day3
2025-07-17 14:15:00,4819.956,4564.1646,summer,day3
2025-07-17 14:20:00,4747.390799999999,4555.49,summer,day3
2025-07-17 14:25:00,6238.9308,4531.429,summer,day3
2025-07-17 14:30:00,5582.022,4502.839,summer,day3
2025-07-17 14:35:00,4787.9088,4439.0425,summer,day3
2025-07-17 14:40:00,4944.138,4372.0874,summer,day3
2025-07-17 14:45:00,5074.722,4312.5107,summer,day3
2025-07-17 14:50:00,5499.2352,4258.143,summer,day3
2025-07-17 14:55:00,4968.6384,4224.146,summer,day3
2025-07-17 15:00:00,5770.7616,4144.6284,summer,day3
2025-07-17 15:05:00,5905.2468,4143.5776,summer,day3
2025-07-17 15:10:00,5332.9752,4144.4927,summer,day3
2025-07-17 15:15:00,4588.5576,4132.185,summer,day3
2025-07-17 15:20:00,4382.6664,4109.6807,summer,day3
2025-07-17 15:25:00,4640.8212,4068.5898,summer,day3
2025-07-17 15:30:00,4833.7644,4024.4133,summer,day3
2025-07-17 15:35:00,4735.32,3964.7737,summer,day3
2025-07-17 15:40:00,5593.9956,3909.7012,summer,day3
2025-07-17 15:45:00,6699.9204,3863.0845,summer,day3
2025-07-17 15:50:00,5349.530400000001,3823.779,summer,day3
2025-07-17 15:55:00,4272.5472,3803.0703,summer,day3
2025-07-17 16:00:00,5156.5692,3898.3472,summer,day3
2025-07-17 16:05:00,3829.3248,3909.9414,summer,day3
2025-07-17 16:10:00,3904.7964,3934.559,summer,day3
2025-07-17 16:15:00,3894.5555999999997,3966.247,summer,day3
2025-07-17 16:20:00,3870.8376000000003,4011.247,summer,day3
2025-07-17 16:25:00,4002.0528,4061.359,summer,day3
2025-07-17 16:30:00,3569.1551999999997,4130.838,summer,day3
2025-07-17 16:35:00,3827.4168,4195.8057,summer,day3
2025-07-17 16:40:00,4213.9656,4262.7075,summer,day3
2025-07-17 16:45:00,3695.3868,4313.025,summer,day3
2025-07-17 16:50:00,3703.0847999999996,4331.176,summer,day3
2025-07-17 16:55:00,5570.166,4345.932,summer,day3
2025-07-17 17:00:00,4633.2624,4180.9614,summer,day3
2025-07-17 17:05:00,6476.478,4229.1367,summer,day3
2025-07-17 17:10:00,5138.442,4287.185,summer,day3
2025-07-17 17:15:00,5058.0504,4344.49,summer,day3
2025-07-17 17:20:00,5018.3351999999995,4403.437,summer,day3
2025-07-17 17:25:00,4594.0596000000005,4426.2266,summer,day3
2025-07-17 17:30:00,3719.3544,4418.0015,summer,day3
2025-07-17 17:35:00,3734.5440000000003,4361.824,summer,day3
2025-07-17 17:40:00,3975.9672,4290.83,summer,day3
2025-07-17 17:45:00,4450.2204,4208.1553,summer,day3
2025-07-17 17:50:00,4235.4132,4129.8086,summer,day3
2025-07-17 17:55:00,3930.0624,4075.5137,summer,day3
2025-07-17 18:00:00,5268.5292,3996.871,summer,day3
2025-07-17 18:05:00,5162.6532,3989.2598,summer,day3
2025-07-17 18:10:00,4423.0344,3997.7488,summer,day3
2025-07-17 18:15:00,5258.8056,4015.504,summer,day3
2025-07-17 18:20:00,4014.7344,4054.5874,summer,day3
2025-07-17 18:25:00,3932.4660000000003,4094.8535,summer,day3
2025-07-17 18:30:00,3727.0728000000004,4149.6914,summer,day3
2025-07-17 18:35:00,3610.1976000000004,4195.3413,summer,day3
2025-07-17 18:40:00,3780.9444000000003,4237.0254,summer,day3
2025-07-17 18:45:00,3828.2172000000005,4260.0327,summer,day3
2025-07-17 18:50:00,3959.0099999999998,4274.4907,summer,day3
2025-07-17 18:55:00,4518.9228,4302.4,summer,day3
2025-07-17 19:00:00,3927.3635999999997,4283.349,summer,day3
2025-07-17 19:05:00,3844.9199999999996,4336.2334,summer,day3
2025-07-17 19:10:00,4531.116,4393.3433,summer,day3
2025-07-17 19:15:00,6519.4812,4447.1826,summer,day3
2025-07-17 19:20:00,5548.7663999999995,4504.372,summer,day3
2025-07-17 19:25:00,4800.1116,4550.577,summer,day3
2025-07-17 19:30:00,3718.7748,4602.332,summer,day3
2025-07-17 19:35:00,4131.6144,4637.587,summer,day3
2025-07-17 19:40:00,3456.3072,4668.7275,summer,day3
2025-07-17 19:45:00,3640.9728000000005,4685.1074,summer,day3
2025-07-17 19:50:00,3621.3959999999997,4703.6904,summer,day3
2025-07-17 19:55:00,3452.7012000000004,4741.538,summer,day3
2025-07-17 20:00:00,3340.0343999999996,4152.2046,summer,day3
2025-07-17 20:05:00,3938.4468,4191.5186,summer,day3
2025-07-17 20:10:00,5138.5524,4243.9404,summer,day3
2025-07-17 20:15:00,4519.9536,4310.7524,summer,day3
2025-07-17 20:20:00,3926.7612,4401.875,summer,day3
2025-07-17 20:25:00,3740.0208,4499.472,summer,day3
2025-07-17 20:30:00,4663.9524,4603.3193,summer,day3
2025-07-17 20:35:00,4187.022,4673.993,summer,day3
2025-07-17 20:40:00,3741.7536,4712.1265,summer,day3
2025-07-17 20:45:00,4081.4483999999998,4707.8364,summer,day3
2025-07-17 20:50:00,4111.0248,4667.0566,summer,day3
2025-07-17 20:55:00,4040.1852,4601.944,summer,day3
2025-07-17 21:00:00,4022.5296000000003,4804.0044,summer,day3
2025-07-17 21:05:00,5074.1916,4696.3604,summer,day3
2025-07-17 21:10:00,5019.6864000000005,4617.457,summer,day3
2025-07-17 21:15:00,5235.1056,4577.8945,summer,day3
2025-07-17 21:20:00,5198.7276,4565.7285,summer,day3
2025-07-17 21:25:00,5041.8972,4554.6987,summer,day3
2025-07-17 21:30:00,4947.7572,4551.3794,summer,day3
2025-07-17 21:35:00,4845.9983999999995,4526.5703,summer,day3
2025-07-17 21:40:00,4915.1556,4498.1226,summer,day3
2025-07-17 21:45:00,4995.6108,4465.2383,summer,day3
2025-07-17 21:50:00,5145.023999999999,4428.174,summer,day3
2025-07-17 21:55:00,4821.938400000001,4391.3955,summer,day3
2025-07-17 22:00:00,5224.206,3906.1345,summer,day3
2025-07-17 22:05:00,5409.0491999999995,3862.0527,summer,day3
2025-07-17 22:10:00,7144.282800000001,3808.164,summer,day3
2025-07-17 22:15:00,7163.3364,3752.2234,summer,day3
2025-07-17 22:20:00,5021.166,3706.2944,summer,day3
2025-07-17 22:25:00,5094.3084,3670.5918,summer,day3
2025-07-17 22:30:00,5358.468,3649.8452,summer,day3
2025-07-17 22:35:00,5151.765600000001,3618.4033,summer,day3
2025-07-17 22:40:00,5313.6588,3577.3132,summer,day3
2025-07-17 22:45:00,5620.0271999999995,3526.3806,summer,day3
2025-07-17 22:50:00,5626.4496,3469.3926,summer,day3
2025-07-17 22:55:00,5536.8804,3418.4377,summer,day3
2025-07-17 23:00:00,5400.3396,3088.4128,summer,day3
2025-07-17 23:05:00,5470.469999999999,3067.8682,summer,day3
2025-07-17 23:10:00,5739.8243999999995,3056.0994,summer,day3
2025-07-17 23:15:00,5787.3996,3047.1763,summer,day3
2025-07-17 23:20:00,5927.4816,3039.616,summer,day3
2025-07-17 23:25:00,5834.090399999999,3022.665,summer,day3
2025-07-17 23:30:00,5615.3124,3007.8154,summer,day3
2025-07-17 23:35:00,5421.51,2983.598,summer,day3
2025-07-17 23:40:00,5291.3436,2957.043,summer,day3
2025-07-17 23:45:00,6521.7792,2932.0713,summer,day3
2025-07-17 23:50:00,5161.5504,2910.6555,summer,day3
2025-07-17 23:55:00,4628.9604,2899.5703,summer,day3
2025-08-08 00:00:00,2905.4832,3536.113,summer,day4
2025-08-08 00:05:00,2841.84,3540.8406,summer,day4
2025-08-08 00:10:00,3052.6944,3542.1182,summer,day4
2025-08-08 00:15:00,3142.6728,3543.9377,summer,day4
2025-08-08 00:20:00,2870.1984,3545.074,summer,day4
2025-08-08 00:25:00,2817.8292,3548.2502,summer,day4
2025-08-08 00:30:00,2915.0568,3551.542,summer,day4
2025-08-08 00:35:00,2962.2383999999997,3555.8271,summer,day4
2025-08-08 00:40:00,2623.6164,3559.921,summer,day4
2025-08-08 00:45:00,2690.5608,3566.2998,summer,day4
2025-08-08 00:50:00,2906.832,3574.312,summer,day4
2025-08-08 00:55:00,2565.0204,3578.167,summer,day4
2025-08-08 01:00:00,2503.4616,3624.5857,summer,day4
2025-08-08 01:05:00,2474.418,3625.7822,summer,day4
2025-08-08 01:10:00,2648.3604,3616.6826,summer,day4
2025-08-08 01:15:00,2786.8572,3604.4175,summer,day4
2025-08-08 01:20:00,2711.532,3589.0645,summer,day4
2025-08-08 01:25:00,2803.4472,3573.4827,summer,day4
2025-08-08 01:30:00,2854.1808,3557.9922,summer,day4
2025-08-08 01:35:00,2967.666,3543.5173,summer,day4
2025-08-08 01:40:00,2924.532,3529.9116,summer,day4
2025-08-08 01:45:00,2853.4332,3518.725,summer,day4
2025-08-08 01:50:00,2575.8959999999997,3510.593,summer,day4
2025-08-08 01:55:00,2489.8164,3500.5974,summer,day4
2025-08-08 02:00:00,2426.1984,3530.2246,summer,day4
2025-08-08 02:05:00,2760.0792,3528.1077,summer,day4
2025-08-08 02:10:00,3409.6788,3520.2554,summer,day4
2025-08-08 02:15:00,3478.7292,3514.6052,summer,day4
2025-08-08 02:20:00,3429.4031999999997,3509.1265,summer,day4
2025-08-08 02:25:00,3368.4684,3505.3164,summer,day4
2025-08-08 02:30:00,3050.1252,3500.5444,summer,day4
2025-08-08 02:35:00,2940.1956,3495.2393,summer,day4
2025-08-08 02:40:00,3120.0227999999997,3487.7056,summer,day4
2025-08-08 02:45:00,4267.158,3478.6877,summer,day4
2025-08-08 02:50:00,4474.515600000001,3468.7788,summer,day4
2025-08-08 02:55:00,3739.8084000000003,3452.5474,summer,day4
2025-08-08 03:00:00,5022.6144,3448.2583,summer,day4
2025-08-08 03:05:00,4454.8908,3432.8396,summer,day4
2025-08-08 03:10:00,2717.2367999999997,3409.1301,summer,day4
2025-08-08 03:15:00,3616.4352,3387.3093,summer,day4
2025-08-08 03:20:00,5155.7544,3367.3767,summer,day4
2025-08-08 03:25:00,3559.5,3351.6392,summer,day4
2025-08-08 03:30:00,2605.1423999999997,3339.1184,summer,day4
2025-08-08 03:35:00,2508.5832,3330.4153,summer,day4
2025-08-08 03:40:00,2695.8588000000004,3324.0732,summer,day4
2025-08-08 03:45:00,2457.4272,3320.1748,summer,day4
2025-08-08 03:50:00,2337.6576,3319.7756,summer,day4
2025-08-08 03:55:00,2346.7884,3316.8257,summer,day4
2025-08-08 04:00:00,2334.5664,3254.2827,summer,day4
2025-08-08 04:05:00,2381.9700000000003,3254.4998,summer,day4
2025-08-08 04:10:00,2430.6504,3246.0737,summer,day4
2025-08-08 04:15:00,2522.2812,3237.5767,summer,day4
2025-08-08 04:20:00,2233.764,3228.331,summer,day4
2025-08-08 04:25:00,2555.6351999999997,3220.1763,summer,day4
2025-08-08 04:30:00,2582.2488000000003,3212.97,summer,day4
2025-08-08 04:35:00,3999.4116000000004,3207.8728,summer,day4
2025-08-08 04:40:00,2532.3635999999997,3203.423,summer,day4
2025-08-08 04:45:00,2868.2604,3199.9001,summer,day4
2025-08-08 04:50:00,3039.5508,3198.9475,summer,day4
2025-08-08 04:55:00,2912.1144,3194.771,summer,day4
2025-08-08 05:00:00,2723.4708,3069.144,summer,day4
2025-08-08 05:05:00,2702.4924,3068.4553,summer,day4
2025-08-08 05:10:00,2537.0099999999998,3061.1086,summer,day4
2025-08-08 05:15:00,2216.7768,3054.903,summer,day4
2025-08-08 05:20:00,2429.4576,3049.8909,summer,day4
2025-08-08 05:25:00,2355.9864000000002,3047.6445,summer,day4
2025-08-08 05:30:00,2164.7628,3048.6045,summer,day4
2025-08-08 05:35:00,2109.3347999999996,3054.4019,summer,day4
2025-08-08 05:40:00,2062.8455999999996,3062.3506,summer,day4
2025-08-08 05:45:00,2216.46,3071.8333,summer,day4
2025-08-08 05:50:00,2434.5024,3084.0215,summer,day4
2025-08-08 05:55:00,2256.9624,3091.9824,summer,day4
2025-08-08 06:00:00,2086.1076000000003,3122.562,summer,day4
2025-08-08 06:05:00,2038.9080000000001,3132.2034,summer,day4
2025-08-08 06:10:00,2045.8739999999998,3133.8135,summer,day4
2025-08-08 06:15:00,2038.7652000000003,3135.4783,summer,day4
2025-08-08 06:20:00,2295.6876,3137.556,summer,day4
2025-08-08 06:25:00,2334.8376,3142.0938,summer,day4
2025-08-08 06:30:00,2314.3343999999997,3149.1843,summer,day4
2025-08-08 06:35:00,2259.6408,3160.8645,summer,day4
2025-08-08 06:40:00,2163.0119999999997,3174.6995,summer,day4
2025-08-08 06:45:00,2305.9932,3190.8577,summer,day4
2025-08-08 06:50:00,2580.3732,3210.3079,summer,day4
2025-08-08 06:55:00,2479.3308,3225.7761,summer,day4
2025-08-08 07:00:00,2469.1236,3426.2454,summer,day4
2025-08-08 07:05:00,2567.5296,3443.0876,summer,day4
2025-08-08 07:10:00,2516.7912,3450.0288,summer,day4
2025-08-08 07:15:00,2933.8487999999998,3455.1533,summer,day4
2025-08-08 07:20:00,4157.588400000001,3457.4893,summer,day4
2025-08-08 07:25:00,3769.9464,3461.1208,summer,day4
2025-08-08 07:30:00,3520.6008,3465.3906,summer,day4
2025-08-08 07:35:00,3993.84,3473.4634,summer,day4
2025-08-08 07:40:00,3469.446,3483.9648,summer,day4
2025-08-08 07:45:00,3332.5608,3497.6719,summer,day4
2025-08-08 07:50:00,4370.982,3514.5977,summer,day4
2025-08-08 07:55:00,5928.4632,3526.9438,summer,day4
2025-08-08 08:00:00,6051.9216,3757.4885,summer,day4
2025-08-08 08:05:00,7442.5740000000005,3771.1914,summer,day4
2025-08-08 08:10:00,6914.742,3774.8948,summer,day4
2025-08-08 08:15:00,4370.236800000001,3777.3125,summer,day4
2025-08-08 08:20:00,3859.41,3776.1729,summer,day4
2025-08-08 08:25:00,3873.5616,3776.6294,summer,day4
2025-08-08 08:30:00,3982.8959999999997,3775.7969,summer,day4
2025-08-08 08:35:00,4137.0887999999995,3775.884,summer,day4
2025-08-08 08:40:00,4582.818,3776.091,summer,day4
2025-08-08 08:45:00,4052.8572,3777.9846,summer,day4
2025-08-08 08:50:00,3729.6876,3781.5593,summer,day4
2025-08-08 08:55:00,3790.8612000000003,3780.2412,summer,day4
2025-08-08 09:00:00,3798.4464,3841.5151,summer,day4
2025-08-08 09:05:00,5274.7428,3842.3176,summer,day4
2025-08-08 09:10:00,4159.0452000000005,3835.5886,summer,day4
2025-08-08 09:15:00,4181.5740000000005,3830.0042,summer,day4
2025-08-08 09:20:00,5541.3996,3824.2183,summer,day4
2025-08-08 09:25:00,4343.9496,3823.5193,summer,day4
2025-08-08 09:30:00,5387.140799999999,3824.8364,summer,day4
2025-08-08 09:35:00,4316.7192,3829.299,summer,day4
2025-08-08 09:40:00,4500.069600000001,3835.347,summer,day4
2025-08-08 09:45:00,4473.2916,3843.6458,summer,day4
2025-08-08 09:50:00,6840.2064,3852.9497,summer,day4
2025-08-08 09:55:00,5347.7736,3856.6707,summer,day4
2025-08-08 10:00:00,4514.2572,3855.4004,summer,day4
2025-08-08 10:05:00,5084.0124,3859.6467,summer,day4
2025-08-08 10:10:00,5008.0896,3854.85,summer,day4
2025-08-08 10:15:00,4081.65,3850.5107,summer,day4
2025-08-08 10:20:00,4155.3396,3845.4407,summer,day4
2025-08-08 10:25:00,4868.2476,3845.2974,summer,day4
2025-08-08 10:30:00,5180.252399999999,3847.5012,summer,day4
2025-08-08 10:35:00,4211.556,3852.9868,summer,day4
2025-08-08 10:40:00,4728.6048,3861.1409,summer,day4
2025-08-08 10:45:00,4576.3128,3872.585,summer,day4
2025-08-08 10:50:00,4665.6708,3885.964,summer,day4
2025-08-08 10:55:00,3503.478,3894.8613,summer,day4
2025-08-08 11:00:00,3574.1040000000003,3840.473,summer,day4
2025-08-08 11:05:00,3782.2296,3852.5342,summer,day4
2025-08-08 11:10:00,5051.9436000000005,3856.367,summer,day4
2025-08-08 11:15:00,4720.2924,3861.2202,summer,day4
2025-08-08 11:20:00,5171.43,3865.4038,summer,day4
2025-08-08 11:25:00,5189.8332,3874.5964,summer,day4
2025-08-08 11:30:00,6781.4364000000005,3886.0608,summer,day4
2025-08-08 11:35:00,5262.777599999999,3900.0066,summer,day4
2025-08-08 11:40:00,5481.5484,3915.758,summer,day4
2025-08-08 11:45:00,4569.4092,3933.3472,summer,day4
2025-08-08 11:50:00,2638.8288000000002,3950.2378,summer,day4
2025-08-08 11:55:00,2600.8296,3960.0476,summer,day4
2025-08-08 12:00:00,2749.0620000000004,3999.8694,summer,day4
2025-08-08 12:05:00,3770.9472,4007.247,summer,day4
2025-08-08 12:10:00,4299.8112,4005.419,summer,day4
2025-08-08 12:15:00,4665.4152,4003.3464,summer,day4
2025-08-08 12:20:00,2908.5612,4000.1763,summer,day4
2025-08-08 12:25:00,2706.7356,4002.382,summer,day4
2025-08-08 12:30:00,2959.0415999999996,4007.2754,summer,day4
2025-08-08 12:35:00,2706.6168000000002,4014.6895,summer,day4
2025-08-08 12:40:00,2692.866,4024.8423,summer,day4
2025-08-08 12:45:00,2798.7972,4038.348,summer,day4
2025-08-08 12:50:00,2721.0768,4052.3147,summer,day4
2025-08-08 12:55:00,3447.0324,4061.0059,summer,day4
2025-08-08 13:00:00,3030.2988,4104.4717,summer,day4
2025-08-08 13:05:00,3751.1796000000004,4113.335,summer,day4
2025-08-08 13:10:00,4783.0992,4115.3438,summer,day4
2025-08-08 13:15:00,7185.755999999999,4116.977,summer,day4
2025-08-08 13:20:00,5689.8216,4117.379,summer,day4
2025-08-08 13:25:00,5006.1312,4122.704,summer,day4
2025-08-08 13:30:00,3681.2316,4130.6367,summer,day4
2025-08-08 13:35:00,3398.9496,4140.409,summer,day4
2025-08-08 13:40:00,4802.8212,4153.3354,summer,day4
2025-08-08 13:45:00,3532.0811999999996,4170.179,summer,day4
2025-08-08 13:50:00,5046.8928,4185.924,summer,day4
2025-08-08 13:55:00,3782.6591999999996,4195.336,summer,day4
2025-08-08 14:00:00,5003.0352,4211.541,summer,day4
2025-08-08 14:05:00,4340.454,4214.899,summer,day4
2025-08-08 14:10:00,4120.7292,4208.5576,summer,day4
2025-08-08 14:15:00,3413.1551999999997,4199.5215,summer,day4
2025-08-08 14:20:00,3355.8695999999995,4187.5117,summer,day4
2025-08-08 14:25:00,3638.7228000000005,4180.8145,summer,day4
2025-08-08 14:30:00,4723.7112,4177.188,summer,day4
2025-08-08 14:35:00,5800.7076,4175.79,summer,day4
2025-08-08 14:40:00,4699.6812,4178.4766,summer,day4
2025-08-08 14:45:00,4796.1576000000005,4186.0996,summer,day4
2025-08-08 14:50:00,4215.8184,4192.915,summer,day4
2025-08-08 14:55:00,3505.9067999999997,4195.319,summer,day4
2025-08-08 15:00:00,3366.9396,4197.574,summer,day4
2025-08-08 15:05:00,2607.7943999999998,4199.494,summer,day4
2025-08-08 15:10:00,2683.9067999999997,4193.4785,summer,day4
2025-08-08 15:15:00,3289.518,4185.3594,summer,day4
2025-08-08 15:20:00,3239.2763999999997,4172.6533,summer,day4
2025-08-08 15:25:00,3709.536,4162.706,summer,day4
2025-08-08 15:30:00,3970.7555999999995,4152.3247,summer,day4
2025-08-08 15:35:00,3985.5864,4139.913,summer,day4
2025-08-08 15:40:00,4568.6796,4127.441,summer,day4
2025-08-08 15:45:00,3415.3487999999998,4115.32,summer,day4
2025-08-08 15:50:00,4920.3684,4097.759,summer,day4
2025-08-08 15:55:00,3361.9080000000004,4071.9812,summer,day4
2025-08-08 16:00:00,3421.9584000000004,3869.8984,summer,day4
2025-08-08 16:05:00,3696.834,3839.6082,summer,day4
2025-08-08 16:10:00,4050.3455999999996,3802.7878,summer,day4
2025-08-08 16:15:00,4786.476000000001,3767.8713,summer,day4
2025-08-08 16:20:00,5060.3364,3734.46,summer,day4
2025-08-08 16:25:00,3897.1176,3709.5146,summer,day4
2025-08-08 16:30:00,4117.412399999999,3688.3113,summer,day4
2025-08-08 16:35:00,3502.3224,3673.0806,summer,day4
2025-08-08 16:40:00,3515.2404,3662.4448,summer,day4
2025-08-08 16:45:00,4857.1788,3655.7505,summer,day4
2025-08-08 16:50:00,4484.3351999999995,3650.8406,summer,day4
2025-08-08 16:55:00,3655.2156000000004,3640.9255,summer,day4
2025-08-08 17:00:00,3561.2088000000003,3410.3394,summer,day4
2025-08-08 17:05:00,3523.1760000000004,3401.514,summer,day4
2025-08-08 17:10:00,3922.7532,3385.5854,summer,day4
2025-08-08 17:15:00,4652.664,3369.2778,summer,day4
2025-08-08 17:20:00,4405.8264,3352.0762,summer,day4
2025-08-08 17:25:00,4178.4924,3339.4478,summer,day4
2025-08-08 17:30:00,5473.3824,3326.7014,summer,day4
2025-08-08 17:35:00,3859.8455999999996,3318.4658,summer,day4
2025-08-08 17:40:00,3788.3196000000003,3311.8975,summer,day4
2025-08-08 17:45:00,4298.9592,3306.7068,summer,day4
2025-08-08 17:50:00,3523.536,3303.627,summer,day4
2025-08-08 17:55:00,3408.1704,3296.495,summer,day4
2025-08-08 18:00:00,3892.5996,3231.7024,summer,day4
2025-08-08 18:05:00,5197.6044,3230.151,summer,day4
2025-08-08 18:10:00,4862.986800000001,3223.7146,summer,day4
2025-08-08 18:15:00,3944.046,3217.6274,summer,day4
2025-08-08 18:20:00,3285.3455999999996,3210.9097,summer,day4
2025-08-08 18:25:00,2748.4847999999997,3207.0906,summer,day4
2025-08-08 18:30:00,2445.9864000000002,3201.7327,summer,day4
2025-08-08 18:35:00,2176.9584000000004,3199.0854,summer,day4
2025-08-08 18:40:00,2878.4148,3196.0217,summer,day4
2025-08-08 18:45:00,2829.4811999999997,3192.211,summer,day4
2025-08-08 18:50:00,2444.1924,3188.557,summer,day4
2025-08-08 18:55:00,2611.938,3179.4,summer,day4
2025-08-08 19:00:00,3374.5512000000003,3224.0542,summer,day4
2025-08-08 19:05:00,2960.0088000000005,3218.3552,summer,day4
2025-08-08 19:10:00,4092.1416,3207.2415,summer,day4
2025-08-08 19:15:00,4772.0532,3195.944,summer,day4
2025-08-08 19:20:00,2430.786,3184.2126,summer,day4
2025-08-08 19:25:00,2479.8048,3175.4343,summer,day4
2025-08-08 19:30:00,2630.2752,3165.6143,summer,day4
2025-08-08 19:35:00,2845.0608,3158.9792,summer,day4
2025-08-08 19:40:00,2938.3392,3152.5254,summer,day4
2025-08-08 19:45:00,2988.6756,3145.9697,summer,day4
2025-08-08 19:50:00,4017.8328,3140.4219,summer,day4
2025-08-08 19:55:00,2619.2712,3130.5498,summer,day4
2025-08-08 20:00:00,2265.0191999999997,3023.6829,summer,day4
2025-08-08 20:05:00,2141.1264,3018.7678,summer,day4
2025-08-08 20:10:00,2102.7912,3010.6729,summer,day4
2025-08-08 20:15:00,2098.248,3003.1895,summer,day4
2025-08-08 20:20:00,2046.3192,2996.077,summer,day4
2025-08-08 20:25:00,2141.1876,2991.4788,summer,day4
2025-08-08 20:30:00,2322.7776,2986.0474,summer,day4
2025-08-08 20:35:00,2007.8604,2984.0312,summer,day4
2025-08-08 20:40:00,2347.452,2982.0652,summer,day4
2025-08-08 20:45:00,2397.0984,2980.0303,summer,day4
2025-08-08 20:50:00,2293.8131999999996,2979.1392,summer,day4
2025-08-08 20:55:00,2290.6295999999998,2975.336,summer,day4
2025-08-08 21:00:00,2288.046,2903.2334,summer,day4
2025-08-08 21:05:00,2324.6964,2902.2068,summer,day4
2025-08-08 21:10:00,2523.294,2897.4407,summer,day4
2025-08-08 21:15:00,2329.0008000000003,2892.6458,summer,day4
2025-08-08 21:20:00,2381.2511999999997,2887.9023,summer,day4
2025-08-08 21:25:00,2403.864,2884.6304,summer,day4
2025-08-08 21:30:00,2394.0804,2881.2937,summer,day4
2025-08-08 21:35:00,2208.7619999999997,2881.482,summer,day4
2025-08-08 21:40:00,2059.0595999999996,2882.1558,summer,day4
2025-08-08 21:45:00,2403.7248,2883.1702,summer,day4
2025-08-08 21:50:00,2643.1368,2885.1223,summer,day4
2025-08-08 21:55:00,2519.4636,2885.0342,summer,day4
2025-08-08 22:00:00,2748.9156000000003,2818.195,summer,day4
2025-08-08 22:05:00,2819.1731999999997,2819.874,summer,day4
2025-08-08 22:10:00,2797.3787999999995,2817.4893,summer,day4
2025-08-08 22:15:00,2728.8216,2815.1206,summer,day4
2025-08-08 22:20:00,2633.6316,2813.164,summer,day4
2025-08-08 22:25:00,2613.8088,2812.633,summer,day4
2025-08-08 22:30:00,2962.7928,2813.2815,summer,day4
2025-08-08 22:35:00,2505.8232,2818.2527,summer,day4
2025-08-08 22:40:00,2656.6367999999998,2825.0857,summer,day4
2025-08-08 22:45:00,2846.6796,2833.934,summer,day4
2025-08-08 22:50:00,2746.4292,2844.9077,summer,day4
2025-08-08 22:55:00,2563.2732,2855.3403,summer,day4
2025-08-08 23:00:00,2549.2188,2723.1553,summer,day4
2025-08-08 23:05:00,2521.6368,2728.3623,summer,day4
2025-08-08 23:10:00,2702.8176,2728.426,summer,day4
2025-08-08 23:15:00,2504.3064,2726.0867,summer,day4
2025-08-08 23:20:00,2510.2596000000003,2721.4917,summer,day4
2025-08-08 23:25:00,2516.4468,2715.827,summer,day4
2025-08-08 23:30:00,2216.4096,2709.3198,summer,day4
2025-08-08 23:35:00,2404.7748,2705.0828,summer,day4
2025-08-08 23:40:00,2587.326,2700.671,summer,day4
2025-08-08 23:45:00,2509.5348,2696.079,summer,day4
2025-08-08 23:50:00,2691.5496000000003,2691.8618,summer,day4
2025-08-08 23:55:00,2451.072,2686.81,summer,day4
2025-08-31 00:00:00,2182.0248,2436.5713,summer,day5
2025-08-31 00:05:00,2171.3016,2432.976,summer,day5
2025-08-31 00:10:00,2179.698,2430.1677,summer,day5
2025-08-31 00:15:00,2367.0263999999997,2428.4072,summer,day5
2025-08-31 00:20:00,2488.9332,2427.0479,summer,day5
2025-08-31 00:25:00,2413.3188,2426.4167,summer,day5
2025-08-31 00:30:00,2379.0276,2426.0454,summer,day5
2025-08-31 00:35:00,2326.3428,2426.2903,summer,day5
2025-08-31 00:40:00,2281.1736,2427.0232,summer,day5
2025-08-31 00:45:00,2240.9832,2428.3179,summer,day5
2025-08-31 00:50:00,2339.43,2430.386,summer,day5
2025-08-31 00:55:00,2428.9248,2432.5205,summer,day5
2025-08-31 01:00:00,2334.294,2421.8132,summer,day5
2025-08-31 01:05:00,2190.9312,2424.679,summer,day5
2025-08-31 01:10:00,2169.1596,2427.9492,summer,day5
2025-08-31 01:15:00,2111.2547999999997,2431.9985,summer,day5
2025-08-31 01:20:00,2149.638,2436.209,summer,day5
2025-08-31 01:25:00,2269.2131999999997,2441.0183,summer,day5
2025-08-31 01:30:00,2388.1440000000002,2445.8506,summer,day5
2025-08-31 01:35:00,2309.5524,2450.9292,summer,day5
2025-08-31 01:40:00,2106.84,2455.7263,summer,day5
2025-08-31 01:45:00,2144.9196,2460.0984,summer,day5
2025-08-31 01:50:00,2150.5368000000003,2464.7754,summer,day5
2025-08-31 01:55:00,2092.8300000000004,2468.8655,summer,day5
2025-08-31 02:00:00,2155.7448,2485.6548,summer,day5
2025-08-31 02:05:00,2274.1344,2489.8335,summer,day5
2025-08-31 02:10:00,2262.8508,2493.7834,summer,day5
2025-08-31 02:15:00,2125.1784,2498.1243,summer,day5
2025-08-31 02:20:00,2130.1404,2502.0789,summer,day5
2025-08-31 02:25:00,2179.1448,2506.6897,summer,day5
2025-08-31 02:30:00,2169.3563999999997,2511.4683,summer,day5
2025-08-31 02:35:00,2281.506,2516.9565,summer,day5
2025-08-31 02:40:00,2460.4584,2522.5146,summer,day5
2025-08-31 02:45:00,2300.6772,2527.7444,summer,day5
2025-08-31 02:50:00,2135.4096,2533.6665,summer,day5
2025-08-31 02:55:00,2109.5292,2538.976,summer,day5
2025-08-31 03:00:00,2105.1396,2624.8188,summer,day5
2025-08-31 03:05:00,2159.7383999999997,2632.2068,summer,day5
2025-08-31 03:10:00,2250.6012,2639.5308,summer,day5
2025-08-31 03:15:00,2335.6188,2647.895,summer,day5
2025-08-31 03:20:00,2230.9847999999997,2656.1492,summer,day5
2025-08-31 03:25:00,2123.4684,2665.2822,summer,day5
2025-08-31 03:30:00,2129.9424,2674.0562,summer,day5
2025-08-31 03:35:00,2201.3148,2682.5742,summer,day5
2025-08-31 03:40:00,2191.3212,2690.137,summer,day5
2025-08-31 03:45:00,2239.4388,2695.6753,summer,day5
2025-08-31 03:50:00,2352.6924,2701.7842,summer,day5
2025-08-31 03:55:00,2211.0936,2707.0361,summer,day5
2025-08-31 04:00:00,2164.3068,2699.7231,summer,day5
2025-08-31 04:05:00,2287.62,2707.5742,summer,day5
2025-08-31 04:10:00,2700.0996,2715.7563,summer,day5
2025-08-31 04:15:00,2477.7419999999997,2725.2441,summer,day5
2025-08-31 04:20:00,2596.2275999999997,2734.6367,summer,day5
2025-08-31 04:25:00,2646.3095999999996,2744.7742,summer,day5
2025-08-31 04:30:00,2636.9880000000003,2753.9275,summer,day5
2025-08-31 04:35:00,2435.2727999999997,2762.4883,summer,day5
2025-08-31 04:40:00,2260.7400000000002,2769.7935,summer,day5
2025-08-31 04:45:00,2271.9948,2774.8076,summer,day5
2025-08-31 04:50:00,2605.2828,2779.8042,summer,day5
2025-08-31 04:55:00,2715.6156,2782.2583,summer,day5
2025-08-31 05:00:00,2876.3772,2674.6768,summer,day5
2025-08-31 05:05:00,2702.5811999999996,2676.8206,summer,day5
2025-08-31 05:10:00,2473.926,2678.148,summer,day5
2025-08-31 05:15:00,2450.0244,2679.255,summer,day5
2025-08-31 05:20:00,2296.3368,2678.8254,summer,day5
2025-08-31 05:25:00,2158.2192000000005,2678.0205,summer,day5
2025-08-31 05:30:00,2101.218,2676.161,summer,day5
2025-08-31 05:35:00,2207.7648,2674.445,summer,day5
2025-08-31 05:40:00,2161.4616,2672.5596,summer,day5
2025-08-31 05:45:00,2376.87,2669.8389,summer,day5
2025-08-31 05:50:00,2385.6744,2668.3062,summer,day5
2025-08-31 05:55:00,2232.6072,2665.9656,summer,day5
2025-08-31 06:00:00,2064.4416,2641.2717,summer,day5
2025-08-31 06:05:00,2381.2632000000003,2641.853,summer,day5
2025-08-31 06:10:00,2458.8036,2643.3535,summer,day5
2025-08-31 06:15:00,2302.2167999999997,2647.0078,summer,day5
2025-08-31 06:20:00,2281.3416,2651.8406,summer,day5
2025-08-31 06:25:00,2290.0896000000002,2658.953,summer,day5
2025-08-31 06:30:00,2123.9892,2667.0127,summer,day5
2025-08-31 06:35:00,2123.946,2676.3118,summer,day5
2025-08-31 06:40:00,2096.8224,2686.3054,summer,day5
2025-08-31 06:45:00,1990.8756,2696.3213,summer,day5
2025-08-31 06:50:00,1907.2992,2708.793,summer,day5
2025-08-31 06:55:00,1924.4784,2721.3687,summer,day5
2025-08-31 07:00:00,1899.3,2872.5745,summer,day5
2025-08-31 07:05:00,1934.532,2892.5427,summer,day5
2025-08-31 07:10:00,2058.1404,2912.8335,summer,day5
2025-08-31 07:15:00,2033.2908,2934.3633,summer,day5
2025-08-31 07:20:00,1949.8044000000002,2955.3071,summer,day5
2025-08-31 07:25:00,1825.3044000000002,2976.7676,summer,day5
2025-08-31 07:30:00,1910.9268,2996.3145,summer,day5
2025-08-31 07:35:00,2020.998,3015.2961,summer,day5
2025-08-31 07:40:00,2011.0392,3032.5688,summer,day5
2025-08-31 07:45:00,2001.1487999999997,3048.0664,summer,day5
2025-08-31 07:50:00,2134.5996,3064.8406,summer,day5
2025-08-31 07:55:00,2044.752,3079.1892,summer,day5
2025-08-31 08:00:00,1855.0716,3201.567,summer,day5
2025-08-31 08:05:00,1842.3108,3216.5964,summer,day5
2025-08-31 08:10:00,1864.1748,3229.6526,summer,day5
2025-08-31 08:15:00,1817.7900000000002,3241.5642,summer,day5
2025-08-31 08:20:00,1829.7252,3251.6199,summer,day5
2025-08-31 08:25:00,2058.3815999999997,3261.0752,summer,day5
2025-08-31 08:30:00,2041.7628,3269.0205,summer,day5
2025-08-31 08:35:00,1887.4584,3275.8474,summer,day5
2025-08-31 08:40:00,1857.786,3280.3843,summer,day5
2025-08-31 08:45:00,1862.8727999999999,3282.6067,summer,day5
2025-08-31 08:50:00,1895.7408,3284.3262,summer,day5
2025-08-31 08:55:00,1874.7972000000002,3282.3591,summer,day5
2025-08-31 09:00:00,2894.6099999999997,3381.666,summer,day5
2025-08-31 09:05:00,4606.0332,3379.4236,summer,day5
2025-08-31 09:10:00,4738.5612,3375.2808,summer,day5
2025-08-31 09:15:00,4384.8336,3371.4065,summer,day5
2025-08-31 09:20:00,2424.528,3368.0806,summer,day5
2025-08-31 09:25:00,2227.5624,3366.6853,summer,day5
2025-08-31 09:30:00,2263.3368,3366.5405,summer,day5
2025-08-31 09:35:00,2350.8504000000003,3366.7856,summer,day5
2025-08-31 09:40:00,2626.5012,3366.149,summer,day5
2025-08-31 09:45:00,1964.9772,3364.734,summer,day5
2025-08-31 09:50:00,1971.7044,3364.548,summer,day5
2025-08-31 09:55:00,2005.4256,3363.6016,summer,day5
2025-08-31 10:00:00,2067.1572,3373.6042,summer,day5
2025-08-31 10:05:00,2244.852,3377.2834,summer,day5
2025-08-31 10:10:00,3416.1023999999998,3379.6746,summer,day5
2025-08-31 10:15:00,3862.4364,3381.69,summer,day5
2025-08-31 10:20:00,3836.4936000000002,3382.7258,summer,day5
2025-08-31 10:25:00,3223.632,3383.6062,summer,day5
2025-08-31 10:30:00,2984.226,3384.382,summer,day5
2025-08-31 10:35:00,2255.4672,3384.831,summer,day5
2025-08-31 10:40:00,3035.508,3384.9497,summer,day5
2025-08-31 10:45:00,3573.0192,3385.4104,summer,day5
2025-08-31 10:50:00,3498.6192,3387.521,summer,day5
2025-08-31 10:55:00,2997.8003999999996,3388.8843,summer,day5
2025-08-31 11:00:00,2643.792,3396.683,summer,day5
2025-08-31 11:05:00,3442.1771999999996,3400.3398,summer,day5
2025-08-31 11:10:00,2188.5804,3401.7942,summer,day5
2025-08-31 11:15:00,2405.3496,3402.3599,summer,day5
2025-08-31 11:20:00,2584.6979999999994,3401.7795,summer,day5
2025-08-31 11:25:00,2462.0099999999998,3401.747,summer,day5
2025-08-31 11:30:00,2161.662,3401.736,summer,day5
2025-08-31 11:35:00,2140.29,3401.4712,summer,day5
2025-08-31 11:40:00,2179.4292,3400.324,summer,day5
2025-08-31 11:45:00,2256.7428,3398.5674,summer,day5
2025-08-31 11:50:00,2426.5632,3396.8562,summer,day5
2025-08-31 11:55:00,2053.9788,3392.194,summer,day5
2025-08-31 12:00:00,2084.1984,3378.209,summer,day5
2025-08-31 12:05:00,2074.7232,3373.5168,summer,day5
2025-08-31 12:10:00,2848.9848,3366.817,summer,day5
2025-08-31 12:15:00,3339.7188,3360.0007,summer,day5
2025-08-31 12:20:00,2250.9828,3352.8936,summer,day5
2025-08-31 12:25:00,2207.862,3347.0164,summer,day5
2025-08-31 12:30:00,2535.6792,3341.7197,summer,day5
2025-08-31 12:35:00,2224.3764,3336.3286,summer,day5
2025-08-31 12:40:00,2402.472,3329.9204,summer,day5
2025-08-31 12:45:00,2056.6992,3322.6016,summer,day5
2025-08-31 12:50:00,1929.1284,3315.3208,summer,day5
2025-08-31 12:55:00,2071.3872,3306.069,summer,day5
2025-08-31 13:00:00,2795.3724,3298.7886,summer,day5
2025-08-31 13:05:00,3846.1284,3293.637,summer,day5
2025-08-31 13:10:00,5238.2124,3287.664,summer,day5
2025-08-31 13:15:00,4509.752399999999,3282.117,summer,day5
2025-08-31 13:20:00,4622.245199999999,3276.6445,summer,day5
2025-08-31 13:25:00,4373.318399999999,3272.196,summer,day5
2025-08-31 13:30:00,4350.6972000000005,3268.3247,summer,day5
2025-08-31 13:35:00,5883.780000000001,3264.3745,summer,day5
2025-08-31 13:40:00,4219.455599999999,3260.611,summer,day5
2025-08-31 13:45:00,4279.3428,3257.7969,summer,day5
2025-08-31 13:50:00,4733.3724,3256.595,summer,day5
2025-08-31 13:55:00,4474.8588,3255.194,summer,day5
2025-08-31 14:00:00,4857.1776,3239.8235,summer,day5
2025-08-31 14:05:00,4142.4324,3242.5325,summer,day5
2025-08-31 14:10:00,5776.6992,3244.545,summer,day5
2025-08-31 14:15:00,4289.4924,3246.8123,summer,day5
2025-08-31 14:20:00,4750.2924,3249.0396,summer,day5
2025-08-31 14:25:00,4333.697999999999,3252.2424,summer,day5
2025-08-31 14:30:00,4190.0592,3256.0696,summer,day5
2025-08-31 14:35:00,5073.8844,3259.6914,summer,day5
2025-08-31 14:40:00,4693.2372000000005,3263.0898,summer,day5
2025-08-31 14:45:00,5723.7504,3266.2024,summer,day5
2025-08-31 14:50:00,6133.338000000001,3269.4854,summer,day5
2025-08-31 14:55:00,4434.3192,3270.9185,summer,day5
2025-08-31 15:00:00,4249.2936,3255.1106,summer,day5
2025-08-31 15:05:00,4138.8612,3258.6877,summer,day5
2025-08-31 15:10:00,5869.584,3261.5676,summer,day5
2025-08-31 15:15:00,4105.4856,3265.2002,summer,day5
2025-08-31 15:20:00,4772.3135999999995,3269.0159,summer,day5
2025-08-31 15:25:00,7226.844,3274.3574,summer,day5
2025-08-31 15:30:00,4697.1396,3281.062,summer,day5
2025-08-31 15:35:00,4431.940799999999,3288.7036,summer,day5
2025-08-31 15:40:00,4453.8396,3297.4734,summer,day5
2025-08-31 15:45:00,4339.2372000000005,3306.913,summer,day5
2025-08-31 15:50:00,4215.6876,3317.5437,summer,day5
2025-08-31 15:55:00,4487.0496,3326.6592,summer,day5
2025-08-31 16:00:00,4655.004,3284.904,summer,day5
2025-08-31 16:05:00,6531.1428,3297.1394,summer,day5
2025-08-31 16:10:00,5223.3948,3308.8838,summer,day5
2025-08-31 16:15:00,5174.808,3321.9624,summer,day5
2025-08-31 16:20:00,5001.606,3335.4846,summer,day5
2025-08-31 16:25:00,8077.4352,3350.4539,summer,day5
2025-08-31 16:30:00,7781.7588000000005,3365.882,summer,day5
2025-08-31 16:35:00,6015.5844,3380.3872,summer,day5
2025-08-31 16:40:00,5052.6924,3394.192,summer,day5
2025-08-31 16:45:00,4952.0976,3406.9785,summer,day5
2025-08-31 16:50:00,5160.8196,3419.171,summer,day5
2025-08-31 16:55:00,6077.4324,3427.479,summer,day5
2025-08-31 17:00:00,8012.6352,3352.2698,summer,day5
2025-08-31 17:05:00,6954.955199999999,3356.8657,summer,day5
2025-08-31 17:10:00,6484.3824,3355.9453,summer,day5
2025-08-31 17:15:00,6229.974,3351.5728,summer,day5
2025-08-31 17:20:00,6230.1012,3343.467,summer,day5
2025-08-31 17:25:00,6915.224400000001,3333.6094,summer,day5
2025-08-31 17:30:00,6302.778,3322.809,summer,day5
2025-08-31 17:35:00,6173.4144,3310.4766,summer,day5
2025-08-31 17:40:00,6153.0216,3298.074,summer,day5
2025-08-31 17:45:00,6950.794800000001,3285.1948,summer,day5
2025-08-31 17:50:00,7280.1576000000005,3272.8965,summer,day5
2025-08-31 17:55:00,6939.375599999999,3258.6572,summer,day5
2025-08-31 18:00:00,6380.1323999999995,3251.8142,summer,day5
2025-08-31 18:05:00,6515.6424,3243.5476,summer,day5
2025-08-31 18:10:00,4805.9256000000005,3234.9875,summer,day5
2025-08-31 18:15:00,4628.286,3228.5906,summer,day5
2025-08-31 18:20:00,4889.294400000001,3223.5974,summer,day5
2025-08-31 18:25:00,4872.770399999999,3220.8389,summer,day5
2025-08-31 18:30:00,3872.9748,3218.787,summer,day5
2025-08-31 18:35:00,3762.5663999999997,3215.0444,summer,day5
2025-08-31 18:40:00,3813.8604,3209.452,summer,day5
2025-08-31 18:45:00,3833.7264000000005,3201.4185,summer,day5
2025-08-31 18:50:00,3909.7284,3192.7449,summer,day5
2025-08-31 18:55:00,3944.4888,3181.6814,summer,day5
2025-08-31 19:00:00,5147.4612,3204.9177,summer,day5
2025-08-31 19:05:00,4844.462399999999,3199.2234,summer,day5
2025-08-31 19:10:00,4242.972,3192.9438,summer,day5
2025-08-31 19:15:00,3783.0204,3187.6619,summer,day5
2025-08-31 19:20:00,3764.4767999999995,3182.0146,summer,day5
2025-08-31 19:25:00,3732.8520000000003,3176.7312,summer,day5
2025-08-31 19:30:00,3727.3704,3169.9314,summer,day5
2025-08-31 19:35:00,3835.8479999999995,3161.7856,summer,day5
2025-08-31 19:40:00,4004.9688,3152.2363,summer,day5
2025-08-31 19:45:00,3859.8516000000004,3141.6523,summer,day5
2025-08-31 19:50:00,4215.4056,3131.8223,summer,day5
2025-08-31 19:55:00,4371.5676,3119.302,summer,day5
2025-08-31 20:00:00,4049.5752,3102.5073,summer,day5
2025-08-31 20:05:00,4192.674,3091.2754,summer,day5
2025-08-31 20:10:00,4126.7604,3078.4414,summer,day5
2025-08-31 20:15:00,4924.669199999999,3065.6501,summer,day5
2025-08-31 20:20:00,4501.0968,3052.1804,summer,day5
2025-08-31 20:25:00,4050.282,3040.1719,summer,day5
2025-08-31 20:30:00,3954.6612,3027.2268,summer,day5
2025-08-31 20:35:00,5177.9832,3014.7622,summer,day5
2025-08-31 20:40:00,6023.2248,3001.1162,summer,day5
2025-08-31 20:45:00,4444.468800000001,2986.5386,summer,day5
2025-08-31 20:50:00,4218.8928,2972.626,summer,day5
2025-08-31 20:55:00,5574.2136,2955.0625,summer,day5
2025-08-31 21:00:00,4219.7784,2749.6538,summer,day5
2025-08-31 21:05:00,3663.756,2736.3438,summer,day5
2025-08-31 21:10:00,3199.6356,2722.2559,summer,day5
2025-08-31 21:15:00,3130.2432,2708.943,summer,day5
2025-08-31 21:20:00,3049.0476,2695.7703,summer,day5
2025-08-31 21:25:00,3273.9696,2684.333,summer,day5
2025-08-31 21:30:00,3364.7028,2673.6396,summer,day5
2025-08-31 21:35:00,3176.8272,2664.7378,summer,day5
2025-08-31 21:40:00,3206.7576,2657.041,summer,day5
2025-08-31 21:45:00,3216.1848,2650.9287,summer,day5
2025-08-31 21:50:00,3184.5828,2646.9634,summer,day5
2025-08-31 21:55:00,3230.1228,2643.1013,summer,day5
2025-08-31 22:00:00,3364.3284,2591.6572,summer,day5
2025-08-31 22:05:00,3308.3316,2590.7732,summer,day5
2025-08-31 22:10:00,3490.9008000000003,2589.57,summer,day5
2025-08-31 22:15:00,3602.454,2588.724,summer,day5
2025-08-31 22:20:00,3511.1316000000006,2587.559,summer,day5
2025-08-31 22:25:00,3519.972,2586.6367,summer,day5
2025-08-31 22:30:00,3696.5627999999997,2585.6135,summer,day5
2025-08-31 22:35:00,3609.7224,2584.8752,summer,day5
2025-08-31 22:40:00,3199.3379999999997,2584.0574,summer,day5
2025-08-31 22:45:00,2989.5996,2583.4949,summer,day5
2025-08-31 22:50:00,3265.2072,2583.5894,summer,day5
2025-08-31 22:55:00,3382.1027999999997,2583.3767,summer,day5
2025-08-31 23:00:00,3412.0392,2563.021,summer,day5
2025-08-31 23:05:00,3385.3644,2563.1296,summer,day5
2025-08-31 23:10:00,3303.9276,2562.4448,summer,day5
2025-08-31 23:15:00,3277.4028,2561.708,summer,day5
2025-08-31 23:20:00,3480.042,2560.869,summer,day5
2025-08-31 23:25:00,3273.5628,2560.4727,summer,day5
2025-08-31 23:30:00,3248.9136,2560.1797,summer,day5
2025-08-31 23:35:00,3623.5368000000003,2559.965,summer,day5
2025-08-31 23:40:00,3674.1804,2559.302,summer,day5
2025-08-31 23:45:00,3651.9276,2558.5352,summer,day5
2025-08-31 23:50:00,3458.1588,2558.0015,summer,day5
2025-08-31 23:55:00,3396.2532,2556.848,summer,day5
