timestamp,actual,prediction,season,day,n_selected_features
2025-01-31 00:00:00,2419.7136,2481.888,winter,day1,30
2025-01-31 00:05:00,2421.2076,2476.0166,winter,day1,30
2025-01-31 00:10:00,2406.2376,2471.9915,winter,day1,30
2025-01-31 00:15:00,2448.138,2467.3174,winter,day1,30
2025-01-31 00:20:00,2446.1592,2462.7717,winter,day1,30
2025-01-31 00:25:00,2429.3184,2459.1597,winter,day1,30
2025-01-31 00:30:00,2415.4271999999996,2454.1658,winter,day1,30
2025-01-31 00:35:00,2436.0756,2451.0525,winter,day1,30
2025-01-31 00:40:00,2442.5879999999997,2448.1694,winter,day1,30
2025-01-31 00:45:00,2489.8392,2446.9756,winter,day1,30
2025-01-31 00:50:00,2574.8892000000005,2446.6228,winter,day1,30
2025-01-31 00:55:00,2494.1771999999996,2445.6406,winter,day1,30
2025-01-31 01:00:00,2460.7032,2451.0544,winter,day1,30
2025-01-31 01:05:00,2478.7308000000003,2451.023,winter,day1,30
2025-01-31 01:10:00,2655.1824,2452.7463,winter,day1,30
2025-01-31 01:15:00,2623.8792000000003,2454.0808,winter,day1,30
2025-01-31 01:20:00,2643.6804,2455.5605,winter,day1,30
2025-01-31 01:25:00,2677.7496,2457.2075,winter,day1,30
2025-01-31 01:30:00,2612.2164000000002,2457.8843,winter,day1,30
2025-01-31 01:35:00,2576.718,2460.3093,winter,day1,30
2025-01-31 01:40:00,2567.16,2462.0977,winter,day1,30
2025-01-31 01:45:00,2857.2072,2464.1582,winter,day1,30
2025-01-31 01:50:00,3233.2403999999997,2466.539,winter,day1,30
2025-01-31 01:55:00,2634.7596,2468.7598,winter,day1,30
2025-01-31 02:00:00,3291.1416,2491.0889,winter,day1,30
2025-01-31 02:05:00,2764.3464,2494.2754,winter,day1,30
2025-01-31 02:10:00,3136.0596,2498.7317,winter,day1,30
2025-01-31 02:15:00,3107.1648,2502.3867,winter,day1,30
2025-01-31 02:20:00,2950.0908,2506.1436,winter,day1,30
2025-01-31 02:25:00,3388.2504,2509.4888,winter,day1,30
2025-01-31 02:30:00,2792.6447999999996,2512.836,winter,day1,30
2025-01-31 02:35:00,3416.9544,2517.375,winter,day1,30
2025-01-31 02:40:00,3290.1672,2520.9624,winter,day1,30
2025-01-31 02:45:00,3310.4148,2523.4565,winter,day1,30
2025-01-31 02:50:00,3021.81,2525.8616,winter,day1,30
2025-01-31 02:55:00,3089.8908,2528.5698,winter,day1,30
2025-01-31 03:00:00,3474.132,2583.295,winter,day1,30
2025-01-31 03:05:00,3120.5652,2585.6045,winter,day1,30
2025-01-31 03:10:00,2604.7464,2588.2812,winter,day1,30
2025-01-31 03:15:00,3252.3288000000002,2591.103,winter,day1,30
2025-01-31 03:20:00,3162.252,2594.1162,winter,day1,30
2025-01-31 03:25:00,2431.2168,2594.5347,winter,day1,30
2025-01-31 03:30:00,2432.5091999999995,2595.2136,winter,day1,30
2025-01-31 03:35:00,2455.344,2595.577,winter,day1,30
2025-01-31 03:40:00,2557.572,2595.4954,winter,day1,30
2025-01-31 03:45:00,2469.3948,2594.1143,winter,day1,30
2025-01-31 03:50:00,2462.4528,2593.8677,winter,day1,30
2025-01-31 03:55:00,2547.384,2594.942,winter,day1,30
2025-01-31 04:00:00,2612.8884,2602.4888,winter,day1,30
2025-01-31 04:05:00,2651.478,2604.274,winter,day1,30
2025-01-31 04:10:00,2652.9564,2606.357,winter,day1,30
2025-01-31 04:15:00,2611.4268,2608.382,winter,day1,30
2025-01-31 04:20:00,2538.81,2610.9805,winter,day1,30
2025-01-31 04:25:00,2501.904,2611.8428,winter,day1,30
2025-01-31 04:30:00,2600.8464,2613.8936,winter,day1,30
2025-01-31 04:35:00,2704.0416,2615.6592,winter,day1,30
2025-01-31 04:40:00,2662.4568,2617.905,winter,day1,30
2025-01-31 04:45:00,2502.9612,2619.0803,winter,day1,30
2025-01-31 04:50:00,2486.8968,2620.5962,winter,day1,30
2025-01-31 04:55:00,2481.2088,2622.3174,winter,day1,30
2025-01-31 05:00:00,2460.0216,2575.0483,winter,day1,30
2025-01-31 05:05:00,2467.8156,2577.7817,winter,day1,30
2025-01-31 05:10:00,2625.0348,2580.6792,winter,day1,30
2025-01-31 05:15:00,2701.698,2583.2466,winter,day1,30
2025-01-31 05:20:00,2665.6584,2586.1592,winter,day1,30
2025-01-31 05:25:00,2646.3732,2587.051,winter,day1,30
2025-01-31 05:30:00,2630.1696,2588.2808,winter,day1,30
2025-01-31 05:35:00,2554.8923999999997,2588.974,winter,day1,30
2025-01-31 05:40:00,2540.9676,2589.7747,winter,day1,30
2025-01-31 05:45:00,2553.3516,2589.7253,winter,day1,30
2025-01-31 05:50:00,2523.4356,2590.247,winter,day1,30
2025-01-31 05:55:00,2493.5436,2591.1592,winter,day1,30
2025-01-31 06:00:00,2469.4991999999997,2611.846,winter,day1,30
2025-01-31 06:05:00,2479.0164,2612.4287,winter,day1,30
2025-01-31 06:10:00,2474.82,2612.8965,winter,day1,30
2025-01-31 06:15:00,2475.942,2613.1714,winter,day1,30
2025-01-31 06:20:00,2560.44,2614.3135,winter,day1,30
2025-01-31 06:25:00,2689.5407999999998,2613.0664,winter,day1,30
2025-01-31 06:30:00,2691.576,2612.7002,winter,day1,30
2025-01-31 06:35:00,2586.3576000000003,2612.0042,winter,day1,30
2025-01-31 06:40:00,2574.9108,2613.122,winter,day1,30
2025-01-31 06:45:00,2593.9031999999997,2615.2405,winter,day1,30
2025-01-31 06:50:00,2597.6484,2619.98,winter,day1,30
2025-01-31 06:55:00,2657.052,2627.119,winter,day1,30
2025-01-31 07:00:00,2503.29,2833.7246,winter,day1,30
2025-01-31 07:05:00,2399.8536,2863.4946,winter,day1,30
2025-01-31 07:10:00,2796.7475999999997,2893.31,winter,day1,30
2025-01-31 07:15:00,3094.368,2925.2993,winter,day1,30
2025-01-31 07:20:00,1062.0948,2958.6125,winter,day1,30
2025-01-31 07:25:00,0.0,2987.1821,winter,day1,30
2025-01-31 07:30:00,329.8464,3027.1707,winter,day1,30
2025-01-31 07:35:00,4469.830800000001,3062.9575,winter,day1,30
2025-01-31 07:40:00,3195.8712,3102.6978,winter,day1,30
2025-01-31 07:45:00,3173.7912,3139.2205,winter,day1,30
2025-01-31 07:50:00,3154.2168,3178.231,winter,day1,30
2025-01-31 07:55:00,3164.3784,3221.352,winter,day1,30
2025-01-31 08:00:00,3110.9256,3401.0017,winter,day1,30
2025-01-31 08:05:00,3053.4204,3441.0894,winter,day1,30
2025-01-31 08:10:00,2941.5024000000003,3469.4167,winter,day1,30
2025-01-31 08:15:00,2826.8436,3502.0684,winter,day1,30
2025-01-31 08:20:00,2778.8831999999998,3535.5317,winter,day1,30
2025-01-31 08:25:00,2879.9292,3558.4292,winter,day1,30
2025-01-31 08:30:00,2893.1904,3602.0764,winter,day1,30
2025-01-31 08:35:00,2838.2712,3644.1597,winter,day1,30
2025-01-31 08:40:00,2864.5692,3687.8335,winter,day1,30
2025-01-31 08:45:00,3146.5944,3703.534,winter,day1,30
2025-01-31 08:50:00,3818.0771999999997,3711.7642,winter,day1,30
2025-01-31 08:55:00,2896.1760000000004,3736.7466,winter,day1,30
2025-01-31 09:00:00,3146.4948,3739.5476,winter,day1,30
2025-01-31 09:05:00,3097.1639999999998,3761.3794,winter,day1,30
2025-01-31 09:10:00,2852.1804,3772.3933,winter,day1,30
2025-01-31 09:15:00,2902.47,3787.4148,winter,day1,30
2025-01-31 09:20:00,2858.8464,3802.1384,winter,day1,30
2025-01-31 09:25:00,2969.58,3807.1213,winter,day1,30
2025-01-31 09:30:00,3069.2843999999996,3827.6265,winter,day1,30
2025-01-31 09:35:00,2776.5600000000004,3839.9548,winter,day1,30
2025-01-31 09:40:00,2763.0828,3861.1147,winter,day1,30
2025-01-31 09:45:00,2781.0827999999997,3876.2441,winter,day1,30
2025-01-31 09:50:00,2815.8372000000004,3886.0596,winter,day1,30
2025-01-31 09:55:00,2843.6519999999996,3897.72,winter,day1,30
2025-01-31 10:00:00,3068.1444,4059.1064,winter,day1,30
2025-01-31 10:05:00,3093.9936000000002,4068.1646,winter,day1,30
2025-01-31 10:10:00,2814.2316,4067.749,winter,day1,30
2025-01-31 10:15:00,2781.3828,4069.727,winter,day1,30
2025-01-31 10:20:00,2811.6984,4070.3315,winter,day1,30
2025-01-31 10:25:00,2800.0080000000003,4066.8638,winter,day1,30
2025-01-31 10:30:00,2792.0843999999997,4080.597,winter,day1,30
2025-01-31 10:35:00,2786.0892,4088.604,winter,day1,30
2025-01-31 10:40:00,3025.9536,4096.502,winter,day1,30
2025-01-31 10:45:00,3129.0924,4091.9333,winter,day1,30
2025-01-31 10:50:00,11905.8276,4079.3806,winter,day1,30
2025-01-31 10:55:00,7211.2044,4067.5278,winter,day1,30
2025-01-31 11:00:00,5106.3192,4078.3752,winter,day1,30
2025-01-31 11:05:00,5155.3848,4068.9321,winter,day1,30
2025-01-31 11:10:00,4274.8716,4054.0203,winter,day1,30
2025-01-31 11:15:00,2854.3284,4043.0945,winter,day1,30
2025-01-31 11:20:00,2956.7388,4031.338,winter,day1,30
2025-01-31 11:25:00,3654.8784,4013.9734,winter,day1,30
2025-01-31 11:30:00,2839.4579999999996,4004.5615,winter,day1,30
2025-01-31 11:35:00,2797.7952,3991.471,winter,day1,30
2025-01-31 11:40:00,2320.0860000000002,3981.4229,winter,day1,30
2025-01-31 11:45:00,3245.9795999999997,3967.4868,winter,day1,30
2025-01-31 11:50:00,1997.8655999999999,3954.2817,winter,day1,30
2025-01-31 11:55:00,1985.4227999999998,3944.2004,winter,day1,30
2025-01-31 12:00:00,2112.2736,3972.6016,winter,day1,30
2025-01-31 12:05:00,2531.1336,3965.6392,winter,day1,30
2025-01-31 12:10:00,2235.1668,3955.2034,winter,day1,30
2025-01-31 12:15:00,2350.9752,3947.7402,winter,day1,30
2025-01-31 12:20:00,2110.1243999999997,3938.3896,winter,day1,30
2025-01-31 12:25:00,2110.1736,3922.5188,winter,day1,30
2025-01-31 12:30:00,2318.832,3911.837,winter,day1,30
2025-01-31 12:35:00,2952.972,3898.7332,winter,day1,30
2025-01-31 12:40:00,2047.9656,3892.4487,winter,day1,30
2025-01-31 12:45:00,2041.5672,3888.9663,winter,day1,30
2025-01-31 12:50:00,2436.7619999999997,3888.5225,winter,day1,30
2025-01-31 12:55:00,2047.6128,3886.4238,winter,day1,30
2025-01-31 13:00:00,2608.8540000000003,3867.5498,winter,day1,30
2025-01-31 13:05:00,3095.1996,3859.9626,winter,day1,30
2025-01-31 13:10:00,2278.9164,3847.1929,winter,day1,30
2025-01-31 13:15:00,2230.1351999999997,3836.9724,winter,day1,30
2025-01-31 13:20:00,3371.2248,3826.5586,winter,day1,30
2025-01-31 13:25:00,2222.0628,3812.279,winter,day1,30
2025-01-31 13:30:00,3055.6488,3806.2432,winter,day1,30
2025-01-31 13:35:00,2325.1392,3799.776,winter,day1,30
2025-01-31 13:40:00,2361.2112,3797.145,winter,day1,30
2025-01-31 13:45:00,2338.8456,3793.3184,winter,day1,30
2025-01-31 13:50:00,2381.0556,3791.7935,winter,day1,30
2025-01-31 13:55:00,2489.7996,3792.4019,winter,day1,30
2025-01-31 14:00:00,2614.1279999999997,3735.0762,winter,day1,30
2025-01-31 14:05:00,4218.2844,3736.1787,winter,day1,30
2025-01-31 14:10:00,3829.068,3732.5225,winter,day1,30
2025-01-31 14:15:00,2993.958,3730.9187,winter,day1,30
2025-01-31 14:20:00,2935.1256000000003,3729.2559,winter,day1,30
2025-01-31 14:25:00,3198.9996,3720.817,winter,day1,30
2025-01-31 14:30:00,3069.672,3713.525,winter,day1,30
2025-01-31 14:35:00,3663.1524000000004,3703.627,winter,day1,30
2025-01-31 14:40:00,3035.2788,3709.749,winter,day1,30
2025-01-31 14:45:00,2981.6124,3737.2134,winter,day1,30
2025-01-31 14:50:00,3319.7892,3784.9163,winter,day1,30
2025-01-31 14:55:00,4121.4744,3838.7002,winter,day1,30
2025-01-31 15:00:00,3289.0932000000003,4058.8953,winter,day1,30
2025-01-31 15:05:00,3411.0696,4116.7773,winter,day1,30
2025-01-31 15:10:00,3320.6339999999996,4167.9697,winter,day1,30
2025-01-31 15:15:00,3538.6992,4218.9727,winter,day1,30
2025-01-31 15:20:00,3681.6839999999997,4267.257,winter,day1,30
2025-01-31 15:25:00,3798.6876,4313.016,winter,day1,30
2025-01-31 15:30:00,6839.639999999999,4373.553,winter,day1,30
2025-01-31 15:35:00,5204.9928,4437.1636,winter,day1,30
2025-01-31 15:40:00,4172.244000000001,4504.4136,winter,day1,30
2025-01-31 15:45:00,3777.9048000000003,4571.16,winter,day1,30
2025-01-31 15:50:00,3975.4968,4640.6973,winter,day1,30
2025-01-31 15:55:00,3809.7635999999998,4715.2285,winter,day1,30
2025-01-31 16:00:00,4072.4808000000003,4984.66,winter,day1,30
2025-01-31 16:05:00,5101.509599999999,5059.557,winter,day1,30
2025-01-31 16:10:00,5849.4348,5119.293,winter,day1,30
2025-01-31 16:15:00,4265.634,5182.2686,winter,day1,30
2025-01-31 16:20:00,6059.244000000001,5239.6777,winter,day1,30
2025-01-31 16:25:00,6108.861599999999,5289.235,winter,day1,30
2025-01-31 16:30:00,3822.9264000000003,5356.378,winter,day1,30
2025-01-31 16:35:00,4368.2699999999995,5433.429,winter,day1,30
2025-01-31 16:40:00,5444.748,5498.449,winter,day1,30
2025-01-31 16:45:00,5331.2519999999995,5525.4863,winter,day1,30
2025-01-31 16:50:00,4275.2411999999995,5534.1694,winter,day1,30
2025-01-31 16:55:00,4357.412399999999,5554.301,winter,day1,30
2025-01-31 17:00:00,4463.323200000001,5605.105,winter,day1,30
2025-01-31 17:05:00,4956.6804,5624.2417,winter,day1,30
2025-01-31 17:10:00,7434.4644,5614.755,winter,day1,30
2025-01-31 17:15:00,5788.616400000001,5605.866,winter,day1,30
2025-01-31 17:20:00,4697.286,5588.1006,winter,day1,30
2025-01-31 17:25:00,4403.4888,5564.4253,winter,day1,30
2025-01-31 17:30:00,4285.9548,5560.799,winter,day1,30
2025-01-31 17:35:00,5213.6352,5560.9404,winter,day1,30
2025-01-31 17:40:00,6172.1292,5571.058,winter,day1,30
2025-01-31 17:45:00,4718.4672,5576.662,winter,day1,30
2025-01-31 17:50:00,5186.240400000001,5570.401,winter,day1,30
2025-01-31 17:55:00,4587.0491999999995,5565.67,winter,day1,30
2025-01-31 18:00:00,5823.6876,5566.9805,winter,day1,30
2025-01-31 18:05:00,8507.269199999999,5567.737,winter,day1,30
2025-01-31 18:10:00,11902.4772,5541.5264,winter,day1,30
2025-01-31 18:15:00,11655.633600000001,5511.732,winter,day1,30
2025-01-31 18:20:00,5160.3396,5471.873,winter,day1,30
2025-01-31 18:25:00,3717.7248,5428.373,winter,day1,30
2025-01-31 18:30:00,5269.1724,5417.7104,winter,day1,30
2025-01-31 18:35:00,4856.976000000001,5401.8296,winter,day1,30
2025-01-31 18:40:00,4008.9468,5388.2197,winter,day1,30
2025-01-31 18:45:00,4800.2136,5359.631,winter,day1,30
2025-01-31 18:50:00,3721.53,5310.878,winter,day1,30
2025-01-31 18:55:00,3683.9592,5256.904,winter,day1,30
2025-01-31 19:00:00,3895.4376,4709.782,winter,day1,30
2025-01-31 19:05:00,3802.4256,4660.003,winter,day1,30
2025-01-31 19:10:00,3494.0424,4594.1714,winter,day1,30
2025-01-31 19:15:00,3520.9271999999996,4531.9053,winter,day1,30
2025-01-31 19:20:00,3634.2239999999997,4470.6143,winter,day1,30
2025-01-31 19:25:00,3646.3836,4402.124,winter,day1,30
2025-01-31 19:30:00,3716.0195999999996,4353.244,winter,day1,30
2025-01-31 19:35:00,3563.6051999999995,4299.7183,winter,day1,30
2025-01-31 19:40:00,3467.5968000000003,4256.4004,winter,day1,30
2025-01-31 19:45:00,3381.3479999999995,4212.469,winter,day1,30
2025-01-31 19:50:00,3352.4472,4166.9443,winter,day1,30
2025-01-31 19:55:00,3341.6771999999996,4128.081,winter,day1,30
2025-01-31 20:00:00,3418.7784,3609.0999,winter,day1,30
2025-01-31 20:05:00,3528.0816,3573.6187,winter,day1,30
2025-01-31 20:10:00,3441.972,3530.655,winter,day1,30
2025-01-31 20:15:00,3466.8540000000003,3489.5894,winter,day1,30
2025-01-31 20:20:00,3511.7148,3450.9395,winter,day1,30
2025-01-31 20:25:00,3541.2408000000005,3403.6777,winter,day1,30
2025-01-31 20:30:00,3458.8896,3369.4006,winter,day1,30
2025-01-31 20:35:00,3527.4875999999995,3334.997,winter,day1,30
2025-01-31 20:40:00,3652.4676,3313.8184,winter,day1,30
2025-01-31 20:45:00,3501.528,3299.3647,winter,day1,30
2025-01-31 20:50:00,3391.0944000000004,3288.929,winter,day1,30
2025-01-31 20:55:00,3383.6675999999998,3281.22,winter,day1,30
2025-01-31 21:00:00,3351.6288,2962.3901,winter,day1,30
2025-01-31 21:05:00,3343.6224,2951.2498,winter,day1,30
2025-01-31 21:10:00,3418.3812000000007,2936.1555,winter,day1,30
2025-01-31 21:15:00,3300.8892,2920.9282,winter,day1,30
2025-01-31 21:20:00,3487.3992,2907.9727,winter,day1,30
2025-01-31 21:25:00,3316.2119999999995,2888.7334,winter,day1,30
2025-01-31 21:30:00,2800.2096,2874.9824,winter,day1,30
2025-01-31 21:35:00,2635.6800000000003,2857.9644,winter,day1,30
2025-01-31 21:40:00,2649.3432000000003,2843.5396,winter,day1,30
2025-01-31 21:45:00,2659.1639999999998,2827.9458,winter,day1,30
2025-01-31 21:50:00,2892.5184,2813.629,winter,day1,30
2025-01-31 21:55:00,2654.2968,2801.7898,winter,day1,30
2025-01-31 22:00:00,2338.524,2682.3076,winter,day1,30
2025-01-31 22:05:00,2304.9372,2674.3237,winter,day1,30
2025-01-31 22:10:00,2355.42,2665.9246,winter,day1,30
2025-01-31 22:15:00,2420.1408,2658.082,winter,day1,30
2025-01-31 22:20:00,2454.942,2652.5957,winter,day1,30
2025-01-31 22:25:00,2469.5027999999998,2644.4697,winter,day1,30
2025-01-31 22:30:00,2496.9192,2637.9387,winter,day1,30
2025-01-31 22:35:00,2502.054,2630.9263,winter,day1,30
2025-01-31 22:40:00,2451.114,2626.0496,winter,day1,30
2025-01-31 22:45:00,2420.7167999999997,2621.7754,winter,day1,30
2025-01-31 22:50:00,2386.6548,2619.5374,winter,day1,30
2025-01-31 22:55:00,2656.3896,2618.0156,winter,day1,30
2025-01-31 23:00:00,2482.7052,2582.8855,winter,day1,30
2025-01-31 23:05:00,2367.366,2581.8347,winter,day1,30
2025-01-31 23:10:00,2323.6728,2581.7874,winter,day1,30
2025-01-31 23:15:00,2325.3540000000003,2582.0247,winter,day1,30
2025-01-31 23:20:00,2334.3468000000003,2583.0066,winter,day1,30
2025-01-31 23:25:00,2387.064,2581.5803,winter,day1,30
2025-01-31 23:30:00,2426.784,2581.0486,winter,day1,30
2025-01-31 23:35:00,2455.0416,2580.561,winter,day1,30
2025-01-31 23:40:00,2426.13,2580.421,winter,day1,30
2025-01-31 23:45:00,2358.9696,2579.3628,winter,day1,30
2025-01-31 23:50:00,2372.2799999999997,2579.4812,winter,day1,30
2025-01-31 23:55:00,2386.9379999999996,2579.6958,winter,day1,30
2025-02-15 00:00:00,2488.5384,2556.9458,winter,day2,28
2025-02-15 00:05:00,2497.0703999999996,2562.646,winter,day2,28
2025-02-15 00:10:00,2762.6688,2558.7007,winter,day2,28
2025-02-15 00:15:00,2761.0692,2553.9521,winter,day2,28
2025-02-15 00:20:00,2593.7484,2552.021,winter,day2,28
2025-02-15 00:25:00,2635.5971999999997,2550.0142,winter,day2,28
2025-02-15 00:30:00,2626.2876,2550.3987,winter,day2,28
2025-02-15 00:35:00,2579.4564,2546.9717,winter,day2,28
2025-02-15 00:40:00,2572.9091999999996,2542.0186,winter,day2,28
2025-02-15 00:45:00,2528.3172,2537.07,winter,day2,28
2025-02-15 00:50:00,2526.468,2538.3965,winter,day2,28
2025-02-15 00:55:00,2652.132,2545.6592,winter,day2,28
2025-02-15 01:00:00,2831.778,2580.0706,winter,day2,28
2025-02-15 01:05:00,2576.6052,2579.6133,winter,day2,28
2025-02-15 01:10:00,2568.846,2580.3054,winter,day2,28
2025-02-15 01:15:00,2563.6367999999998,2593.9033,winter,day2,28
2025-02-15 01:20:00,2620.032,2618.2031,winter,day2,28
2025-02-15 01:25:00,2629.7076,2643.87,winter,day2,28
2025-02-15 01:30:00,2632.2468,2660.0803,winter,day2,28
2025-02-15 01:35:00,2596.05,2666.3655,winter,day2,28
2025-02-15 01:40:00,2657.7996,2669.9167,winter,day2,28
2025-02-15 01:45:00,2699.7708,2677.425,winter,day2,28
2025-02-15 01:50:00,3088.3104,2691.9297,winter,day2,28
2025-02-15 01:55:00,2952.6648,2702.3145,winter,day2,28
2025-02-15 02:00:00,3365.6771999999996,2737.3284,winter,day2,28
2025-02-15 02:05:00,2748.9912,2749.5627,winter,day2,28
2025-02-15 02:10:00,3425.2812,2762.5437,winter,day2,28
2025-02-15 02:15:00,3386.4096,2786.7305,winter,day2,28
2025-02-15 02:20:00,2955.0828,2820.8489,winter,day2,28
2025-02-15 02:25:00,3455.4984000000004,2867.6113,winter,day2,28
2025-02-15 02:30:00,3340.5888,2913.7747,winter,day2,28
2025-02-15 02:35:00,3299.0520000000006,2955.48,winter,day2,28
2025-02-15 02:40:00,3295.6968,2980.4495,winter,day2,28
2025-02-15 02:45:00,3496.2048000000004,2984.7766,winter,day2,28
2025-02-15 02:50:00,3678.81,2982.9329,winter,day2,28
2025-02-15 02:55:00,3431.8212,2979.305,winter,day2,28
2025-02-15 03:00:00,2997.8568,3049.601,winter,day2,28
2025-02-15 03:05:00,3494.8248,3023.5999,winter,day2,28
2025-02-15 03:10:00,3501.9,2997.222,winter,day2,28
2025-02-15 03:15:00,3167.2776,2974.4878,winter,day2,28
2025-02-15 03:20:00,3507.2136,2946.7773,winter,day2,28
2025-02-15 03:25:00,3349.2144,2918.6528,winter,day2,28
2025-02-15 03:30:00,3250.1916,2886.6577,winter,day2,28
2025-02-15 03:35:00,3390.924,2856.9365,winter,day2,28
2025-02-15 03:40:00,2922.5028,2818.8218,winter,day2,28
2025-02-15 03:45:00,2559.2904000000003,2779.3918,winter,day2,28
2025-02-15 03:50:00,2797.6764,2752.143,winter,day2,28
2025-02-15 03:55:00,2562.6192,2730.2107,winter,day2,28
2025-02-15 04:00:00,2540.7732,2700.8098,winter,day2,28
2025-02-15 04:05:00,2542.0536,2686.7314,winter,day2,28
2025-02-15 04:10:00,2665.9128,2676.9597,winter,day2,28
2025-02-15 04:15:00,2718.2088,2669.9353,winter,day2,28
2025-02-15 04:20:00,2717.5116,2659.9905,winter,day2,28
2025-02-15 04:25:00,2653.6296,2651.636,winter,day2,28
2025-02-15 04:30:00,2697.8544,2644.6702,winter,day2,28
2025-02-15 04:35:00,2711.3399999999997,2639.8994,winter,day2,28
2025-02-15 04:40:00,2700.6528,2631.8677,winter,day2,28
2025-02-15 04:45:00,2799.0384000000004,2624.745,winter,day2,28
2025-02-15 04:50:00,2976.3599999999997,2626.3235,winter,day2,28
2025-02-15 04:55:00,2617.7652000000003,2628.0527,winter,day2,28
2025-02-15 05:00:00,2624.0424,2609.4907,winter,day2,28
2025-02-15 05:05:00,2733.1187999999997,2621.7034,winter,day2,28
2025-02-15 05:10:00,2724.3563999999997,2634.324,winter,day2,28
2025-02-15 05:15:00,2746.314,2645.84,winter,day2,28
2025-02-15 05:20:00,2761.5456,2651.75,winter,day2,28
2025-02-15 05:25:00,2770.9211999999998,2661.3228,winter,day2,28
2025-02-15 05:30:00,2778.6492,2660.7764,winter,day2,28
2025-02-15 05:35:00,2719.5144,2653.019,winter,day2,28
2025-02-15 05:40:00,2715.99,2638.046,winter,day2,28
2025-02-15 05:45:00,2973.078,2619.9976,winter,day2,28
2025-02-15 05:50:00,2825.2788,2607.9148,winter,day2,28
2025-02-15 05:55:00,2689.6044,2600.501,winter,day2,28
2025-02-15 06:00:00,2615.4156000000003,2581.2178,winter,day2,28
2025-02-15 06:05:00,2624.5080000000003,2565.93,winter,day2,28
2025-02-15 06:10:00,2611.782,2560.9749,winter,day2,28
2025-02-15 06:15:00,2592.9468,2562.0845,winter,day2,28
2025-02-15 06:20:00,2628.9048000000003,2561.491,winter,day2,28
2025-02-15 06:25:00,2613.1932,2566.8674,winter,day2,28
2025-02-15 06:30:00,2612.5775999999996,2575.5583,winter,day2,28
2025-02-15 06:35:00,2545.6056,2584.933,winter,day2,28
2025-02-15 06:40:00,2487.6396,2584.5476,winter,day2,28
2025-02-15 06:45:00,2432.4816,2574.4487,winter,day2,28
2025-02-15 06:50:00,2675.988,2561.0479,winter,day2,28
2025-02-15 06:55:00,2424.3216,2544.2788,winter,day2,28
2025-02-15 07:00:00,2442.4272,2481.4143,winter,day2,28
2025-02-15 07:05:00,2382.3648000000003,2505.0386,winter,day2,28
2025-02-15 07:10:00,2677.4316,2557.8293,winter,day2,28
2025-02-15 07:15:00,3024.7824,2634.6135,winter,day2,28
2025-02-15 07:20:00,3020.04,2739.6445,winter,day2,28
2025-02-15 07:25:00,3081.3347999999996,3008.4443,winter,day2,28
2025-02-15 07:30:00,4056.6732,3884.9358,winter,day2,28
2025-02-15 07:35:00,11292.3996,8371.293,winter,day2,28
2025-02-15 07:40:00,11048.544,13192.988,winter,day2,28
2025-02-15 07:45:00,5957.1264,13315.205,winter,day2,28
2025-02-15 07:50:00,4076.0915999999997,11556.559,winter,day2,28
2025-02-15 07:55:00,3772.0080000000003,8237.599,winter,day2,28
2025-02-15 08:00:00,3840.4620000000004,4916.1562,winter,day2,28
2025-02-15 08:05:00,5717.4936,4927.0303,winter,day2,28
2025-02-15 08:10:00,7114.7555999999995,4933.0674,winter,day2,28
2025-02-15 08:15:00,6988.9128,4907.9336,winter,day2,28
2025-02-15 08:20:00,6578.6772,4881.9473,winter,day2,28
2025-02-15 08:25:00,4691.0856,4937.727,winter,day2,28
2025-02-15 08:30:00,4353.1416,5006.587,winter,day2,28
2025-02-15 08:35:00,4543.8528,5094.424,winter,day2,28
2025-02-15 08:40:00,4814.4108,5145.231,winter,day2,28
2025-02-15 08:45:00,4399.854,5204.21,winter,day2,28
2025-02-15 08:50:00,4330.0428,5319.7593,winter,day2,28
2025-02-15 08:55:00,5953.8024,5362.448,winter,day2,28
2025-02-15 09:00:00,5415.3864,5037.9204,winter,day2,28
2025-02-15 09:05:00,5265.3576,5093.791,winter,day2,28
2025-02-15 09:10:00,4289.6376,5159.896,winter,day2,28
2025-02-15 09:15:00,4193.6844,5242.7393,winter,day2,28
2025-02-15 09:20:00,4645.1424,5321.4844,winter,day2,28
2025-02-15 09:25:00,4191.9552,5389.542,winter,day2,28
2025-02-15 09:30:00,4246.309200000001,5406.0986,winter,day2,28
2025-02-15 09:35:00,4949.8524,5448.2983,winter,day2,28
2025-02-15 09:40:00,4334.73,5457.2837,winter,day2,28
2025-02-15 09:45:00,4737.3204,5416.1357,winter,day2,28
2025-02-15 09:50:00,5548.7832,5407.379,winter,day2,28
2025-02-15 09:55:00,5322.1932,5374.0635,winter,day2,28
2025-02-15 10:00:00,4632.3588,5368.526,winter,day2,28
2025-02-15 10:05:00,5411.0076,5388.303,winter,day2,28
2025-02-15 10:10:00,6348.6888,5354.3916,winter,day2,28
2025-02-15 10:15:00,5285.1144,5242.932,winter,day2,28
2025-02-15 10:20:00,4419.2328,5081.427,winter,day2,28
2025-02-15 10:25:00,4396.9956,4957.0645,winter,day2,28
2025-02-15 10:30:00,4392.759599999999,4895.315,winter,day2,28
2025-02-15 10:35:00,6185.994000000001,4876.654,winter,day2,28
2025-02-15 10:40:00,5201.3652,4853.394,winter,day2,28
2025-02-15 10:45:00,4983.3252,4821.2573,winter,day2,28
2025-02-15 10:50:00,6062.6004,4790.356,winter,day2,28
2025-02-15 10:55:00,4482.6528,4731.5674,winter,day2,28
2025-02-15 11:00:00,4369.5996,4639.962,winter,day2,28
2025-02-15 11:05:00,4604.948399999999,4640.754,winter,day2,28
2025-02-15 11:10:00,4555.5,4645.267,winter,day2,28
2025-02-15 11:15:00,5872.7052,4636.9126,winter,day2,28
2025-02-15 11:20:00,4895.9856,4606.2417,winter,day2,28
2025-02-15 11:25:00,6677.3724,4561.685,winter,day2,28
2025-02-15 11:30:00,5196.2928,4526.5845,winter,day2,28
2025-02-15 11:35:00,4449.2304,4512.0225,winter,day2,28
2025-02-15 11:40:00,4519.8348,4490.8843,winter,day2,28
2025-02-15 11:45:00,4362.051600000001,4457.6313,winter,day2,28
2025-02-15 11:50:00,5688.996,4433.6157,winter,day2,28
2025-02-15 11:55:00,6641.567999999999,4393.6377,winter,day2,28
2025-02-15 12:00:00,4780.4544000000005,4289.594,winter,day2,28
2025-02-15 12:05:00,4838.2955999999995,4279.684,winter,day2,28
2025-02-15 12:10:00,6261.8604,4262.0874,winter,day2,28
2025-02-15 12:15:00,4966.3068,4240.276,winter,day2,28
2025-02-15 12:20:00,4915.3116,4219.598,winter,day2,28
2025-02-15 12:25:00,6678.210000000001,4194.474,winter,day2,28
2025-02-15 12:30:00,5226.5712,4167.708,winter,day2,28
2025-02-15 12:35:00,4141.104,4143.9297,winter,day2,28
2025-02-15 12:40:00,3603.4008000000003,4114.5327,winter,day2,28
2025-02-15 12:45:00,3644.2043999999996,4096.2812,winter,day2,28
2025-02-15 12:50:00,2812.5912,4130.207,winter,day2,28
2025-02-15 12:55:00,2937.4548000000004,4151.473,winter,day2,28
2025-02-15 13:00:00,3804.3947999999996,4202.9604,winter,day2,28
2025-02-15 13:05:00,2557.9824,4266.0703,winter,day2,28
2025-02-15 13:10:00,3793.4616,4293.771,winter,day2,28
2025-02-15 13:15:00,3430.7484000000004,4269.982,winter,day2,28
2025-02-15 13:20:00,3147.3372,4211.883,winter,day2,28
2025-02-15 13:25:00,2454.6096000000002,4137.5835,winter,day2,28
2025-02-15 13:30:00,10347.3852,4099.009,winter,day2,28
2025-02-15 13:35:00,12404.5884,4132.317,winter,day2,28
2025-02-15 13:40:00,11947.5432,4178.125,winter,day2,28
2025-02-15 13:45:00,12035.5848,4213.5835,winter,day2,28
2025-02-15 13:50:00,12659.388,4305.5986,winter,day2,28
2025-02-15 13:55:00,12770.053199999998,4363.642,winter,day2,28
2025-02-15 14:00:00,13642.8648,4415.68,winter,day2,28
2025-02-15 14:05:00,5633.1012,4575.3354,winter,day2,28
2025-02-15 14:10:00,4914.022800000001,4713.1855,winter,day2,28
2025-02-15 14:15:00,4696.9056,4851.013,winter,day2,28
2025-02-15 14:20:00,4501.5779999999995,5017.3735,winter,day2,28
2025-02-15 14:25:00,5893.4148,5229.9185,winter,day2,28
2025-02-15 14:30:00,7143.294,5494.706,winter,day2,28
2025-02-15 14:35:00,6570.2508,5926.786,winter,day2,28
2025-02-15 14:40:00,6067.0908,6474.0405,winter,day2,28
2025-02-15 14:45:00,7256.6952,7150.133,winter,day2,28
2025-02-15 14:50:00,8559.5208,8107.2266,winter,day2,28
2025-02-15 14:55:00,8953.0584,8888.359,winter,day2,28
2025-02-15 15:00:00,6538.944,11697.67,winter,day2,28
2025-02-15 15:05:00,4598.980799999999,12583.664,winter,day2,28
2025-02-15 15:10:00,5760.027599999999,12673.328,winter,day2,28
2025-02-15 15:15:00,6697.352400000001,12006.804,winter,day2,28
2025-02-15 15:20:00,5173.7568,11004.933,winter,day2,28
2025-02-15 15:25:00,4370.5908,10254.05,winter,day2,28
2025-02-15 15:30:00,4713.4812,9868.252,winter,day2,28
2025-02-15 15:35:00,4968.6468,9994.373,winter,day2,28
2025-02-15 15:40:00,7555.3356,9932.67,winter,day2,28
2025-02-15 15:45:00,7059.3864,9540.053,winter,day2,28
2025-02-15 15:50:00,8549.5824,9111.052,winter,day2,28
2025-02-15 15:55:00,8541.6696,8546.709,winter,day2,28
2025-02-15 16:00:00,8092.132799999999,9386.903,winter,day2,28
2025-02-15 16:05:00,6996.906,9353.357,winter,day2,28
2025-02-15 16:10:00,6957.266399999999,9383.223,winter,day2,28
2025-02-15 16:15:00,6731.3724,9255.277,winter,day2,28
2025-02-15 16:20:00,7061.8008,8978.247,winter,day2,28
2025-02-15 16:25:00,7746.345600000001,8760.235,winter,day2,28
2025-02-15 16:30:00,7681.7352,8616.67,winter,day2,28
2025-02-15 16:35:00,7173.738,8706.742,winter,day2,28
2025-02-15 16:40:00,6496.0092,8820.282,winter,day2,28
2025-02-15 16:45:00,5636.995199999999,8915.241,winter,day2,28
2025-02-15 16:50:00,5181.9924,9009.083,winter,day2,28
2025-02-15 16:55:00,5061.844800000001,8809.835,winter,day2,28
2025-02-15 17:00:00,5736.4704,7696.927,winter,day2,28
2025-02-15 17:05:00,5347.518,7556.8955,winter,day2,28
2025-02-15 17:10:00,6278.236800000001,7417.6587,winter,day2,28
2025-02-15 17:15:00,7073.215200000001,7236.9854,winter,day2,28
2025-02-15 17:20:00,6359.3148,7057.878,winter,day2,28
2025-02-15 17:25:00,6632.8032,6931.058,winter,day2,28
2025-02-15 17:30:00,6291.6108,6810.149,winter,day2,28
2025-02-15 17:35:00,6996.260399999999,6735.4146,winter,day2,28
2025-02-15 17:40:00,6293.794800000001,6660.409,winter,day2,28
2025-02-15 17:45:00,7691.7444000000005,6577.1504,winter,day2,28
2025-02-15 17:50:00,6314.8584,6627.6025,winter,day2,28
2025-02-15 17:55:00,6229.6524,6889.155,winter,day2,28
2025-02-15 18:00:00,6089.13,7949.2188,winter,day2,28
2025-02-15 18:05:00,9879.4008,9867.736,winter,day2,28
2025-02-15 18:10:00,11469.4416,11310.709,winter,day2,28
2025-02-15 18:15:00,11986.0548,11049.832,winter,day2,28
2025-02-15 18:20:00,7759.8924,9200.673,winter,day2,28
2025-02-15 18:25:00,7490.6772,8018.603,winter,day2,28
2025-02-15 18:30:00,7945.158,7549.522,winter,day2,28
2025-02-15 18:35:00,9408.1236,7241.298,winter,day2,28
2025-02-15 18:40:00,7508.767199999999,7008.4385,winter,day2,28
2025-02-15 18:45:00,6825.6216,6834.912,winter,day2,28
2025-02-15 18:50:00,5278.8432,6721.969,winter,day2,28
2025-02-15 18:55:00,4547.1072,6580.9673,winter,day2,28
2025-02-15 19:00:00,4536.4968,6171.3345,winter,day2,28
2025-02-15 19:05:00,4995.2388,6150.0693,winter,day2,28
2025-02-15 19:10:00,7088.988,6141.216,winter,day2,28
2025-02-15 19:15:00,5754.777599999999,6040.228,winter,day2,28
2025-02-15 19:20:00,5796.762000000001,5829.846,winter,day2,28
2025-02-15 19:25:00,4289.941199999999,5581.7725,winter,day2,28
2025-02-15 19:30:00,4289.2919999999995,5390.069,winter,day2,28
2025-02-15 19:35:00,4805.046,5331.828,winter,day2,28
2025-02-15 19:40:00,4305.5568,5258.535,winter,day2,28
2025-02-15 19:45:00,4204.6836,5099.513,winter,day2,28
2025-02-15 19:50:00,4491.5136,4921.0425,winter,day2,28
2025-02-15 19:55:00,4038.1008,4763.1885,winter,day2,28
2025-02-15 20:00:00,4228.7088,4564.787,winter,day2,28
2025-02-15 20:05:00,4548.522,4514.376,winter,day2,28
2025-02-15 20:10:00,5616.1008,4453.8354,winter,day2,28
2025-02-15 20:15:00,5732.5608,4368.756,winter,day2,28
2025-02-15 20:20:00,3872.2488,4279.9043,winter,day2,28
2025-02-15 20:25:00,3953.9892,4198.0674,winter,day2,28
2025-02-15 20:30:00,3924.7884,4117.792,winter,day2,28
2025-02-15 20:35:00,4385.402400000001,4063.1167,winter,day2,28
2025-02-15 20:40:00,4002.9119999999994,4025.8113,winter,day2,28
2025-02-15 20:45:00,6012.9672,4014.2725,winter,day2,28
2025-02-15 20:50:00,5836.6644,4037.6301,winter,day2,28
2025-02-15 20:55:00,4751.3016,4023.7976,winter,day2,28
2025-02-15 21:00:00,4026.8196,4260.0483,winter,day2,28
2025-02-15 21:05:00,3470.2619999999997,4349.2915,winter,day2,28
2025-02-15 21:10:00,3234.0612,4370.244,winter,day2,28
2025-02-15 21:15:00,2808.1104,4261.566,winter,day2,28
2025-02-15 21:20:00,2842.9559999999997,4088.2925,winter,day2,28
2025-02-15 21:25:00,2899.9248,3937.4905,winter,day2,28
2025-02-15 21:30:00,2940.126,3822.901,winter,day2,28
2025-02-15 21:35:00,3015.5256,3746.7065,winter,day2,28
2025-02-15 21:40:00,2942.934,3654.5479,winter,day2,28
2025-02-15 21:45:00,3243.2904,3536.7349,winter,day2,28
2025-02-15 21:50:00,3078.7044,3422.3306,winter,day2,28
2025-02-15 21:55:00,2939.5775999999996,3293.134,winter,day2,28
2025-02-15 22:00:00,2648.214,2979.7844,winter,day2,28
2025-02-15 22:05:00,2525.3544,2888.2422,winter,day2,28
2025-02-15 22:10:00,2470.1268,2804.0518,winter,day2,28
2025-02-15 22:15:00,2454.642,2748.2163,winter,day2,28
2025-02-15 22:20:00,3749.8032,2718.741,winter,day2,28
2025-02-15 22:25:00,3233.868,2706.4185,winter,day2,28
2025-02-15 22:30:00,2614.3848,2701.981,winter,day2,28
2025-02-15 22:35:00,2474.7624,2702.0237,winter,day2,28
2025-02-15 22:40:00,2493.3743999999997,2696.0652,winter,day2,28
2025-02-15 22:45:00,2640.4103999999998,2681.8489,winter,day2,28
2025-02-15 22:50:00,2646.7583999999997,2667.6877,winter,day2,28
2025-02-15 22:55:00,2626.6344,2648.966,winter,day2,28
2025-02-15 23:00:00,2640.1115999999997,2574.803,winter,day2,28
2025-02-15 23:05:00,2685.4056,2559.9084,winter,day2,28
2025-02-15 23:10:00,2946.2928,2551.9724,winter,day2,28
2025-02-15 23:15:00,2753.5404000000003,2558.4226,winter,day2,28
2025-02-15 23:20:00,2502.9816,2574.3245,winter,day2,28
2025-02-15 23:25:00,2548.0272,2587.6255,winter,day2,28
2025-02-15 23:30:00,2540.3940000000002,2592.9785,winter,day2,28
2025-02-15 23:35:00,2539.1664,2586.1409,winter,day2,28
2025-02-15 23:40:00,2457.7032,2570.934,winter,day2,28
2025-02-15 23:45:00,2438.4072,2558.7383,winter,day2,28
2025-02-15 23:50:00,2441.1,2556.4038,winter,day2,28
2025-02-15 23:55:00,2596.3404,2560.4429,winter,day2,28
2025-12-02 00:00:00,2584.6764,2547.5735,winter,day3,33
2025-12-02 00:05:00,2585.208,2553.0376,winter,day3,33
2025-12-02 00:10:00,2589.12,2558.1648,winter,day3,33
2025-12-02 00:15:00,2559.282,2565.4292,winter,day3,33
2025-12-02 00:20:00,2531.1192,2572.4143,winter,day3,33
2025-12-02 00:25:00,2496.3887999999997,2583.8928,winter,day3,33
2025-12-02 00:30:00,2486.3280000000004,2591.6626,winter,day3,33
2025-12-02 00:35:00,2690.9939999999997,2599.403,winter,day3,33
2025-12-02 00:40:00,2574.9252,2599.256,winter,day3,33
2025-12-02 00:45:00,2494.8108,2593.604,winter,day3,33
2025-12-02 00:50:00,2455.4892,2587.2131,winter,day3,33
2025-12-02 00:55:00,2462.4516,2579.4607,winter,day3,33
2025-12-02 01:00:00,2447.6135999999997,2572.6455,winter,day3,33
2025-12-02 01:05:00,2474.5703999999996,2566.2063,winter,day3,33
2025-12-02 01:10:00,2497.134,2557.69,winter,day3,33
2025-12-02 01:15:00,2529.6516,2555.7256,winter,day3,33
2025-12-02 01:20:00,2571.4692000000005,2557.5889,winter,day3,33
2025-12-02 01:25:00,2593.9512,2561.1252,winter,day3,33
2025-12-02 01:30:00,2562.9576,2562.7192,winter,day3,33
2025-12-02 01:35:00,2498.9148,2565.7495,winter,day3,33
2025-12-02 01:40:00,2532.2592,2565.7935,winter,day3,33
2025-12-02 01:45:00,2671.7832,2565.8372,winter,day3,33
2025-12-02 01:50:00,2719.0872,2571.006,winter,day3,33
2025-12-02 01:55:00,2499.786,2575.8672,winter,day3,33
2025-12-02 02:00:00,2475.3660000000004,2588.7505,winter,day3,33
2025-12-02 02:05:00,2435.1972,2594.0828,winter,day3,33
2025-12-02 02:10:00,2416.3512,2595.7144,winter,day3,33
2025-12-02 02:15:00,2404.0716,2602.1,winter,day3,33
2025-12-02 02:20:00,2407.6464,2599.1497,winter,day3,33
2025-12-02 02:25:00,2513.4552,2600.6624,winter,day3,33
2025-12-02 02:30:00,2573.7744,2598.7607,winter,day3,33
2025-12-02 02:35:00,2593.4412,2598.1687,winter,day3,33
2025-12-02 02:40:00,2579.1264,2598.9495,winter,day3,33
2025-12-02 02:45:00,2561.5332000000003,2597.8235,winter,day3,33
2025-12-02 02:50:00,2554.6704,2603.4968,winter,day3,33
2025-12-02 02:55:00,2680.9188000000004,2610.0862,winter,day3,33
2025-12-02 03:00:00,2821.9284,2642.9233,winter,day3,33
2025-12-02 03:05:00,2529.4788,2644.2817,winter,day3,33
2025-12-02 03:10:00,2450.1108,2639.6987,winter,day3,33
2025-12-02 03:15:00,2541.4308,2639.8855,winter,day3,33
2025-12-02 03:20:00,2563.3116,2635.271,winter,day3,33
2025-12-02 03:25:00,2546.5824000000002,2638.5315,winter,day3,33
2025-12-02 03:30:00,2570.7768,2640.748,winter,day3,33
2025-12-02 03:35:00,2608.5348,2643.185,winter,day3,33
2025-12-02 03:40:00,2459.814,2643.4258,winter,day3,33
2025-12-02 03:45:00,2487.6552,2643.986,winter,day3,33
2025-12-02 03:50:00,2492.58,2646.639,winter,day3,33
2025-12-02 03:55:00,2491.2708,2649.2222,winter,day3,33
2025-12-02 04:00:00,2595.0984,2648.2126,winter,day3,33
2025-12-02 04:05:00,2754.0708,2644.1704,winter,day3,33
2025-12-02 04:10:00,2676.1644,2638.1226,winter,day3,33
2025-12-02 04:15:00,2469.6984,2636.6824,winter,day3,33
2025-12-02 04:20:00,2466.5412,2632.1,winter,day3,33
2025-12-02 04:25:00,2462.928,2637.642,winter,day3,33
2025-12-02 04:30:00,2440.3848000000003,2646.392,winter,day3,33
2025-12-02 04:35:00,2441.0292,2658.2131,winter,day3,33
2025-12-02 04:40:00,2483.6016,2669.3025,winter,day3,33
2025-12-02 04:45:00,2476.2864,2679.4465,winter,day3,33
2025-12-02 04:50:00,2476.3128,2692.7861,winter,day3,33
2025-12-02 04:55:00,2498.7888,2709.6208,winter,day3,33
2025-12-02 05:00:00,2523.3660000000004,2727.7412,winter,day3,33
2025-12-02 05:05:00,2492.9892,2727.415,winter,day3,33
2025-12-02 05:10:00,2602.7760000000003,2716.6714,winter,day3,33
2025-12-02 05:15:00,2801.0388,2711.0652,winter,day3,33
2025-12-02 05:20:00,2673.4776,2705.5625,winter,day3,33
2025-12-02 05:25:00,2574.0732,2707.102,winter,day3,33
2025-12-02 05:30:00,2596.2648,2712.8062,winter,day3,33
2025-12-02 05:35:00,2568.6384,2720.1453,winter,day3,33
2025-12-02 05:40:00,2539.674,2727.2488,winter,day3,33
2025-12-02 05:45:00,2670.9276,2738.8145,winter,day3,33
2025-12-02 05:50:00,2813.7347999999997,2756.0178,winter,day3,33
2025-12-02 05:55:00,2841.3156,2782.664,winter,day3,33
2025-12-02 06:00:00,2828.9052,3031.062,winter,day3,33
2025-12-02 06:05:00,3314.8008,3112.846,winter,day3,33
2025-12-02 06:10:00,3381.696,3175.5212,winter,day3,33
2025-12-02 06:15:00,3469.9020000000005,3224.0786,winter,day3,33
2025-12-02 06:20:00,3127.2312,3270.7046,winter,day3,33
2025-12-02 06:25:00,3247.2599999999998,3315.709,winter,day3,33
2025-12-02 06:30:00,3546.2699999999995,3358.5166,winter,day3,33
2025-12-02 06:35:00,3619.1964,3400.478,winter,day3,33
2025-12-02 06:40:00,3879.7032,3439.58,winter,day3,33
2025-12-02 06:45:00,3268.986,3463.8428,winter,day3,33
2025-12-02 06:50:00,3886.7904000000003,3505.8982,winter,day3,33
2025-12-02 06:55:00,3782.0352,3538.7139,winter,day3,33
2025-12-02 07:00:00,3783.4752,3805.4675,winter,day3,33
2025-12-02 07:05:00,3802.332,3823.7327,winter,day3,33
2025-12-02 07:10:00,3549.6432,3826.0464,winter,day3,33
2025-12-02 07:15:00,4389.8184,3839.1794,winter,day3,33
2025-12-02 07:20:00,3724.4375999999997,3872.1313,winter,day3,33
2025-12-02 07:25:00,3420.7776,3921.8228,winter,day3,33
2025-12-02 07:30:00,3205.5792,3980.945,winter,day3,33
2025-12-02 07:35:00,10705.3956,4059.219,winter,day3,33
2025-12-02 07:40:00,10067.283599999999,4148.7075,winter,day3,33
2025-12-02 07:45:00,7560.3408,4165.4795,winter,day3,33
2025-12-02 07:50:00,4807.704,4121.164,winter,day3,33
2025-12-02 07:55:00,4616.5488,4059.5703,winter,day3,33
2025-12-02 08:00:00,4571.3387999999995,3749.7869,winter,day3,33
2025-12-02 08:05:00,4221.3384,3758.372,winter,day3,33
2025-12-02 08:10:00,4044.636,3746.3086,winter,day3,33
2025-12-02 08:15:00,4346.2464,3748.7869,winter,day3,33
2025-12-02 08:20:00,4628.1012,3765.0664,winter,day3,33
2025-12-02 08:25:00,3938.0112,3789.4849,winter,day3,33
2025-12-02 08:30:00,4449.6516,3817.1765,winter,day3,33
2025-12-02 08:35:00,4098.3972,3859.922,winter,day3,33
2025-12-02 08:40:00,4391.9016,3878.5195,winter,day3,33
2025-12-02 08:45:00,4145.3616,3892.4832,winter,day3,33
2025-12-02 08:50:00,4601.3772,3925.0034,winter,day3,33
2025-12-02 08:55:00,3736.4676,3958.9475,winter,day3,33
2025-12-02 09:00:00,3649.4195999999997,4251.4814,winter,day3,33
2025-12-02 09:05:00,3287.7876000000006,4252.645,winter,day3,33
2025-12-02 09:10:00,3704.5728000000004,4237.925,winter,day3,33
2025-12-02 09:15:00,3636.1944000000003,4229.4546,winter,day3,33
2025-12-02 09:20:00,3402.618,4227.211,winter,day3,33
2025-12-02 09:25:00,3828.1452,4229.3755,winter,day3,33
2025-12-02 09:30:00,4100.364,4239.545,winter,day3,33
2025-12-02 09:35:00,5915.7228000000005,4249.888,winter,day3,33
2025-12-02 09:40:00,5611.8984,4267.61,winter,day3,33
2025-12-02 09:45:00,6284.7444000000005,4291.5747,winter,day3,33
2025-12-02 09:50:00,5128.0464,4334.9697,winter,day3,33
2025-12-02 09:55:00,3856.9595999999997,4384.411,winter,day3,33
2025-12-02 10:00:00,3329.1684,4559.268,winter,day3,33
2025-12-02 10:05:00,3522.4547999999995,4615.226,winter,day3,33
2025-12-02 10:10:00,4173.559200000001,4651.42,winter,day3,33
2025-12-02 10:15:00,3471.6612,4668.561,winter,day3,33
2025-12-02 10:20:00,3522.942,4676.1494,winter,day3,33
2025-12-02 10:25:00,4584.6348,4670.305,winter,day3,33
2025-12-02 10:30:00,3909.4919999999997,4662.7695,winter,day3,33
2025-12-02 10:35:00,3484.4916,4658.385,winter,day3,33
2025-12-02 10:40:00,3428.1732,4657.0923,winter,day3,33
2025-12-02 10:45:00,3359.4804000000004,4654.9805,winter,day3,33
2025-12-02 10:50:00,3126.1104,4661.133,winter,day3,33
2025-12-02 10:55:00,3711.8604,4664.2974,winter,day3,33
2025-12-02 11:00:00,5273.270399999999,4664.6084,winter,day3,33
2025-12-02 11:05:00,4952.9976,4641.364,winter,day3,33
2025-12-02 11:10:00,5216.586,4602.3555,winter,day3,33
2025-12-02 11:15:00,3273.0155999999997,4550.925,winter,day3,33
2025-12-02 11:20:00,3135.8532,4493.5234,winter,day3,33
2025-12-02 11:25:00,3062.5092,4433.404,winter,day3,33
2025-12-02 11:30:00,3240.69,4388.1606,winter,day3,33
2025-12-02 11:35:00,3230.982,4355.1733,winter,day3,33
2025-12-02 11:40:00,3260.3904,4328.4126,winter,day3,33
2025-12-02 11:45:00,3225.2184,4295.664,winter,day3,33
2025-12-02 11:50:00,3921.918,4277.1606,winter,day3,33
2025-12-02 11:55:00,3512.7203999999997,4247.7188,winter,day3,33
2025-12-02 12:00:00,4808.245199999999,4227.921,winter,day3,33
2025-12-02 12:05:00,3658.2396,4186.464,winter,day3,33
2025-12-02 12:10:00,2711.4744,4126.317,winter,day3,33
2025-12-02 12:15:00,2604.3948,4070.2427,winter,day3,33
2025-12-02 12:20:00,2801.2212,4033.0767,winter,day3,33
2025-12-02 12:25:00,2865.6012,4005.732,winter,day3,33
2025-12-02 12:30:00,2542.9548000000004,4008.274,winter,day3,33
2025-12-02 12:35:00,2481.0984,4038.3247,winter,day3,33
2025-12-02 12:40:00,2771.0076,4072.7495,winter,day3,33
2025-12-02 12:45:00,2348.0148,4102.734,winter,day3,33
2025-12-02 12:50:00,2308.3548,4142.9814,winter,day3,33
2025-12-02 12:55:00,3027.4595999999997,4184.8706,winter,day3,33
2025-12-02 13:00:00,3510.2940000000003,5124.998,winter,day3,33
2025-12-02 13:05:00,2609.2752,5227.7207,winter,day3,33
2025-12-02 13:10:00,2433.036,5248.255,winter,day3,33
2025-12-02 13:15:00,2345.9052,5253.221,winter,day3,33
2025-12-02 13:20:00,2655.876,5204.2363,winter,day3,33
2025-12-02 13:25:00,2783.5164,5151.959,winter,day3,33
2025-12-02 13:30:00,2350.638,5170.718,winter,day3,33
2025-12-02 13:35:00,2416.8804,5184.3145,winter,day3,33
2025-12-02 13:40:00,2738.5032,5198.317,winter,day3,33
2025-12-02 13:45:00,2698.3332,5173.303,winter,day3,33
2025-12-02 13:50:00,3171.6468,5160.0005,winter,day3,33
2025-12-02 13:55:00,2537.556,5118.221,winter,day3,33
2025-12-02 14:00:00,3734.082,4833.912,winter,day3,33
2025-12-02 14:05:00,3048.7907999999998,4794.334,winter,day3,33
2025-12-02 14:10:00,2487.3120000000004,4721.6753,winter,day3,33
2025-12-02 14:15:00,2934.0072,4657.6025,winter,day3,33
2025-12-02 14:20:00,2624.2871999999998,4576.1216,winter,day3,33
2025-12-02 14:25:00,2740.02,4504.3306,winter,day3,33
2025-12-02 14:30:00,4219.794,4459.987,winter,day3,33
2025-12-02 14:35:00,2654.328,4435.3765,winter,day3,33
2025-12-02 14:40:00,2405.3988,4447.545,winter,day3,33
2025-12-02 14:45:00,2550.5124,4481.336,winter,day3,33
2025-12-02 14:50:00,2943.7871999999998,4562.9365,winter,day3,33
2025-12-02 14:55:00,3097.4543999999996,4658.035,winter,day3,33
2025-12-02 15:00:00,3536.3184,4852.882,winter,day3,33
2025-12-02 15:05:00,3761.1816,4914.1377,winter,day3,33
2025-12-02 15:10:00,5736.9144,4962.9175,winter,day3,33
2025-12-02 15:15:00,3531.6684,5029.3604,winter,day3,33
2025-12-02 15:20:00,3434.8368,5081.4233,winter,day3,33
2025-12-02 15:25:00,4197.5772,5119.3687,winter,day3,33
2025-12-02 15:30:00,3837.726,5157.392,winter,day3,33
2025-12-02 15:35:00,3723.4392,5196.6963,winter,day3,33
2025-12-02 15:40:00,4281.906,5248.306,winter,day3,33
2025-12-02 15:45:00,4808.8788,5272.6523,winter,day3,33
2025-12-02 15:50:00,8003.0748,5303.269,winter,day3,33
2025-12-02 15:55:00,10921.180799999998,5353.0474,winter,day3,33
2025-12-02 16:00:00,7045.9512,6535.886,winter,day3,33
2025-12-02 16:05:00,5442.3348,6754.249,winter,day3,33
2025-12-02 16:10:00,4902.6432,7030.9463,winter,day3,33
2025-12-02 16:15:00,5564.142,7382.2856,winter,day3,33
2025-12-02 16:20:00,5172.030000000001,7511.3027,winter,day3,33
2025-12-02 16:25:00,4569.3876,7495.675,winter,day3,33
2025-12-02 16:30:00,6030.306,7587.846,winter,day3,33
2025-12-02 16:35:00,4963.482,7492.8286,winter,day3,33
2025-12-02 16:40:00,4907.358,7419.8716,winter,day3,33
2025-12-02 16:45:00,4758.9276,7192.174,winter,day3,33
2025-12-02 16:50:00,5014.9980000000005,6916.392,winter,day3,33
2025-12-02 16:55:00,4404.9828,6765.8394,winter,day3,33
2025-12-02 17:00:00,4670.3988,6873.4346,winter,day3,33
2025-12-02 17:05:00,5168.3315999999995,6892.58,winter,day3,33
2025-12-02 17:10:00,5390.0964,6807.1074,winter,day3,33
2025-12-02 17:15:00,6159.0216,6724.232,winter,day3,33
2025-12-02 17:20:00,4260.8243999999995,6526.915,winter,day3,33
2025-12-02 17:25:00,5884.4256000000005,6328.936,winter,day3,33
2025-12-02 17:30:00,4307.7312,6217.0596,winter,day3,33
2025-12-02 17:35:00,4909.2768,6132.837,winter,day3,33
2025-12-02 17:40:00,4737.6744,6095.208,winter,day3,33
2025-12-02 17:45:00,4368.9684,6100.6533,winter,day3,33
2025-12-02 17:50:00,4411.5156,6190.514,winter,day3,33
2025-12-02 17:55:00,5227.368,6433.3643,winter,day3,33
2025-12-02 18:00:00,5888.1816,8181.856,winter,day3,33
2025-12-02 18:05:00,9812.7636,9002.524,winter,day3,33
2025-12-02 18:10:00,11284.710000000001,9673.865,winter,day3,33
2025-12-02 18:15:00,11618.9928,9754.771,winter,day3,33
2025-12-02 18:20:00,10094.826,9300.682,winter,day3,33
2025-12-02 18:25:00,10502.1132,8738.481,winter,day3,33
2025-12-02 18:30:00,12101.6124,8371.087,winter,day3,33
2025-12-02 18:35:00,9531.9984,8135.677,winter,day3,33
2025-12-02 18:40:00,10680.1812,7976.8994,winter,day3,33
2025-12-02 18:45:00,12144.138,7752.236,winter,day3,33
2025-12-02 18:50:00,7109.723999999999,7590.587,winter,day3,33
2025-12-02 18:55:00,7418.1972000000005,7509.928,winter,day3,33
2025-12-02 19:00:00,7708.2648,6421.605,winter,day3,33
2025-12-02 19:05:00,9314.2776,6138.866,winter,day3,33
2025-12-02 19:10:00,9864.9504,5807.657,winter,day3,33
2025-12-02 19:15:00,8999.8596,5415.882,winter,day3,33
2025-12-02 19:20:00,6535.7339999999995,5025.4624,winter,day3,33
2025-12-02 19:25:00,4100.412,4728.3076,winter,day3,33
2025-12-02 19:30:00,4550.5188,4553.291,winter,day3,33
2025-12-02 19:35:00,4494.7788,4444.333,winter,day3,33
2025-12-02 19:40:00,3748.4796,4388.9727,winter,day3,33
2025-12-02 19:45:00,5512.9872000000005,4361.21,winter,day3,33
2025-12-02 19:50:00,3661.0932000000003,4356.9883,winter,day3,33
2025-12-02 19:55:00,3563.4252,4363.937,winter,day3,33
2025-12-02 20:00:00,3712.278,4329.358,winter,day3,33
2025-12-02 20:05:00,3904.3032,4312.0103,winter,day3,33
2025-12-02 20:10:00,4927.479600000001,4277.3457,winter,day3,33
2025-12-02 20:15:00,3493.1376000000005,4243.944,winter,day3,33
2025-12-02 20:20:00,3690.5063999999998,4200.7607,winter,day3,33
2025-12-02 20:25:00,5000.07,4153.928,winter,day3,33
2025-12-02 20:30:00,3994.9392,4113.4346,winter,day3,33
2025-12-02 20:35:00,3530.514,4077.8647,winter,day3,33
2025-12-02 20:40:00,4586.4767999999995,4053.6238,winter,day3,33
2025-12-02 20:45:00,3391.0656000000004,4028.2712,winter,day3,33
2025-12-02 20:50:00,3483.6696,4010.238,winter,day3,33
2025-12-02 20:55:00,3330.3588000000004,3987.809,winter,day3,33
2025-12-02 21:00:00,3306.4811999999997,3352.455,winter,day3,33
2025-12-02 21:05:00,3287.6268000000005,3265.615,winter,day3,33
2025-12-02 21:10:00,3172.2275999999997,3142.7446,winter,day3,33
2025-12-02 21:15:00,3150.8544,3030.917,winter,day3,33
2025-12-02 21:20:00,3292.8588000000004,2928.894,winter,day3,33
2025-12-02 21:25:00,3413.5824000000002,2851.569,winter,day3,33
2025-12-02 21:30:00,3162.7932,2793.7722,winter,day3,33
2025-12-02 21:35:00,2532.1032,2750.1943,winter,day3,33
2025-12-02 21:40:00,2470.866,2715.764,winter,day3,33
2025-12-02 21:45:00,2432.8896,2691.8708,winter,day3,33
2025-12-02 21:50:00,2435.016,2683.7642,winter,day3,33
2025-12-02 21:55:00,2388.636,2687.9658,winter,day3,33
2025-12-02 22:00:00,2384.8104,2597.8877,winter,day3,33
2025-12-02 22:05:00,2335.4088,2593.5178,winter,day3,33
2025-12-02 22:10:00,2418.3408,2582.7603,winter,day3,33
2025-12-02 22:15:00,2474.7095999999997,2574.2493,winter,day3,33
2025-12-02 22:20:00,2393.5464,2567.1602,winter,day3,33
2025-12-02 22:25:00,2419.8024,2565.146,winter,day3,33
2025-12-02 22:30:00,2450.4492,2559.0198,winter,day3,33
2025-12-02 22:35:00,2568.1416,2552.3372,winter,day3,33
2025-12-02 22:40:00,2598.1284,2548.3535,winter,day3,33
2025-12-02 22:45:00,2508.744,2546.359,winter,day3,33
2025-12-02 22:50:00,2466.5652,2551.8918,winter,day3,33
2025-12-02 22:55:00,2458.7472,2557.1365,winter,day3,33
2025-12-02 23:00:00,2433.3815999999997,2538.195,winter,day3,33
2025-12-02 23:05:00,2410.7076,2539.4067,winter,day3,33
2025-12-02 23:10:00,2413.4472,2538.9556,winter,day3,33
2025-12-02 23:15:00,2412.6312000000003,2542.728,winter,day3,33
2025-12-02 23:20:00,2454.2844,2547.5854,winter,day3,33
2025-12-02 23:25:00,2464.9236,2557.637,winter,day3,33
2025-12-02 23:30:00,2458.1592,2564.462,winter,day3,33
2025-12-02 23:35:00,2471.8356,2575.5132,winter,day3,33
2025-12-02 23:40:00,2516.2943999999998,2585.8772,winter,day3,33
2025-12-02 23:45:00,2607.6972,2592.0022,winter,day3,33
2025-12-02 23:50:00,2705.5236,2597.9106,winter,day3,33
2025-12-02 23:55:00,2556.8328,2602.4087,winter,day3,33
2025-12-16 00:00:00,2537.6531999999997,2532.2947,winter,day4,30
2025-12-16 00:05:00,2463.0612,2531.249,winter,day4,30
2025-12-16 00:10:00,2478.9552,2536.3481,winter,day4,30
2025-12-16 00:15:00,2475.5952,2541.3115,winter,day4,30
2025-12-16 00:20:00,2526.93,2549.678,winter,day4,30
2025-12-16 00:25:00,2661.3804,2558.664,winter,day4,30
2025-12-16 00:30:00,2497.9211999999998,2564.1255,winter,day4,30
2025-12-16 00:35:00,2512.8108,2568.058,winter,day4,30
2025-12-16 00:40:00,2480.7372,2568.6963,winter,day4,30
2025-12-16 00:45:00,2447.2524,2568.4556,winter,day4,30
2025-12-16 00:50:00,2428.0188000000003,2564.2217,winter,day4,30
2025-12-16 00:55:00,2469.3876,2557.081,winter,day4,30
2025-12-16 01:00:00,2464.098,2563.6572,winter,day4,30
2025-12-16 01:05:00,2487.9096,2558.7532,winter,day4,30
2025-12-16 01:10:00,2482.6068,2557.4985,winter,day4,30
2025-12-16 01:15:00,2474.6244,2555.376,winter,day4,30
2025-12-16 01:20:00,2426.1996,2556.3525,winter,day4,30
2025-12-16 01:25:00,2422.1484,2556.4128,winter,day4,30
2025-12-16 01:30:00,2423.5595999999996,2555.442,winter,day4,30
2025-12-16 01:35:00,2611.6068000000005,2552.6423,winter,day4,30
2025-12-16 01:40:00,2671.5756,2549.881,winter,day4,30
2025-12-16 01:45:00,2519.8584,2549.4158,winter,day4,30
2025-12-16 01:50:00,2502.0,2550.0981,winter,day4,30
2025-12-16 01:55:00,2512.4988,2550.7512,winter,day4,30
2025-12-16 02:00:00,2486.046,2598.1472,winter,day4,30
2025-12-16 02:05:00,2490.7403999999997,2609.1953,winter,day4,30
2025-12-16 02:10:00,2474.5836,2613.3064,winter,day4,30
2025-12-16 02:15:00,2457.4428,2612.0557,winter,day4,30
2025-12-16 02:20:00,2506.3812,2610.6492,winter,day4,30
2025-12-16 02:25:00,2499.4668,2608.9177,winter,day4,30
2025-12-16 02:30:00,2483.6232,2609.614,winter,day4,30
2025-12-16 02:35:00,2487.9108,2608.6914,winter,day4,30
2025-12-16 02:40:00,2523.3455999999996,2608.3247,winter,day4,30
2025-12-16 02:45:00,2520.9156000000003,2609.3452,winter,day4,30
2025-12-16 02:50:00,2706.6036,2615.2578,winter,day4,30
2025-12-16 02:55:00,2766.4248,2625.164,winter,day4,30
2025-12-16 03:00:00,2290.1076000000003,2636.9832,winter,day4,30
2025-12-16 03:05:00,2421.8496,2654.8037,winter,day4,30
2025-12-16 03:10:00,2512.548,2665.736,winter,day4,30
2025-12-16 03:15:00,2539.3104,2666.9146,winter,day4,30
2025-12-16 03:20:00,2553.546,2655.1306,winter,day4,30
2025-12-16 03:25:00,2564.2932,2639.4683,winter,day4,30
2025-12-16 03:30:00,2555.55,2627.7537,winter,day4,30
2025-12-16 03:35:00,2529.3684000000003,2619.53,winter,day4,30
2025-12-16 03:40:00,2524.3296,2615.8716,winter,day4,30
2025-12-16 03:45:00,2553.1776,2615.586,winter,day4,30
2025-12-16 03:50:00,2598.0492,2615.74,winter,day4,30
2025-12-16 03:55:00,2610.4031999999997,2614.564,winter,day4,30
2025-12-16 04:00:00,2672.9664000000002,2644.0447,winter,day4,30
2025-12-16 04:05:00,2769.1476,2644.6077,winter,day4,30
2025-12-16 04:10:00,2510.9796,2643.3906,winter,day4,30
2025-12-16 04:15:00,2513.3496,2643.4724,winter,day4,30
2025-12-16 04:20:00,2461.6572,2642.9543,winter,day4,30
2025-12-16 04:25:00,2454.2832000000003,2642.7793,winter,day4,30
2025-12-16 04:30:00,2431.9415999999997,2642.1396,winter,day4,30
2025-12-16 04:35:00,2428.5168000000003,2640.8955,winter,day4,30
2025-12-16 04:40:00,2429.9412,2640.452,winter,day4,30
2025-12-16 04:45:00,2432.2812,2642.1184,winter,day4,30
2025-12-16 04:50:00,2449.4688,2644.288,winter,day4,30
2025-12-16 04:55:00,2473.9968,2645.955,winter,day4,30
2025-12-16 05:00:00,2527.7064,2654.2827,winter,day4,30
2025-12-16 05:05:00,2551.5227999999997,2659.8096,winter,day4,30
2025-12-16 05:10:00,2566.3548,2662.69,winter,day4,30
2025-12-16 05:15:00,2722.0716,2663.6125,winter,day4,30
2025-12-16 05:20:00,2673.9900000000002,2662.1526,winter,day4,30
2025-12-16 05:25:00,2507.898,2659.84,winter,day4,30
2025-12-16 05:30:00,2523.1512000000002,2656.915,winter,day4,30
2025-12-16 05:35:00,2549.0676,2651.8665,winter,day4,30
2025-12-16 05:40:00,2525.4012,2648.1592,winter,day4,30
2025-12-16 05:45:00,2511.8568,2651.397,winter,day4,30
2025-12-16 05:50:00,2513.7456,2658.7085,winter,day4,30
2025-12-16 05:55:00,2576.892,2672.7163,winter,day4,30
2025-12-16 06:00:00,3618.0396,2845.4463,winter,day4,30
2025-12-16 06:05:00,3193.9272,2893.0525,winter,day4,30
2025-12-16 06:10:00,3056.322,2927.1428,winter,day4,30
2025-12-16 06:15:00,3188.802,2955.3828,winter,day4,30
2025-12-16 06:20:00,3320.8584,2985.4832,winter,day4,30
2025-12-16 06:25:00,3678.6936,3024.3464,winter,day4,30
2025-12-16 06:30:00,3141.4139999999998,3076.182,winter,day4,30
2025-12-16 06:35:00,3588.9756,3141.9165,winter,day4,30
2025-12-16 06:40:00,3585.9936000000002,3179.392,winter,day4,30
2025-12-16 06:45:00,3242.9543999999996,3169.8298,winter,day4,30
2025-12-16 06:50:00,3911.3903999999993,3140.2754,winter,day4,30
2025-12-16 06:55:00,3752.6135999999997,3114.224,winter,day4,30
2025-12-16 07:00:00,3536.4792,3302.1223,winter,day4,30
2025-12-16 07:05:00,3213.9744,3370.605,winter,day4,30
2025-12-16 07:10:00,3840.2915999999996,3455.8926,winter,day4,30
2025-12-16 07:15:00,3452.256,3560.3726,winter,day4,30
2025-12-16 07:20:00,4289.8572,3691.233,winter,day4,30
2025-12-16 07:25:00,3764.9388,3850.4421,winter,day4,30
2025-12-16 07:30:00,3594.4968,4031.4534,winter,day4,30
2025-12-16 07:35:00,8889.6912,4230.367,winter,day4,30
2025-12-16 07:40:00,13350.6684,4392.256,winter,day4,30
2025-12-16 07:45:00,8135.238,4473.957,winter,day4,30
2025-12-16 07:50:00,7084.504800000001,4520.8735,winter,day4,30
2025-12-16 07:55:00,7205.719200000001,4516.2515,winter,day4,30
2025-12-16 08:00:00,5879.8068,4331.046,winter,day4,30
2025-12-16 08:05:00,4666.3068,4356.1377,winter,day4,30
2025-12-16 08:10:00,4394.0808,4332.9614,winter,day4,30
2025-12-16 08:15:00,5070.0396,4307.1714,winter,day4,30
2025-12-16 08:20:00,5125.4232,4306.317,winter,day4,30
2025-12-16 08:25:00,4303.0656,4301.3936,winter,day4,30
2025-12-16 08:30:00,4704.1788,4317.3545,winter,day4,30
2025-12-16 08:35:00,4075.7591999999995,4319.6406,winter,day4,30
2025-12-16 08:40:00,5405.31,4334.721,winter,day4,30
2025-12-16 08:45:00,4404.897599999999,4331.5684,winter,day4,30
2025-12-16 08:50:00,4950.6528,4364.3975,winter,day4,30
2025-12-16 08:55:00,6181.3092,4379.2017,winter,day4,30
2025-12-16 09:00:00,7122.306,4425.3115,winter,day4,30
2025-12-16 09:05:00,6685.9908,4441.0996,winter,day4,30
2025-12-16 09:10:00,5233.7771999999995,4424.1255,winter,day4,30
2025-12-16 09:15:00,4153.1268,4419.4585,winter,day4,30
2025-12-16 09:20:00,4161.3144,4435.1396,winter,day4,30
2025-12-16 09:25:00,4026.3971999999994,4450.218,winter,day4,30
2025-12-16 09:30:00,5052.306,4477.5474,winter,day4,30
2025-12-16 09:35:00,4094.2668,4491.146,winter,day4,30
2025-12-16 09:40:00,4127.8476,4507.8657,winter,day4,30
2025-12-16 09:45:00,4505.4204,4513.8965,winter,day4,30
2025-12-16 09:50:00,4041.7356,4533.0586,winter,day4,30
2025-12-16 09:55:00,4273.462799999999,4536.6104,winter,day4,30
2025-12-16 10:00:00,4452.0552,4520.3315,winter,day4,30
2025-12-16 10:05:00,4339.7004,4525.423,winter,day4,30
2025-12-16 10:10:00,4576.8612,4504.645,winter,day4,30
2025-12-16 10:15:00,4096.518,4491.296,winter,day4,30
2025-12-16 10:20:00,4990.0284,4485.993,winter,day4,30
2025-12-16 10:25:00,4283.2356,4470.3354,winter,day4,30
2025-12-16 10:30:00,4198.0848,4461.8315,winter,day4,30
2025-12-16 10:35:00,4275.766799999999,4442.1465,winter,day4,30
2025-12-16 10:40:00,4266.4704,4441.7607,winter,day4,30
2025-12-16 10:45:00,4146.7356,4448.9287,winter,day4,30
2025-12-16 10:50:00,4051.476,4479.803,winter,day4,30
2025-12-16 10:55:00,4008.6924,4495.296,winter,day4,30
2025-12-16 11:00:00,3833.4636,4543.685,winter,day4,30
2025-12-16 11:05:00,3885.5519999999997,4542.311,winter,day4,30
2025-12-16 11:10:00,4982.191199999999,4489.931,winter,day4,30
2025-12-16 11:15:00,4509.4524,4418.658,winter,day4,30
2025-12-16 11:20:00,5283.576,4335.0713,winter,day4,30
2025-12-16 11:25:00,5901.5736,4246.0645,winter,day4,30
2025-12-16 11:30:00,4369.2048,4190.34,winter,day4,30
2025-12-16 11:35:00,3914.8235999999997,4135.415,winter,day4,30
2025-12-16 11:40:00,3608.1084,4119.458,winter,day4,30
2025-12-16 11:45:00,3877.2612,4114.341,winter,day4,30
2025-12-16 11:50:00,4029.2700000000004,4150.2686,winter,day4,30
2025-12-16 11:55:00,3742.668,4156.1465,winter,day4,30
2025-12-16 12:00:00,6038.3544,4099.6143,winter,day4,30
2025-12-16 12:05:00,4067.7383999999997,4097.8623,winter,day4,30
2025-12-16 12:10:00,4482.716399999999,4059.393,winter,day4,30
2025-12-16 12:15:00,3729.8424,4022.326,winter,day4,30
2025-12-16 12:20:00,3680.1672,3990.9417,winter,day4,30
2025-12-16 12:25:00,3748.7160000000003,3956.8271,winter,day4,30
2025-12-16 12:30:00,4284.1068,3947.7913,winter,day4,30
2025-12-16 12:35:00,3777.2724000000003,3926.7065,winter,day4,30
2025-12-16 12:40:00,4806.6084,3926.7483,winter,day4,30
2025-12-16 12:45:00,4121.4264,3920.1265,winter,day4,30
2025-12-16 12:50:00,3663.7932,3942.1438,winter,day4,30
2025-12-16 12:55:00,3641.1803999999997,3939.942,winter,day4,30
2025-12-16 13:00:00,4079.0616,3904.6294,winter,day4,30
2025-12-16 13:05:00,5389.7448,3840.6248,winter,day4,30
2025-12-16 13:10:00,4180.530000000001,3732.9102,winter,day4,30
2025-12-16 13:15:00,3867.5292,3632.6567,winter,day4,30
2025-12-16 13:20:00,3947.0832,3559.9731,winter,day4,30
2025-12-16 13:25:00,4291.2084,3492.6616,winter,day4,30
2025-12-16 13:30:00,3750.8556,3450.5127,winter,day4,30
2025-12-16 13:35:00,3951.222,3398.6248,winter,day4,30
2025-12-16 13:40:00,3920.4024,3376.8447,winter,day4,30
2025-12-16 13:45:00,3324.2484000000004,3386.6592,winter,day4,30
2025-12-16 13:50:00,3828.1944000000003,3435.6506,winter,day4,30
2025-12-16 13:55:00,3311.3136,3495.3755,winter,day4,30
2025-12-16 14:00:00,3627.4115999999995,3953.9268,winter,day4,30
2025-12-16 14:05:00,3714.8712,4053.1294,winter,day4,30
2025-12-16 14:10:00,4166.5199999999995,4104.718,winter,day4,30
2025-12-16 14:15:00,3917.3808000000004,4138.849,winter,day4,30
2025-12-16 14:20:00,5278.9044,4167.582,winter,day4,30
2025-12-16 14:25:00,3564.9252,4201.702,winter,day4,30
2025-12-16 14:30:00,3410.8896,4262.247,winter,day4,30
2025-12-16 14:35:00,3794.142,4325.124,winter,day4,30
2025-12-16 14:40:00,4064.0759999999996,4394.0093,winter,day4,30
2025-12-16 14:45:00,4060.0187999999994,4453.818,winter,day4,30
2025-12-16 14:50:00,5638.8264,4538.8525,winter,day4,30
2025-12-16 14:55:00,4045.8311999999996,4621.6943,winter,day4,30
2025-12-16 15:00:00,5577.5988,4891.9375,winter,day4,30
2025-12-16 15:05:00,5338.7663999999995,4997.1514,winter,day4,30
2025-12-16 15:10:00,4601.8332,5079.918,winter,day4,30
2025-12-16 15:15:00,4514.3004,5167.076,winter,day4,30
2025-12-16 15:20:00,4651.674000000001,5239.832,winter,day4,30
2025-12-16 15:25:00,4688.780400000001,5312.8726,winter,day4,30
2025-12-16 15:30:00,5018.646,5401.4307,winter,day4,30
2025-12-16 15:35:00,4649.3124,5480.462,winter,day4,30
2025-12-16 15:40:00,5036.8956,5548.838,winter,day4,30
2025-12-16 15:45:00,6101.222400000001,5595.716,winter,day4,30
2025-12-16 15:50:00,5310.1344,5643.7544,winter,day4,30
2025-12-16 15:55:00,5578.8444,5681.265,winter,day4,30
2025-12-16 16:00:00,6418.926,6797.332,winter,day4,30
2025-12-16 16:05:00,6934.9872000000005,7123.719,winter,day4,30
2025-12-16 16:10:00,5723.4084,7501.64,winter,day4,30
2025-12-16 16:15:00,6220.02,7910.199,winter,day4,30
2025-12-16 16:20:00,6189.9816,8155.1016,winter,day4,30
2025-12-16 16:25:00,8523.5976,8316.409,winter,day4,30
2025-12-16 16:30:00,6921.2136,8431.498,winter,day4,30
2025-12-16 16:35:00,6369.4176,8534.52,winter,day4,30
2025-12-16 16:40:00,5543.4936,8625.84,winter,day4,30
2025-12-16 16:45:00,5541.312,8690.866,winter,day4,30
2025-12-16 16:50:00,6021.54,8728.043,winter,day4,30
2025-12-16 16:55:00,5594.2212,8749.215,winter,day4,30
2025-12-16 17:00:00,5404.383599999999,8500.051,winter,day4,30
2025-12-16 17:05:00,5644.6044,8537.05,winter,day4,30
2025-12-16 17:10:00,5346.6396,8345.154,winter,day4,30
2025-12-16 17:15:00,5382.9756,7924.5264,winter,day4,30
2025-12-16 17:20:00,5437.419599999999,7246.0493,winter,day4,30
2025-12-16 17:25:00,5168.364,6681.626,winter,day4,30
2025-12-16 17:30:00,4849.17,6368.748,winter,day4,30
2025-12-16 17:35:00,4824.846,6212.6885,winter,day4,30
2025-12-16 17:40:00,4795.218,6182.8994,winter,day4,30
2025-12-16 17:45:00,4838.4264,6167.878,winter,day4,30
2025-12-16 17:50:00,5375.1948,6231.3545,winter,day4,30
2025-12-16 17:55:00,6129.4152,6423.575,winter,day4,30
2025-12-16 18:00:00,7022.948399999999,7271.1133,winter,day4,30
2025-12-16 18:05:00,9322.598399999999,7646.0635,winter,day4,30
2025-12-16 18:10:00,12304.332,7791.2686,winter,day4,30
2025-12-16 18:15:00,13883.9892,7713.755,winter,day4,30
2025-12-16 18:20:00,10606.9176,7385.434,winter,day4,30
2025-12-16 18:25:00,11033.883600000001,7083.586,winter,day4,30
2025-12-16 18:30:00,10770.066,6944.054,winter,day4,30
2025-12-16 18:35:00,10817.2656,6849.8784,winter,day4,30
2025-12-16 18:40:00,10768.5732,6741.92,winter,day4,30
2025-12-16 18:45:00,11083.158,6558.8867,winter,day4,30
2025-12-16 18:50:00,10502.316,6474.084,winter,day4,30
2025-12-16 18:55:00,11726.8764,6533.706,winter,day4,30
2025-12-16 19:00:00,9362.4708,6145.523,winter,day4,30
2025-12-16 19:05:00,8939.4012,6183.7246,winter,day4,30
2025-12-16 19:10:00,9068.5296,5987.784,winter,day4,30
2025-12-16 19:15:00,10369.382399999999,5615.6084,winter,day4,30
2025-12-16 19:20:00,4406.4276,5204.3574,winter,day4,30
2025-12-16 19:25:00,4186.9980000000005,4974.3174,winter,day4,30
2025-12-16 19:30:00,3759.4103999999998,4899.384,winter,day4,30
2025-12-16 19:35:00,3591.4980000000005,4851.5713,winter,day4,30
2025-12-16 19:40:00,3997.8432000000003,4846.799,winter,day4,30
2025-12-16 19:45:00,4548.5256,4841.547,winter,day4,30
2025-12-16 19:50:00,3994.7388,4870.1104,winter,day4,30
2025-12-16 19:55:00,3709.2588000000005,4865.592,winter,day4,30
2025-12-16 20:00:00,3851.6184000000003,4544.7827,winter,day4,30
2025-12-16 20:05:00,3718.47,4537.5835,winter,day4,30
2025-12-16 20:10:00,3542.9483999999998,4485.0503,winter,day4,30
2025-12-16 20:15:00,3521.2992,4447.3203,winter,day4,30
2025-12-16 20:20:00,3372.9900000000002,4418.286,winter,day4,30
2025-12-16 20:25:00,3389.2332,4377.3228,winter,day4,30
2025-12-16 20:30:00,3283.4328,4350.973,winter,day4,30
2025-12-16 20:35:00,3479.4120000000003,4294.2544,winter,day4,30
2025-12-16 20:40:00,3745.8095999999996,4252.8574,winter,day4,30
2025-12-16 20:45:00,3636.8256,4197.417,winter,day4,30
2025-12-16 20:50:00,3511.9475999999995,4179.9146,winter,day4,30
2025-12-16 20:55:00,3160.8300000000004,4125.0186,winter,day4,30
2025-12-16 21:00:00,2850.8544,3716.2532,winter,day4,30
2025-12-16 21:05:00,3042.5196,3675.4082,winter,day4,30
2025-12-16 21:10:00,2641.8276,3566.4792,winter,day4,30
2025-12-16 21:15:00,2519.262,3477.2788,winter,day4,30
2025-12-16 21:20:00,2553.0744,3413.4517,winter,day4,30
2025-12-16 21:25:00,2424.522,3332.879,winter,day4,30
2025-12-16 21:30:00,2406.6228,3264.7188,winter,day4,30
2025-12-16 21:35:00,2408.4168,3160.9102,winter,day4,30
2025-12-16 21:40:00,2452.5396,3086.2422,winter,day4,30
2025-12-16 21:45:00,2527.0487999999996,3025.6301,winter,day4,30
2025-12-16 21:50:00,2566.5407999999998,3028.719,winter,day4,30
2025-12-16 21:55:00,2691.1824,3037.4653,winter,day4,30
2025-12-16 22:00:00,2636.7324,2843.7437,winter,day4,30
2025-12-16 22:05:00,2519.8163999999997,2874.9446,winter,day4,30
2025-12-16 22:10:00,2459.0063999999998,2864.8032,winter,day4,30
2025-12-16 22:15:00,2469.444,2869.0693,winter,day4,30
2025-12-16 22:20:00,2629.8804,2895.3384,winter,day4,30
2025-12-16 22:25:00,2411.6412,2916.8406,winter,day4,30
2025-12-16 22:30:00,2404.7952,2936.9692,winter,day4,30
2025-12-16 22:35:00,2386.5227999999997,2926.4912,winter,day4,30
2025-12-16 22:40:00,2356.6524,2928.7341,winter,day4,30
2025-12-16 22:45:00,2410.1699999999996,2925.7844,winter,day4,30
2025-12-16 22:50:00,2458.6308,2951.2095,winter,day4,30
2025-12-16 22:55:00,2457.5592,2959.01,winter,day4,30
2025-12-16 23:00:00,2356.7484,2862.309,winter,day4,30
2025-12-16 23:05:00,2337.0996,2882.063,winter,day4,30
2025-12-16 23:10:00,2441.2511999999997,2891.3274,winter,day4,30
2025-12-16 23:15:00,2482.1556,2920.5273,winter,day4,30
2025-12-16 23:20:00,2489.8968,2965.1318,winter,day4,30
2025-12-16 23:25:00,2577.7008,3006.7896,winter,day4,30
2025-12-16 23:30:00,2728.6416,3076.66,winter,day4,30
2025-12-16 23:35:00,2683.764,3150.8035,winter,day4,30
2025-12-16 23:40:00,2471.9808000000003,3235.212,winter,day4,30
2025-12-16 23:45:00,2458.0584,3291.0168,winter,day4,30
2025-12-16 23:50:00,2508.2268,3327.8232,winter,day4,30
2025-12-16 23:55:00,2562.8736,3346.477,winter,day4,30
2025-12-31 00:00:00,3338.9136,2808.8623,winter,day5,34
2025-12-31 00:05:00,3319.3343999999997,2851.1416,winter,day5,34
2025-12-31 00:10:00,2794.9272,2883.117,winter,day5,34
2025-12-31 00:15:00,3241.1208,2905.7283,winter,day5,34
2025-12-31 00:20:00,2992.0703999999996,2924.677,winter,day5,34
2025-12-31 00:25:00,3351.4127999999996,2935.5562,winter,day5,34
2025-12-31 00:30:00,3351.6444,2954.095,winter,day5,34
2025-12-31 00:35:00,2985.12,2968.6362,winter,day5,34
2025-12-31 00:40:00,3308.274,2980.7874,winter,day5,34
2025-12-31 00:45:00,3283.6752,2976.3835,winter,day5,34
2025-12-31 00:50:00,3266.0256,2970.8735,winter,day5,34
2025-12-31 00:55:00,3306.7512,2967.6055,winter,day5,34
2025-12-31 01:00:00,2924.0676,2949.4128,winter,day5,34
2025-12-31 01:05:00,3583.3644,2930.971,winter,day5,34
2025-12-31 01:10:00,3572.2008,2889.9458,winter,day5,34
2025-12-31 01:15:00,3407.7563999999998,2839.9314,winter,day5,34
2025-12-31 01:20:00,3333.2388,2792.7166,winter,day5,34
2025-12-31 01:25:00,3103.6272,2749.0293,winter,day5,34
2025-12-31 01:30:00,3114.5016,2721.4302,winter,day5,34
2025-12-31 01:35:00,2717.7156,2698.6067,winter,day5,34
2025-12-31 01:40:00,2677.3104,2685.608,winter,day5,34
2025-12-31 01:45:00,2759.4504,2674.4253,winter,day5,34
2025-12-31 01:50:00,2732.4624,2669.7068,winter,day5,34
2025-12-31 01:55:00,2525.8248,2666.2173,winter,day5,34
2025-12-31 02:00:00,2513.3172,2677.2354,winter,day5,34
2025-12-31 02:05:00,2507.8452,2674.6694,winter,day5,34
2025-12-31 02:10:00,2518.17,2667.6978,winter,day5,34
2025-12-31 02:15:00,2575.4700000000003,2660.6672,winter,day5,34
2025-12-31 02:20:00,2600.076,2654.1108,winter,day5,34
2025-12-31 02:25:00,2733.7608,2646.041,winter,day5,34
2025-12-31 02:30:00,2878.1268,2640.7666,winter,day5,34
2025-12-31 02:35:00,2681.0556,2635.8137,winter,day5,34
2025-12-31 02:40:00,2654.16,2633.4019,winter,day5,34
2025-12-31 02:45:00,2642.2284,2632.1208,winter,day5,34
2025-12-31 02:50:00,2643.522,2633.539,winter,day5,34
2025-12-31 02:55:00,2711.7408000000005,2634.2178,winter,day5,34
2025-12-31 03:00:00,2456.0964,2665.1777,winter,day5,34
2025-12-31 03:05:00,2610.2784,2665.511,winter,day5,34
2025-12-31 03:10:00,2780.85,2662.9478,winter,day5,34
2025-12-31 03:15:00,2629.2455999999997,2660.6047,winter,day5,34
2025-12-31 03:20:00,2558.4924,2657.6882,winter,day5,34
2025-12-31 03:25:00,2607.1164,2656.39,winter,day5,34
2025-12-31 03:30:00,2624.0988,2657.7502,winter,day5,34
2025-12-31 03:35:00,2653.4604,2660.0332,winter,day5,34
2025-12-31 03:40:00,2596.5335999999998,2661.0728,winter,day5,34
2025-12-31 03:45:00,2587.9199999999996,2660.4917,winter,day5,34
2025-12-31 03:50:00,2564.3892,2659.7666,winter,day5,34
2025-12-31 03:55:00,2620.44,2658.0142,winter,day5,34
2025-12-31 04:00:00,2676.4896,2667.6162,winter,day5,34
2025-12-31 04:05:00,2725.3512,2667.6028,winter,day5,34
2025-12-31 04:10:00,2698.3068,2666.9165,winter,day5,34
2025-12-31 04:15:00,2618.6076000000003,2666.7769,winter,day5,34
2025-12-31 04:20:00,2582.802,2664.933,winter,day5,34
2025-12-31 04:25:00,2585.6232,2663.0217,winter,day5,34
2025-12-31 04:30:00,2729.1276,2661.5215,winter,day5,34
2025-12-31 04:35:00,2707.9440000000004,2661.2832,winter,day5,34
2025-12-31 04:40:00,2614.2036,2660.0713,winter,day5,34
2025-12-31 04:45:00,2609.3724,2658.915,winter,day5,34
2025-12-31 04:50:00,2532.6348,2658.4883,winter,day5,34
2025-12-31 04:55:00,2524.2924,2658.286,winter,day5,34
2025-12-31 05:00:00,2552.7192,2658.8506,winter,day5,34
2025-12-31 05:05:00,2590.962,2659.5933,winter,day5,34
2025-12-31 05:10:00,2662.6608,2658.906,winter,day5,34
2025-12-31 05:15:00,2660.9856,2659.0544,winter,day5,34
2025-12-31 05:20:00,2644.1448,2658.9956,winter,day5,34
2025-12-31 05:25:00,2650.6716,2659.4753,winter,day5,34
2025-12-31 05:30:00,2610.084,2660.8477,winter,day5,34
2025-12-31 05:35:00,2720.0328,2663.6968,winter,day5,34
2025-12-31 05:40:00,2779.6992,2667.4111,winter,day5,34
2025-12-31 05:45:00,2879.2716,2671.5156,winter,day5,34
2025-12-31 05:50:00,2901.7116,2677.9312,winter,day5,34
2025-12-31 05:55:00,2602.9991999999997,2685.4407,winter,day5,34
2025-12-31 06:00:00,2562.9984,2686.9685,winter,day5,34
2025-12-31 06:05:00,2562.6924,2695.4072,winter,day5,34
2025-12-31 06:10:00,2514.3912,2702.0137,winter,day5,34
2025-12-31 06:15:00,2505.2196,2710.0554,winter,day5,34
2025-12-31 06:20:00,2627.9424,2718.419,winter,day5,34
2025-12-31 06:25:00,2631.9516,2729.0513,winter,day5,34
2025-12-31 06:30:00,2570.6196,2742.7285,winter,day5,34
2025-12-31 06:35:00,2528.904,2757.046,winter,day5,34
2025-12-31 06:40:00,2597.9376,2767.029,winter,day5,34
2025-12-31 06:45:00,3277.6716,2769.8616,winter,day5,34
2025-12-31 06:50:00,2724.3419999999996,2773.4448,winter,day5,34
2025-12-31 06:55:00,3794.3148,2778.0833,winter,day5,34
2025-12-31 07:00:00,3542.3412,3124.0513,winter,day5,34
2025-12-31 07:05:00,3736.728,3164.2998,winter,day5,34
2025-12-31 07:10:00,3571.6476000000002,3193.7888,winter,day5,34
2025-12-31 07:15:00,3651.3527999999997,3241.4287,winter,day5,34
2025-12-31 07:20:00,3699.6192,3287.8433,winter,day5,34
2025-12-31 07:25:00,3630.0996,3343.1587,winter,day5,34
2025-12-31 07:30:00,3662.142,3407.7732,winter,day5,34
2025-12-31 07:35:00,3685.2119999999995,3468.109,winter,day5,34
2025-12-31 07:40:00,3743.3592,3510.7278,winter,day5,34
2025-12-31 07:45:00,3919.9871999999996,3509.7366,winter,day5,34
2025-12-31 07:50:00,4016.8248,3539.7622,winter,day5,34
2025-12-31 07:55:00,3773.514,3572.7173,winter,day5,34
2025-12-31 08:00:00,3514.1724000000004,3620.9668,winter,day5,34
2025-12-31 08:05:00,3398.4924,3648.443,winter,day5,34
2025-12-31 08:10:00,3332.1804,3641.7207,winter,day5,34
2025-12-31 08:15:00,3295.9188000000004,3653.3704,winter,day5,34
2025-12-31 08:20:00,3875.2344,3670.25,winter,day5,34
2025-12-31 08:25:00,4055.7504,3691.2722,winter,day5,34
2025-12-31 08:30:00,4329.8328,3748.8838,winter,day5,34
2025-12-31 08:35:00,3847.4483999999998,3808.103,winter,day5,34
2025-12-31 08:40:00,3638.88,3872.7363,winter,day5,34
2025-12-31 08:45:00,4250.6004,3887.366,winter,day5,34
2025-12-31 08:50:00,5217.933599999999,3909.3738,winter,day5,34
2025-12-31 08:55:00,5401.4208,3933.2183,winter,day5,34
2025-12-31 09:00:00,5468.3712,4199.3687,winter,day5,34
2025-12-31 09:05:00,6148.494000000001,4215.677,winter,day5,34
2025-12-31 09:10:00,5363.1864000000005,4184.1646,winter,day5,34
2025-12-31 09:15:00,5088.996,4163.6216,winter,day5,34
2025-12-31 09:20:00,4635.3804,4140.5107,winter,day5,34
2025-12-31 09:25:00,4231.6344,4115.928,winter,day5,34
2025-12-31 09:30:00,4401.9384,4114.5825,winter,day5,34
2025-12-31 09:35:00,4285.6488,4100.2812,winter,day5,34
2025-12-31 09:40:00,4400.7660000000005,4102.167,winter,day5,34
2025-12-31 09:45:00,10283.52,4084.228,winter,day5,34
2025-12-31 09:50:00,9461.2608,4091.0925,winter,day5,34
2025-12-31 09:55:00,6320.339999999999,4104.2246,winter,day5,34
2025-12-31 10:00:00,5219.9544000000005,3968.9006,winter,day5,34
2025-12-31 10:05:00,6990.068399999999,3981.238,winter,day5,34
2025-12-31 10:10:00,7397.634000000001,3967.3003,winter,day5,34
2025-12-31 10:15:00,6904.8912,3968.089,winter,day5,34
2025-12-31 10:20:00,7039.7004,3973.4182,winter,day5,34
2025-12-31 10:25:00,5734.6788,3973.2827,winter,day5,34
2025-12-31 10:30:00,4595.825999999999,3995.5142,winter,day5,34
2025-12-31 10:35:00,4877.7708,4004.4136,winter,day5,34
2025-12-31 10:40:00,4928.214,4019.6694,winter,day5,34
2025-12-31 10:45:00,4913.7684,4008.407,winter,day5,34
2025-12-31 10:50:00,4863.794400000001,4009.5308,winter,day5,34
2025-12-31 10:55:00,4884.3576,4015.1436,winter,day5,34
2025-12-31 11:00:00,6113.4084,4120.518,winter,day5,34
2025-12-31 11:05:00,6825.190799999999,4142.983,winter,day5,34
2025-12-31 11:10:00,4889.0424,4142.58,winter,day5,34
2025-12-31 11:15:00,4561.323600000001,4148.288,winter,day5,34
2025-12-31 11:20:00,4379.131200000001,4142.633,winter,day5,34
2025-12-31 11:25:00,4388.6124,4121.123,winter,day5,34
2025-12-31 11:30:00,4846.6488,4114.245,winter,day5,34
2025-12-31 11:35:00,4757.1408,4097.426,winter,day5,34
2025-12-31 11:40:00,4462.3944,4099.42,winter,day5,34
2025-12-31 11:45:00,4755.7464,4096.927,winter,day5,34
2025-12-31 11:50:00,4390.89,4106.763,winter,day5,34
2025-12-31 11:55:00,4404.8412,4115.96,winter,day5,34
2025-12-31 12:00:00,5794.1556,4136.8896,winter,day5,34
2025-12-31 12:05:00,4418.346,4154.0166,winter,day5,34
2025-12-31 12:10:00,5056.236,4142.7227,winter,day5,34
2025-12-31 12:15:00,5098.2708,4135.5107,winter,day5,34
2025-12-31 12:20:00,4206.414,4117.179,winter,day5,34
2025-12-31 12:25:00,3740.4792,4092.3586,winter,day5,34
2025-12-31 12:30:00,4270.369199999999,4087.597,winter,day5,34
2025-12-31 12:35:00,3738.846,4074.1624,winter,day5,34
2025-12-31 12:40:00,3676.3055999999997,4070.9912,winter,day5,34
2025-12-31 12:45:00,3983.2188,4059.3994,winter,day5,34
2025-12-31 12:50:00,4142.532,4053.8823,winter,day5,34
2025-12-31 12:55:00,4682.7924,4047.6973,winter,day5,34
2025-12-31 13:00:00,3651.5472,3875.4233,winter,day5,34
2025-12-31 13:05:00,3380.8475999999996,3863.7168,winter,day5,34
2025-12-31 13:10:00,3235.3272,3824.5188,winter,day5,34
2025-12-31 13:15:00,3393.5544,3789.5896,winter,day5,34
2025-12-31 13:20:00,3722.7455999999997,3751.4724,winter,day5,34
2025-12-31 13:25:00,3094.4916,3712.4312,winter,day5,34
2025-12-31 13:30:00,3354.0228,3699.1978,winter,day5,34
2025-12-31 13:35:00,3534.4464,3687.3848,winter,day5,34
2025-12-31 13:40:00,4910.742,3694.881,winter,day5,34
2025-12-31 13:45:00,3182.7648,3695.9685,winter,day5,34
2025-12-31 13:50:00,3054.1944,3705.659,winter,day5,34
2025-12-31 13:55:00,3002.3016000000002,3715.598,winter,day5,34
2025-12-31 14:00:00,2984.1696,3659.6675,winter,day5,34
2025-12-31 14:05:00,3174.0047999999997,3678.976,winter,day5,34
2025-12-31 14:10:00,3060.2676,3681.0903,winter,day5,34
2025-12-31 14:15:00,3016.8,3698.1118,winter,day5,34
2025-12-31 14:20:00,3024.552,3721.6047,winter,day5,34
2025-12-31 14:25:00,3008.0016,3752.4675,winter,day5,34
2025-12-31 14:30:00,2977.5504,3815.442,winter,day5,34
2025-12-31 14:35:00,2995.1868,3876.1272,winter,day5,34
2025-12-31 14:40:00,3277.6440000000002,3943.354,winter,day5,34
2025-12-31 14:45:00,3150.348,3990.1106,winter,day5,34
2025-12-31 14:50:00,3066.4632,4041.5327,winter,day5,34
2025-12-31 14:55:00,3065.202,4094.4219,winter,day5,34
2025-12-31 15:00:00,3021.1884,4394.247,winter,day5,34
2025-12-31 15:05:00,2968.5,4455.8604,winter,day5,34
2025-12-31 15:10:00,2935.4376,4499.9326,winter,day5,34
2025-12-31 15:15:00,3112.5912,4565.8813,winter,day5,34
2025-12-31 15:20:00,3107.9436,4633.407,winter,day5,34
2025-12-31 15:25:00,2957.5236,4711.0107,winter,day5,34
2025-12-31 15:30:00,2978.1096,4821.6743,winter,day5,34
2025-12-31 15:35:00,2978.2392,4912.31,winter,day5,34
2025-12-31 15:40:00,2978.1612,4989.0864,winter,day5,34
2025-12-31 15:45:00,2993.9676,5029.576,winter,day5,34
2025-12-31 15:50:00,3241.9056,5067.3105,winter,day5,34
2025-12-31 15:55:00,3256.4268,5107.4727,winter,day5,34
2025-12-31 16:00:00,3148.1603999999998,5299.256,winter,day5,34
2025-12-31 16:05:00,3193.7232,5362.445,winter,day5,34
2025-12-31 16:10:00,3213.4632,5396.5186,winter,day5,34
2025-12-31 16:15:00,3326.7936,5433.111,winter,day5,34
2025-12-31 16:20:00,3319.1495999999997,5438.6387,winter,day5,34
2025-12-31 16:25:00,3282.486,5426.549,winter,day5,34
2025-12-31 16:30:00,3423.804,5448.242,winter,day5,34
2025-12-31 16:35:00,3312.3659999999995,5460.0205,winter,day5,34
2025-12-31 16:40:00,3215.3652,5481.8486,winter,day5,34
2025-12-31 16:45:00,3342.4656000000004,5495.8975,winter,day5,34
2025-12-31 16:50:00,3411.024,5514.9316,winter,day5,34
2025-12-31 16:55:00,3581.5235999999995,5553.076,winter,day5,34
2025-12-31 17:00:00,3520.2288,5378.8823,winter,day5,34
2025-12-31 17:05:00,3353.9616,5387.3174,winter,day5,34
2025-12-31 17:10:00,3362.9724,5323.4033,winter,day5,34
2025-12-31 17:15:00,3338.9352,5245.497,winter,day5,34
2025-12-31 17:20:00,3324.5736000000006,5143.005,winter,day5,34
2025-12-31 17:25:00,3249.9816,5043.5195,winter,day5,34
2025-12-31 17:30:00,3212.5800000000004,5019.8213,winter,day5,34
2025-12-31 17:35:00,3211.5263999999997,4994.6577,winter,day5,34
2025-12-31 17:40:00,3443.358,5024.379,winter,day5,34
2025-12-31 17:45:00,3471.1619999999994,5089.484,winter,day5,34
2025-12-31 17:50:00,3254.922,5193.4624,winter,day5,34
2025-12-31 17:55:00,3212.4456,5370.118,winter,day5,34
2025-12-31 18:00:00,3897.6492,6700.474,winter,day5,34
2025-12-31 18:05:00,6079.2816,7485.8447,winter,day5,34
2025-12-31 18:10:00,8732.07,8287.416,winter,day5,34
2025-12-31 18:15:00,10121.2344,9010.246,winter,day5,34
2025-12-31 18:20:00,10166.0112,9399.752,winter,day5,34
2025-12-31 18:25:00,9286.32,9622.482,winter,day5,34
2025-12-31 18:30:00,9876.8364,9929.576,winter,day5,34
2025-12-31 18:35:00,9728.7576,10125.9,winter,day5,34
2025-12-31 18:40:00,10754.2644,10222.198,winter,day5,34
2025-12-31 18:45:00,9422.2032,10185.264,winter,day5,34
2025-12-31 18:50:00,10060.2228,10000.801,winter,day5,34
2025-12-31 18:55:00,9426.3576,9842.168,winter,day5,34
2025-12-31 19:00:00,10228.1712,9149.251,winter,day5,34
2025-12-31 19:05:00,9329.5824,8853.568,winter,day5,34
2025-12-31 19:10:00,9846.7392,8199.184,winter,day5,34
2025-12-31 19:15:00,9757.6764,7233.3574,winter,day5,34
2025-12-31 19:20:00,3601.8120000000004,6033.2744,winter,day5,34
2025-12-31 19:25:00,2518.1063999999997,5087.363,winter,day5,34
2025-12-31 19:30:00,2554.3332,4589.6235,winter,day5,34
2025-12-31 19:35:00,2569.9883999999997,4266.508,winter,day5,34
2025-12-31 19:40:00,2584.7196,4090.9534,winter,day5,34
2025-12-31 19:45:00,2544.3527999999997,3975.7356,winter,day5,34
2025-12-31 19:50:00,2550.6443999999997,3887.9937,winter,day5,34
2025-12-31 19:55:00,2509.4736000000003,3815.4224,winter,day5,34
2025-12-31 20:00:00,2468.7516,3095.4229,winter,day5,34
2025-12-31 20:05:00,2578.404,3029.5337,winter,day5,34
2025-12-31 20:10:00,2585.016,2955.1118,winter,day5,34
2025-12-31 20:15:00,2491.5156,2892.0818,winter,day5,34
2025-12-31 20:20:00,2616.33,2842.1372,winter,day5,34
2025-12-31 20:25:00,2699.3508,2796.4314,winter,day5,34
2025-12-31 20:30:00,2727.7608,2767.9429,winter,day5,34
2025-12-31 20:35:00,2821.0836000000004,2742.7407,winter,day5,34
2025-12-31 20:40:00,2587.2383999999997,2728.228,winter,day5,34
2025-12-31 20:45:00,2546.3856,2716.3442,winter,day5,34
2025-12-31 20:50:00,2522.6184000000003,2708.596,winter,day5,34
2025-12-31 20:55:00,2542.3464,2701.5315,winter,day5,34
2025-12-31 21:00:00,2529.996,2638.9666,winter,day5,34
2025-12-31 21:05:00,2506.7016,2633.0205,winter,day5,34
2025-12-31 21:10:00,2507.3232,2625.6152,winter,day5,34
2025-12-31 21:15:00,2447.2799999999997,2619.864,winter,day5,34
2025-12-31 21:20:00,2453.8836,2616.9204,winter,day5,34
2025-12-31 21:25:00,2469.5328,2614.28,winter,day5,34
2025-12-31 21:30:00,2475.8928,2612.1384,winter,day5,34
2025-12-31 21:35:00,2655.1764,2610.6074,winter,day5,34
2025-12-31 21:40:00,2679.09,2609.1357,winter,day5,34
2025-12-31 21:45:00,2519.6688000000004,2606.1165,winter,day5,34
2025-12-31 21:50:00,2522.1984,2604.9885,winter,day5,34
2025-12-31 21:55:00,2541.0371999999998,2603.9553,winter,day5,34
2025-12-31 22:00:00,2644.1531999999997,2579.6426,winter,day5,34
2025-12-31 22:05:00,2618.184,2579.2024,winter,day5,34
2025-12-31 22:10:00,2623.7676,2579.405,winter,day5,34
2025-12-31 22:15:00,2541.876,2581.089,winter,day5,34
2025-12-31 22:20:00,2579.6711999999998,2584.7573,winter,day5,34
2025-12-31 22:25:00,2563.0739999999996,2589.3926,winter,day5,34
2025-12-31 22:30:00,2559.7188,2593.3918,winter,day5,34
2025-12-31 22:35:00,2531.4911999999995,2598.0098,winter,day5,34
2025-12-31 22:40:00,2508.1008,2599.381,winter,day5,34
2025-12-31 22:45:00,2500.602,2596.4978,winter,day5,34
2025-12-31 22:50:00,2753.952,2594.1377,winter,day5,34
2025-12-31 22:55:00,2793.0588,2591.6843,winter,day5,34
2025-12-31 23:00:00,2577.3888,2596.5327,winter,day5,34
2025-12-31 23:05:00,2533.2312,2598.7295,winter,day5,34
2025-12-31 23:10:00,2484.7104,2603.229,winter,day5,34
2025-12-31 23:15:00,2511.4008000000003,2611.5864,winter,day5,34
2025-12-31 23:20:00,2530.2252,2623.7405,winter,day5,34
2025-12-31 23:25:00,2549.9352,2636.8203,winter,day5,34
2025-12-31 23:30:00,2534.6004000000003,2651.8396,winter,day5,34
2025-12-31 23:35:00,2584.8216,2667.1782,winter,day5,34
2025-12-31 23:40:00,2595.6192,2683.6292,winter,day5,34
2025-12-31 23:45:00,2565.9672,2697.206,winter,day5,34
2025-12-31 23:50:00,2620.8684000000003,2719.8992,winter,day5,34
2025-12-31 23:55:00,2719.3668000000002,2747.8145,winter,day5,34
2025-06-01 00:00:00,2526.7452000000003,2459.5686,summer,day1,32
2025-06-01 00:05:00,2463.0612,2459.447,summer,day1,32
2025-06-01 00:10:00,2445.3624,2460.8542,summer,day1,32
2025-06-01 00:15:00,2434.8624,2462.1833,summer,day1,32
2025-06-01 00:20:00,2444.8836,2464.3557,summer,day1,32
2025-06-01 00:25:00,2443.6536,2465.4756,summer,day1,32
2025-06-01 00:30:00,2400.8712,2469.1575,summer,day1,32
2025-06-01 00:35:00,2397.0864,2472.4004,summer,day1,32
2025-06-01 00:40:00,2408.7204,2476.538,summer,day1,32
2025-06-01 00:45:00,2576.5236,2478.0793,summer,day1,32
2025-06-01 00:50:00,2515.4268,2479.985,summer,day1,32
2025-06-01 00:55:00,2153.4936000000002,2483.331,summer,day1,32
2025-06-01 01:00:00,2206.2684,2495.3237,summer,day1,32
2025-06-01 01:05:00,2483.8824,2493.317,summer,day1,32
2025-06-01 01:10:00,2487.558,2492.5415,summer,day1,32
2025-06-01 01:15:00,2458.3416,2491.854,summer,day1,32
2025-06-01 01:20:00,2445.9036,2491.8013,summer,day1,32
2025-06-01 01:25:00,2436.6744,2491.239,summer,day1,32
2025-06-01 01:30:00,2437.7196,2491.784,summer,day1,32
2025-06-01 01:35:00,2587.3559999999998,2492.084,summer,day1,32
2025-06-01 01:40:00,2479.992,2492.773,summer,day1,32
2025-06-01 01:45:00,2388.192,2493.2698,summer,day1,32
2025-06-01 01:50:00,2394.2076,2494.9116,summer,day1,32
2025-06-01 01:55:00,2490.8304,2496.8167,summer,day1,32
2025-06-01 02:00:00,2550.2843999999996,2559.6296,summer,day1,32
2025-06-01 02:05:00,2232.5172,2557.362,summer,day1,32
2025-06-01 02:10:00,2317.0955999999996,2554.7754,summer,day1,32
2025-06-01 02:15:00,2408.6268,2551.2305,summer,day1,32
2025-06-01 02:20:00,2410.9224,2547.2786,summer,day1,32
2025-06-01 02:25:00,2668.9451999999997,2541.9473,summer,day1,32
2025-06-01 02:30:00,2585.2272000000003,2537.422,summer,day1,32
2025-06-01 02:35:00,2479.1099999999997,2532.5728,summer,day1,32
2025-06-01 02:40:00,2463.4188,2530.3801,summer,day1,32
2025-06-01 02:45:00,2463.426,2529.2646,summer,day1,32
2025-06-01 02:50:00,2449.2504,2530.9614,summer,day1,32
2025-06-01 02:55:00,2430.3516,2533.023,summer,day1,32
2025-06-01 03:00:00,2278.2048,2507.8516,summer,day1,32
2025-06-01 03:05:00,2049.5772,2507.456,summer,day1,32
2025-06-01 03:10:00,2396.1804,2508.7173,summer,day1,32
2025-06-01 03:15:00,2571.4836,2509.1719,summer,day1,32
2025-06-01 03:20:00,2472.3228,2510.1135,summer,day1,32
2025-06-01 03:25:00,2364.7223999999997,2509.9392,summer,day1,32
2025-06-01 03:30:00,2362.8804,2509.8962,summer,day1,32
2025-06-01 03:35:00,2403.0744,2508.1804,summer,day1,32
2025-06-01 03:40:00,2472.7284,2506.331,summer,day1,32
2025-06-01 03:45:00,2457.0335999999998,2504.4329,summer,day1,32
2025-06-01 03:50:00,2505.8808,2502.831,summer,day1,32
2025-06-01 03:55:00,2628.3024,2501.5305,summer,day1,32
2025-06-01 04:00:00,2548.8804,2473.4038,summer,day1,32
2025-06-01 04:05:00,2958.8952,2472.046,summer,day1,32
2025-06-01 04:10:00,2742.2664,2472.9373,summer,day1,32
2025-06-01 04:15:00,2707.5528,2472.9695,summer,day1,32
2025-06-01 04:20:00,2519.6711999999998,2472.8381,summer,day1,32
2025-06-01 04:25:00,2526.5076,2471.582,summer,day1,32
2025-06-01 04:30:00,2333.9604,2470.9248,summer,day1,32
2025-06-01 04:35:00,2619.3684000000003,2468.4915,summer,day1,32
2025-06-01 04:40:00,2623.7064,2465.962,summer,day1,32
2025-06-01 04:45:00,2598.2364000000002,2461.9988,summer,day1,32
2025-06-01 04:50:00,2679.3684000000003,2456.4287,summer,day1,32
2025-06-01 04:55:00,2428.9248,2450.9846,summer,day1,32
2025-06-01 05:00:00,2514.702,2430.1042,summer,day1,32
2025-06-01 05:05:00,2484.4308,2430.778,summer,day1,32
2025-06-01 05:10:00,2354.9424,2433.592,summer,day1,32
2025-06-01 05:15:00,2305.1148000000003,2435.1372,summer,day1,32
2025-06-01 05:20:00,2247.9636,2435.7556,summer,day1,32
2025-06-01 05:25:00,2213.5667999999996,2433.9783,summer,day1,32
2025-06-01 05:30:00,2216.1144,2431.9302,summer,day1,32
2025-06-01 05:35:00,2200.464,2427.2827,summer,day1,32
2025-06-01 05:40:00,2392.1304,2423.9604,summer,day1,32
2025-06-01 05:45:00,2271.996,2420.743,summer,day1,32
2025-06-01 05:50:00,1770.0084,2419.0374,summer,day1,32
2025-06-01 05:55:00,2016.8064,2418.7383,summer,day1,32
2025-06-01 06:00:00,2133.8292,2409.965,summer,day1,32
2025-06-01 06:05:00,2130.4919999999997,2411.3735,summer,day1,32
2025-06-01 06:10:00,2230.986,2415.0703,summer,day1,32
2025-06-01 06:15:00,2238.2808,2418.2021,summer,day1,32
2025-06-01 06:20:00,2225.3784,2422.724,summer,day1,32
2025-06-01 06:25:00,2329.7064,2426.993,summer,day1,32
2025-06-01 06:30:00,2475.1596,2433.5083,summer,day1,32
2025-06-01 06:35:00,2459.2691999999997,2438.5186,summer,day1,32
2025-06-01 06:40:00,2403.2580000000003,2441.2798,summer,day1,32
2025-06-01 06:45:00,2256.264,2438.9858,summer,day1,32
2025-06-01 06:50:00,1824.366,2435.8425,summer,day1,32
2025-06-01 06:55:00,2134.1207999999997,2433.775,summer,day1,32
2025-06-01 07:00:00,2114.7612,2529.212,summer,day1,32
2025-06-01 07:05:00,2258.0135999999998,2547.809,summer,day1,32
2025-06-01 07:10:00,2336.9784,2577.5037,summer,day1,32
2025-06-01 07:15:00,2308.5888,2624.3083,summer,day1,32
2025-06-01 07:20:00,2138.7804,2687.6343,summer,day1,32
2025-06-01 07:25:00,2185.3416,2788.6182,summer,day1,32
2025-06-01 07:30:00,2207.0724,2908.2378,summer,day1,32
2025-06-01 07:35:00,2170.8455999999996,3102.8254,summer,day1,32
2025-06-01 07:40:00,2332.9175999999998,3271.106,summer,day1,32
2025-06-01 07:45:00,2384.088,3398.455,summer,day1,32
2025-06-01 07:50:00,2123.6772,3504.9111,summer,day1,32
2025-06-01 07:55:00,1838.58,3549.7236,summer,day1,32
2025-06-01 08:00:00,2112.7272000000003,3144.8027,summer,day1,32
2025-06-01 08:05:00,2153.328,3159.649,summer,day1,32
2025-06-01 08:10:00,2160.3684000000003,3168.505,summer,day1,32
2025-06-01 08:15:00,2475.5544,3208.5408,summer,day1,32
2025-06-01 08:20:00,2394.636,3244.3247,summer,day1,32
2025-06-01 08:25:00,2184.186,3309.9253,summer,day1,32
2025-06-01 08:30:00,2254.5948,3337.723,summer,day1,32
2025-06-01 08:35:00,2363.4900000000002,3402.0273,summer,day1,32
2025-06-01 08:40:00,2342.436,3428.6533,summer,day1,32
2025-06-01 08:45:00,2388.0108,3449.3813,summer,day1,32
2025-06-01 08:50:00,2300.2776000000003,3474.9573,summer,day1,32
2025-06-01 08:55:00,2314.1412,3471.1577,summer,day1,32
2025-06-01 09:00:00,2255.1216,3672.7793,summer,day1,32
2025-06-01 09:05:00,2313.3948,3659.2383,summer,day1,32
2025-06-01 09:10:00,2415.1488,3622.1042,summer,day1,32
2025-06-01 09:15:00,2218.5576,3609.1038,summer,day1,32
2025-06-01 09:20:00,2022.6299999999999,3602.6123,summer,day1,32
2025-06-01 09:25:00,2324.4804,3620.2754,summer,day1,32
2025-06-01 09:30:00,2429.7347999999997,3619.813,summer,day1,32
2025-06-01 09:35:00,2425.4712,3648.0112,summer,day1,32
2025-06-01 09:40:00,2634.6984,3650.6306,summer,day1,32
2025-06-01 09:45:00,2589.936,3650.1426,summer,day1,32
2025-06-01 09:50:00,2985.9504,3659.9514,summer,day1,32
2025-06-01 09:55:00,3118.7580000000003,3664.4827,summer,day1,32
2025-06-01 10:00:00,3145.3296,3960.8157,summer,day1,32
2025-06-01 10:05:00,3000.0155999999997,3957.5618,summer,day1,32
2025-06-01 10:10:00,3243.4548000000004,3929.8352,summer,day1,32
2025-06-01 10:15:00,3048.8723999999997,3914.8052,summer,day1,32
2025-06-01 10:20:00,3718.5312,3911.629,summer,day1,32
2025-06-01 10:25:00,5525.8536,3927.0051,summer,day1,32
2025-06-01 10:30:00,5728.9068,3938.8289,summer,day1,32
2025-06-01 10:35:00,4920.803999999999,3974.6973,summer,day1,32
2025-06-01 10:40:00,4729.0068,3979.044,summer,day1,32
2025-06-01 10:45:00,3853.2576,3972.413,summer,day1,32
2025-06-01 10:50:00,2675.8728,3963.7998,summer,day1,32
2025-06-01 10:55:00,2582.5896,3950.451,summer,day1,32
2025-06-01 11:00:00,2453.0532,3849.175,summer,day1,32
2025-06-01 11:05:00,2372.7012,3827.1423,summer,day1,32
2025-06-01 11:10:00,2824.2048,3803.4626,summer,day1,32
2025-06-01 11:15:00,2350.6644,3800.185,summer,day1,32
2025-06-01 11:20:00,2357.4336,3811.6533,summer,day1,32
2025-06-01 11:25:00,2379.8388,3826.4844,summer,day1,32
2025-06-01 11:30:00,2499.0504,3827.8647,summer,day1,32
2025-06-01 11:35:00,2567.2272000000003,3840.879,summer,day1,32
2025-06-01 11:40:00,2478.8772,3834.8008,summer,day1,32
2025-06-01 11:45:00,2295.3540000000003,3833.316,summer,day1,32
2025-06-01 11:50:00,3115.3415999999997,3839.7744,summer,day1,32
2025-06-01 11:55:00,3889.0332000000003,3844.9663,summer,day1,32
2025-06-01 12:00:00,3719.8884,3929.9492,summer,day1,32
2025-06-01 12:05:00,3485.3304000000003,3942.2197,summer,day1,32
2025-06-01 12:10:00,2500.02,3945.8845,summer,day1,32
2025-06-01 12:15:00,2617.29,3959.5288,summer,day1,32
2025-06-01 12:20:00,2718.5292,3988.7214,summer,day1,32
2025-06-01 12:25:00,2607.4476,4019.3057,summer,day1,32
2025-06-01 12:30:00,2617.8552,4035.4912,summer,day1,32
2025-06-01 12:35:00,2815.4244,4062.351,summer,day1,32
2025-06-01 12:40:00,4412.1384,4051.988,summer,day1,32
2025-06-01 12:45:00,2853.0396,4025.4492,summer,day1,32
2025-06-01 12:50:00,2855.496,3987.3806,summer,day1,32
2025-06-01 12:55:00,2674.8887999999997,3937.9812,summer,day1,32
2025-06-01 13:00:00,2721.9348,3375.546,summer,day1,32
2025-06-01 13:05:00,2948.1132,3352.3809,summer,day1,32
2025-06-01 13:10:00,2809.6452,3328.3735,summer,day1,32
2025-06-01 13:15:00,2726.0027999999998,3307.8489,summer,day1,32
2025-06-01 13:20:00,2850.1968,3296.8328,summer,day1,32
2025-06-01 13:25:00,3645.504,3278.7842,summer,day1,32
2025-06-01 13:30:00,2543.5356,3251.8196,summer,day1,32
2025-06-01 13:35:00,2949.6636000000003,3236.8286,summer,day1,32
2025-06-01 13:40:00,2862.3936000000003,3206.4604,summer,day1,32
2025-06-01 13:45:00,3786.2771999999995,3177.6475,summer,day1,32
2025-06-01 13:50:00,3468.108,3157.4812,summer,day1,32
2025-06-01 13:55:00,2655.426,3136.9268,summer,day1,32
2025-06-01 14:00:00,2680.296,2994.6777,summer,day1,32
2025-06-01 14:05:00,2841.2519999999995,2981.8882,summer,day1,32
2025-06-01 14:10:00,2700.8604,2969.5713,summer,day1,32
2025-06-01 14:15:00,2827.1531999999997,2964.3867,summer,day1,32
2025-06-01 14:20:00,2387.9148,2967.4077,summer,day1,32
2025-06-01 14:25:00,2899.1928,2971.4285,summer,day1,32
2025-06-01 14:30:00,2663.7648,2971.5698,summer,day1,32
2025-06-01 14:35:00,2387.2248,2982.0588,summer,day1,32
2025-06-01 14:40:00,4273.9836000000005,2983.7112,summer,day1,32
2025-06-01 14:45:00,2890.9271999999996,2988.258,summer,day1,32
2025-06-01 14:50:00,2668.7364000000002,3002.9246,summer,day1,32
2025-06-01 14:55:00,3903.7128,3017.7173,summer,day1,32
2025-06-01 15:00:00,2540.7792,3007.3892,summer,day1,32
2025-06-01 15:05:00,2755.254,3027.5981,summer,day1,32
2025-06-01 15:10:00,2635.0212,3051.0364,summer,day1,32
2025-06-01 15:15:00,2438.8092,3085.6853,summer,day1,32
2025-06-01 15:20:00,2891.064,3127.9539,summer,day1,32
2025-06-01 15:25:00,3213.5328,3175.4683,summer,day1,32
2025-06-01 15:30:00,3069.1188,3214.6787,summer,day1,32
2025-06-01 15:35:00,2916.8148,3292.1646,summer,day1,32
2025-06-01 15:40:00,2681.3484,3349.524,summer,day1,32
2025-06-01 15:45:00,2591.9196,3408.878,summer,day1,32
2025-06-01 15:50:00,2534.0412,3481.1943,summer,day1,32
2025-06-01 15:55:00,2495.9292,3542.4534,summer,day1,32
2025-06-01 16:00:00,2491.0932000000003,3403.2837,summer,day1,32
2025-06-01 16:05:00,2664.2856,3456.2725,summer,day1,32
2025-06-01 16:10:00,2811.6516,3500.0898,summer,day1,32
2025-06-01 16:15:00,3117.8592,3557.0562,summer,day1,32
2025-06-01 16:20:00,4169.6952,3626.8274,summer,day1,32
2025-06-01 16:25:00,2414.3124,3706.5515,summer,day1,32
2025-06-01 16:30:00,2393.514,3761.7974,summer,day1,32
2025-06-01 16:35:00,2857.5096000000003,3852.4688,summer,day1,32
2025-06-01 16:40:00,4026.078,3886.2083,summer,day1,32
2025-06-01 16:45:00,2541.4656000000004,3910.5627,summer,day1,32
2025-06-01 16:50:00,2174.7504,3945.1326,summer,day1,32
2025-06-01 16:55:00,2387.6387999999997,3970.2988,summer,day1,32
2025-06-01 17:00:00,2397.7716,4190.86,summer,day1,32
2025-06-01 17:05:00,2432.6843999999996,4198.0874,summer,day1,32
2025-06-01 17:10:00,2457.018,4176.977,summer,day1,32
2025-06-01 17:15:00,2702.7419999999997,4162.937,summer,day1,32
2025-06-01 17:20:00,4379.1444,4164.053,summer,day1,32
2025-06-01 17:25:00,3323.6051999999995,4176.939,summer,day1,32
2025-06-01 17:30:00,2690.2488,4174.5796,summer,day1,32
2025-06-01 17:35:00,2122.3416,4216.5527,summer,day1,32
2025-06-01 17:40:00,2711.0268,4221.507,summer,day1,32
2025-06-01 17:45:00,2545.4892,4223.8843,summer,day1,32
2025-06-01 17:50:00,2521.1124,4229.919,summer,day1,32
2025-06-01 17:55:00,2543.04,4226.065,summer,day1,32
2025-06-01 18:00:00,2570.8884000000003,4343.294,summer,day1,32
2025-06-01 18:05:00,2498.3952,4329.365,summer,day1,32
2025-06-01 18:10:00,2600.8848,4295.1704,summer,day1,32
2025-06-01 18:15:00,2658.8952,4274.384,summer,day1,32
2025-06-01 18:20:00,2163.9036,4272.618,summer,day1,32
2025-06-01 18:25:00,2102.6904,4286.764,summer,day1,32
2025-06-01 18:30:00,2507.7168,4299.7363,summer,day1,32
2025-06-01 18:35:00,3421.4592000000002,4338.2705,summer,day1,32
2025-06-01 18:40:00,2807.2884,4332.337,summer,day1,32
2025-06-01 18:45:00,2499.4464,4304.149,summer,day1,32
2025-06-01 18:50:00,2503.9452,4257.3525,summer,day1,32
2025-06-01 18:55:00,2464.7424,4193.5728,summer,day1,32
2025-06-01 19:00:00,2600.79,3546.3606,summer,day1,32
2025-06-01 19:05:00,3695.5464,3510.2454,summer,day1,32
2025-06-01 19:10:00,2330.4816,3477.056,summer,day1,32
2025-06-01 19:15:00,4419.794400000001,3455.3105,summer,day1,32
2025-06-01 19:20:00,3815.7084000000004,3444.2878,summer,day1,32
2025-06-01 19:25:00,2421.7824,3435.869,summer,day1,32
2025-06-01 19:30:00,2543.9724,3425.5774,summer,day1,32
2025-06-01 19:35:00,2655.9828,3423.4666,summer,day1,32
2025-06-01 19:40:00,2640.4056,3411.8167,summer,day1,32
2025-06-01 19:45:00,2566.278,3400.0042,summer,day1,32
2025-06-01 19:50:00,3982.7364000000002,3390.6265,summer,day1,32
2025-06-01 19:55:00,2547.8172,3378.1094,summer,day1,32
2025-06-01 20:00:00,2575.1304,3244.3918,summer,day1,32
2025-06-01 20:05:00,2425.5816,3225.6663,summer,day1,32
2025-06-01 20:10:00,2405.0676,3201.7039,summer,day1,32
2025-06-01 20:15:00,2391.6888,3185.286,summer,day1,32
2025-06-01 20:20:00,2529.078,3171.9316,summer,day1,32
2025-06-01 20:25:00,2718.7656,3162.4841,summer,day1,32
2025-06-01 20:30:00,2516.5908,3152.042,summer,day1,32
2025-06-01 20:35:00,2565.996,3150.9148,summer,day1,32
2025-06-01 20:40:00,2844.4092,3148.6233,summer,day1,32
2025-06-01 20:45:00,2795.7275999999997,3148.3257,summer,day1,32
2025-06-01 20:50:00,3136.416,3150.599,summer,day1,32
2025-06-01 20:55:00,2801.3436,3145.0645,summer,day1,32
2025-06-01 21:00:00,3487.9380000000006,3104.4658,summer,day1,32
2025-06-01 21:05:00,5444.5428,3075.9497,summer,day1,32
2025-06-01 21:10:00,2689.6331999999998,3041.4092,summer,day1,32
2025-06-01 21:15:00,2623.1232,3012.0833,summer,day1,32
2025-06-01 21:20:00,2600.0004,2981.674,summer,day1,32
2025-06-01 21:25:00,2670.3216,2953.6582,summer,day1,32
2025-06-01 21:30:00,2692.434,2924.8745,summer,day1,32
2025-06-01 21:35:00,2714.4372,2898.8462,summer,day1,32
2025-06-01 21:40:00,2700.2760000000003,2870.7505,summer,day1,32
2025-06-01 21:45:00,3052.0656,2842.583,summer,day1,32
2025-06-01 21:50:00,3078.2484,2818.0542,summer,day1,32
2025-06-01 21:55:00,3035.1684,2793.8691,summer,day1,32
2025-06-01 22:00:00,2783.4648,2584.3726,summer,day1,32
2025-06-01 22:05:00,2785.8815999999997,2575.1904,summer,day1,32
2025-06-01 22:10:00,4259.868,2568.434,summer,day1,32
2025-06-01 22:15:00,2610.0072,2564.2397,summer,day1,32
2025-06-01 22:20:00,2425.2203999999997,2561.2817,summer,day1,32
2025-06-01 22:25:00,2425.6223999999997,2558.08,summer,day1,32
2025-06-01 22:30:00,2810.292,2555.3804,summer,day1,32
2025-06-01 22:35:00,2570.988,2551.753,summer,day1,32
2025-06-01 22:40:00,2472.0468,2548.8096,summer,day1,32
2025-06-01 22:45:00,2311.9932,2545.7559,summer,day1,32
2025-06-01 22:50:00,2304.8507999999997,2543.7156,summer,day1,32
2025-06-01 22:55:00,2339.7288,2542.222,summer,day1,32
2025-06-01 23:00:00,2386.2048,2528.9304,summer,day1,32
2025-06-01 23:05:00,2396.2596000000003,2528.8347,summer,day1,32
2025-06-01 23:10:00,2407.5312,2529.606,summer,day1,32
2025-06-01 23:15:00,2741.9652,2530.3018,summer,day1,32
2025-06-01 23:20:00,2382.4175999999998,2530.2808,summer,day1,32
2025-06-01 23:25:00,3181.968,2529.2627,summer,day1,32
2025-06-01 23:30:00,3738.246,2528.8262,summer,day1,32
2025-06-01 23:35:00,2528.7792,2527.7676,summer,day1,32
2025-06-01 23:40:00,2630.2608,2528.2249,summer,day1,32
2025-06-01 23:45:00,2449.3128,2528.41,summer,day1,32
2025-06-01 23:50:00,2401.1412,2529.8914,summer,day1,32
2025-06-01 23:55:00,2395.2372,2531.4255,summer,day1,32
2025-06-24 00:00:00,2356.5696,2605.4768,summer,day2,34
2025-06-24 00:05:00,2411.358,2611.6562,summer,day2,34
2025-06-24 00:10:00,2821.9272,2619.62,summer,day2,34
2025-06-24 00:15:00,2831.8404,2630.1902,summer,day2,34
2025-06-24 00:20:00,2597.4588,2637.025,summer,day2,34
2025-06-24 00:25:00,2563.5384000000004,2642.6719,summer,day2,34
2025-06-24 00:30:00,3407.8908,2650.2617,summer,day2,34
2025-06-24 00:35:00,2765.4792,2662.4834,summer,day2,34
2025-06-24 00:40:00,2452.8432000000003,2668.2275,summer,day2,34
2025-06-24 00:45:00,2434.3848000000003,2670.234,summer,day2,34
2025-06-24 00:50:00,2451.7644,2671.3943,summer,day2,34
2025-06-24 00:55:00,2130.21,2673.1975,summer,day2,34
2025-06-24 01:00:00,2233.194,2689.0781,summer,day2,34
2025-06-24 01:05:00,3605.7839999999997,2691.4375,summer,day2,34
2025-06-24 01:10:00,2808.7475999999997,2695.0486,summer,day2,34
2025-06-24 01:15:00,2943.5292,2701.0862,summer,day2,34
2025-06-24 01:20:00,2578.9368,2704.762,summer,day2,34
2025-06-24 01:25:00,2534.5584,2704.5889,summer,day2,34
2025-06-24 01:30:00,2113.9812,2705.9724,summer,day2,34
2025-06-24 01:35:00,2514.7836,2709.8008,summer,day2,34
2025-06-24 01:40:00,2447.6808,2708.9163,summer,day2,34
2025-06-24 01:45:00,2441.1288,2705.8418,summer,day2,34
2025-06-24 01:50:00,2577.3671999999997,2704.9421,summer,day2,34
2025-06-24 01:55:00,2676.3347999999996,2705.4346,summer,day2,34
2025-06-24 02:00:00,2500.8156000000004,2690.4067,summer,day2,34
2025-06-24 02:05:00,2388.3792000000003,2690.278,summer,day2,34
2025-06-24 02:10:00,2485.8072,2688.9878,summer,day2,34
2025-06-24 02:15:00,2500.4004,2690.0913,summer,day2,34
2025-06-24 02:20:00,2470.71,2689.2449,summer,day2,34
2025-06-24 02:25:00,3962.8644,2686.0588,summer,day2,34
2025-06-24 02:30:00,2498.4768,2684.84,summer,day2,34
2025-06-24 02:35:00,2558.0376,2684.545,summer,day2,34
2025-06-24 02:40:00,2158.6176,2679.841,summer,day2,34
2025-06-24 02:45:00,2369.4336,2674.5376,summer,day2,34
2025-06-24 02:50:00,2774.3916,2673.1921,summer,day2,34
2025-06-24 02:55:00,2358.1403999999998,2672.702,summer,day2,34
2025-06-24 03:00:00,2350.6272,2684.3608,summer,day2,34
2025-06-24 03:05:00,2805.0072,2683.1624,summer,day2,34
2025-06-24 03:10:00,2867.67,2682.3813,summer,day2,34
2025-06-24 03:15:00,2564.4936000000002,2685.2104,summer,day2,34
2025-06-24 03:20:00,2998.6512,2684.365,summer,day2,34
2025-06-24 03:25:00,2742.8676,2681.7302,summer,day2,34
2025-06-24 03:30:00,2620.1232,2680.438,summer,day2,34
2025-06-24 03:35:00,2824.1856,2679.6777,summer,day2,34
2025-06-24 03:40:00,2424.4332000000004,2673.9214,summer,day2,34
2025-06-24 03:45:00,3818.7059999999997,2668.4116,summer,day2,34
2025-06-24 03:50:00,1940.8883999999998,2666.685,summer,day2,34
2025-06-24 03:55:00,2519.2560000000003,2663.0623,summer,day2,34
2025-06-24 04:00:00,2640.1248,2716.0747,summer,day2,34
2025-06-24 04:05:00,2472.1752,2706.28,summer,day2,34
2025-06-24 04:10:00,2479.2708,2697.1177,summer,day2,34
2025-06-24 04:15:00,2458.1256000000003,2691.3042,summer,day2,34
2025-06-24 04:20:00,2945.9124,2680.8633,summer,day2,34
2025-06-24 04:25:00,1830.9707999999998,2664.8743,summer,day2,34
2025-06-24 04:30:00,2352.888,2649.9956,summer,day2,34
2025-06-24 04:35:00,2333.8559999999998,2636.6023,summer,day2,34
2025-06-24 04:40:00,2529.5676,2621.287,summer,day2,34
2025-06-24 04:45:00,2345.9615999999996,2610.5254,summer,day2,34
2025-06-24 04:50:00,2276.46,2608.1345,summer,day2,34
2025-06-24 04:55:00,2291.118,2607.5176,summer,day2,34
2025-06-24 05:00:00,3367.95,2553.478,summer,day2,34
2025-06-24 05:05:00,2908.398,2554.8062,summer,day2,34
2025-06-24 05:10:00,2540.8356,2561.8604,summer,day2,34
2025-06-24 05:15:00,2495.7576,2572.9688,summer,day2,34
2025-06-24 05:20:00,2464.8887999999997,2583.0964,summer,day2,34
2025-06-24 05:25:00,2481.648,2586.2332,summer,day2,34
2025-06-24 05:30:00,2339.3903999999998,2589.0122,summer,day2,34
2025-06-24 05:35:00,1834.0224000000003,2593.579,summer,day2,34
2025-06-24 05:40:00,2187.312,2594.2256,summer,day2,34
2025-06-24 05:45:00,2216.6675999999998,2589.7148,summer,day2,34
2025-06-24 05:50:00,2267.7648,2587.0637,summer,day2,34
2025-06-24 05:55:00,2734.9883999999997,2587.575,summer,day2,34
2025-06-24 06:00:00,2195.4792,2658.5552,summer,day2,34
2025-06-24 06:05:00,2311.0451999999996,2663.738,summer,day2,34
2025-06-24 06:10:00,2231.256,2672.0796,summer,day2,34
2025-06-24 06:15:00,2256.5316,2691.323,summer,day2,34
2025-06-24 06:20:00,3915.5832,2723.691,summer,day2,34
2025-06-24 06:25:00,2262.4116000000004,2764.4475,summer,day2,34
2025-06-24 06:30:00,2237.8740000000003,2815.7966,summer,day2,34
2025-06-24 06:35:00,2517.7056000000002,2916.4236,summer,day2,34
2025-06-24 06:40:00,2973.66,3082.5486,summer,day2,34
2025-06-24 06:45:00,2641.7376,3187.4468,summer,day2,34
2025-06-24 06:50:00,2818.2924,3197.3525,summer,day2,34
2025-06-24 06:55:00,3222.3311999999996,3179.6934,summer,day2,34
2025-06-24 07:00:00,3169.374,3417.9014,summer,day2,34
2025-06-24 07:05:00,2716.782,3506.9136,summer,day2,34
2025-06-24 07:10:00,2466.1644,3638.5747,summer,day2,34
2025-06-24 07:15:00,2439.5088,3822.6729,summer,day2,34
2025-06-24 07:20:00,2492.7756,4038.879,summer,day2,34
2025-06-24 07:25:00,2633.3292,4298.089,summer,day2,34
2025-06-24 07:30:00,3860.7888,4665.6367,summer,day2,34
2025-06-24 07:35:00,12758.3508,5468.257,summer,day2,34
2025-06-24 07:40:00,13033.7784,6970.2114,summer,day2,34
2025-06-24 07:45:00,10706.01,7712.9336,summer,day2,34
2025-06-24 07:50:00,4031.3784,7453.4824,summer,day2,34
2025-06-24 07:55:00,4538.0664,6773.8613,summer,day2,34
2025-06-24 08:00:00,5770.6068,5247.1978,summer,day2,34
2025-06-24 08:05:00,6086.1528,5157.6406,summer,day2,34
2025-06-24 08:10:00,4450.2888,5098.284,summer,day2,34
2025-06-24 08:15:00,4173.3096,5114.0996,summer,day2,34
2025-06-24 08:20:00,5067.804,5213.7485,summer,day2,34
2025-06-24 08:25:00,4492.3512,5336.4707,summer,day2,34
2025-06-24 08:30:00,4050.0384,5432.4517,summer,day2,34
2025-06-24 08:35:00,5833.9800000000005,5634.469,summer,day2,34
2025-06-24 08:40:00,4507.8888,6002.781,summer,day2,34
2025-06-24 08:45:00,4903.134,6063.8687,summer,day2,34
2025-06-24 08:50:00,5765.508,5847.4717,summer,day2,34
2025-06-24 08:55:00,6054.8496,5536.5415,summer,day2,34
2025-06-24 09:00:00,6162.2616,5230.6284,summer,day2,34
2025-06-24 09:05:00,4468.8624,5167.938,summer,day2,34
2025-06-24 09:10:00,4301.638800000001,5113.0254,summer,day2,34
2025-06-24 09:15:00,5098.83,5074.501,summer,day2,34
2025-06-24 09:20:00,5291.5632,5093.7383,summer,day2,34
2025-06-24 09:25:00,4459.9259999999995,5112.2363,summer,day2,34
2025-06-24 09:30:00,4992.5064,5128.5303,summer,day2,34
2025-06-24 09:35:00,4522.630800000001,5189.2866,summer,day2,34
2025-06-24 09:40:00,4221.2748,5311.493,summer,day2,34
2025-06-24 09:45:00,3979.6692000000003,5293.7183,summer,day2,34
2025-06-24 09:50:00,4549.5923999999995,5169.4297,summer,day2,34
2025-06-24 09:55:00,4840.4256000000005,5075.4214,summer,day2,34
2025-06-24 10:00:00,5219.3796,5104.291,summer,day2,34
2025-06-24 10:05:00,5934.624,5105.9497,summer,day2,34
2025-06-24 10:10:00,4991.5212,5073.7026,summer,day2,34
2025-06-24 10:15:00,6135.784799999999,5022.3623,summer,day2,34
2025-06-24 10:20:00,7249.9547999999995,5017.8145,summer,day2,34
2025-06-24 10:25:00,6449.8332,4999.3687,summer,day2,34
2025-06-24 10:30:00,5611.7064,4982.843,summer,day2,34
2025-06-24 10:35:00,5147.0172,4993.508,summer,day2,34
2025-06-24 10:40:00,6022.651199999999,5047.343,summer,day2,34
2025-06-24 10:45:00,2209.1148000000003,5013.6626,summer,day2,34
2025-06-24 10:50:00,0.0,4891.8364,summer,day2,34
2025-06-24 10:55:00,0.0,4799.116,summer,day2,34
2025-06-24 11:00:00,0.0,4805.848,summer,day2,34
2025-06-24 11:05:00,0.0,4829.766,summer,day2,34
2025-06-24 11:10:00,0.0,4862.951,summer,day2,34
2025-06-24 11:15:00,0.0,4866.3345,summer,day2,34
2025-06-24 11:20:00,0.0,4882.4854,summer,day2,34
2025-06-24 11:25:00,10374.148799999999,4840.6133,summer,day2,34
2025-06-24 11:30:00,8077.9836,4793.7417,summer,day2,34
2025-06-24 11:35:00,8140.6032000000005,4784.0654,summer,day2,34
2025-06-24 11:40:00,5274.2544,4830.3105,summer,day2,34
2025-06-24 11:45:00,4511.8464,4851.1445,summer,day2,34
2025-06-24 11:50:00,4432.8192,4809.466,summer,day2,34
2025-06-24 11:55:00,4059.4175999999998,4769.8545,summer,day2,34
2025-06-24 12:00:00,4351.0296,4562.122,summer,day2,34
2025-06-24 12:05:00,4626.9876,4559.859,summer,day2,34
2025-06-24 12:10:00,4543.6848,4564.8535,summer,day2,34
2025-06-24 12:15:00,4715.955599999999,4563.7783,summer,day2,34
2025-06-24 12:20:00,5139.732,4597.646,summer,day2,34
2025-06-24 12:25:00,4729.7076,4608.1523,summer,day2,34
2025-06-24 12:30:00,4742.9388,4613.1553,summer,day2,34
2025-06-24 12:35:00,4532.0748,4632.635,summer,day2,34
2025-06-24 12:40:00,4787.046,4666.904,summer,day2,34
2025-06-24 12:45:00,6061.9944000000005,4647.6934,summer,day2,34
2025-06-24 12:50:00,4309.6464,4570.1694,summer,day2,34
2025-06-24 12:55:00,4927.7688,4499.1284,summer,day2,34
2025-06-24 13:00:00,4759.4136,4307.549,summer,day2,34
2025-06-24 13:05:00,4881.195600000001,4296.8896,summer,day2,34
2025-06-24 13:10:00,5205.7608,4300.4463,summer,day2,34
2025-06-24 13:15:00,4842.1584,4308.3296,summer,day2,34
2025-06-24 13:20:00,4565.3916,4341.1943,summer,day2,34
2025-06-24 13:25:00,4868.202,4342.1094,summer,day2,34
2025-06-24 13:30:00,5420.0676,4331.52,summer,day2,34
2025-06-24 13:35:00,4323.3936,4331.831,summer,day2,34
2025-06-24 13:40:00,5516.91,4348.0107,summer,day2,34
2025-06-24 13:45:00,3799.548,4321.241,summer,day2,34
2025-06-24 13:50:00,4270.5972,4251.9106,summer,day2,34
2025-06-24 13:55:00,4795.6308,4195.814,summer,day2,34
2025-06-24 14:00:00,6366.4368,4128.997,summer,day2,34
2025-06-24 14:05:00,4284.882,4112.621,summer,day2,34
2025-06-24 14:10:00,3199.1567999999997,4092.9795,summer,day2,34
2025-06-24 14:15:00,3085.3104,4079.6458,summer,day2,34
2025-06-24 14:20:00,3536.8404,4102.605,summer,day2,34
2025-06-24 14:25:00,3320.964,4116.702,summer,day2,34
2025-06-24 14:30:00,3471.9648,4146.1006,summer,day2,34
2025-06-24 14:35:00,3321.666,4212.457,summer,day2,34
2025-06-24 14:40:00,3339.8076,4311.4956,summer,day2,34
2025-06-24 14:45:00,3742.1616000000004,4326.834,summer,day2,34
2025-06-24 14:50:00,3813.8124,4259.051,summer,day2,34
2025-06-24 14:55:00,3377.4335999999994,4190.9263,summer,day2,34
2025-06-24 15:00:00,3785.9628,3985.2202,summer,day2,34
2025-06-24 15:05:00,3971.3556,3975.9463,summer,day2,34
2025-06-24 15:10:00,3921.0804,3974.8928,summer,day2,34
2025-06-24 15:15:00,3370.3032,3988.0854,summer,day2,34
2025-06-24 15:20:00,4189.9344,4014.8638,summer,day2,34
2025-06-24 15:25:00,2810.4336,4038.825,summer,day2,34
2025-06-24 15:30:00,3074.682,4077.7278,summer,day2,34
2025-06-24 15:35:00,2481.8448,4153.1133,summer,day2,34
2025-06-24 15:40:00,3805.3296,4263.015,summer,day2,34
2025-06-24 15:45:00,3129.2508000000003,4306.6113,summer,day2,34
2025-06-24 15:50:00,2580.4908,4259.206,summer,day2,34
2025-06-24 15:55:00,2946.5568,4193.474,summer,day2,34
2025-06-24 16:00:00,3111.4716,4077.3909,summer,day2,34
2025-06-24 16:05:00,3135.0924,4031.025,summer,day2,34
2025-06-24 16:10:00,2783.4528,3995.2024,summer,day2,34
2025-06-24 16:15:00,3239.4624,3983.7036,summer,day2,34
2025-06-24 16:20:00,3294.3407999999995,4003.9424,summer,day2,34
2025-06-24 16:25:00,4283.1324,4025.0637,summer,day2,34
2025-06-24 16:30:00,2500.4712,4056.0615,summer,day2,34
2025-06-24 16:35:00,3620.7479999999996,4114.79,summer,day2,34
2025-06-24 16:40:00,3150.3084,4206.6704,summer,day2,34
2025-06-24 16:45:00,2960.8824,4231.9014,summer,day2,34
2025-06-24 16:50:00,2897.2116,4179.7803,summer,day2,34
2025-06-24 16:55:00,2918.454,4117.016,summer,day2,34
2025-06-24 17:00:00,4798.6584,3965.5308,summer,day2,34
2025-06-24 17:05:00,2999.7792,3948.041,summer,day2,34
2025-06-24 17:10:00,2923.0044,3932.8477,summer,day2,34
2025-06-24 17:15:00,2641.3896,3934.4055,summer,day2,34
2025-06-24 17:20:00,2671.7760000000003,3956.9207,summer,day2,34
2025-06-24 17:25:00,2650.9716,3977.5054,summer,day2,34
2025-06-24 17:30:00,2825.0496,3995.4985,summer,day2,34
2025-06-24 17:35:00,2896.6572,4029.4207,summer,day2,34
2025-06-24 17:40:00,3510.9528,4090.7676,summer,day2,34
2025-06-24 17:45:00,4574.4612,4061.6294,summer,day2,34
2025-06-24 17:50:00,2827.3464,3977.3965,summer,day2,34
2025-06-24 17:55:00,3183.7536,3912.6423,summer,day2,34
2025-06-24 18:00:00,6137.4144,3841.8743,summer,day2,34
2025-06-24 18:05:00,13028.5596,3832.5283,summer,day2,34
2025-06-24 18:10:00,12003.9588,3806.4604,summer,day2,34
2025-06-24 18:15:00,4283.983200000001,3785.6072,summer,day2,34
2025-06-24 18:20:00,3900.2591999999995,3783.656,summer,day2,34
2025-06-24 18:25:00,3571.0476000000003,3784.232,summer,day2,34
2025-06-24 18:30:00,4422.8664,3794.7646,summer,day2,34
2025-06-24 18:35:00,4603.4748,3824.7903,summer,day2,34
2025-06-24 18:40:00,3922.4208,3875.4797,summer,day2,34
2025-06-24 18:45:00,5402.8668,3858.2222,summer,day2,34
2025-06-24 18:50:00,4105.824,3785.0698,summer,day2,34
2025-06-24 18:55:00,6040.26,3724.1323,summer,day2,34
2025-06-24 19:00:00,6760.8516,3523.7715,summer,day2,34
2025-06-24 19:05:00,4314.4788,3533.5435,summer,day2,34
2025-06-24 19:10:00,3982.2588000000005,3546.9202,summer,day2,34
2025-06-24 19:15:00,5452.4472000000005,3560.0344,summer,day2,34
2025-06-24 19:20:00,3731.5775999999996,3555.4446,summer,day2,34
2025-06-24 19:25:00,2943.654,3520.9932,summer,day2,34
2025-06-24 19:30:00,3148.674,3477.9624,summer,day2,34
2025-06-24 19:35:00,2842.8444,3448.2517,summer,day2,34
2025-06-24 19:40:00,4424.7624,3441.906,summer,day2,34
2025-06-24 19:45:00,2855.5667999999996,3423.7847,summer,day2,34
2025-06-24 19:50:00,2756.3256,3387.2712,summer,day2,34
2025-06-24 19:55:00,2818.3848000000003,3357.118,summer,day2,34
2025-06-24 20:00:00,3068.9736000000003,3286.8481,summer,day2,34
2025-06-24 20:05:00,4017.7236,3269.0444,summer,day2,34
2025-06-24 20:10:00,3180.042,3256.7078,summer,day2,34
2025-06-24 20:15:00,2247.564,3255.9229,summer,day2,34
2025-06-24 20:20:00,2287.1531999999997,3265.7188,summer,day2,34
2025-06-24 20:25:00,2420.6387999999997,3266.8198,summer,day2,34
2025-06-24 20:30:00,4464.534,3259.5715,summer,day2,34
2025-06-24 20:35:00,3274.3548,3242.1436,summer,day2,34
2025-06-24 20:40:00,1980.7788,3221.8267,summer,day2,34
2025-06-24 20:45:00,2157.738,3189.0186,summer,day2,34
2025-06-24 20:50:00,2306.8032,3145.1926,summer,day2,34
2025-06-24 20:55:00,2534.0748,3117.6777,summer,day2,34
2025-06-24 21:00:00,2524.3692,3111.0708,summer,day2,34
2025-06-24 21:05:00,2142.9612,3118.5498,summer,day2,34
2025-06-24 21:10:00,2104.218,3144.0974,summer,day2,34
2025-06-24 21:15:00,3007.1592,3181.0896,summer,day2,34
2025-06-24 21:20:00,2693.538,3217.5889,summer,day2,34
2025-06-24 21:25:00,2847.2256,3232.9624,summer,day2,34
2025-06-24 21:30:00,2899.1220000000003,3230.147,summer,day2,34
2025-06-24 21:35:00,2790.2484,3215.3665,summer,day2,34
2025-06-24 21:40:00,2656.9428,3196.5698,summer,day2,34
2025-06-24 21:45:00,2621.6328000000003,3170.4211,summer,day2,34
2025-06-24 21:50:00,2624.322,3144.3364,summer,day2,34
2025-06-24 21:55:00,2582.082,3133.5176,summer,day2,34
2025-06-24 22:00:00,2492.7912,3058.9534,summer,day2,34
2025-06-24 22:05:00,2343.1403999999998,3051.8965,summer,day2,34
2025-06-24 22:10:00,2291.2308000000003,3046.862,summer,day2,34
2025-06-24 22:15:00,2364.4236,3045.0486,summer,day2,34
2025-06-24 22:20:00,2391.6059999999998,3047.3733,summer,day2,34
2025-06-24 22:25:00,2501.1684,3047.856,summer,day2,34
2025-06-24 22:30:00,2982.7956,3053.4229,summer,day2,34
2025-06-24 22:35:00,2872.9128,3059.1138,summer,day2,34
2025-06-24 22:40:00,2819.4684,3062.1702,summer,day2,34
2025-06-24 22:45:00,2847.5784,3058.2517,summer,day2,34
2025-06-24 22:50:00,2850.1812,3046.7378,summer,day2,34
2025-06-24 22:55:00,2677.2192,3039.0098,summer,day2,34
2025-06-24 23:00:00,2564.2596,2959.0005,summer,day2,34
2025-06-24 23:05:00,2354.1588,2958.3608,summer,day2,34
2025-06-24 23:10:00,2379.594,2966.076,summer,day2,34
2025-06-24 23:15:00,2559.54,2976.492,summer,day2,34
2025-06-24 23:20:00,2436.492,2985.9456,summer,day2,34
2025-06-24 23:25:00,2404.9175999999998,2992.5095,summer,day2,34
2025-06-24 23:30:00,2388.7176,3010.1394,summer,day2,34
2025-06-24 23:35:00,2431.6716,3040.9604,summer,day2,34
2025-06-24 23:40:00,2481.1356,3085.7246,summer,day2,34
2025-06-24 23:45:00,2668.3704,3110.861,summer,day2,34
2025-06-24 23:50:00,2523.8172000000004,3109.2458,summer,day2,34
2025-06-24 23:55:00,2377.2336,3102.8367,summer,day2,34
2025-07-17 00:00:00,5246.0484,5456.082,summer,day3,37
2025-07-17 00:05:00,5356.5491999999995,5471.2896,summer,day3,37
2025-07-17 00:10:00,5203.0692,5515.6055,summer,day3,37
2025-07-17 00:15:00,5114.8428,5591.1987,summer,day3,37
2025-07-17 00:20:00,5111.4,5697.5654,summer,day3,37
2025-07-17 00:25:00,4177.302000000001,5787.4336,summer,day3,37
2025-07-17 00:30:00,3789.2208,5787.484,summer,day3,37
2025-07-17 00:35:00,3766.1652000000004,5701.036,summer,day3,37
2025-07-17 00:40:00,3981.3,5581.828,summer,day3,37
2025-07-17 00:45:00,3932.2392,5454.084,summer,day3,37
2025-07-17 00:50:00,4200.8148,5347.576,summer,day3,37
2025-07-17 00:55:00,3925.5864,5285.6777,summer,day3,37
2025-07-17 01:00:00,4000.392,5688.71,summer,day3,37
2025-07-17 01:05:00,3869.9772000000003,5705.923,summer,day3,37
2025-07-17 01:10:00,3786.9983999999995,5740.683,summer,day3,37
2025-07-17 01:15:00,3910.2767999999996,5775.9526,summer,day3,37
2025-07-17 01:20:00,3882.3659999999995,5853.5537,summer,day3,37
2025-07-17 01:25:00,3814.8792000000003,5937.0713,summer,day3,37
2025-07-17 01:30:00,3929.1024000000007,6005.316,summer,day3,37
2025-07-17 01:35:00,3919.0188000000003,6057.898,summer,day3,37
2025-07-17 01:40:00,4097.3076,6085.3135,summer,day3,37
2025-07-17 01:45:00,4060.0032,6061.8716,summer,day3,37
2025-07-17 01:50:00,4196.1264,6008.5312,summer,day3,37
2025-07-17 01:55:00,4211.3124,5940.521,summer,day3,37
2025-07-17 02:00:00,3966.1452,6510.2104,summer,day3,37
2025-07-17 02:05:00,3856.932,6427.9644,summer,day3,37
2025-07-17 02:10:00,3851.5968000000003,6407.3784,summer,day3,37
2025-07-17 02:15:00,2869.5348,6431.342,summer,day3,37
2025-07-17 02:20:00,2371.6428,6503.379,summer,day3,37
2025-07-17 02:25:00,2450.4708,6541.9395,summer,day3,37
2025-07-17 02:30:00,2315.2763999999997,6571.357,summer,day3,37
2025-07-17 02:35:00,2376.9648,6601.5903,summer,day3,37
2025-07-17 02:40:00,2425.7136,6651.7407,summer,day3,37
2025-07-17 02:45:00,2429.9352,6690.839,summer,day3,37
2025-07-17 02:50:00,2390.3856,6679.8867,summer,day3,37
2025-07-17 02:55:00,2386.8552,6646.539,summer,day3,37
2025-07-17 03:00:00,2431.0488,6352.501,summer,day3,37
2025-07-17 03:05:00,2698.674,6278.9,summer,day3,37
2025-07-17 03:10:00,2730.6624,6253.977,summer,day3,37
2025-07-17 03:15:00,2747.6892,6295.8066,summer,day3,37
2025-07-17 03:20:00,2523.4991999999997,6430.547,summer,day3,37
2025-07-17 03:25:00,2460.6456,6581.6377,summer,day3,37
2025-07-17 03:30:00,2440.014,6724.5605,summer,day3,37
2025-07-17 03:35:00,2432.5992,6764.547,summer,day3,37
2025-07-17 03:40:00,2599.3776,6722.5996,summer,day3,37
2025-07-17 03:45:00,2705.4552,6639.754,summer,day3,37
2025-07-17 03:50:00,2623.6236,6530.14,summer,day3,37
2025-07-17 03:55:00,2478.0384000000004,6437.634,summer,day3,37
2025-07-17 04:00:00,2335.9368000000004,6651.62,summer,day3,37
2025-07-17 04:05:00,2251.9632,6590.789,summer,day3,37
2025-07-17 04:10:00,2529.6984,6568.199,summer,day3,37
2025-07-17 04:15:00,2788.8228,6567.088,summer,day3,37
2025-07-17 04:20:00,2851.6332,6579.8877,summer,day3,37
2025-07-17 04:25:00,2461.8024,6557.108,summer,day3,37
2025-07-17 04:30:00,2586.2183999999997,6510.115,summer,day3,37
2025-07-17 04:35:00,2548.9356,6348.9033,summer,day3,37
2025-07-17 04:40:00,2482.7676,6107.502,summer,day3,37
2025-07-17 04:45:00,2635.4016,5806.9507,summer,day3,37
2025-07-17 04:50:00,2669.6448,5501.9395,summer,day3,37
2025-07-17 04:55:00,2490.3444,5279.45,summer,day3,37
2025-07-17 05:00:00,2453.6315999999997,4646.5986,summer,day3,37
2025-07-17 05:05:00,2496.9624,4517.663,summer,day3,37
2025-07-17 05:10:00,2487.0912,4397.0215,summer,day3,37
2025-07-17 05:15:00,2354.1288,4298.388,summer,day3,37
2025-07-17 05:20:00,2367.9612,4219.827,summer,day3,37
2025-07-17 05:25:00,2027.0747999999999,4149.9067,summer,day3,37
2025-07-17 05:30:00,2033.0387999999998,4095.4626,summer,day3,37
2025-07-17 05:35:00,2132.3436,4010.3765,summer,day3,37
2025-07-17 05:40:00,2186.538,3927.9932,summer,day3,37
2025-07-17 05:45:00,2277.5208,3846.06,summer,day3,37
2025-07-17 05:50:00,2383.4532,3760.6917,summer,day3,37
2025-07-17 05:55:00,2263.3512,3690.6313,summer,day3,37
2025-07-17 06:00:00,2142.2964,3511.9397,summer,day3,37
2025-07-17 06:05:00,2132.5476,3475.7158,summer,day3,37
2025-07-17 06:10:00,2150.2956,3450.451,summer,day3,37
2025-07-17 06:15:00,2239.2588,3435.244,summer,day3,37
2025-07-17 06:20:00,2391.6612,3417.054,summer,day3,37
2025-07-17 06:25:00,2539.6872000000003,3389.183,summer,day3,37
2025-07-17 06:30:00,2463.282,3368.9314,summer,day3,37
2025-07-17 06:35:00,2265.4955999999997,3345.4812,summer,day3,37
2025-07-17 06:40:00,2153.3052,3333.766,summer,day3,37
2025-07-17 06:45:00,2090.0616,3330.5305,summer,day3,37
2025-07-17 06:50:00,2232.0252,3327.0266,summer,day3,37
2025-07-17 06:55:00,2288.1564,3326.31,summer,day3,37
2025-07-17 07:00:00,2431.6992,3812.0168,summer,day3,37
2025-07-17 07:05:00,2459.5032,3765.5657,summer,day3,37
2025-07-17 07:10:00,2412.8052,3708.5476,summer,day3,37
2025-07-17 07:15:00,2845.1148000000003,3646.8765,summer,day3,37
2025-07-17 07:20:00,3148.1328000000003,3583.075,summer,day3,37
2025-07-17 07:25:00,3165.2424,3516.5525,summer,day3,37
2025-07-17 07:30:00,3216.468,3461.5586,summer,day3,37
2025-07-17 07:35:00,3406.0248,3408.2812,summer,day3,37
2025-07-17 07:40:00,3412.6344,3360.1204,summer,day3,37
2025-07-17 07:45:00,3796.7232000000004,3321.296,summer,day3,37
2025-07-17 07:50:00,12464.6484,3289.9868,summer,day3,37
2025-07-17 07:55:00,11088.114,3271.84,summer,day3,37
2025-07-17 08:00:00,6102.2028,3537.0667,summer,day3,37
2025-07-17 08:05:00,6575.924400000001,3543.158,summer,day3,37
2025-07-17 08:10:00,6474.072,3562.2725,summer,day3,37
2025-07-17 08:15:00,7917.368400000001,3595.5747,summer,day3,37
2025-07-17 08:20:00,5783.8344,3642.7834,summer,day3,37
2025-07-17 08:25:00,4748.4828,3692.023,summer,day3,37
2025-07-17 08:30:00,4604.4228,3744.5674,summer,day3,37
2025-07-17 08:35:00,4767.498,3778.0386,summer,day3,37
2025-07-17 08:40:00,4559.272800000001,3776.158,summer,day3,37
2025-07-17 08:45:00,4849.681200000001,3760.0818,summer,day3,37
2025-07-17 08:50:00,5948.52,3749.77,summer,day3,37
2025-07-17 08:55:00,6792.8063999999995,3764.2805,summer,day3,37
2025-07-17 09:00:00,6504.967200000001,4500.4585,summer,day3,37
2025-07-17 09:05:00,5775.3168000000005,4633.49,summer,day3,37
2025-07-17 09:10:00,4880.7108,4829.6367,summer,day3,37
2025-07-17 09:15:00,5552.7036,5047.539,summer,day3,37
2025-07-17 09:20:00,6530.7624000000005,5243.7563,summer,day3,37
2025-07-17 09:25:00,5388.566400000001,5374.7373,summer,day3,37
2025-07-17 09:30:00,5798.6232,5478.4004,summer,day3,37
2025-07-17 09:35:00,5717.1276,5553.492,summer,day3,37
2025-07-17 09:40:00,5498.9712,5616.189,summer,day3,37
2025-07-17 09:45:00,4674.5160000000005,5696.332,summer,day3,37
2025-07-17 09:50:00,5567.778,5800.047,summer,day3,37
2025-07-17 09:55:00,5435.2248,5952.577,summer,day3,37
2025-07-17 10:00:00,4890.4344,6627.1763,summer,day3,37
2025-07-17 10:05:00,4255.0512,6795.969,summer,day3,37
2025-07-17 10:10:00,4441.3284,6970.1343,summer,day3,37
2025-07-17 10:15:00,4890.2976,7168.9854,summer,day3,37
2025-07-17 10:20:00,4805.6196,7415.052,summer,day3,37
2025-07-17 10:25:00,6851.9232,7673.802,summer,day3,37
2025-07-17 10:30:00,5099.004,7937.9023,summer,day3,37
2025-07-17 10:35:00,4659.8508,8128.308,summer,day3,37
2025-07-17 10:40:00,6122.6844,8246.424,summer,day3,37
2025-07-17 10:45:00,4203.4800000000005,8343.975,summer,day3,37
2025-07-17 10:50:00,4802.1576000000005,8426.91,summer,day3,37
2025-07-17 10:55:00,4432.9236,8459.463,summer,day3,37
2025-07-17 11:00:00,4953.2532,7749.442,summer,day3,37
2025-07-17 11:05:00,5866.8576,7531.253,summer,day3,37
2025-07-17 11:10:00,5520.3012,7271.743,summer,day3,37
2025-07-17 11:15:00,5037.6252,7016.2124,summer,day3,37
2025-07-17 11:20:00,4809.15,6797.3057,summer,day3,37
2025-07-17 11:25:00,5365.188,6636.772,summer,day3,37
2025-07-17 11:30:00,4426.3884,6577.3267,summer,day3,37
2025-07-17 11:35:00,4918.7592,6546.661,summer,day3,37
2025-07-17 11:40:00,5263.7256,6536.8984,summer,day3,37
2025-07-17 11:45:00,4268.602800000001,6545.428,summer,day3,37
2025-07-17 11:50:00,4858.2036,6528.6465,summer,day3,37
2025-07-17 11:55:00,5438.0904,6482.572,summer,day3,37
2025-07-17 12:00:00,4499.245199999999,7403.4893,summer,day3,37
2025-07-17 12:05:00,4930.468800000001,7245.0654,summer,day3,37
2025-07-17 12:10:00,4484.1,7141.0127,summer,day3,37
2025-07-17 12:15:00,5279.354399999999,7115.444,summer,day3,37
2025-07-17 12:20:00,5635.4208,7127.393,summer,day3,37
2025-07-17 12:25:00,7468.26,7131.13,summer,day3,37
2025-07-17 12:30:00,5192.6436,7135.041,summer,day3,37
2025-07-17 12:35:00,4543.9488,7034.4453,summer,day3,37
2025-07-17 12:40:00,6092.5008,6848.273,summer,day3,37
2025-07-17 12:45:00,7782.559200000001,6596.445,summer,day3,37
2025-07-17 12:50:00,6412.6092,6242.416,summer,day3,37
2025-07-17 12:55:00,6379.0584,5857.119,summer,day3,37
2025-07-17 13:00:00,4599.3876,6281.043,summer,day3,37
2025-07-17 13:05:00,4737.0216,5982.644,summer,day3,37
2025-07-17 13:10:00,6574.3068,5795.91,summer,day3,37
2025-07-17 13:15:00,5047.7232,5658.0254,summer,day3,37
2025-07-17 13:20:00,6563.8068,5542.8247,summer,day3,37
2025-07-17 13:25:00,7114.498799999999,5446.4043,summer,day3,37
2025-07-17 13:30:00,5494.794,5402.9463,summer,day3,37
2025-07-17 13:35:00,4849.7352,5356.623,summer,day3,37
2025-07-17 13:40:00,5346.7044000000005,5314.366,summer,day3,37
2025-07-17 13:45:00,4955.202,5266.1777,summer,day3,37
2025-07-17 13:50:00,5024.3364,5190.9673,summer,day3,37
2025-07-17 13:55:00,4966.8852,5119.0166,summer,day3,37
2025-07-17 14:00:00,4621.818,4879.566,summer,day3,37
2025-07-17 14:05:00,5243.9112000000005,4837.5425,summer,day3,37
2025-07-17 14:10:00,6409.0632,4813.52,summer,day3,37
2025-07-17 14:15:00,4819.956,4799.315,summer,day3,37
2025-07-17 14:20:00,4747.390799999999,4785.5894,summer,day3,37
2025-07-17 14:25:00,6238.9308,4750.896,summer,day3,37
2025-07-17 14:30:00,5582.022,4701.63,summer,day3,37
2025-07-17 14:35:00,4787.9088,4610.306,summer,day3,37
2025-07-17 14:40:00,4944.138,4517.5264,summer,day3,37
2025-07-17 14:45:00,5074.722,4442.0713,summer,day3,37
2025-07-17 14:50:00,5499.2352,4381.612,summer,day3,37
2025-07-17 14:55:00,4968.6384,4350.8296,summer,day3,37
2025-07-17 15:00:00,5770.7616,4329.188,summer,day3,37
2025-07-17 15:05:00,5905.2468,4326.8857,summer,day3,37
2025-07-17 15:10:00,5332.9752,4310.266,summer,day3,37
2025-07-17 15:15:00,4588.5576,4268.363,summer,day3,37
2025-07-17 15:20:00,4382.6664,4210.076,summer,day3,37
2025-07-17 15:25:00,4640.8212,4137.336,summer,day3,37
2025-07-17 15:30:00,4833.7644,4065.5784,summer,day3,37
2025-07-17 15:35:00,4735.32,3985.0369,summer,day3,37
2025-07-17 15:40:00,5593.9956,3918.0771,summer,day3,37
2025-07-17 15:45:00,6699.9204,3868.2537,summer,day3,37
2025-07-17 15:50:00,5349.530400000001,3830.9937,summer,day3,37
2025-07-17 15:55:00,4272.5472,3813.752,summer,day3,37
2025-07-17 16:00:00,5156.5692,3951.501,summer,day3,37
2025-07-17 16:05:00,3829.3248,3959.1636,summer,day3,37
2025-07-17 16:10:00,3904.7964,3975.4688,summer,day3,37
2025-07-17 16:15:00,3894.5555999999997,4006.0986,summer,day3,37
2025-07-17 16:20:00,3870.8376000000003,4055.707,summer,day3,37
2025-07-17 16:25:00,4002.0528,4123.4346,summer,day3,37
2025-07-17 16:30:00,3569.1551999999997,4219.588,summer,day3,37
2025-07-17 16:35:00,3827.4168,4316.1777,summer,day3,37
2025-07-17 16:40:00,4213.9656,4416.674,summer,day3,37
2025-07-17 16:45:00,3695.3868,4495.258,summer,day3,37
2025-07-17 16:50:00,3703.0847999999996,4523.9883,summer,day3,37
2025-07-17 16:55:00,5570.166,4538.396,summer,day3,37
2025-07-17 17:00:00,4633.2624,4378.5703,summer,day3,37
2025-07-17 17:05:00,6476.478,4424.5176,summer,day3,37
2025-07-17 17:10:00,5138.442,4484.378,summer,day3,37
2025-07-17 17:15:00,5058.0504,4553.967,summer,day3,37
2025-07-17 17:20:00,5018.3351999999995,4628.308,summer,day3,37
2025-07-17 17:25:00,4594.0596000000005,4668.743,summer,day3,37
2025-07-17 17:30:00,3719.3544,4666.5215,summer,day3,37
2025-07-17 17:35:00,3734.5440000000003,4604.617,summer,day3,37
2025-07-17 17:40:00,3975.9672,4524.8135,summer,day3,37
2025-07-17 17:45:00,4450.2204,4440.078,summer,day3,37
2025-07-17 17:50:00,4235.4132,4359.6826,summer,day3,37
2025-07-17 17:55:00,3930.0624,4308.626,summer,day3,37
2025-07-17 18:00:00,5268.5292,4253.141,summer,day3,37
2025-07-17 18:05:00,5162.6532,4236.4575,summer,day3,37
2025-07-17 18:10:00,4423.0344,4230.33,summer,day3,37
2025-07-17 18:15:00,5258.8056,4232.075,summer,day3,37
2025-07-17 18:20:00,4014.7344,4252.711,summer,day3,37
2025-07-17 18:25:00,3932.4660000000003,4284.365,summer,day3,37
2025-07-17 18:30:00,3727.0728000000004,4338.843,summer,day3,37
2025-07-17 18:35:00,3610.1976000000004,4390.5864,summer,day3,37
2025-07-17 18:40:00,3780.9444000000003,4442.2695,summer,day3,37
2025-07-17 18:45:00,3828.2172000000005,4482.1504,summer,day3,37
2025-07-17 18:50:00,3959.0099999999998,4516.121,summer,day3,37
2025-07-17 18:55:00,4518.9228,4581.943,summer,day3,37
2025-07-17 19:00:00,3927.3635999999997,4527.175,summer,day3,37
2025-07-17 19:05:00,3844.9199999999996,4625.8364,summer,day3,37
2025-07-17 19:10:00,4531.116,4723.721,summer,day3,37
2025-07-17 19:15:00,6519.4812,4812.887,summer,day3,37
2025-07-17 19:20:00,5548.7663999999995,4892.257,summer,day3,37
2025-07-17 19:25:00,4800.1116,4955.017,summer,day3,37
2025-07-17 19:30:00,3718.7748,5015.173,summer,day3,37
2025-07-17 19:35:00,4131.6144,5050.7583,summer,day3,37
2025-07-17 19:40:00,3456.3072,5082.0503,summer,day3,37
2025-07-17 19:45:00,3640.9728000000005,5109.1616,summer,day3,37
2025-07-17 19:50:00,3621.3959999999997,5142.113,summer,day3,37
2025-07-17 19:55:00,3452.7012000000004,5207.1636,summer,day3,37
2025-07-17 20:00:00,3340.0343999999996,4434.194,summer,day3,37
2025-07-17 20:05:00,3938.4468,4482.9707,summer,day3,37
2025-07-17 20:10:00,5138.5524,4535.1777,summer,day3,37
2025-07-17 20:15:00,4519.9536,4604.052,summer,day3,37
2025-07-17 20:20:00,3926.7612,4707.481,summer,day3,37
2025-07-17 20:25:00,3740.0208,4838.812,summer,day3,37
2025-07-17 20:30:00,4663.9524,4990.387,summer,day3,37
2025-07-17 20:35:00,4187.022,5108.27,summer,day3,37
2025-07-17 20:40:00,3741.7536,5183.9253,summer,day3,37
2025-07-17 20:45:00,4081.4483999999998,5207.4995,summer,day3,37
2025-07-17 20:50:00,4111.0248,5168.96,summer,day3,37
2025-07-17 20:55:00,4040.1852,5088.278,summer,day3,37
2025-07-17 21:00:00,4022.5296000000003,5286.3584,summer,day3,37
2025-07-17 21:05:00,5074.1916,5122.771,summer,day3,37
2025-07-17 21:10:00,5019.6864000000005,4988.5044,summer,day3,37
2025-07-17 21:15:00,5235.1056,4915.974,summer,day3,37
2025-07-17 21:20:00,5198.7276,4890.4,summer,day3,37
2025-07-17 21:25:00,5041.8972,4883.0312,summer,day3,37
2025-07-17 21:30:00,4947.7572,4889.367,summer,day3,37
2025-07-17 21:35:00,4845.9983999999995,4880.96,summer,day3,37
2025-07-17 21:40:00,4915.1556,4872.7236,summer,day3,37
2025-07-17 21:45:00,4995.6108,4868.201,summer,day3,37
2025-07-17 21:50:00,5145.023999999999,4853.5474,summer,day3,37
2025-07-17 21:55:00,4821.938400000001,4835.27,summer,day3,37
2025-07-17 22:00:00,5224.206,4290.239,summer,day3,37
2025-07-17 22:05:00,5409.0491999999995,4243.27,summer,day3,37
2025-07-17 22:10:00,7144.282800000001,4179.1274,summer,day3,37
2025-07-17 22:15:00,7163.3364,4117.0537,summer,day3,37
2025-07-17 22:20:00,5021.166,4070.9485,summer,day3,37
2025-07-17 22:25:00,5094.3084,4048.3044,summer,day3,37
2025-07-17 22:30:00,5358.468,4045.8564,summer,day3,37
2025-07-17 22:35:00,5151.765600000001,4026.937,summer,day3,37
2025-07-17 22:40:00,5313.6588,3986.8745,summer,day3,37
2025-07-17 22:45:00,5620.0271999999995,3930.3877,summer,day3,37
2025-07-17 22:50:00,5626.4496,3861.248,summer,day3,37
2025-07-17 22:55:00,5536.8804,3802.824,summer,day3,37
2025-07-17 23:00:00,5400.3396,3313.2395,summer,day3,37
2025-07-17 23:05:00,5470.469999999999,3294.2764,summer,day3,37
2025-07-17 23:10:00,5739.8243999999995,3285.18,summer,day3,37
2025-07-17 23:15:00,5787.3996,3281.4312,summer,day3,37
2025-07-17 23:20:00,5927.4816,3275.4255,summer,day3,37
2025-07-17 23:25:00,5834.090399999999,3258.099,summer,day3,37
2025-07-17 23:30:00,5615.3124,3240.6118,summer,day3,37
2025-07-17 23:35:00,5421.51,3211.4697,summer,day3,37
2025-07-17 23:40:00,5291.3436,3177.653,summer,day3,37
2025-07-17 23:45:00,6521.7792,3146.7354,summer,day3,37
2025-07-17 23:50:00,5161.5504,3121.2078,summer,day3,37
2025-07-17 23:55:00,4628.9604,3112.2136,summer,day3,37
2025-08-08 00:00:00,2905.4832,3523.404,summer,day4,33
2025-08-08 00:05:00,2841.84,3523.6963,summer,day4,33
2025-08-08 00:10:00,3052.6944,3518.045,summer,day4,33
2025-08-08 00:15:00,3142.6728,3514.0718,summer,day4,33
2025-08-08 00:20:00,2870.1984,3509.6448,summer,day4,33
2025-08-08 00:25:00,2817.8292,3510.7048,summer,day4,33
2025-08-08 00:30:00,2915.0568,3510.3,summer,day4,33
2025-08-08 00:35:00,2962.2383999999997,3513.45,summer,day4,33
2025-08-08 00:40:00,2623.6164,3515.819,summer,day4,33
2025-08-08 00:45:00,2690.5608,3519.8948,summer,day4,33
2025-08-08 00:50:00,2906.832,3526.4985,summer,day4,33
2025-08-08 00:55:00,2565.0204,3527.0605,summer,day4,33
2025-08-08 01:00:00,2503.4616,3550.0625,summer,day4,33
2025-08-08 01:05:00,2474.418,3550.2234,summer,day4,33
2025-08-08 01:10:00,2648.3604,3537.9148,summer,day4,33
2025-08-08 01:15:00,2786.8572,3523.5005,summer,day4,33
2025-08-08 01:20:00,2711.532,3505.5115,summer,day4,33
2025-08-08 01:25:00,2803.4472,3490.3828,summer,day4,33
2025-08-08 01:30:00,2854.1808,3473.5046,summer,day4,33
2025-08-08 01:35:00,2967.666,3460.084,summer,day4,33
2025-08-08 01:40:00,2924.532,3447.1882,summer,day4,33
2025-08-08 01:45:00,2853.4332,3437.216,summer,day4,33
2025-08-08 01:50:00,2575.8959999999997,3431.889,summer,day4,33
2025-08-08 01:55:00,2489.8164,3424.5742,summer,day4,33
2025-08-08 02:00:00,2426.1984,3446.7266,summer,day4,33
2025-08-08 02:05:00,2760.0792,3448.8777,summer,day4,33
2025-08-08 02:10:00,3409.6788,3443.1885,summer,day4,33
2025-08-08 02:15:00,3478.7292,3438.8584,summer,day4,33
2025-08-08 02:20:00,3429.4031999999997,3433.0452,summer,day4,33
2025-08-08 02:25:00,3368.4684,3428.965,summer,day4,33
2025-08-08 02:30:00,3050.1252,3422.2087,summer,day4,33
2025-08-08 02:35:00,2940.1956,3416.218,summer,day4,33
2025-08-08 02:40:00,3120.0227999999997,3407.781,summer,day4,33
2025-08-08 02:45:00,4267.158,3398.4148,summer,day4,33
2025-08-08 02:50:00,4474.515600000001,3388.9219,summer,day4,33
2025-08-08 02:55:00,3739.8084000000003,3373.9216,summer,day4,33
2025-08-08 03:00:00,5022.6144,3370.6797,summer,day4,33
2025-08-08 03:05:00,4454.8908,3356.7466,summer,day4,33
2025-08-08 03:10:00,2717.2367999999997,3333.1199,summer,day4,33
2025-08-08 03:15:00,3616.4352,3311.2297,summer,day4,33
2025-08-08 03:20:00,5155.7544,3291.0874,summer,day4,33
2025-08-08 03:25:00,3559.5,3275.8862,summer,day4,33
2025-08-08 03:30:00,2605.1423999999997,3263.501,summer,day4,33
2025-08-08 03:35:00,2508.5832,3256.6426,summer,day4,33
2025-08-08 03:40:00,2695.8588000000004,3252.3296,summer,day4,33
2025-08-08 03:45:00,2457.4272,3250.731,summer,day4,33
2025-08-08 03:50:00,2337.6576,3252.6511,summer,day4,33
2025-08-08 03:55:00,2346.7884,3252.4175,summer,day4,33
2025-08-08 04:00:00,2334.5664,3189.1624,summer,day4,33
2025-08-08 04:05:00,2381.9700000000003,3193.793,summer,day4,33
2025-08-08 04:10:00,2430.6504,3188.4866,summer,day4,33
2025-08-08 04:15:00,2522.2812,3183.1917,summer,day4,33
2025-08-08 04:20:00,2233.764,3177.1873,summer,day4,33
2025-08-08 04:25:00,2555.6351999999997,3173.1611,summer,day4,33
2025-08-08 04:30:00,2582.2488000000003,3168.7334,summer,day4,33
2025-08-08 04:35:00,3999.4116000000004,3167.402,summer,day4,33
2025-08-08 04:40:00,2532.3635999999997,3165.484,summer,day4,33
2025-08-08 04:45:00,2868.2604,3163.081,summer,day4,33
2025-08-08 04:50:00,3039.5508,3161.7588,summer,day4,33
2025-08-08 04:55:00,2912.1144,3156.0994,summer,day4,33
2025-08-08 05:00:00,2723.4708,3020.6357,summer,day4,33
2025-08-08 05:05:00,2702.4924,3016.3813,summer,day4,33
2025-08-08 05:10:00,2537.0099999999998,3004.6333,summer,day4,33
2025-08-08 05:15:00,2216.7768,2993.894,summer,day4,33
2025-08-08 05:20:00,2429.4576,2984.397,summer,day4,33
2025-08-08 05:25:00,2355.9864000000002,2978.2832,summer,day4,33
2025-08-08 05:30:00,2164.7628,2973.859,summer,day4,33
2025-08-08 05:35:00,2109.3347999999996,2975.38,summer,day4,33
2025-08-08 05:40:00,2062.8455999999996,2978.3972,summer,day4,33
2025-08-08 05:45:00,2216.46,2982.2861,summer,day4,33
2025-08-08 05:50:00,2434.5024,2988.9668,summer,day4,33
2025-08-08 05:55:00,2256.9624,2992.523,summer,day4,33
2025-08-08 06:00:00,2086.1076000000003,3005.9438,summer,day4,33
2025-08-08 06:05:00,2038.9080000000001,3011.7146,summer,day4,33
2025-08-08 06:10:00,2045.8739999999998,3009.022,summer,day4,33
2025-08-08 06:15:00,2038.7652000000003,3006.5474,summer,day4,33
2025-08-08 06:20:00,2295.6876,3004.8826,summer,day4,33
2025-08-08 06:25:00,2334.8376,3005.4172,summer,day4,33
2025-08-08 06:30:00,2314.3343999999997,3007.1157,summer,day4,33
2025-08-08 06:35:00,2259.6408,3013.848,summer,day4,33
2025-08-08 06:40:00,2163.0119999999997,3021.905,summer,day4,33
2025-08-08 06:45:00,2305.9932,3031.311,summer,day4,33
2025-08-08 06:50:00,2580.3732,3043.9092,summer,day4,33
2025-08-08 06:55:00,2479.3308,3054.2192,summer,day4,33
2025-08-08 07:00:00,2469.1236,3263.1313,summer,day4,33
2025-08-08 07:05:00,2567.5296,3277.1306,summer,day4,33
2025-08-08 07:10:00,2516.7912,3279.0981,summer,day4,33
2025-08-08 07:15:00,2933.8487999999998,3279.5327,summer,day4,33
2025-08-08 07:20:00,4157.588400000001,3278.1738,summer,day4,33
2025-08-08 07:25:00,3769.9464,3277.7256,summer,day4,33
2025-08-08 07:30:00,3520.6008,3277.39,summer,day4,33
2025-08-08 07:35:00,3993.84,3280.9368,summer,day4,33
2025-08-08 07:40:00,3469.446,3286.283,summer,day4,33
2025-08-08 07:45:00,3332.5608,3294.069,summer,day4,33
2025-08-08 07:50:00,4370.982,3304.7834,summer,day4,33
2025-08-08 07:55:00,5928.4632,3313.0303,summer,day4,33
2025-08-08 08:00:00,6051.9216,3571.6165,summer,day4,33
2025-08-08 08:05:00,7442.5740000000005,3584.1255,summer,day4,33
2025-08-08 08:10:00,6914.742,3583.7659,summer,day4,33
2025-08-08 08:15:00,4370.236800000001,3582.548,summer,day4,33
2025-08-08 08:20:00,3859.41,3579.438,summer,day4,33
2025-08-08 08:25:00,3873.5616,3577.7627,summer,day4,33
2025-08-08 08:30:00,3982.8959999999997,3575.4883,summer,day4,33
2025-08-08 08:35:00,4137.0887999999995,3574.6724,summer,day4,33
2025-08-08 08:40:00,4582.818,3574.6306,summer,day4,33
2025-08-08 08:45:00,4052.8572,3576.4644,summer,day4,33
2025-08-08 08:50:00,3729.6876,3579.7551,summer,day4,33
2025-08-08 08:55:00,3790.8612000000003,3579.888,summer,day4,33
2025-08-08 09:00:00,3798.4464,3686.0562,summer,day4,33
2025-08-08 09:05:00,5274.7428,3688.2449,summer,day4,33
2025-08-08 09:10:00,4159.0452000000005,3680.3425,summer,day4,33
2025-08-08 09:15:00,4181.5740000000005,3673.6191,summer,day4,33
2025-08-08 09:20:00,5541.3996,3668.2004,summer,day4,33
2025-08-08 09:25:00,4343.9496,3667.6863,summer,day4,33
2025-08-08 09:30:00,5387.140799999999,3669.843,summer,day4,33
2025-08-08 09:35:00,4316.7192,3675.6853,summer,day4,33
2025-08-08 09:40:00,4500.069600000001,3683.9353,summer,day4,33
2025-08-08 09:45:00,4473.2916,3694.5286,summer,day4,33
2025-08-08 09:50:00,6840.2064,3705.8442,summer,day4,33
2025-08-08 09:55:00,5347.7736,3712.96,summer,day4,33
2025-08-08 10:00:00,4514.2572,3710.5483,summer,day4,33
2025-08-08 10:05:00,5084.0124,3718.8777,summer,day4,33
2025-08-08 10:10:00,5008.0896,3715.3484,summer,day4,33
2025-08-08 10:15:00,4081.65,3711.8428,summer,day4,33
2025-08-08 10:20:00,4155.3396,3708.7095,summer,day4,33
2025-08-08 10:25:00,4868.2476,3709.9731,summer,day4,33
2025-08-08 10:30:00,5180.252399999999,3713.574,summer,day4,33
2025-08-08 10:35:00,4211.556,3720.6702,summer,day4,33
2025-08-08 10:40:00,4728.6048,3730.839,summer,day4,33
2025-08-08 10:45:00,4576.3128,3744.0366,summer,day4,33
2025-08-08 10:50:00,4665.6708,3758.9573,summer,day4,33
2025-08-08 10:55:00,3503.478,3770.2769,summer,day4,33
2025-08-08 11:00:00,3574.1040000000003,3728.5251,summer,day4,33
2025-08-08 11:05:00,3782.2296,3744.8936,summer,day4,33
2025-08-08 11:10:00,5051.9436000000005,3751.0115,summer,day4,33
2025-08-08 11:15:00,4720.2924,3758.1833,summer,day4,33
2025-08-08 11:20:00,5171.43,3765.957,summer,day4,33
2025-08-08 11:25:00,5189.8332,3779.3594,summer,day4,33
2025-08-08 11:30:00,6781.4364000000005,3794.546,summer,day4,33
2025-08-08 11:35:00,5262.777599999999,3813.0564,summer,day4,33
2025-08-08 11:40:00,5481.5484,3833.7227,summer,day4,33
2025-08-08 11:45:00,4569.4092,3855.624,summer,day4,33
2025-08-08 11:50:00,2638.8288000000002,3876.2712,summer,day4,33
2025-08-08 11:55:00,2600.8296,3889.2827,summer,day4,33
2025-08-08 12:00:00,2749.0620000000004,3960.4329,summer,day4,33
2025-08-08 12:05:00,3770.9472,3973.0981,summer,day4,33
2025-08-08 12:10:00,4299.8112,3973.2817,summer,day4,33
2025-08-08 12:15:00,4665.4152,3972.1833,summer,day4,33
2025-08-08 12:20:00,2908.5612,3970.0203,summer,day4,33
2025-08-08 12:25:00,2706.7356,3973.8406,summer,day4,33
2025-08-08 12:30:00,2959.0415999999996,3978.8743,summer,day4,33
2025-08-08 12:35:00,2706.6168000000002,3987.2273,summer,day4,33
2025-08-08 12:40:00,2692.866,3998.5303,summer,day4,33
2025-08-08 12:45:00,2798.7972,4012.4731,summer,day4,33
2025-08-08 12:50:00,2721.0768,4026.6426,summer,day4,33
2025-08-08 12:55:00,3447.0324,4034.7744,summer,day4,33
2025-08-08 13:00:00,3030.2988,4076.1921,summer,day4,33
2025-08-08 13:05:00,3751.1796000000004,4088.367,summer,day4,33
2025-08-08 13:10:00,4783.0992,4092.1868,summer,day4,33
2025-08-08 13:15:00,7185.755999999999,4095.8545,summer,day4,33
2025-08-08 13:20:00,5689.8216,4098.898,summer,day4,33
2025-08-08 13:25:00,5006.1312,4108.887,summer,day4,33
2025-08-08 13:30:00,3681.2316,4120.581,summer,day4,33
2025-08-08 13:35:00,3398.9496,4135.7925,summer,day4,33
2025-08-08 13:40:00,4802.8212,4154.998,summer,day4,33
2025-08-08 13:45:00,3532.0811999999996,4177.5376,summer,day4,33
2025-08-08 13:50:00,5046.8928,4198.3345,summer,day4,33
2025-08-08 13:55:00,3782.6591999999996,4210.673,summer,day4,33
2025-08-08 14:00:00,5003.0352,4252.8486,summer,day4,33
2025-08-08 14:05:00,4340.454,4260.258,summer,day4,33
2025-08-08 14:10:00,4120.7292,4254.2827,summer,day4,33
2025-08-08 14:15:00,3413.1551999999997,4244.7803,summer,day4,33
2025-08-08 14:20:00,3355.8695999999995,4231.339,summer,day4,33
2025-08-08 14:25:00,3638.7228000000005,4225.5933,summer,day4,33
2025-08-08 14:30:00,4723.7112,4221.1133,summer,day4,33
2025-08-08 14:35:00,5800.7076,4220.335,summer,day4,33
2025-08-08 14:40:00,4699.6812,4224.357,summer,day4,33
2025-08-08 14:45:00,4796.1576000000005,4233.103,summer,day4,33
2025-08-08 14:50:00,4215.8184,4241.7783,summer,day4,33
2025-08-08 14:55:00,3505.9067999999997,4245.562,summer,day4,33
2025-08-08 15:00:00,3366.9396,4238.3896,summer,day4,33
2025-08-08 15:05:00,2607.7943999999998,4249.194,summer,day4,33
2025-08-08 15:10:00,2683.9067999999997,4250.9043,summer,day4,33
2025-08-08 15:15:00,3289.518,4252.298,summer,day4,33
2025-08-08 15:20:00,3239.2763999999997,4248.4062,summer,day4,33
2025-08-08 15:25:00,3709.536,4251.51,summer,day4,33
2025-08-08 15:30:00,3970.7555999999995,4251.2065,summer,day4,33
2025-08-08 15:35:00,3985.5864,4249.6714,summer,day4,33
2025-08-08 15:40:00,4568.6796,4246.8765,summer,day4,33
2025-08-08 15:45:00,3415.3487999999998,4242.4873,summer,day4,33
2025-08-08 15:50:00,4920.3684,4229.9443,summer,day4,33
2025-08-08 15:55:00,3361.9080000000004,4204.517,summer,day4,33
2025-08-08 16:00:00,3421.9584000000004,3964.1604,summer,day4,33
2025-08-08 16:05:00,3696.834,3934.6072,summer,day4,33
2025-08-08 16:10:00,4050.3455999999996,3895.4436,summer,day4,33
2025-08-08 16:15:00,4786.476000000001,3858.6023,summer,day4,33
2025-08-08 16:20:00,5060.3364,3822.7915,summer,day4,33
2025-08-08 16:25:00,3897.1176,3799.909,summer,day4,33
2025-08-08 16:30:00,4117.412399999999,3780.288,summer,day4,33
2025-08-08 16:35:00,3502.3224,3769.4958,summer,day4,33
2025-08-08 16:40:00,3515.2404,3764.305,summer,day4,33
2025-08-08 16:45:00,4857.1788,3763.8381,summer,day4,33
2025-08-08 16:50:00,4484.3351999999995,3765.0159,summer,day4,33
2025-08-08 16:55:00,3655.2156000000004,3758.1304,summer,day4,33
2025-08-08 17:00:00,3561.2088000000003,3495.3826,summer,day4,33
2025-08-08 17:05:00,3523.1760000000004,3490.6458,summer,day4,33
2025-08-08 17:10:00,3922.7532,3476.0596,summer,day4,33
2025-08-08 17:15:00,4652.664,3460.7754,summer,day4,33
2025-08-08 17:20:00,4405.8264,3443.6814,summer,day4,33
2025-08-08 17:25:00,4178.4924,3434.1985,summer,day4,33
2025-08-08 17:30:00,5473.3824,3423.4072,summer,day4,33
2025-08-08 17:35:00,3859.8455999999996,3418.9106,summer,day4,33
2025-08-08 17:40:00,3788.3196000000003,3416.0583,summer,day4,33
2025-08-08 17:45:00,4298.9592,3415.1746,summer,day4,33
2025-08-08 17:50:00,3523.536,3416.915,summer,day4,33
2025-08-08 17:55:00,3408.1704,3412.6619,summer,day4,33
2025-08-08 18:00:00,3892.5996,3344.17,summer,day4,33
2025-08-08 18:05:00,5197.6044,3348.2788,summer,day4,33
2025-08-08 18:10:00,4862.986800000001,3345.0032,summer,day4,33
2025-08-08 18:15:00,3944.046,3341.8364,summer,day4,33
2025-08-08 18:20:00,3285.3455999999996,3336.8562,summer,day4,33
2025-08-08 18:25:00,2748.4847999999997,3337.377,summer,day4,33
2025-08-08 18:30:00,2445.9864000000002,3334.6768,summer,day4,33
2025-08-08 18:35:00,2176.9584000000004,3336.319,summer,day4,33
2025-08-08 18:40:00,2878.4148,3336.8748,summer,day4,33
2025-08-08 18:45:00,2829.4811999999997,3336.4663,summer,day4,33
2025-08-08 18:50:00,2444.1924,3335.8657,summer,day4,33
2025-08-08 18:55:00,2611.938,3326.6611,summer,day4,33
2025-08-08 19:00:00,3374.5512000000003,3358.0754,summer,day4,33
2025-08-08 19:05:00,2960.0088000000005,3353.8865,summer,day4,33
2025-08-08 19:10:00,4092.1416,3341.3574,summer,day4,33
2025-08-08 19:15:00,4772.0532,3328.7654,summer,day4,33
2025-08-08 19:20:00,2430.786,3314.9353,summer,day4,33
2025-08-08 19:25:00,2479.8048,3306.9346,summer,day4,33
2025-08-08 19:30:00,2630.2752,3296.2913,summer,day4,33
2025-08-08 19:35:00,2845.0608,3290.386,summer,day4,33
2025-08-08 19:40:00,2938.3392,3283.652,summer,day4,33
2025-08-08 19:45:00,2988.6756,3276.332,summer,day4,33
2025-08-08 19:50:00,4017.8328,3269.9644,summer,day4,33
2025-08-08 19:55:00,2619.2712,3256.8113,summer,day4,33
2025-08-08 20:00:00,2265.0191999999997,3162.7607,summer,day4,33
2025-08-08 20:05:00,2141.1264,3156.5964,summer,day4,33
2025-08-08 20:10:00,2102.7912,3144.8784,summer,day4,33
2025-08-08 20:15:00,2098.248,3134.5913,summer,day4,33
2025-08-08 20:20:00,2046.3192,3124.2178,summer,day4,33
2025-08-08 20:25:00,2141.1876,3119.5479,summer,day4,33
2025-08-08 20:30:00,2322.7776,3112.6782,summer,day4,33
2025-08-08 20:35:00,2007.8604,3111.4958,summer,day4,33
2025-08-08 20:40:00,2347.452,3109.9417,summer,day4,33
2025-08-08 20:45:00,2397.0984,3108.3794,summer,day4,33
2025-08-08 20:50:00,2293.8131999999996,3108.4915,summer,day4,33
2025-08-08 20:55:00,2290.6295999999998,3103.9395,summer,day4,33
2025-08-08 21:00:00,2288.046,3005.7515,summer,day4,33
2025-08-08 21:05:00,2324.6964,3005.1895,summer,day4,33
2025-08-08 21:10:00,2523.294,2998.68,summer,day4,33
2025-08-08 21:15:00,2329.0008000000003,2992.4019,summer,day4,33
2025-08-08 21:20:00,2381.2511999999997,2985.1929,summer,day4,33
2025-08-08 21:25:00,2403.864,2981.8516,summer,day4,33
2025-08-08 21:30:00,2394.0804,2977.0664,summer,day4,33
2025-08-08 21:35:00,2208.7619999999997,2977.6848,summer,day4,33
2025-08-08 21:40:00,2059.0595999999996,2978.3872,summer,day4,33
2025-08-08 21:45:00,2403.7248,2979.2786,summer,day4,33
2025-08-08 21:50:00,2643.1368,2981.1106,summer,day4,33
2025-08-08 21:55:00,2519.4636,2979.565,summer,day4,33
2025-08-08 22:00:00,2748.9156000000003,2909.0918,summer,day4,33
2025-08-08 22:05:00,2819.1731999999997,2910.31,summer,day4,33
2025-08-08 22:10:00,2797.3787999999995,2905.8176,summer,day4,33
2025-08-08 22:15:00,2728.8216,2902.4307,summer,day4,33
2025-08-08 22:20:00,2633.6316,2899.2285,summer,day4,33
2025-08-08 22:25:00,2613.8088,2900.5078,summer,day4,33
2025-08-08 22:30:00,2962.7928,2902.6633,summer,day4,33
2025-08-08 22:35:00,2505.8232,2911.942,summer,day4,33
2025-08-08 22:40:00,2656.6367999999998,2924.255,summer,day4,33
2025-08-08 22:45:00,2846.6796,2939.874,summer,day4,33
2025-08-08 22:50:00,2746.4292,2958.897,summer,day4,33
2025-08-08 22:55:00,2563.2732,2977.4363,summer,day4,33
2025-08-08 23:00:00,2549.2188,2838.0244,summer,day4,33
2025-08-08 23:05:00,2521.6368,2848.8613,summer,day4,33
2025-08-08 23:10:00,2702.8176,2850.8184,summer,day4,33
2025-08-08 23:15:00,2504.3064,2849.5417,summer,day4,33
2025-08-08 23:20:00,2510.2596000000003,2843.946,summer,day4,33
2025-08-08 23:25:00,2516.4468,2838.8938,summer,day4,33
2025-08-08 23:30:00,2216.4096,2831.4805,summer,day4,33
2025-08-08 23:35:00,2404.7748,2827.9883,summer,day4,33
2025-08-08 23:40:00,2587.326,2824.1736,summer,day4,33
2025-08-08 23:45:00,2509.5348,2819.7573,summer,day4,33
2025-08-08 23:50:00,2691.5496000000003,2815.2896,summer,day4,33
2025-08-08 23:55:00,2451.072,2809.184,summer,day4,33
2025-08-31 00:00:00,2182.0248,2456.0242,summer,day5,37
2025-08-31 00:05:00,2171.3016,2451.748,summer,day5,37
2025-08-31 00:10:00,2179.698,2448.2168,summer,day5,37
2025-08-31 00:15:00,2367.0263999999997,2445.9858,summer,day5,37
2025-08-31 00:20:00,2488.9332,2444.2102,summer,day5,37
2025-08-31 00:25:00,2413.3188,2443.4622,summer,day5,37
2025-08-31 00:30:00,2379.0276,2443.551,summer,day5,37
2025-08-31 00:35:00,2326.3428,2444.1558,summer,day5,37
2025-08-31 00:40:00,2281.1736,2445.163,summer,day5,37
2025-08-31 00:45:00,2240.9832,2446.2427,summer,day5,37
2025-08-31 00:50:00,2339.43,2447.7869,summer,day5,37
2025-08-31 00:55:00,2428.9248,2449.0818,summer,day5,37
2025-08-31 01:00:00,2334.294,2432.5134,summer,day5,37
2025-08-31 01:05:00,2190.9312,2434.8271,summer,day5,37
2025-08-31 01:10:00,2169.1596,2437.5576,summer,day5,37
2025-08-31 01:15:00,2111.2547999999997,2441.306,summer,day5,37
2025-08-31 01:20:00,2149.638,2445.219,summer,day5,37
2025-08-31 01:25:00,2269.2131999999997,2449.8003,summer,day5,37
2025-08-31 01:30:00,2388.1440000000002,2454.6467,summer,day5,37
2025-08-31 01:35:00,2309.5524,2459.602,summer,day5,37
2025-08-31 01:40:00,2106.84,2464.1355,summer,day5,37
2025-08-31 01:45:00,2144.9196,2467.9705,summer,day5,37
2025-08-31 01:50:00,2150.5368000000003,2471.9976,summer,day5,37
2025-08-31 01:55:00,2092.8300000000004,2475.1602,summer,day5,37
2025-08-31 02:00:00,2155.7448,2488.657,summer,day5,37
2025-08-31 02:05:00,2274.1344,2491.567,summer,day5,37
2025-08-31 02:10:00,2262.8508,2494.129,summer,day5,37
2025-08-31 02:15:00,2125.1784,2497.2905,summer,day5,37
2025-08-31 02:20:00,2130.1404,2500.0608,summer,day5,37
2025-08-31 02:25:00,2179.1448,2503.6858,summer,day5,37
2025-08-31 02:30:00,2169.3563999999997,2507.654,summer,day5,37
2025-08-31 02:35:00,2281.506,2512.479,summer,day5,37
2025-08-31 02:40:00,2460.4584,2517.4624,summer,day5,37
2025-08-31 02:45:00,2300.6772,2522.1558,summer,day5,37
2025-08-31 02:50:00,2135.4096,2527.71,summer,day5,37
2025-08-31 02:55:00,2109.5292,2532.6138,summer,day5,37
2025-08-31 03:00:00,2105.1396,2622.2375,summer,day5,37
2025-08-31 03:05:00,2159.7383999999997,2629.1113,summer,day5,37
2025-08-31 03:10:00,2250.6012,2635.6365,summer,day5,37
2025-08-31 03:15:00,2335.6188,2643.487,summer,day5,37
2025-08-31 03:20:00,2230.9847999999997,2650.6523,summer,day5,37
2025-08-31 03:25:00,2123.4684,2658.7378,summer,day5,37
2025-08-31 03:30:00,2129.9424,2666.2546,summer,day5,37
2025-08-31 03:35:00,2201.3148,2672.9836,summer,day5,37
2025-08-31 03:40:00,2191.3212,2678.2263,summer,day5,37
2025-08-31 03:45:00,2239.4388,2680.4246,summer,day5,37
2025-08-31 03:50:00,2352.6924,2682.6643,summer,day5,37
2025-08-31 03:55:00,2211.0936,2683.8901,summer,day5,37
2025-08-31 04:00:00,2164.3068,2662.6375,summer,day5,37
2025-08-31 04:05:00,2287.62,2667.0378,summer,day5,37
2025-08-31 04:10:00,2700.0996,2671.6123,summer,day5,37
2025-08-31 04:15:00,2477.7419999999997,2678.1575,summer,day5,37
2025-08-31 04:20:00,2596.2275999999997,2684.2268,summer,day5,37
2025-08-31 04:25:00,2646.3095999999996,2691.0679,summer,day5,37
2025-08-31 04:30:00,2636.9880000000003,2697.0159,summer,day5,37
2025-08-31 04:35:00,2435.2727999999997,2702.3965,summer,day5,37
2025-08-31 04:40:00,2260.7400000000002,2706.9912,summer,day5,37
2025-08-31 04:45:00,2271.9948,2709.118,summer,day5,37
2025-08-31 04:50:00,2605.2828,2711.4119,summer,day5,37
2025-08-31 04:55:00,2715.6156,2712.0378,summer,day5,37
2025-08-31 05:00:00,2876.3772,2615.354,summer,day5,37
2025-08-31 05:05:00,2702.5811999999996,2616.5884,summer,day5,37
2025-08-31 05:10:00,2473.926,2616.738,summer,day5,37
2025-08-31 05:15:00,2450.0244,2616.9648,summer,day5,37
2025-08-31 05:20:00,2296.3368,2615.0522,summer,day5,37
2025-08-31 05:25:00,2158.2192000000005,2612.676,summer,day5,37
2025-08-31 05:30:00,2101.218,2609.155,summer,day5,37
2025-08-31 05:35:00,2207.7648,2605.5754,summer,day5,37
2025-08-31 05:40:00,2161.4616,2601.7075,summer,day5,37
2025-08-31 05:45:00,2376.87,2596.5127,summer,day5,37
2025-08-31 05:50:00,2385.6744,2592.1262,summer,day5,37
2025-08-31 05:55:00,2232.6072,2587.18,summer,day5,37
2025-08-31 06:00:00,2064.4416,2575.1726,summer,day5,37
2025-08-31 06:05:00,2381.2632000000003,2573.3994,summer,day5,37
2025-08-31 06:10:00,2458.8036,2572.179,summer,day5,37
2025-08-31 06:15:00,2302.2167999999997,2573.2087,summer,day5,37
2025-08-31 06:20:00,2281.3416,2574.5044,summer,day5,37
2025-08-31 06:25:00,2290.0896000000002,2577.8108,summer,day5,37
2025-08-31 06:30:00,2123.9892,2581.7612,summer,day5,37
2025-08-31 06:35:00,2123.946,2587.3906,summer,day5,37
2025-08-31 06:40:00,2096.8224,2594.4941,summer,day5,37
2025-08-31 06:45:00,1990.8756,2602.1997,summer,day5,37
2025-08-31 06:50:00,1907.2992,2613.0225,summer,day5,37
2025-08-31 06:55:00,1924.4784,2624.9214,summer,day5,37
2025-08-31 07:00:00,1899.3,2754.8064,summer,day5,37
2025-08-31 07:05:00,1934.532,2777.3743,summer,day5,37
2025-08-31 07:10:00,2058.1404,2799.609,summer,day5,37
2025-08-31 07:15:00,2033.2908,2824.1638,summer,day5,37
2025-08-31 07:20:00,1949.8044000000002,2847.8523,summer,day5,37
2025-08-31 07:25:00,1825.3044000000002,2872.2742,summer,day5,37
2025-08-31 07:30:00,1910.9268,2894.484,summer,day5,37
2025-08-31 07:35:00,2020.998,2915.5552,summer,day5,37
2025-08-31 07:40:00,2011.0392,2934.832,summer,day5,37
2025-08-31 07:45:00,2001.1487999999997,2951.155,summer,day5,37
2025-08-31 07:50:00,2134.5996,2968.4526,summer,day5,37
2025-08-31 07:55:00,2044.752,2983.652,summer,day5,37
2025-08-31 08:00:00,1855.0716,3115.2317,summer,day5,37
2025-08-31 08:05:00,1842.3108,3132.2058,summer,day5,37
2025-08-31 08:10:00,1864.1748,3145.349,summer,day5,37
2025-08-31 08:15:00,1817.7900000000002,3158.2637,summer,day5,37
2025-08-31 08:20:00,1829.7252,3169.1782,summer,day5,37
2025-08-31 08:25:00,2058.3815999999997,3179.889,summer,day5,37
2025-08-31 08:30:00,2041.7628,3189.4983,summer,day5,37
2025-08-31 08:35:00,1887.4584,3197.7095,summer,day5,37
2025-08-31 08:40:00,1857.786,3204.2068,summer,day5,37
2025-08-31 08:45:00,1862.8727999999999,3208.0193,summer,day5,37
2025-08-31 08:50:00,1895.7408,3211.62,summer,day5,37
2025-08-31 08:55:00,1874.7972000000002,3212.0078,summer,day5,37
2025-08-31 09:00:00,2894.6099999999997,3336.1409,summer,day5,37
2025-08-31 09:05:00,4606.0332,3337.2395,summer,day5,37
2025-08-31 09:10:00,4738.5612,3334.7798,summer,day5,37
2025-08-31 09:15:00,4384.8336,3333.7114,summer,day5,37
2025-08-31 09:20:00,2424.528,3333.4424,summer,day5,37
2025-08-31 09:25:00,2227.5624,3335.3347,summer,day5,37
2025-08-31 09:30:00,2263.3368,3338.6572,summer,day5,37
2025-08-31 09:35:00,2350.8504000000003,3341.6414,summer,day5,37
2025-08-31 09:40:00,2626.5012,3343.7126,summer,day5,37
2025-08-31 09:45:00,1964.9772,3344.5286,summer,day5,37
2025-08-31 09:50:00,1971.7044,3346.4497,summer,day5,37
2025-08-31 09:55:00,2005.4256,3347.6104,summer,day5,37
2025-08-31 10:00:00,2067.1572,3368.1506,summer,day5,37
2025-08-31 10:05:00,2244.852,3373.7886,summer,day5,37
2025-08-31 10:10:00,3416.1023999999998,3376.3843,summer,day5,37
2025-08-31 10:15:00,3862.4364,3379.2527,summer,day5,37
2025-08-31 10:20:00,3836.4936000000002,3381.4778,summer,day5,37
2025-08-31 10:25:00,3223.632,3383.8345,summer,day5,37
2025-08-31 10:30:00,2984.226,3386.3237,summer,day5,37
2025-08-31 10:35:00,2255.4672,3388.2275,summer,day5,37
2025-08-31 10:40:00,3035.508,3389.948,summer,day5,37
2025-08-31 10:45:00,3573.0192,3392.104,summer,day5,37
2025-08-31 10:50:00,3498.6192,3396.1191,summer,day5,37
2025-08-31 10:55:00,2997.8003999999996,3399.2053,summer,day5,37
2025-08-31 11:00:00,2643.792,3404.3916,summer,day5,37
2025-08-31 11:05:00,3442.1771999999996,3409.424,summer,day5,37
2025-08-31 11:10:00,2188.5804,3410.494,summer,day5,37
2025-08-31 11:15:00,2405.3496,3411.2341,summer,day5,37
2025-08-31 11:20:00,2584.6979999999994,3411.2598,summer,day5,37
2025-08-31 11:25:00,2462.0099999999998,3411.9807,summer,day5,37
2025-08-31 11:30:00,2161.662,3412.8262,summer,day5,37
2025-08-31 11:35:00,2140.29,3413.272,summer,day5,37
2025-08-31 11:40:00,2179.4292,3412.9917,summer,day5,37
2025-08-31 11:45:00,2256.7428,3412.3525,summer,day5,37
2025-08-31 11:50:00,2426.5632,3412.175,summer,day5,37
2025-08-31 11:55:00,2053.9788,3409.251,summer,day5,37
2025-08-31 12:00:00,2084.1984,3400.8694,summer,day5,37
2025-08-31 12:05:00,2074.7232,3397.9102,summer,day5,37
2025-08-31 12:10:00,2848.9848,3391.4697,summer,day5,37
2025-08-31 12:15:00,3339.7188,3385.6238,summer,day5,37
2025-08-31 12:20:00,2250.9828,3380.2622,summer,day5,37
2025-08-31 12:25:00,2207.862,3376.318,summer,day5,37
2025-08-31 12:30:00,2535.6792,3373.318,summer,day5,37
2025-08-31 12:35:00,2224.3764,3370.121,summer,day5,37
2025-08-31 12:40:00,2402.472,3366.1265,summer,day5,37
2025-08-31 12:45:00,2056.6992,3361.282,summer,day5,37
2025-08-31 12:50:00,1929.1284,3356.572,summer,day5,37
2025-08-31 12:55:00,2071.3872,3350.1152,summer,day5,37
2025-08-31 13:00:00,2795.3724,3342.9978,summer,day5,37
2025-08-31 13:05:00,3846.1284,3340.0889,summer,day5,37
2025-08-31 13:10:00,5238.2124,3334.5632,summer,day5,37
2025-08-31 13:15:00,4509.752399999999,3329.7595,summer,day5,37
2025-08-31 13:20:00,4622.245199999999,3325.4373,summer,day5,37
2025-08-31 13:25:00,4373.318399999999,3321.873,summer,day5,37
2025-08-31 13:30:00,4350.6972000000005,3318.7703,summer,day5,37
2025-08-31 13:35:00,5883.780000000001,3315.1526,summer,day5,37
2025-08-31 13:40:00,4219.455599999999,3311.8909,summer,day5,37
2025-08-31 13:45:00,4279.3428,3309.3733,summer,day5,37
2025-08-31 13:50:00,4733.3724,3308.5964,summer,day5,37
2025-08-31 13:55:00,4474.8588,3307.765,summer,day5,37
2025-08-31 14:00:00,4857.1776,3283.9873,summer,day5,37
2025-08-31 14:05:00,4142.4324,3287.272,summer,day5,37
2025-08-31 14:10:00,5776.6992,3288.3245,summer,day5,37
2025-08-31 14:15:00,4289.4924,3290.2808,summer,day5,37
2025-08-31 14:20:00,4750.2924,3292.784,summer,day5,37
2025-08-31 14:25:00,4333.697999999999,3296.4429,summer,day5,37
2025-08-31 14:30:00,4190.0592,3300.848,summer,day5,37
2025-08-31 14:35:00,5073.8844,3304.6624,summer,day5,37
2025-08-31 14:40:00,4693.2372000000005,3308.613,summer,day5,37
2025-08-31 14:45:00,5723.7504,3312.032,summer,day5,37
2025-08-31 14:50:00,6133.338000000001,3315.7659,summer,day5,37
2025-08-31 14:55:00,4434.3192,3317.6628,summer,day5,37
2025-08-31 15:00:00,4249.2936,3292.5813,summer,day5,37
2025-08-31 15:05:00,4138.8612,3296.5156,summer,day5,37
2025-08-31 15:10:00,5869.584,3297.8435,summer,day5,37
2025-08-31 15:15:00,4105.4856,3300.456,summer,day5,37
2025-08-31 15:20:00,4772.3135999999995,3303.5935,summer,day5,37
2025-08-31 15:25:00,7226.844,3308.2456,summer,day5,37
2025-08-31 15:30:00,4697.1396,3314.2124,summer,day5,37
2025-08-31 15:35:00,4431.940799999999,3320.4895,summer,day5,37
2025-08-31 15:40:00,4453.8396,3328.3486,summer,day5,37
2025-08-31 15:45:00,4339.2372000000005,3336.8206,summer,day5,37
2025-08-31 15:50:00,4215.6876,3347.0457,summer,day5,37
2025-08-31 15:55:00,4487.0496,3356.233,summer,day5,37
2025-08-31 16:00:00,4655.004,3332.3232,summer,day5,37
2025-08-31 16:05:00,6531.1428,3344.6243,summer,day5,37
2025-08-31 16:10:00,5223.3948,3354.4026,summer,day5,37
2025-08-31 16:15:00,5174.808,3366.4912,summer,day5,37
2025-08-31 16:20:00,5001.606,3379.7505,summer,day5,37
2025-08-31 16:25:00,8077.4352,3394.7908,summer,day5,37
2025-08-31 16:30:00,7781.7588000000005,3410.6575,summer,day5,37
2025-08-31 16:35:00,6015.5844,3425.1714,summer,day5,37
2025-08-31 16:40:00,5052.6924,3439.4397,summer,day5,37
2025-08-31 16:45:00,4952.0976,3452.3276,summer,day5,37
2025-08-31 16:50:00,5160.8196,3464.7524,summer,day5,37
2025-08-31 16:55:00,6077.4324,3473.2573,summer,day5,37
2025-08-31 17:00:00,8012.6352,3411.029,summer,day5,37
2025-08-31 17:05:00,6954.955199999999,3415.4004,summer,day5,37
2025-08-31 17:10:00,6484.3824,3411.7935,summer,day5,37
2025-08-31 17:15:00,6229.974,3405.7827,summer,day5,37
2025-08-31 17:20:00,6230.1012,3396.686,summer,day5,37
2025-08-31 17:25:00,6915.224400000001,3385.9875,summer,day5,37
2025-08-31 17:30:00,6302.778,3375.0989,summer,day5,37
2025-08-31 17:35:00,6173.4144,3362.4143,summer,day5,37
2025-08-31 17:40:00,6153.0216,3350.259,summer,day5,37
2025-08-31 17:45:00,6950.794800000001,3337.5051,summer,day5,37
2025-08-31 17:50:00,7280.1576000000005,3325.3052,summer,day5,37
2025-08-31 17:55:00,6939.375599999999,3311.1143,summer,day5,37
2025-08-31 18:00:00,6380.1323999999995,3291.3054,summer,day5,37
2025-08-31 18:05:00,6515.6424,3281.5032,summer,day5,37
2025-08-31 18:10:00,4805.9256000000005,3268.6611,summer,day5,37
2025-08-31 18:15:00,4628.286,3258.6545,summer,day5,37
2025-08-31 18:20:00,4889.294400000001,3250.145,summer,day5,37
2025-08-31 18:25:00,4872.770399999999,3243.9446,summer,day5,37
2025-08-31 18:30:00,3872.9748,3239.3572,summer,day5,37
2025-08-31 18:35:00,3762.5663999999997,3233.4026,summer,day5,37
2025-08-31 18:40:00,3813.8604,3226.7544,summer,day5,37
2025-08-31 18:45:00,3833.7264000000005,3217.7944,summer,day5,37
2025-08-31 18:50:00,3909.7284,3208.8997,summer,day5,37
2025-08-31 18:55:00,3944.4888,3198.0615,summer,day5,37
2025-08-31 19:00:00,5147.4612,3183.2637,summer,day5,37
2025-08-31 19:05:00,4844.462399999999,3177.72,summer,day5,37
2025-08-31 19:10:00,4242.972,3169.2424,summer,day5,37
2025-08-31 19:15:00,3783.0204,3162.2654,summer,day5,37
2025-08-31 19:20:00,3764.4767999999995,3155.1174,summer,day5,37
2025-08-31 19:25:00,3732.8520000000003,3148.2786,summer,day5,37
2025-08-31 19:30:00,3727.3704,3140.2495,summer,day5,37
2025-08-31 19:35:00,3835.8479999999995,3130.5146,summer,day5,37
2025-08-31 19:40:00,4004.9688,3119.6355,summer,day5,37
2025-08-31 19:45:00,3859.8516000000004,3107.3367,summer,day5,37
2025-08-31 19:50:00,4215.4056,3095.746,summer,day5,37
2025-08-31 19:55:00,4371.5676,3081.2517,summer,day5,37
2025-08-31 20:00:00,4049.5752,3047.8936,summer,day5,37
2025-08-31 20:05:00,4192.674,3035.1172,summer,day5,37
2025-08-31 20:10:00,4126.7604,3019.4788,summer,day5,37
2025-08-31 20:15:00,4924.669199999999,3004.8953,summer,day5,37
2025-08-31 20:20:00,4501.0968,2990.36,summer,day5,37
2025-08-31 20:25:00,4050.282,2977.8179,summer,day5,37
2025-08-31 20:30:00,3954.6612,2965.1426,summer,day5,37
2025-08-31 20:35:00,5177.9832,2953.2158,summer,day5,37
2025-08-31 20:40:00,6023.2248,2940.8687,summer,day5,37
2025-08-31 20:45:00,4444.468800000001,2927.585,summer,day5,37
2025-08-31 20:50:00,4218.8928,2915.1797,summer,day5,37
2025-08-31 20:55:00,5574.2136,2899.493,summer,day5,37
2025-08-31 21:00:00,4219.7784,2724.068,summer,day5,37
2025-08-31 21:05:00,3663.756,2712.1025,summer,day5,37
2025-08-31 21:10:00,3199.6356,2699.1316,summer,day5,37
2025-08-31 21:15:00,3130.2432,2687.5725,summer,day5,37
2025-08-31 21:20:00,3049.0476,2676.248,summer,day5,37
2025-08-31 21:25:00,3273.9696,2666.8677,summer,day5,37
2025-08-31 21:30:00,3364.7028,2658.1624,summer,day5,37
2025-08-31 21:35:00,3176.8272,2650.959,summer,day5,37
2025-08-31 21:40:00,3206.7576,2644.6807,summer,day5,37
2025-08-31 21:45:00,3216.1848,2639.3713,summer,day5,37
2025-08-31 21:50:00,3184.5828,2635.973,summer,day5,37
2025-08-31 21:55:00,3230.1228,2632.4258,summer,day5,37
2025-08-31 22:00:00,3364.3284,2588.1738,summer,day5,37
2025-08-31 22:05:00,3308.3316,2587.3582,summer,day5,37
2025-08-31 22:10:00,3490.9008000000003,2585.8867,summer,day5,37
2025-08-31 22:15:00,3602.454,2584.965,summer,day5,37
2025-08-31 22:20:00,3511.1316000000006,2583.602,summer,day5,37
2025-08-31 22:25:00,3519.972,2582.772,summer,day5,37
2025-08-31 22:30:00,3696.5627999999997,2582.0244,summer,day5,37
2025-08-31 22:35:00,3609.7224,2581.6765,summer,day5,37
2025-08-31 22:40:00,3199.3379999999997,2581.4397,summer,day5,37
2025-08-31 22:45:00,2989.5996,2581.3396,summer,day5,37
2025-08-31 22:50:00,3265.2072,2581.8923,summer,day5,37
2025-08-31 22:55:00,3382.1027999999997,2581.8945,summer,day5,37
2025-08-31 23:00:00,3412.0392,2557.245,summer,day5,37
2025-08-31 23:05:00,3385.3644,2557.3218,summer,day5,37
2025-08-31 23:10:00,3303.9276,2556.4424,summer,day5,37
2025-08-31 23:15:00,3277.4028,2555.7527,summer,day5,37
2025-08-31 23:20:00,3480.042,2554.8623,summer,day5,37
2025-08-31 23:25:00,3273.5628,2554.575,summer,day5,37
2025-08-31 23:30:00,3248.9136,2554.6775,summer,day5,37
2025-08-31 23:35:00,3623.5368000000003,2555.0066,summer,day5,37
2025-08-31 23:40:00,3674.1804,2555.0947,summer,day5,37
2025-08-31 23:45:00,3651.9276,2554.898,summer,day5,37
2025-08-31 23:50:00,3458.1588,2554.7056,summer,day5,37
2025-08-31 23:55:00,3396.2532,2553.587,summer,day5,37
