timestamp,actual,prediction,season,day
2025-01-31 00:00:00,2419.7136,2496.271,winter,day1
2025-01-31 00:05:00,2421.2076,2490.2424,winter,day1
2025-01-31 00:10:00,2406.2376,2485.7056,winter,day1
2025-01-31 00:15:00,2448.138,2480.4626,winter,day1
2025-01-31 00:20:00,2446.1592,2474.9175,winter,day1
2025-01-31 00:25:00,2429.3184,2470.706,winter,day1
2025-01-31 00:30:00,2415.4271999999996,2464.805,winter,day1
2025-01-31 00:35:00,2436.0756,2460.5972,winter,day1
2025-01-31 00:40:00,2442.5879999999997,2457.1946,winter,day1
2025-01-31 00:45:00,2489.8392,2456.7131,winter,day1
2025-01-31 00:50:00,2574.8892000000005,2457.7573,winter,day1
2025-01-31 00:55:00,2494.1771999999996,2457.7268,winter,day1
2025-01-31 01:00:00,2460.7032,2458.0156,winter,day1
2025-01-31 01:05:00,2478.7308000000003,2458.9773,winter,day1
2025-01-31 01:10:00,2655.1824,2461.4873,winter,day1
2025-01-31 01:15:00,2623.8792000000003,2463.3633,winter,day1
2025-01-31 01:20:00,2643.6804,2464.9119,winter,day1
2025-01-31 01:25:00,2677.7496,2467.0166,winter,day1
2025-01-31 01:30:00,2612.2164000000002,2468.1138,winter,day1
2025-01-31 01:35:00,2576.718,2471.3752,winter,day1
2025-01-31 01:40:00,2567.16,2474.1794,winter,day1
2025-01-31 01:45:00,2857.2072,2477.2695,winter,day1
2025-01-31 01:50:00,3233.2403999999997,2480.9749,winter,day1
2025-01-31 01:55:00,2634.7596,2484.4446,winter,day1
2025-01-31 02:00:00,3291.1416,2506.996,winter,day1
2025-01-31 02:05:00,2764.3464,2511.9934,winter,day1
2025-01-31 02:10:00,3136.0596,2517.951,winter,day1
2025-01-31 02:15:00,3107.1648,2522.955,winter,day1
2025-01-31 02:20:00,2950.0908,2527.3884,winter,day1
2025-01-31 02:25:00,3388.2504,2531.997,winter,day1
2025-01-31 02:30:00,2792.6447999999996,2536.5803,winter,day1
2025-01-31 02:35:00,3416.9544,2542.4575,winter,day1
2025-01-31 02:40:00,3290.1672,2546.9517,winter,day1
2025-01-31 02:45:00,3310.4148,2549.531,winter,day1
2025-01-31 02:50:00,3021.81,2551.4707,winter,day1
2025-01-31 02:55:00,3089.8908,2553.2751,winter,day1
2025-01-31 03:00:00,3474.132,2583.457,winter,day1
2025-01-31 03:05:00,3120.5652,2584.725,winter,day1
2025-01-31 03:10:00,2604.7464,2586.0654,winter,day1
2025-01-31 03:15:00,3252.3288000000002,2587.0425,winter,day1
2025-01-31 03:20:00,3162.252,2588.13,winter,day1
2025-01-31 03:25:00,2431.2168,2588.6926,winter,day1
2025-01-31 03:30:00,2432.5091999999995,2589.1963,winter,day1
2025-01-31 03:35:00,2455.344,2590.3862,winter,day1
2025-01-31 03:40:00,2557.572,2591.4412,winter,day1
2025-01-31 03:45:00,2469.3948,2591.2678,winter,day1
2025-01-31 03:50:00,2462.4528,2591.722,winter,day1
2025-01-31 03:55:00,2547.384,2592.2969,winter,day1
2025-01-31 04:00:00,2612.8884,2608.698,winter,day1
2025-01-31 04:05:00,2651.478,2608.9526,winter,day1
2025-01-31 04:10:00,2652.9564,2609.474,winter,day1
2025-01-31 04:15:00,2611.4268,2609.8225,winter,day1
2025-01-31 04:20:00,2538.81,2610.4573,winter,day1
2025-01-31 04:25:00,2501.904,2611.2437,winter,day1
2025-01-31 04:30:00,2600.8464,2612.2776,winter,day1
2025-01-31 04:35:00,2704.0416,2614.383,winter,day1
2025-01-31 04:40:00,2662.4568,2616.391,winter,day1
2025-01-31 04:45:00,2502.9612,2616.9177,winter,day1
2025-01-31 04:50:00,2486.8968,2617.775,winter,day1
2025-01-31 04:55:00,2481.2088,2618.4219,winter,day1
2025-01-31 05:00:00,2460.0216,2592.342,winter,day1
2025-01-31 05:05:00,2467.8156,2593.2747,winter,day1
2025-01-31 05:10:00,2625.0348,2594.8767,winter,day1
2025-01-31 05:15:00,2701.698,2596.336,winter,day1
2025-01-31 05:20:00,2665.6584,2597.9302,winter,day1
2025-01-31 05:25:00,2646.3732,2599.1912,winter,day1
2025-01-31 05:30:00,2630.1696,2599.6753,winter,day1
2025-01-31 05:35:00,2554.8923999999997,2600.8481,winter,day1
2025-01-31 05:40:00,2540.9676,2601.791,winter,day1
2025-01-31 05:45:00,2553.3516,2602.0835,winter,day1
2025-01-31 05:50:00,2523.4356,2603.3828,winter,day1
2025-01-31 05:55:00,2493.5436,2604.7708,winter,day1
2025-01-31 06:00:00,2469.4991999999997,2637.813,winter,day1
2025-01-31 06:05:00,2479.0164,2638.7798,winter,day1
2025-01-31 06:10:00,2474.82,2639.735,winter,day1
2025-01-31 06:15:00,2475.942,2640.7976,winter,day1
2025-01-31 06:20:00,2560.44,2642.2146,winter,day1
2025-01-31 06:25:00,2689.5407999999998,2642.5728,winter,day1
2025-01-31 06:30:00,2691.576,2642.102,winter,day1
2025-01-31 06:35:00,2586.3576000000003,2642.2268,winter,day1
2025-01-31 06:40:00,2574.9108,2643.921,winter,day1
2025-01-31 06:45:00,2593.9031999999997,2647.366,winter,day1
2025-01-31 06:50:00,2597.6484,2654.317,winter,day1
2025-01-31 06:55:00,2657.052,2663.509,winter,day1
2025-01-31 07:00:00,2503.29,2901.3223,winter,day1
2025-01-31 07:05:00,2399.8536,2935.6426,winter,day1
2025-01-31 07:10:00,2796.7475999999997,2969.042,winter,day1
2025-01-31 07:15:00,3094.368,3005.4597,winter,day1
2025-01-31 07:20:00,1062.0948,3041.9775,winter,day1
2025-01-31 07:25:00,0.0,3076.5452,winter,day1
2025-01-31 07:30:00,329.8464,3122.1304,winter,day1
2025-01-31 07:35:00,4469.830800000001,3166.2698,winter,day1
2025-01-31 07:40:00,3195.8712,3213.711,winter,day1
2025-01-31 07:45:00,3173.7912,3258.821,winter,day1
2025-01-31 07:50:00,3154.2168,3305.3872,winter,day1
2025-01-31 07:55:00,3164.3784,3356.0935,winter,day1
2025-01-31 08:00:00,3110.9256,3538.987,winter,day1
2025-01-31 08:05:00,3053.4204,3587.6558,winter,day1
2025-01-31 08:10:00,2941.5024000000003,3623.3591,winter,day1
2025-01-31 08:15:00,2826.8436,3664.593,winter,day1
2025-01-31 08:20:00,2778.8831999999998,3704.4844,winter,day1
2025-01-31 08:25:00,2879.9292,3735.9172,winter,day1
2025-01-31 08:30:00,2893.1904,3785.954,winter,day1
2025-01-31 08:35:00,2838.2712,3838.6262,winter,day1
2025-01-31 08:40:00,2864.5692,3888.4604,winter,day1
2025-01-31 08:45:00,3146.5944,3906.3306,winter,day1
2025-01-31 08:50:00,3818.0771999999997,3912.1294,winter,day1
2025-01-31 08:55:00,2896.1760000000004,3934.3916,winter,day1
2025-01-31 09:00:00,3146.4948,3877.2725,winter,day1
2025-01-31 09:05:00,3097.1639999999998,3901.7097,winter,day1
2025-01-31 09:10:00,2852.1804,3913.5232,winter,day1
2025-01-31 09:15:00,2902.47,3929.2957,winter,day1
2025-01-31 09:20:00,2858.8464,3943.4116,winter,day1
2025-01-31 09:25:00,2969.58,3951.1577,winter,day1
2025-01-31 09:30:00,3069.2843999999996,3972.0361,winter,day1
2025-01-31 09:35:00,2776.5600000000004,3987.27,winter,day1
2025-01-31 09:40:00,2763.0828,4008.779,winter,day1
2025-01-31 09:45:00,2781.0827999999997,4023.7239,winter,day1
2025-01-31 09:50:00,2815.8372000000004,4031.666,winter,day1
2025-01-31 09:55:00,2843.6519999999996,4040.484,winter,day1
2025-01-31 10:00:00,3068.1444,4182.131,winter,day1
2025-01-31 10:05:00,3093.9936000000002,4192.8364,winter,day1
2025-01-31 10:10:00,2814.2316,4192.6924,winter,day1
2025-01-31 10:15:00,2781.3828,4194.568,winter,day1
2025-01-31 10:20:00,2811.6984,4192.984,winter,day1
2025-01-31 10:25:00,2800.0080000000003,4189.3135,winter,day1
2025-01-31 10:30:00,2792.0843999999997,4200.5796,winter,day1
2025-01-31 10:35:00,2786.0892,4207.6562,winter,day1
2025-01-31 10:40:00,3025.9536,4214.5293,winter,day1
2025-01-31 10:45:00,3129.0924,4208.658,winter,day1
2025-01-31 10:50:00,11905.8276,4193.837,winter,day1
2025-01-31 10:55:00,7211.2044,4179.159,winter,day1
2025-01-31 11:00:00,5106.3192,4181.817,winter,day1
2025-01-31 11:05:00,5155.3848,4172.838,winter,day1
2025-01-31 11:10:00,4274.8716,4157.451,winter,day1
2025-01-31 11:15:00,2854.3284,4145.921,winter,day1
2025-01-31 11:20:00,2956.7388,4132.121,winter,day1
2025-01-31 11:25:00,3654.8784,4114.7427,winter,day1
2025-01-31 11:30:00,2839.4579999999996,4103.604,winter,day1
2025-01-31 11:35:00,2797.7952,4090.529,winter,day1
2025-01-31 11:40:00,2320.0860000000002,4080.79,winter,day1
2025-01-31 11:45:00,3245.9795999999997,4067.5186,winter,day1
2025-01-31 11:50:00,1997.8655999999999,4053.6853,winter,day1
2025-01-31 11:55:00,1985.4227999999998,4041.8623,winter,day1
2025-01-31 12:00:00,2112.2736,4048.4382,winter,day1
2025-01-31 12:05:00,2531.1336,4041.159,winter,day1
2025-01-31 12:10:00,2235.1668,4029.7036,winter,day1
2025-01-31 12:15:00,2350.9752,4021.434,winter,day1
2025-01-31 12:20:00,2110.1243999999997,4010.7393,winter,day1
2025-01-31 12:25:00,2110.1736,3996.3945,winter,day1
2025-01-31 12:30:00,2318.832,3985.987,winter,day1
2025-01-31 12:35:00,2952.972,3976.1812,winter,day1
2025-01-31 12:40:00,2047.9656,3972.8413,winter,day1
2025-01-31 12:45:00,2041.5672,3972.7043,winter,day1
2025-01-31 12:50:00,2436.7619999999997,3975.1687,winter,day1
2025-01-31 12:55:00,2047.6128,3975.6418,winter,day1
2025-01-31 13:00:00,2608.8540000000003,3938.5032,winter,day1
2025-01-31 13:05:00,3095.1996,3935.1492,winter,day1
2025-01-31 13:10:00,2278.9164,3926.131,winter,day1
2025-01-31 13:15:00,2230.1351999999997,3919.8093,winter,day1
2025-01-31 13:20:00,3371.2248,3912.4158,winter,day1
2025-01-31 13:25:00,2222.0628,3902.8271,winter,day1
2025-01-31 13:30:00,3055.6488,3899.734,winter,day1
2025-01-31 13:35:00,2325.1392,3897.6978,winter,day1
2025-01-31 13:40:00,2361.2112,3898.91,winter,day1
2025-01-31 13:45:00,2338.8456,3898.5918,winter,day1
2025-01-31 13:50:00,2381.0556,3898.9282,winter,day1
2025-01-31 13:55:00,2489.7996,3900.337,winter,day1
2025-01-31 14:00:00,2614.1279999999997,3834.2036,winter,day1
2025-01-31 14:05:00,4218.2844,3837.2307,winter,day1
2025-01-31 14:10:00,3829.068,3833.6482,winter,day1
2025-01-31 14:15:00,2993.958,3832.044,winter,day1
2025-01-31 14:20:00,2935.1256000000003,3830.1426,winter,day1
2025-01-31 14:25:00,3198.9996,3823.0117,winter,day1
2025-01-31 14:30:00,3069.672,3816.0068,winter,day1
2025-01-31 14:35:00,3663.1524000000004,3807.401,winter,day1
2025-01-31 14:40:00,3035.2788,3815.8552,winter,day1
2025-01-31 14:45:00,2981.6124,3846.577,winter,day1
2025-01-31 14:50:00,3319.7892,3897.0188,winter,day1
2025-01-31 14:55:00,4121.4744,3952.3425,winter,day1
2025-01-31 15:00:00,3289.0932000000003,4160.567,winter,day1
2025-01-31 15:05:00,3411.0696,4218.374,winter,day1
2025-01-31 15:10:00,3320.6339999999996,4267.561,winter,day1
2025-01-31 15:15:00,3538.6992,4316.8823,winter,day1
2025-01-31 15:20:00,3681.6839999999997,4363.521,winter,day1
2025-01-31 15:25:00,3798.6876,4408.827,winter,day1
2025-01-31 15:30:00,6839.639999999999,4468.3574,winter,day1
2025-01-31 15:35:00,5204.9928,4530.504,winter,day1
2025-01-31 15:40:00,4172.244000000001,4598.119,winter,day1
2025-01-31 15:45:00,3777.9048000000003,4664.4165,winter,day1
2025-01-31 15:50:00,3975.4968,4732.113,winter,day1
2025-01-31 15:55:00,3809.7635999999998,4804.3267,winter,day1
2025-01-31 16:00:00,4072.4808000000003,5052.7344,winter,day1
2025-01-31 16:05:00,5101.509599999999,5127.449,winter,day1
2025-01-31 16:10:00,5849.4348,5187.8965,winter,day1
2025-01-31 16:15:00,4265.634,5251.322,winter,day1
2025-01-31 16:20:00,6059.244000000001,5309.628,winter,day1
2025-01-31 16:25:00,6108.861599999999,5361.03,winter,day1
2025-01-31 16:30:00,3822.9264000000003,5427.933,winter,day1
2025-01-31 16:35:00,4368.2699999999995,5499.92,winter,day1
2025-01-31 16:40:00,5444.748,5564.0156,winter,day1
2025-01-31 16:45:00,5331.2519999999995,5597.1787,winter,day1
2025-01-31 16:50:00,4275.2411999999995,5614.2754,winter,day1
2025-01-31 16:55:00,4357.412399999999,5640.0386,winter,day1
2025-01-31 17:00:00,4463.323200000001,5720.207,winter,day1
2025-01-31 17:05:00,4956.6804,5744.5986,winter,day1
2025-01-31 17:10:00,7434.4644,5742.1807,winter,day1
2025-01-31 17:15:00,5788.616400000001,5739.034,winter,day1
2025-01-31 17:20:00,4697.286,5728.85,winter,day1
2025-01-31 17:25:00,4403.4888,5712.907,winter,day1
2025-01-31 17:30:00,4285.9548,5716.5527,winter,day1
2025-01-31 17:35:00,5213.6352,5719.238,winter,day1
2025-01-31 17:40:00,6172.1292,5732.997,winter,day1
2025-01-31 17:45:00,4718.4672,5743.093,winter,day1
2025-01-31 17:50:00,5186.240400000001,5744.2515,winter,day1
2025-01-31 17:55:00,4587.0491999999995,5748.211,winter,day1
2025-01-31 18:00:00,5823.6876,5657.2744,winter,day1
2025-01-31 18:05:00,8507.269199999999,5662.2764,winter,day1
2025-01-31 18:10:00,11902.4772,5641.425,winter,day1
2025-01-31 18:15:00,11655.633600000001,5618.0386,winter,day1
2025-01-31 18:20:00,5160.3396,5586.384,winter,day1
2025-01-31 18:25:00,3717.7248,5550.3384,winter,day1
2025-01-31 18:30:00,5269.1724,5543.5073,winter,day1
2025-01-31 18:35:00,4856.976000000001,5528.774,winter,day1
2025-01-31 18:40:00,4008.9468,5520.373,winter,day1
2025-01-31 18:45:00,4800.2136,5499.46,winter,day1
2025-01-31 18:50:00,3721.53,5460.302,winter,day1
2025-01-31 18:55:00,3683.9592,5417.0723,winter,day1
2025-01-31 19:00:00,3895.4376,4788.757,winter,day1
2025-01-31 19:05:00,3802.4256,4744.8203,winter,day1
2025-01-31 19:10:00,3494.0424,4682.3525,winter,day1
2025-01-31 19:15:00,3520.9271999999996,4622.0825,winter,day1
2025-01-31 19:20:00,3634.2239999999997,4562.7305,winter,day1
2025-01-31 19:25:00,3646.3836,4497.977,winter,day1
2025-01-31 19:30:00,3716.0195999999996,4451.0107,winter,day1
2025-01-31 19:35:00,3563.6051999999995,4399.3623,winter,day1
2025-01-31 19:40:00,3467.5968000000003,4359.205,winter,day1
2025-01-31 19:45:00,3381.3479999999995,4318.992,winter,day1
2025-01-31 19:50:00,3352.4472,4275.495,winter,day1
2025-01-31 19:55:00,3341.6771999999996,4238.2646,winter,day1
2025-01-31 20:00:00,3418.7784,3620.107,winter,day1
2025-01-31 20:05:00,3528.0816,3585.994,winter,day1
2025-01-31 20:10:00,3441.972,3542.5667,winter,day1
2025-01-31 20:15:00,3466.8540000000003,3499.913,winter,day1
2025-01-31 20:20:00,3511.7148,3460.7214,winter,day1
2025-01-31 20:25:00,3541.2408000000005,3414.945,winter,day1
2025-01-31 20:30:00,3458.8896,3380.9375,winter,day1
2025-01-31 20:35:00,3527.4875999999995,3347.586,winter,day1
2025-01-31 20:40:00,3652.4676,3327.8013,winter,day1
2025-01-31 20:45:00,3501.528,3314.7651,winter,day1
2025-01-31 20:50:00,3391.0944000000004,3305.011,winter,day1
2025-01-31 20:55:00,3383.6675999999998,3298.9163,winter,day1
2025-01-31 21:00:00,3351.6288,2931.127,winter,day1
2025-01-31 21:05:00,3343.6224,2923.2637,winter,day1
2025-01-31 21:10:00,3418.3812000000007,2911.5376,winter,day1
2025-01-31 21:15:00,3300.8892,2898.4043,winter,day1
2025-01-31 21:20:00,3487.3992,2887.5454,winter,day1
2025-01-31 21:25:00,3316.2119999999995,2871.1704,winter,day1
2025-01-31 21:30:00,2800.2096,2858.7168,winter,day1
2025-01-31 21:35:00,2635.6800000000003,2843.2148,winter,day1
2025-01-31 21:40:00,2649.3432000000003,2830.3699,winter,day1
2025-01-31 21:45:00,2659.1639999999998,2816.2915,winter,day1
2025-01-31 21:50:00,2892.5184,2802.9077,winter,day1
2025-01-31 21:55:00,2654.2968,2791.9976,winter,day1
2025-01-31 22:00:00,2338.524,2658.092,winter,day1
2025-01-31 22:05:00,2304.9372,2652.1277,winter,day1
2025-01-31 22:10:00,2355.42,2645.9336,winter,day1
2025-01-31 22:15:00,2420.1408,2639.5369,winter,day1
2025-01-31 22:20:00,2454.942,2635.3625,winter,day1
2025-01-31 22:25:00,2469.5027999999998,2629.5188,winter,day1
2025-01-31 22:30:00,2496.9192,2624.634,winter,day1
2025-01-31 22:35:00,2502.054,2619.812,winter,day1
2025-01-31 22:40:00,2451.114,2616.0513,winter,day1
2025-01-31 22:45:00,2420.7167999999997,2611.8247,winter,day1
2025-01-31 22:50:00,2386.6548,2608.7375,winter,day1
2025-01-31 22:55:00,2656.3896,2606.4526,winter,day1
2025-01-31 23:00:00,2482.7052,2574.4883,winter,day1
2025-01-31 23:05:00,2367.366,2572.708,winter,day1
2025-01-31 23:10:00,2323.6728,2571.9475,winter,day1
2025-01-31 23:15:00,2325.3540000000003,2570.9094,winter,day1
2025-01-31 23:20:00,2334.3468000000003,2570.272,winter,day1
2025-01-31 23:25:00,2387.064,2568.4177,winter,day1
2025-01-31 23:30:00,2426.784,2566.484,winter,day1
2025-01-31 23:35:00,2455.0416,2564.7258,winter,day1
2025-01-31 23:40:00,2426.13,2562.958,winter,day1
2025-01-31 23:45:00,2358.9696,2560.602,winter,day1
2025-01-31 23:50:00,2372.2799999999997,2559.3079,winter,day1
2025-01-31 23:55:00,2386.9379999999996,2558.0593,winter,day1
2025-02-15 00:00:00,2488.5384,2562.9863,winter,day2
2025-02-15 00:05:00,2497.0703999999996,2569.5234,winter,day2
2025-02-15 00:10:00,2762.6688,2567.2473,winter,day2
2025-02-15 00:15:00,2761.0692,2564.0723,winter,day2
2025-02-15 00:20:00,2593.7484,2561.976,winter,day2
2025-02-15 00:25:00,2635.5971999999997,2558.6821,winter,day2
2025-02-15 00:30:00,2626.2876,2556.6528,winter,day2
2025-02-15 00:35:00,2579.4564,2551.0366,winter,day2
2025-02-15 00:40:00,2572.9091999999996,2545.4958,winter,day2
2025-02-15 00:45:00,2528.3172,2540.3447,winter,day2
2025-02-15 00:50:00,2526.468,2539.797,winter,day2
2025-02-15 00:55:00,2652.132,2543.6372,winter,day2
2025-02-15 01:00:00,2831.778,2571.8655,winter,day2
2025-02-15 01:05:00,2576.6052,2572.1147,winter,day2
2025-02-15 01:10:00,2568.846,2572.7285,winter,day2
2025-02-15 01:15:00,2563.6367999999998,2585.1277,winter,day2
2025-02-15 01:20:00,2620.032,2606.704,winter,day2
2025-02-15 01:25:00,2629.7076,2624.9292,winter,day2
2025-02-15 01:30:00,2632.2468,2638.2834,winter,day2
2025-02-15 01:35:00,2596.05,2642.2578,winter,day2
2025-02-15 01:40:00,2657.7996,2647.5986,winter,day2
2025-02-15 01:45:00,2699.7708,2661.6206,winter,day2
2025-02-15 01:50:00,3088.3104,2683.1782,winter,day2
2025-02-15 01:55:00,2952.6648,2700.0757,winter,day2
2025-02-15 02:00:00,3365.6771999999996,2764.47,winter,day2
2025-02-15 02:05:00,2748.9912,2780.1846,winter,day2
2025-02-15 02:10:00,3425.2812,2794.879,winter,day2
2025-02-15 02:15:00,3386.4096,2825.728,winter,day2
2025-02-15 02:20:00,2955.0828,2869.3572,winter,day2
2025-02-15 02:25:00,3455.4984000000004,2916.9595,winter,day2
2025-02-15 02:30:00,3340.5888,2953.8955,winter,day2
2025-02-15 02:35:00,3299.0520000000006,2983.2603,winter,day2
2025-02-15 02:40:00,3295.6968,2995.889,winter,day2
2025-02-15 02:45:00,3496.2048000000004,2992.5105,winter,day2
2025-02-15 02:50:00,3678.81,2985.5715,winter,day2
2025-02-15 02:55:00,3431.8212,2981.0483,winter,day2
2025-02-15 03:00:00,2997.8568,2990.4775,winter,day2
2025-02-15 03:05:00,3494.8248,2978.613,winter,day2
2025-02-15 03:10:00,3501.9,2964.5176,winter,day2
2025-02-15 03:15:00,3167.2776,2958.4702,winter,day2
2025-02-15 03:20:00,3507.2136,2953.4482,winter,day2
2025-02-15 03:25:00,3349.2144,2942.274,winter,day2
2025-02-15 03:30:00,3250.1916,2921.5403,winter,day2
2025-02-15 03:35:00,3390.924,2895.5615,winter,day2
2025-02-15 03:40:00,2922.5028,2859.8765,winter,day2
2025-02-15 03:45:00,2559.2904000000003,2822.6624,winter,day2
2025-02-15 03:50:00,2797.6764,2795.617,winter,day2
2025-02-15 03:55:00,2562.6192,2774.6372,winter,day2
2025-02-15 04:00:00,2540.7732,2703.5237,winter,day2
2025-02-15 04:05:00,2542.0536,2691.068,winter,day2
2025-02-15 04:10:00,2665.9128,2679.7249,winter,day2
2025-02-15 04:15:00,2718.2088,2675.9734,winter,day2
2025-02-15 04:20:00,2717.5116,2673.8843,winter,day2
2025-02-15 04:25:00,2653.6296,2673.2847,winter,day2
2025-02-15 04:30:00,2697.8544,2669.4778,winter,day2
2025-02-15 04:35:00,2711.3399999999997,2663.5625,winter,day2
2025-02-15 04:40:00,2700.6528,2652.4727,winter,day2
2025-02-15 04:45:00,2799.0384000000004,2639.9233,winter,day2
2025-02-15 04:50:00,2976.3599999999997,2633.0557,winter,day2
2025-02-15 04:55:00,2617.7652000000003,2627.051,winter,day2
2025-02-15 05:00:00,2624.0424,2666.459,winter,day2
2025-02-15 05:05:00,2733.1187999999997,2693.0906,winter,day2
2025-02-15 05:10:00,2724.3563999999997,2728.207,winter,day2
2025-02-15 05:15:00,2746.314,2769.6526,winter,day2
2025-02-15 05:20:00,2761.5456,2796.1182,winter,day2
2025-02-15 05:25:00,2770.9211999999998,2837.4739,winter,day2
2025-02-15 05:30:00,2778.6492,2811.8445,winter,day2
2025-02-15 05:35:00,2719.5144,2782.0383,winter,day2
2025-02-15 05:40:00,2715.99,2712.0955,winter,day2
2025-02-15 05:45:00,2973.078,2654.2053,winter,day2
2025-02-15 05:50:00,2825.2788,2626.2534,winter,day2
2025-02-15 05:55:00,2689.6044,2610.98,winter,day2
2025-02-15 06:00:00,2615.4156000000003,2576.2798,winter,day2
2025-02-15 06:05:00,2624.5080000000003,2567.8594,winter,day2
2025-02-15 06:10:00,2611.782,2557.4668,winter,day2
2025-02-15 06:15:00,2592.9468,2550.199,winter,day2
2025-02-15 06:20:00,2628.9048000000003,2547.549,winter,day2
2025-02-15 06:25:00,2613.1932,2552.6587,winter,day2
2025-02-15 06:30:00,2612.5775999999996,2556.3716,winter,day2
2025-02-15 06:35:00,2545.6056,2558.709,winter,day2
2025-02-15 06:40:00,2487.6396,2557.6924,winter,day2
2025-02-15 06:45:00,2432.4816,2551.9976,winter,day2
2025-02-15 06:50:00,2675.988,2545.592,winter,day2
2025-02-15 06:55:00,2424.3216,2540.27,winter,day2
2025-02-15 07:00:00,2442.4272,2504.2522,winter,day2
2025-02-15 07:05:00,2382.3648000000003,2529.87,winter,day2
2025-02-15 07:10:00,2677.4316,2576.9597,winter,day2
2025-02-15 07:15:00,3024.7824,2649.8938,winter,day2
2025-02-15 07:20:00,3020.04,2759.5889,winter,day2
2025-02-15 07:25:00,3081.3347999999996,3068.644,winter,day2
2025-02-15 07:30:00,4056.6732,3939.9155,winter,day2
2025-02-15 07:35:00,11292.3996,7873.866,winter,day2
2025-02-15 07:40:00,11048.544,11467.723,winter,day2
2025-02-15 07:45:00,5957.1264,11697.537,winter,day2
2025-02-15 07:50:00,4076.0915999999997,10359.426,winter,day2
2025-02-15 07:55:00,3772.0080000000003,7777.5684,winter,day2
2025-02-15 08:00:00,3840.4620000000004,4576.0664,winter,day2
2025-02-15 08:05:00,5717.4936,4534.585,winter,day2
2025-02-15 08:10:00,7114.7555999999995,4566.7124,winter,day2
2025-02-15 08:15:00,6988.9128,4632.8984,winter,day2
2025-02-15 08:20:00,6578.6772,4686.573,winter,day2
2025-02-15 08:25:00,4691.0856,4777.421,winter,day2
2025-02-15 08:30:00,4353.1416,4844.4707,winter,day2
2025-02-15 08:35:00,4543.8528,4944.601,winter,day2
2025-02-15 08:40:00,4814.4108,4996.408,winter,day2
2025-02-15 08:45:00,4399.854,5055.977,winter,day2
2025-02-15 08:50:00,4330.0428,5155.101,winter,day2
2025-02-15 08:55:00,5953.8024,5201.1895,winter,day2
2025-02-15 09:00:00,5415.3864,4890.692,winter,day2
2025-02-15 09:05:00,5265.3576,4984.043,winter,day2
2025-02-15 09:10:00,4289.6376,5084.384,winter,day2
2025-02-15 09:15:00,4193.6844,5187.3516,winter,day2
2025-02-15 09:20:00,4645.1424,5268.5723,winter,day2
2025-02-15 09:25:00,4191.9552,5337.0894,winter,day2
2025-02-15 09:30:00,4246.309200000001,5356.8145,winter,day2
2025-02-15 09:35:00,4949.8524,5399.3604,winter,day2
2025-02-15 09:40:00,4334.73,5399.456,winter,day2
2025-02-15 09:45:00,4737.3204,5361.424,winter,day2
2025-02-15 09:50:00,5548.7832,5346.294,winter,day2
2025-02-15 09:55:00,5322.1932,5323.783,winter,day2
2025-02-15 10:00:00,4632.3588,5248.2183,winter,day2
2025-02-15 10:05:00,5411.0076,5275.9473,winter,day2
2025-02-15 10:10:00,6348.6888,5245.1553,winter,day2
2025-02-15 10:15:00,5285.1144,5139.3164,winter,day2
2025-02-15 10:20:00,4419.2328,4988.379,winter,day2
2025-02-15 10:25:00,4396.9956,4872.985,winter,day2
2025-02-15 10:30:00,4392.759599999999,4809.8047,winter,day2
2025-02-15 10:35:00,6185.994000000001,4790.9746,winter,day2
2025-02-15 10:40:00,5201.3652,4770.3247,winter,day2
2025-02-15 10:45:00,4983.3252,4748.067,winter,day2
2025-02-15 10:50:00,6062.6004,4727.7314,winter,day2
2025-02-15 10:55:00,4482.6528,4685.999,winter,day2
2025-02-15 11:00:00,4369.5996,4595.238,winter,day2
2025-02-15 11:05:00,4604.948399999999,4592.8716,winter,day2
2025-02-15 11:10:00,4555.5,4595.1514,winter,day2
2025-02-15 11:15:00,5872.7052,4591.4116,winter,day2
2025-02-15 11:20:00,4895.9856,4571.747,winter,day2
2025-02-15 11:25:00,6677.3724,4542.421,winter,day2
2025-02-15 11:30:00,5196.2928,4503.1743,winter,day2
2025-02-15 11:35:00,4449.2304,4475.4443,winter,day2
2025-02-15 11:40:00,4519.8348,4451.3203,winter,day2
2025-02-15 11:45:00,4362.051600000001,4427.0864,winter,day2
2025-02-15 11:50:00,5688.996,4400.8525,winter,day2
2025-02-15 11:55:00,6641.567999999999,4357.1357,winter,day2
2025-02-15 12:00:00,4780.4544000000005,4333.142,winter,day2
2025-02-15 12:05:00,4838.2955999999995,4318.396,winter,day2
2025-02-15 12:10:00,6261.8604,4303.881,winter,day2
2025-02-15 12:15:00,4966.3068,4292.5947,winter,day2
2025-02-15 12:20:00,4915.3116,4280.84,winter,day2
2025-02-15 12:25:00,6678.210000000001,4260.9404,winter,day2
2025-02-15 12:30:00,5226.5712,4231.871,winter,day2
2025-02-15 12:35:00,4141.104,4207.569,winter,day2
2025-02-15 12:40:00,3603.4008000000003,4182.2944,winter,day2
2025-02-15 12:45:00,3644.2043999999996,4164.8257,winter,day2
2025-02-15 12:50:00,2812.5912,4175.8335,winter,day2
2025-02-15 12:55:00,2937.4548000000004,4181.415,winter,day2
2025-02-15 13:00:00,3804.3947999999996,4223.3433,winter,day2
2025-02-15 13:05:00,2557.9824,4250.1904,winter,day2
2025-02-15 13:10:00,3793.4616,4255.792,winter,day2
2025-02-15 13:15:00,3430.7484000000004,4240.5127,winter,day2
2025-02-15 13:20:00,3147.3372,4204.287,winter,day2
2025-02-15 13:25:00,2454.6096000000002,4155.0493,winter,day2
2025-02-15 13:30:00,10347.3852,4122.58,winter,day2
2025-02-15 13:35:00,12404.5884,4142.16,winter,day2
2025-02-15 13:40:00,11947.5432,4169.743,winter,day2
2025-02-15 13:45:00,12035.5848,4192.2275,winter,day2
2025-02-15 13:50:00,12659.388,4238.606,winter,day2
2025-02-15 13:55:00,12770.053199999998,4268.836,winter,day2
2025-02-15 14:00:00,13642.8648,4334.7295,winter,day2
2025-02-15 14:05:00,5633.1012,4431.931,winter,day2
2025-02-15 14:10:00,4914.022800000001,4510.8965,winter,day2
2025-02-15 14:15:00,4696.9056,4585.872,winter,day2
2025-02-15 14:20:00,4501.5779999999995,4682.878,winter,day2
2025-02-15 14:25:00,5893.4148,4839.6997,winter,day2
2025-02-15 14:30:00,7143.294,5020.9873,winter,day2
2025-02-15 14:35:00,6570.2508,5298.2856,winter,day2
2025-02-15 14:40:00,6067.0908,5600.207,winter,day2
2025-02-15 14:45:00,7256.6952,5954.2583,winter,day2
2025-02-15 14:50:00,8559.5208,6433.337,winter,day2
2025-02-15 14:55:00,8953.0584,6875.576,winter,day2
2025-02-15 15:00:00,6538.944,10198.088,winter,day2
2025-02-15 15:05:00,4598.980799999999,11069.753,winter,day2
2025-02-15 15:10:00,5760.027599999999,11057.136,winter,day2
2025-02-15 15:15:00,6697.352400000001,10149.328,winter,day2
2025-02-15 15:20:00,5173.7568,8966.56,winter,day2
2025-02-15 15:25:00,4370.5908,8284.308,winter,day2
2025-02-15 15:30:00,4713.4812,8024.2407,winter,day2
2025-02-15 15:35:00,4968.6468,8231.854,winter,day2
2025-02-15 15:40:00,7555.3356,8289.406,winter,day2
2025-02-15 15:45:00,7059.3864,8028.291,winter,day2
2025-02-15 15:50:00,8549.5824,7652.855,winter,day2
2025-02-15 15:55:00,8541.6696,7233.849,winter,day2
2025-02-15 16:00:00,8092.132799999999,8662.693,winter,day2
2025-02-15 16:05:00,6996.906,8619.572,winter,day2
2025-02-15 16:10:00,6957.266399999999,8633.613,winter,day2
2025-02-15 16:15:00,6731.3724,8541.986,winter,day2
2025-02-15 16:20:00,7061.8008,8320.693,winter,day2
2025-02-15 16:25:00,7746.345600000001,8175.4385,winter,day2
2025-02-15 16:30:00,7681.7352,8075.5366,winter,day2
2025-02-15 16:35:00,7173.738,8135.723,winter,day2
2025-02-15 16:40:00,6496.0092,8191.721,winter,day2
2025-02-15 16:45:00,5636.995199999999,8238.877,winter,day2
2025-02-15 16:50:00,5181.9924,8230.275,winter,day2
2025-02-15 16:55:00,5061.844800000001,8014.218,winter,day2
2025-02-15 17:00:00,5736.4704,7271.119,winter,day2
2025-02-15 17:05:00,5347.518,7089.5146,winter,day2
2025-02-15 17:10:00,6278.236800000001,6910.606,winter,day2
2025-02-15 17:15:00,7073.215200000001,6756.7144,winter,day2
2025-02-15 17:20:00,6359.3148,6639.064,winter,day2
2025-02-15 17:25:00,6632.8032,6590.547,winter,day2
2025-02-15 17:30:00,6291.6108,6506.2993,winter,day2
2025-02-15 17:35:00,6996.260399999999,6409.226,winter,day2
2025-02-15 17:40:00,6293.794800000001,6284.2686,winter,day2
2025-02-15 17:45:00,7691.7444000000005,6205.024,winter,day2
2025-02-15 17:50:00,6314.8584,6311.02,winter,day2
2025-02-15 17:55:00,6229.6524,6720.5303,winter,day2
2025-02-15 18:00:00,6089.13,7792.585,winter,day2
2025-02-15 18:05:00,9879.4008,9629.299,winter,day2
2025-02-15 18:10:00,11469.4416,10740.162,winter,day2
2025-02-15 18:15:00,11986.0548,10397.606,winter,day2
2025-02-15 18:20:00,7759.8924,8884.6,winter,day2
2025-02-15 18:25:00,7490.6772,7841.5674,winter,day2
2025-02-15 18:30:00,7945.158,7324.5996,winter,day2
2025-02-15 18:35:00,9408.1236,6983.334,winter,day2
2025-02-15 18:40:00,7508.767199999999,6739.5576,winter,day2
2025-02-15 18:45:00,6825.6216,6590.918,winter,day2
2025-02-15 18:50:00,5278.8432,6495.0,winter,day2
2025-02-15 18:55:00,4547.1072,6377.8613,winter,day2
2025-02-15 19:00:00,4536.4968,5991.3867,winter,day2
2025-02-15 19:05:00,4995.2388,5941.5312,winter,day2
2025-02-15 19:10:00,7088.988,5913.7007,winter,day2
2025-02-15 19:15:00,5754.777599999999,5858.9917,winter,day2
2025-02-15 19:20:00,5796.762000000001,5744.056,winter,day2
2025-02-15 19:25:00,4289.941199999999,5609.267,winter,day2
2025-02-15 19:30:00,4289.2919999999995,5512.3364,winter,day2
2025-02-15 19:35:00,4805.046,5528.108,winter,day2
2025-02-15 19:40:00,4305.5568,5469.697,winter,day2
2025-02-15 19:45:00,4204.6836,5272.8325,winter,day2
2025-02-15 19:50:00,4491.5136,5048.1064,winter,day2
2025-02-15 19:55:00,4038.1008,4850.12,winter,day2
2025-02-15 20:00:00,4228.7088,4541.883,winter,day2
2025-02-15 20:05:00,4548.522,4467.997,winter,day2
2025-02-15 20:10:00,5616.1008,4384.4946,winter,day2
2025-02-15 20:15:00,5732.5608,4287.1533,winter,day2
2025-02-15 20:20:00,3872.2488,4191.6274,winter,day2
2025-02-15 20:25:00,3953.9892,4108.1553,winter,day2
2025-02-15 20:30:00,3924.7884,4019.108,winter,day2
2025-02-15 20:35:00,4385.402400000001,3953.9512,winter,day2
2025-02-15 20:40:00,4002.9119999999994,3896.4736,winter,day2
2025-02-15 20:45:00,6012.9672,3861.182,winter,day2
2025-02-15 20:50:00,5836.6644,3854.676,winter,day2
2025-02-15 20:55:00,4751.3016,3834.7993,winter,day2
2025-02-15 21:00:00,4026.8196,3896.4658,winter,day2
2025-02-15 21:05:00,3470.2619999999997,3948.1423,winter,day2
2025-02-15 21:10:00,3234.0612,3979.414,winter,day2
2025-02-15 21:15:00,2808.1104,3948.7676,winter,day2
2025-02-15 21:20:00,2842.9559999999997,3869.1448,winter,day2
2025-02-15 21:25:00,2899.9248,3779.8618,winter,day2
2025-02-15 21:30:00,2940.126,3684.743,winter,day2
2025-02-15 21:35:00,3015.5256,3598.3577,winter,day2
2025-02-15 21:40:00,2942.934,3485.575,winter,day2
2025-02-15 21:45:00,3243.2904,3354.1406,winter,day2
2025-02-15 21:50:00,3078.7044,3228.134,winter,day2
2025-02-15 21:55:00,2939.5775999999996,3107.191,winter,day2
2025-02-15 22:00:00,2648.214,2842.8196,winter,day2
2025-02-15 22:05:00,2525.3544,2763.744,winter,day2
2025-02-15 22:10:00,2470.1268,2694.8354,winter,day2
2025-02-15 22:15:00,2454.642,2649.941,winter,day2
2025-02-15 22:20:00,3749.8032,2627.6133,winter,day2
2025-02-15 22:25:00,3233.868,2620.6248,winter,day2
2025-02-15 22:30:00,2614.3848,2622.9238,winter,day2
2025-02-15 22:35:00,2474.7624,2629.685,winter,day2
2025-02-15 22:40:00,2493.3743999999997,2635.2039,winter,day2
2025-02-15 22:45:00,2640.4103999999998,2636.9766,winter,day2
2025-02-15 22:50:00,2646.7583999999997,2635.5896,winter,day2
2025-02-15 22:55:00,2626.6344,2630.8083,winter,day2
2025-02-15 23:00:00,2640.1115999999997,2543.9084,winter,day2
2025-02-15 23:05:00,2685.4056,2539.6497,winter,day2
2025-02-15 23:10:00,2946.2928,2535.1692,winter,day2
2025-02-15 23:15:00,2753.5404000000003,2534.6995,winter,day2
2025-02-15 23:20:00,2502.9816,2539.5562,winter,day2
2025-02-15 23:25:00,2548.0272,2548.2327,winter,day2
2025-02-15 23:30:00,2540.3940000000002,2557.6553,winter,day2
2025-02-15 23:35:00,2539.1664,2561.0679,winter,day2
2025-02-15 23:40:00,2457.7032,2554.3616,winter,day2
2025-02-15 23:45:00,2438.4072,2547.9026,winter,day2
2025-02-15 23:50:00,2441.1,2551.1228,winter,day2
2025-02-15 23:55:00,2596.3404,2559.0464,winter,day2
2025-12-02 00:00:00,2584.6764,2533.1992,winter,day3
2025-12-02 00:05:00,2585.208,2538.374,winter,day3
2025-12-02 00:10:00,2589.12,2542.3489,winter,day3
2025-12-02 00:15:00,2559.282,2549.0994,winter,day3
2025-12-02 00:20:00,2531.1192,2555.2253,winter,day3
2025-12-02 00:25:00,2496.3887999999997,2565.254,winter,day3
2025-12-02 00:30:00,2486.3280000000004,2573.8042,winter,day3
2025-12-02 00:35:00,2690.9939999999997,2580.1243,winter,day3
2025-12-02 00:40:00,2574.9252,2580.338,winter,day3
2025-12-02 00:45:00,2494.8108,2575.0261,winter,day3
2025-12-02 00:50:00,2455.4892,2569.8953,winter,day3
2025-12-02 00:55:00,2462.4516,2563.5156,winter,day3
2025-12-02 01:00:00,2447.6135999999997,2569.579,winter,day3
2025-12-02 01:05:00,2474.5703999999996,2563.7915,winter,day3
2025-12-02 01:10:00,2497.134,2556.0334,winter,day3
2025-12-02 01:15:00,2529.6516,2553.311,winter,day3
2025-12-02 01:20:00,2571.4692000000005,2554.7834,winter,day3
2025-12-02 01:25:00,2593.9512,2558.6504,winter,day3
2025-12-02 01:30:00,2562.9576,2561.729,winter,day3
2025-12-02 01:35:00,2498.9148,2565.1118,winter,day3
2025-12-02 01:40:00,2532.2592,2566.1584,winter,day3
2025-12-02 01:45:00,2671.7832,2565.6455,winter,day3
2025-12-02 01:50:00,2719.0872,2569.121,winter,day3
2025-12-02 01:55:00,2499.786,2571.1858,winter,day3
2025-12-02 02:00:00,2475.3660000000004,2590.0483,winter,day3
2025-12-02 02:05:00,2435.1972,2595.528,winter,day3
2025-12-02 02:10:00,2416.3512,2596.9595,winter,day3
2025-12-02 02:15:00,2404.0716,2603.003,winter,day3
2025-12-02 02:20:00,2407.6464,2601.8425,winter,day3
2025-12-02 02:25:00,2513.4552,2603.8262,winter,day3
2025-12-02 02:30:00,2573.7744,2604.182,winter,day3
2025-12-02 02:35:00,2593.4412,2604.3452,winter,day3
2025-12-02 02:40:00,2579.1264,2605.95,winter,day3
2025-12-02 02:45:00,2561.5332000000003,2604.104,winter,day3
2025-12-02 02:50:00,2554.6704,2608.611,winter,day3
2025-12-02 02:55:00,2680.9188000000004,2613.2793,winter,day3
2025-12-02 03:00:00,2821.9284,2638.459,winter,day3
2025-12-02 03:05:00,2529.4788,2638.8447,winter,day3
2025-12-02 03:10:00,2450.1108,2634.1035,winter,day3
2025-12-02 03:15:00,2541.4308,2634.392,winter,day3
2025-12-02 03:20:00,2563.3116,2630.4658,winter,day3
2025-12-02 03:25:00,2546.5824000000002,2633.7515,winter,day3
2025-12-02 03:30:00,2570.7768,2638.2249,winter,day3
2025-12-02 03:35:00,2608.5348,2641.4995,winter,day3
2025-12-02 03:40:00,2459.814,2643.0906,winter,day3
2025-12-02 03:45:00,2487.6552,2642.27,winter,day3
2025-12-02 03:50:00,2492.58,2644.774,winter,day3
2025-12-02 03:55:00,2491.2708,2646.1636,winter,day3
2025-12-02 04:00:00,2595.0984,2636.2417,winter,day3
2025-12-02 04:05:00,2754.0708,2631.2837,winter,day3
2025-12-02 04:10:00,2676.1644,2624.2783,winter,day3
2025-12-02 04:15:00,2469.6984,2622.5967,winter,day3
2025-12-02 04:20:00,2466.5412,2619.2861,winter,day3
2025-12-02 04:25:00,2462.928,2623.2646,winter,day3
2025-12-02 04:30:00,2440.3848000000003,2629.8848,winter,day3
2025-12-02 04:35:00,2441.0292,2637.6096,winter,day3
2025-12-02 04:40:00,2483.6016,2646.034,winter,day3
2025-12-02 04:45:00,2476.2864,2652.2185,winter,day3
2025-12-02 04:50:00,2476.3128,2661.1523,winter,day3
2025-12-02 04:55:00,2498.7888,2669.7417,winter,day3
2025-12-02 05:00:00,2523.3660000000004,2682.9502,winter,day3
2025-12-02 05:05:00,2492.9892,2683.0725,winter,day3
2025-12-02 05:10:00,2602.7760000000003,2676.0156,winter,day3
2025-12-02 05:15:00,2801.0388,2672.9065,winter,day3
2025-12-02 05:20:00,2673.4776,2669.4683,winter,day3
2025-12-02 05:25:00,2574.0732,2670.7786,winter,day3
2025-12-02 05:30:00,2596.2648,2674.9453,winter,day3
2025-12-02 05:35:00,2568.6384,2677.855,winter,day3
2025-12-02 05:40:00,2539.674,2681.9663,winter,day3
2025-12-02 05:45:00,2670.9276,2688.3542,winter,day3
2025-12-02 05:50:00,2813.7347999999997,2700.9304,winter,day3
2025-12-02 05:55:00,2841.3156,2719.3672,winter,day3
2025-12-02 06:00:00,2828.9052,2871.303,winter,day3
2025-12-02 06:05:00,3314.8008,2935.4512,winter,day3
2025-12-02 06:10:00,3381.696,2990.3806,winter,day3
2025-12-02 06:15:00,3469.9020000000005,3029.3953,winter,day3
2025-12-02 06:20:00,3127.2312,3060.7244,winter,day3
2025-12-02 06:25:00,3247.2599999999998,3093.5093,winter,day3
2025-12-02 06:30:00,3546.2699999999995,3129.1414,winter,day3
2025-12-02 06:35:00,3619.1964,3164.3955,winter,day3
2025-12-02 06:40:00,3879.7032,3198.23,winter,day3
2025-12-02 06:45:00,3268.986,3215.9575,winter,day3
2025-12-02 06:50:00,3886.7904000000003,3247.409,winter,day3
2025-12-02 06:55:00,3782.0352,3270.0518,winter,day3
2025-12-02 07:00:00,3783.4752,3544.6724,winter,day3
2025-12-02 07:05:00,3802.332,3556.6904,winter,day3
2025-12-02 07:10:00,3549.6432,3561.9211,winter,day3
2025-12-02 07:15:00,4389.8184,3578.5386,winter,day3
2025-12-02 07:20:00,3724.4375999999997,3605.8652,winter,day3
2025-12-02 07:25:00,3420.7776,3643.488,winter,day3
2025-12-02 07:30:00,3205.5792,3678.8848,winter,day3
2025-12-02 07:35:00,10705.3956,3742.494,winter,day3
2025-12-02 07:40:00,10067.283599999999,3818.4272,winter,day3
2025-12-02 07:45:00,7560.3408,3836.3562,winter,day3
2025-12-02 07:50:00,4807.704,3811.654,winter,day3
2025-12-02 07:55:00,4616.5488,3762.915,winter,day3
2025-12-02 08:00:00,4571.3387999999995,3710.3142,winter,day3
2025-12-02 08:05:00,4221.3384,3719.043,winter,day3
2025-12-02 08:10:00,4044.636,3711.3506,winter,day3
2025-12-02 08:15:00,4346.2464,3726.5234,winter,day3
2025-12-02 08:20:00,4628.1012,3750.7925,winter,day3
2025-12-02 08:25:00,3938.0112,3788.0674,winter,day3
2025-12-02 08:30:00,4449.6516,3823.9612,winter,day3
2025-12-02 08:35:00,4098.3972,3865.3188,winter,day3
2025-12-02 08:40:00,4391.9016,3886.8076,winter,day3
2025-12-02 08:45:00,4145.3616,3896.5227,winter,day3
2025-12-02 08:50:00,4601.3772,3924.1887,winter,day3
2025-12-02 08:55:00,3736.4676,3946.0796,winter,day3
2025-12-02 09:00:00,3649.4195999999997,4208.602,winter,day3
2025-12-02 09:05:00,3287.7876000000006,4201.539,winter,day3
2025-12-02 09:10:00,3704.5728000000004,4183.877,winter,day3
2025-12-02 09:15:00,3636.1944000000003,4175.261,winter,day3
2025-12-02 09:20:00,3402.618,4170.727,winter,day3
2025-12-02 09:25:00,3828.1452,4176.5923,winter,day3
2025-12-02 09:30:00,4100.364,4186.9883,winter,day3
2025-12-02 09:35:00,5915.7228000000005,4197.441,winter,day3
2025-12-02 09:40:00,5611.8984,4216.1235,winter,day3
2025-12-02 09:45:00,6284.7444000000005,4234.5664,winter,day3
2025-12-02 09:50:00,5128.0464,4269.373,winter,day3
2025-12-02 09:55:00,3856.9595999999997,4304.108,winter,day3
2025-12-02 10:00:00,3329.1684,4487.034,winter,day3
2025-12-02 10:05:00,3522.4547999999995,4532.5674,winter,day3
2025-12-02 10:10:00,4173.559200000001,4559.933,winter,day3
2025-12-02 10:15:00,3471.6612,4577.41,winter,day3
2025-12-02 10:20:00,3522.942,4583.379,winter,day3
2025-12-02 10:25:00,4584.6348,4586.313,winter,day3
2025-12-02 10:30:00,3909.4919999999997,4586.4634,winter,day3
2025-12-02 10:35:00,3484.4916,4587.393,winter,day3
2025-12-02 10:40:00,3428.1732,4589.3154,winter,day3
2025-12-02 10:45:00,3359.4804000000004,4579.6,winter,day3
2025-12-02 10:50:00,3126.1104,4575.854,winter,day3
2025-12-02 10:55:00,3711.8604,4564.8574,winter,day3
2025-12-02 11:00:00,5273.270399999999,4430.046,winter,day3
2025-12-02 11:05:00,4952.9976,4393.9756,winter,day3
2025-12-02 11:10:00,5216.586,4340.42,winter,day3
2025-12-02 11:15:00,3273.0155999999997,4285.56,winter,day3
2025-12-02 11:20:00,3135.8532,4227.9766,winter,day3
2025-12-02 11:25:00,3062.5092,4177.705,winter,day3
2025-12-02 11:30:00,3240.69,4142.409,winter,day3
2025-12-02 11:35:00,3230.982,4116.1553,winter,day3
2025-12-02 11:40:00,3260.3904,4090.5994,winter,day3
2025-12-02 11:45:00,3225.2184,4050.8706,winter,day3
2025-12-02 11:50:00,3921.918,4028.8474,winter,day3
2025-12-02 11:55:00,3512.7203999999997,3996.6343,winter,day3
2025-12-02 12:00:00,4808.245199999999,3956.3247,winter,day3
2025-12-02 12:05:00,3658.2396,3919.017,winter,day3
2025-12-02 12:10:00,2711.4744,3864.3667,winter,day3
2025-12-02 12:15:00,2604.3948,3822.2183,winter,day3
2025-12-02 12:20:00,2801.2212,3794.4414,winter,day3
2025-12-02 12:25:00,2865.6012,3776.7397,winter,day3
2025-12-02 12:30:00,2542.9548000000004,3777.7803,winter,day3
2025-12-02 12:35:00,2481.0984,3798.6313,winter,day3
2025-12-02 12:40:00,2771.0076,3825.746,winter,day3
2025-12-02 12:45:00,2348.0148,3849.385,winter,day3
2025-12-02 12:50:00,2308.3548,3890.2537,winter,day3
2025-12-02 12:55:00,3027.4595999999997,3934.7178,winter,day3
2025-12-02 13:00:00,3510.2940000000003,4718.514,winter,day3
2025-12-02 13:05:00,2609.2752,4792.3516,winter,day3
2025-12-02 13:10:00,2433.036,4817.92,winter,day3
2025-12-02 13:15:00,2345.9052,4854.054,winter,day3
2025-12-02 13:20:00,2655.876,4860.659,winter,day3
2025-12-02 13:25:00,2783.5164,4844.9854,winter,day3
2025-12-02 13:30:00,2350.638,4867.164,winter,day3
2025-12-02 13:35:00,2416.8804,4891.1025,winter,day3
2025-12-02 13:40:00,2738.5032,4914.8984,winter,day3
2025-12-02 13:45:00,2698.3332,4900.617,winter,day3
2025-12-02 13:50:00,3171.6468,4883.207,winter,day3
2025-12-02 13:55:00,2537.556,4834.7754,winter,day3
2025-12-02 14:00:00,3734.082,4550.2925,winter,day3
2025-12-02 14:05:00,3048.7907999999998,4508.4004,winter,day3
2025-12-02 14:10:00,2487.3120000000004,4443.7812,winter,day3
2025-12-02 14:15:00,2934.0072,4397.4756,winter,day3
2025-12-02 14:20:00,2624.2871999999998,4347.643,winter,day3
2025-12-02 14:25:00,2740.02,4303.615,winter,day3
2025-12-02 14:30:00,4219.794,4285.2065,winter,day3
2025-12-02 14:35:00,2654.328,4280.3975,winter,day3
2025-12-02 14:40:00,2405.3988,4301.406,winter,day3
2025-12-02 14:45:00,2550.5124,4341.8247,winter,day3
2025-12-02 14:50:00,2943.7871999999998,4414.7734,winter,day3
2025-12-02 14:55:00,3097.4543999999996,4492.623,winter,day3
2025-12-02 15:00:00,3536.3184,4758.123,winter,day3
2025-12-02 15:05:00,3761.1816,4840.2275,winter,day3
2025-12-02 15:10:00,5736.9144,4899.894,winter,day3
2025-12-02 15:15:00,3531.6684,4977.8877,winter,day3
2025-12-02 15:20:00,3434.8368,5031.5273,winter,day3
2025-12-02 15:25:00,4197.5772,5077.74,winter,day3
2025-12-02 15:30:00,3837.726,5129.6826,winter,day3
2025-12-02 15:35:00,3723.4392,5175.672,winter,day3
2025-12-02 15:40:00,4281.906,5238.5737,winter,day3
2025-12-02 15:45:00,4808.8788,5266.164,winter,day3
2025-12-02 15:50:00,8003.0748,5294.7324,winter,day3
2025-12-02 15:55:00,10921.180799999998,5333.8516,winter,day3
2025-12-02 16:00:00,7045.9512,6244.2124,winter,day3
2025-12-02 16:05:00,5442.3348,6383.003,winter,day3
2025-12-02 16:10:00,4902.6432,6565.694,winter,day3
2025-12-02 16:15:00,5564.142,6834.2993,winter,day3
2025-12-02 16:20:00,5172.030000000001,6990.9683,winter,day3
2025-12-02 16:25:00,4569.3876,7010.899,winter,day3
2025-12-02 16:30:00,6030.306,7072.031,winter,day3
2025-12-02 16:35:00,4963.482,6984.8433,winter,day3
2025-12-02 16:40:00,4907.358,6915.5264,winter,day3
2025-12-02 16:45:00,4758.9276,6731.6235,winter,day3
2025-12-02 16:50:00,5014.9980000000005,6513.7993,winter,day3
2025-12-02 16:55:00,4404.9828,6388.257,winter,day3
2025-12-02 17:00:00,4670.3988,6305.549,winter,day3
2025-12-02 17:05:00,5168.3315999999995,6291.4985,winter,day3
2025-12-02 17:10:00,5390.0964,6232.5396,winter,day3
2025-12-02 17:15:00,6159.0216,6162.2744,winter,day3
2025-12-02 17:20:00,4260.8243999999995,6021.794,winter,day3
2025-12-02 17:25:00,5884.4256000000005,5885.0635,winter,day3
2025-12-02 17:30:00,4307.7312,5808.5913,winter,day3
2025-12-02 17:35:00,4909.2768,5758.686,winter,day3
2025-12-02 17:40:00,4737.6744,5757.5703,winter,day3
2025-12-02 17:45:00,4368.9684,5777.2563,winter,day3
2025-12-02 17:50:00,4411.5156,5856.3027,winter,day3
2025-12-02 17:55:00,5227.368,6041.665,winter,day3
2025-12-02 18:00:00,5888.1816,7563.5244,winter,day3
2025-12-02 18:05:00,9812.7636,8259.411,winter,day3
2025-12-02 18:10:00,11284.710000000001,8853.422,winter,day3
2025-12-02 18:15:00,11618.9928,8975.756,winter,day3
2025-12-02 18:20:00,10094.826,8659.832,winter,day3
2025-12-02 18:25:00,10502.1132,8249.909,winter,day3
2025-12-02 18:30:00,12101.6124,8000.119,winter,day3
2025-12-02 18:35:00,9531.9984,7860.2524,winter,day3
2025-12-02 18:40:00,10680.1812,7770.761,winter,day3
2025-12-02 18:45:00,12144.138,7554.856,winter,day3
2025-12-02 18:50:00,7109.723999999999,7371.458,winter,day3
2025-12-02 18:55:00,7418.1972000000005,7236.9077,winter,day3
2025-12-02 19:00:00,7708.2648,5987.297,winter,day3
2025-12-02 19:05:00,9314.2776,5726.103,winter,day3
2025-12-02 19:10:00,9864.9504,5441.0244,winter,day3
2025-12-02 19:15:00,8999.8596,5133.508,winter,day3
2025-12-02 19:20:00,6535.7339999999995,4817.26,winter,day3
2025-12-02 19:25:00,4100.412,4573.183,winter,day3
2025-12-02 19:30:00,4550.5188,4430.8906,winter,day3
2025-12-02 19:35:00,4494.7788,4350.2334,winter,day3
2025-12-02 19:40:00,3748.4796,4310.3643,winter,day3
2025-12-02 19:45:00,5512.9872000000005,4285.479,winter,day3
2025-12-02 19:50:00,3661.0932000000003,4278.398,winter,day3
2025-12-02 19:55:00,3563.4252,4274.913,winter,day3
2025-12-02 20:00:00,3712.278,4156.663,winter,day3
2025-12-02 20:05:00,3904.3032,4122.966,winter,day3
2025-12-02 20:10:00,4927.479600000001,4073.0312,winter,day3
2025-12-02 20:15:00,3493.1376000000005,4031.1067,winter,day3
2025-12-02 20:20:00,3690.5063999999998,3986.3674,winter,day3
2025-12-02 20:25:00,5000.07,3941.6375,winter,day3
2025-12-02 20:30:00,3994.9392,3907.0808,winter,day3
2025-12-02 20:35:00,3530.514,3878.788,winter,day3
2025-12-02 20:40:00,4586.4767999999995,3857.987,winter,day3
2025-12-02 20:45:00,3391.0656000000004,3824.8481,winter,day3
2025-12-02 20:50:00,3483.6696,3787.6926,winter,day3
2025-12-02 20:55:00,3330.3588000000004,3739.006,winter,day3
2025-12-02 21:00:00,3306.4811999999997,3182.4077,winter,day3
2025-12-02 21:05:00,3287.6268000000005,3113.7097,winter,day3
2025-12-02 21:10:00,3172.2275999999997,3016.4382,winter,day3
2025-12-02 21:15:00,3150.8544,2924.6206,winter,day3
2025-12-02 21:20:00,3292.8588000000004,2835.5254,winter,day3
2025-12-02 21:25:00,3413.5824000000002,2769.38,winter,day3
2025-12-02 21:30:00,3162.7932,2718.7173,winter,day3
2025-12-02 21:35:00,2532.1032,2681.1252,winter,day3
2025-12-02 21:40:00,2470.866,2652.4434,winter,day3
2025-12-02 21:45:00,2432.8896,2630.2178,winter,day3
2025-12-02 21:50:00,2435.016,2623.8164,winter,day3
2025-12-02 21:55:00,2388.636,2624.1992,winter,day3
2025-12-02 22:00:00,2384.8104,2561.378,winter,day3
2025-12-02 22:05:00,2335.4088,2554.604,winter,day3
2025-12-02 22:10:00,2418.3408,2544.4055,winter,day3
2025-12-02 22:15:00,2474.7095999999997,2539.1003,winter,day3
2025-12-02 22:20:00,2393.5464,2534.839,winter,day3
2025-12-02 22:25:00,2419.8024,2534.8767,winter,day3
2025-12-02 22:30:00,2450.4492,2533.2722,winter,day3
2025-12-02 22:35:00,2568.1416,2529.48,winter,day3
2025-12-02 22:40:00,2598.1284,2527.963,winter,day3
2025-12-02 22:45:00,2508.744,2527.507,winter,day3
2025-12-02 22:50:00,2466.5652,2533.7466,winter,day3
2025-12-02 22:55:00,2458.7472,2536.8696,winter,day3
2025-12-02 23:00:00,2433.3815999999997,2524.7517,winter,day3
2025-12-02 23:05:00,2410.7076,2524.8289,winter,day3
2025-12-02 23:10:00,2413.4472,2523.846,winter,day3
2025-12-02 23:15:00,2412.6312000000003,2527.454,winter,day3
2025-12-02 23:20:00,2454.2844,2530.8418,winter,day3
2025-12-02 23:25:00,2464.9236,2539.0715,winter,day3
2025-12-02 23:30:00,2458.1592,2546.1636,winter,day3
2025-12-02 23:35:00,2471.8356,2555.15,winter,day3
2025-12-02 23:40:00,2516.2943999999998,2564.164,winter,day3
2025-12-02 23:45:00,2607.6972,2568.951,winter,day3
2025-12-02 23:50:00,2705.5236,2575.1387,winter,day3
2025-12-02 23:55:00,2556.8328,2579.237,winter,day3
2025-12-16 00:00:00,2537.6531999999997,2537.8347,winter,day4
2025-12-16 00:05:00,2463.0612,2535.981,winter,day4
2025-12-16 00:10:00,2478.9552,2538.3557,winter,day4
2025-12-16 00:15:00,2475.5952,2540.9053,winter,day4
2025-12-16 00:20:00,2526.93,2547.0632,winter,day4
2025-12-16 00:25:00,2661.3804,2554.1013,winter,day4
2025-12-16 00:30:00,2497.9211999999998,2558.5972,winter,day4
2025-12-16 00:35:00,2512.8108,2560.3467,winter,day4
2025-12-16 00:40:00,2480.7372,2559.7793,winter,day4
2025-12-16 00:45:00,2447.2524,2559.538,winter,day4
2025-12-16 00:50:00,2428.0188000000003,2558.1143,winter,day4
2025-12-16 00:55:00,2469.3876,2554.6477,winter,day4
2025-12-16 01:00:00,2464.098,2550.783,winter,day4
2025-12-16 01:05:00,2487.9096,2544.421,winter,day4
2025-12-16 01:10:00,2482.6068,2542.6633,winter,day4
2025-12-16 01:15:00,2474.6244,2542.1763,winter,day4
2025-12-16 01:20:00,2426.1996,2544.488,winter,day4
2025-12-16 01:25:00,2422.1484,2547.0806,winter,day4
2025-12-16 01:30:00,2423.5595999999996,2548.311,winter,day4
2025-12-16 01:35:00,2611.6068000000005,2548.8174,winter,day4
2025-12-16 01:40:00,2671.5756,2549.2654,winter,day4
2025-12-16 01:45:00,2519.8584,2550.159,winter,day4
2025-12-16 01:50:00,2502.0,2551.8137,winter,day4
2025-12-16 01:55:00,2512.4988,2552.7449,winter,day4
2025-12-16 02:00:00,2486.046,2587.4873,winter,day4
2025-12-16 02:05:00,2490.7403999999997,2592.1138,winter,day4
2025-12-16 02:10:00,2474.5836,2592.0696,winter,day4
2025-12-16 02:15:00,2457.4428,2590.2896,winter,day4
2025-12-16 02:20:00,2506.3812,2589.488,winter,day4
2025-12-16 02:25:00,2499.4668,2589.2878,winter,day4
2025-12-16 02:30:00,2483.6232,2589.0815,winter,day4
2025-12-16 02:35:00,2487.9108,2587.385,winter,day4
2025-12-16 02:40:00,2523.3455999999996,2586.2246,winter,day4
2025-12-16 02:45:00,2520.9156000000003,2586.4822,winter,day4
2025-12-16 02:50:00,2706.6036,2590.001,winter,day4
2025-12-16 02:55:00,2766.4248,2595.0571,winter,day4
2025-12-16 03:00:00,2290.1076000000003,2670.6697,winter,day4
2025-12-16 03:05:00,2421.8496,2685.819,winter,day4
2025-12-16 03:10:00,2512.548,2687.3105,winter,day4
2025-12-16 03:15:00,2539.3104,2684.0896,winter,day4
2025-12-16 03:20:00,2553.546,2665.609,winter,day4
2025-12-16 03:25:00,2564.2932,2645.3057,winter,day4
2025-12-16 03:30:00,2555.55,2630.1519,winter,day4
2025-12-16 03:35:00,2529.3684000000003,2615.7102,winter,day4
2025-12-16 03:40:00,2524.3296,2608.1636,winter,day4
2025-12-16 03:45:00,2553.1776,2606.2212,winter,day4
2025-12-16 03:50:00,2598.0492,2609.3198,winter,day4
2025-12-16 03:55:00,2610.4031999999997,2614.4915,winter,day4
2025-12-16 04:00:00,2672.9664000000002,2612.7732,winter,day4
2025-12-16 04:05:00,2769.1476,2611.8953,winter,day4
2025-12-16 04:10:00,2510.9796,2609.0552,winter,day4
2025-12-16 04:15:00,2513.3496,2608.449,winter,day4
2025-12-16 04:20:00,2461.6572,2608.2126,winter,day4
2025-12-16 04:25:00,2454.2832000000003,2610.1714,winter,day4
2025-12-16 04:30:00,2431.9415999999997,2612.068,winter,day4
2025-12-16 04:35:00,2428.5168000000003,2612.8105,winter,day4
2025-12-16 04:40:00,2429.9412,2613.027,winter,day4
2025-12-16 04:45:00,2432.2812,2615.252,winter,day4
2025-12-16 04:50:00,2449.4688,2618.3047,winter,day4
2025-12-16 04:55:00,2473.9968,2626.273,winter,day4
2025-12-16 05:00:00,2527.7064,2622.3628,winter,day4
2025-12-16 05:05:00,2551.5227999999997,2629.1304,winter,day4
2025-12-16 05:10:00,2566.3548,2632.598,winter,day4
2025-12-16 05:15:00,2722.0716,2635.279,winter,day4
2025-12-16 05:20:00,2673.9900000000002,2635.4956,winter,day4
2025-12-16 05:25:00,2507.898,2633.9214,winter,day4
2025-12-16 05:30:00,2523.1512000000002,2633.507,winter,day4
2025-12-16 05:35:00,2549.0676,2631.321,winter,day4
2025-12-16 05:40:00,2525.4012,2632.3096,winter,day4
2025-12-16 05:45:00,2511.8568,2637.785,winter,day4
2025-12-16 05:50:00,2513.7456,2646.8108,winter,day4
2025-12-16 05:55:00,2576.892,2665.7773,winter,day4
2025-12-16 06:00:00,3618.0396,2788.5276,winter,day4
2025-12-16 06:05:00,3193.9272,2845.7942,winter,day4
2025-12-16 06:10:00,3056.322,2891.8867,winter,day4
2025-12-16 06:15:00,3188.802,2936.845,winter,day4
2025-12-16 06:20:00,3320.8584,2982.686,winter,day4
2025-12-16 06:25:00,3678.6936,3021.9683,winter,day4
2025-12-16 06:30:00,3141.4139999999998,3068.7476,winter,day4
2025-12-16 06:35:00,3588.9756,3115.6072,winter,day4
2025-12-16 06:40:00,3585.9936000000002,3144.1174,winter,day4
2025-12-16 06:45:00,3242.9543999999996,3138.7188,winter,day4
2025-12-16 06:50:00,3911.3903999999993,3132.024,winter,day4
2025-12-16 06:55:00,3752.6135999999997,3133.7354,winter,day4
2025-12-16 07:00:00,3536.4792,3290.8225,winter,day4
2025-12-16 07:05:00,3213.9744,3357.648,winter,day4
2025-12-16 07:10:00,3840.2915999999996,3436.3394,winter,day4
2025-12-16 07:15:00,3452.256,3539.788,winter,day4
2025-12-16 07:20:00,4289.8572,3669.22,winter,day4
2025-12-16 07:25:00,3764.9388,3818.062,winter,day4
2025-12-16 07:30:00,3594.4968,3986.9817,winter,day4
2025-12-16 07:35:00,8889.6912,4187.264,winter,day4
2025-12-16 07:40:00,13350.6684,4373.0474,winter,day4
2025-12-16 07:45:00,8135.238,4453.614,winter,day4
2025-12-16 07:50:00,7084.504800000001,4456.3906,winter,day4
2025-12-16 07:55:00,7205.719200000001,4391.8125,winter,day4
2025-12-16 08:00:00,5879.8068,4359.157,winter,day4
2025-12-16 08:05:00,4666.3068,4377.7324,winter,day4
2025-12-16 08:10:00,4394.0808,4382.2393,winter,day4
2025-12-16 08:15:00,5070.0396,4379.278,winter,day4
2025-12-16 08:20:00,5125.4232,4381.3696,winter,day4
2025-12-16 08:25:00,4303.0656,4365.8467,winter,day4
2025-12-16 08:30:00,4704.1788,4362.588,winter,day4
2025-12-16 08:35:00,4075.7591999999995,4358.6045,winter,day4
2025-12-16 08:40:00,5405.31,4364.881,winter,day4
2025-12-16 08:45:00,4404.897599999999,4361.5396,winter,day4
2025-12-16 08:50:00,4950.6528,4377.788,winter,day4
2025-12-16 08:55:00,6181.3092,4370.3076,winter,day4
2025-12-16 09:00:00,7122.306,4386.9307,winter,day4
2025-12-16 09:05:00,6685.9908,4373.7295,winter,day4
2025-12-16 09:10:00,5233.7771999999995,4337.1406,winter,day4
2025-12-16 09:15:00,4153.1268,4317.1133,winter,day4
2025-12-16 09:20:00,4161.3144,4336.719,winter,day4
2025-12-16 09:25:00,4026.3971999999994,4367.9,winter,day4
2025-12-16 09:30:00,5052.306,4413.1074,winter,day4
2025-12-16 09:35:00,4094.2668,4441.8228,winter,day4
2025-12-16 09:40:00,4127.8476,4461.0703,winter,day4
2025-12-16 09:45:00,4505.4204,4462.1255,winter,day4
2025-12-16 09:50:00,4041.7356,4474.0225,winter,day4
2025-12-16 09:55:00,4273.462799999999,4470.9478,winter,day4
2025-12-16 10:00:00,4452.0552,4460.1978,winter,day4
2025-12-16 10:05:00,4339.7004,4453.33,winter,day4
2025-12-16 10:10:00,4576.8612,4424.2334,winter,day4
2025-12-16 10:15:00,4096.518,4403.303,winter,day4
2025-12-16 10:20:00,4990.0284,4397.63,winter,day4
2025-12-16 10:25:00,4283.2356,4387.029,winter,day4
2025-12-16 10:30:00,4198.0848,4385.3433,winter,day4
2025-12-16 10:35:00,4275.766799999999,4374.7217,winter,day4
2025-12-16 10:40:00,4266.4704,4376.1567,winter,day4
2025-12-16 10:45:00,4146.7356,4374.132,winter,day4
2025-12-16 10:50:00,4051.476,4390.678,winter,day4
2025-12-16 10:55:00,4008.6924,4390.3916,winter,day4
2025-12-16 11:00:00,3833.4636,4430.1445,winter,day4
2025-12-16 11:05:00,3885.5519999999997,4420.0635,winter,day4
2025-12-16 11:10:00,4982.191199999999,4362.205,winter,day4
2025-12-16 11:15:00,4509.4524,4279.628,winter,day4
2025-12-16 11:20:00,5283.576,4191.432,winter,day4
2025-12-16 11:25:00,5901.5736,4113.8,winter,day4
2025-12-16 11:30:00,4369.2048,4072.6372,winter,day4
2025-12-16 11:35:00,3914.8235999999997,4039.0881,winter,day4
2025-12-16 11:40:00,3608.1084,4024.899,winter,day4
2025-12-16 11:45:00,3877.2612,4010.0806,winter,day4
2025-12-16 11:50:00,4029.2700000000004,4021.676,winter,day4
2025-12-16 11:55:00,3742.668,4007.0933,winter,day4
2025-12-16 12:00:00,6038.3544,3985.6372,winter,day4
2025-12-16 12:05:00,4067.7383999999997,3965.0972,winter,day4
2025-12-16 12:10:00,4482.716399999999,3914.706,winter,day4
2025-12-16 12:15:00,3729.8424,3863.6978,winter,day4
2025-12-16 12:20:00,3680.1672,3822.1104,winter,day4
2025-12-16 12:25:00,3748.7160000000003,3784.874,winter,day4
2025-12-16 12:30:00,4284.1068,3765.4487,winter,day4
2025-12-16 12:35:00,3777.2724000000003,3740.3105,winter,day4
2025-12-16 12:40:00,4806.6084,3725.4963,winter,day4
2025-12-16 12:45:00,4121.4264,3704.8396,winter,day4
2025-12-16 12:50:00,3663.7932,3708.7698,winter,day4
2025-12-16 12:55:00,3641.1803999999997,3692.2588,winter,day4
2025-12-16 13:00:00,4079.0616,3634.3242,winter,day4
2025-12-16 13:05:00,5389.7448,3575.7954,winter,day4
2025-12-16 13:10:00,4180.530000000001,3494.8755,winter,day4
2025-12-16 13:15:00,3867.5292,3411.8381,winter,day4
2025-12-16 13:20:00,3947.0832,3342.789,winter,day4
2025-12-16 13:25:00,4291.2084,3279.79,winter,day4
2025-12-16 13:30:00,3750.8556,3236.1106,winter,day4
2025-12-16 13:35:00,3951.222,3197.7812,winter,day4
2025-12-16 13:40:00,3920.4024,3178.7043,winter,day4
2025-12-16 13:45:00,3324.2484000000004,3184.9119,winter,day4
2025-12-16 13:50:00,3828.1944000000003,3216.0996,winter,day4
2025-12-16 13:55:00,3311.3136,3263.4294,winter,day4
2025-12-16 14:00:00,3627.4115999999995,3609.4229,winter,day4
2025-12-16 14:05:00,3714.8712,3675.9348,winter,day4
2025-12-16 14:10:00,4166.5199999999995,3719.2178,winter,day4
2025-12-16 14:15:00,3917.3808000000004,3752.9888,winter,day4
2025-12-16 14:20:00,5278.9044,3789.835,winter,day4
2025-12-16 14:25:00,3564.9252,3837.0034,winter,day4
2025-12-16 14:30:00,3410.8896,3905.9675,winter,day4
2025-12-16 14:35:00,3794.142,3979.8635,winter,day4
2025-12-16 14:40:00,4064.0759999999996,4054.6885,winter,day4
2025-12-16 14:45:00,4060.0187999999994,4118.4365,winter,day4
2025-12-16 14:50:00,5638.8264,4198.2217,winter,day4
2025-12-16 14:55:00,4045.8311999999996,4274.552,winter,day4
2025-12-16 15:00:00,5577.5988,4565.3057,winter,day4
2025-12-16 15:05:00,5338.7663999999995,4666.55,winter,day4
2025-12-16 15:10:00,4601.8332,4751.9277,winter,day4
2025-12-16 15:15:00,4514.3004,4852.459,winter,day4
2025-12-16 15:20:00,4651.674000000001,4939.5723,winter,day4
2025-12-16 15:25:00,4688.780400000001,5027.3555,winter,day4
2025-12-16 15:30:00,5018.646,5104.7915,winter,day4
2025-12-16 15:35:00,4649.3124,5177.147,winter,day4
2025-12-16 15:40:00,5036.8956,5242.7456,winter,day4
2025-12-16 15:45:00,6101.222400000001,5295.5977,winter,day4
2025-12-16 15:50:00,5310.1344,5352.195,winter,day4
2025-12-16 15:55:00,5578.8444,5380.7666,winter,day4
2025-12-16 16:00:00,6418.926,6611.878,winter,day4
2025-12-16 16:05:00,6934.9872000000005,7165.1377,winter,day4
2025-12-16 16:10:00,5723.4084,7765.2686,winter,day4
2025-12-16 16:15:00,6220.02,8324.196,winter,day4
2025-12-16 16:20:00,6189.9816,8581.654,winter,day4
2025-12-16 16:25:00,8523.5976,8748.2705,winter,day4
2025-12-16 16:30:00,6921.2136,8885.2705,winter,day4
2025-12-16 16:35:00,6369.4176,9027.982,winter,day4
2025-12-16 16:40:00,5543.4936,9127.629,winter,day4
2025-12-16 16:45:00,5541.312,9145.46,winter,day4
2025-12-16 16:50:00,6021.54,9111.684,winter,day4
2025-12-16 16:55:00,5594.2212,9080.821,winter,day4
2025-12-16 17:00:00,5404.383599999999,8738.916,winter,day4
2025-12-16 17:05:00,5644.6044,8747.731,winter,day4
2025-12-16 17:10:00,5346.6396,8494.439,winter,day4
2025-12-16 17:15:00,5382.9756,7943.005,winter,day4
2025-12-16 17:20:00,5437.419599999999,7044.7036,winter,day4
2025-12-16 17:25:00,5168.364,6370.2427,winter,day4
2025-12-16 17:30:00,4849.17,6054.599,winter,day4
2025-12-16 17:35:00,4824.846,5924.965,winter,day4
2025-12-16 17:40:00,4795.218,5919.4116,winter,day4
2025-12-16 17:45:00,4838.4264,5916.8115,winter,day4
2025-12-16 17:50:00,5375.1948,6019.417,winter,day4
2025-12-16 17:55:00,6129.4152,6208.996,winter,day4
2025-12-16 18:00:00,7022.948399999999,6588.203,winter,day4
2025-12-16 18:05:00,9322.598399999999,6700.269,winter,day4
2025-12-16 18:10:00,12304.332,6629.253,winter,day4
2025-12-16 18:15:00,13883.9892,6509.827,winter,day4
2025-12-16 18:20:00,10606.9176,6278.7246,winter,day4
2025-12-16 18:25:00,11033.883600000001,6068.923,winter,day4
2025-12-16 18:30:00,10770.066,5948.674,winter,day4
2025-12-16 18:35:00,10817.2656,5879.6304,winter,day4
2025-12-16 18:40:00,10768.5732,5842.6763,winter,day4
2025-12-16 18:45:00,11083.158,5773.9478,winter,day4
2025-12-16 18:50:00,10502.316,5782.6035,winter,day4
2025-12-16 18:55:00,11726.8764,5823.7266,winter,day4
2025-12-16 19:00:00,9362.4708,5466.859,winter,day4
2025-12-16 19:05:00,8939.4012,5432.2046,winter,day4
2025-12-16 19:10:00,9068.5296,5293.7183,winter,day4
2025-12-16 19:15:00,10369.382399999999,5113.117,winter,day4
2025-12-16 19:20:00,4406.4276,4905.334,winter,day4
2025-12-16 19:25:00,4186.9980000000005,4773.3896,winter,day4
2025-12-16 19:30:00,3759.4103999999998,4730.642,winter,day4
2025-12-16 19:35:00,3591.4980000000005,4702.0293,winter,day4
2025-12-16 19:40:00,3997.8432000000003,4708.3613,winter,day4
2025-12-16 19:45:00,4548.5256,4704.608,winter,day4
2025-12-16 19:50:00,3994.7388,4732.6514,winter,day4
2025-12-16 19:55:00,3709.2588000000005,4728.6636,winter,day4
2025-12-16 20:00:00,3851.6184000000003,4536.682,winter,day4
2025-12-16 20:05:00,3718.47,4525.532,winter,day4
2025-12-16 20:10:00,3542.9483999999998,4479.374,winter,day4
2025-12-16 20:15:00,3521.2992,4447.542,winter,day4
2025-12-16 20:20:00,3372.9900000000002,4424.672,winter,day4
2025-12-16 20:25:00,3389.2332,4395.625,winter,day4
2025-12-16 20:30:00,3283.4328,4378.052,winter,day4
2025-12-16 20:35:00,3479.4120000000003,4337.1074,winter,day4
2025-12-16 20:40:00,3745.8095999999996,4311.8516,winter,day4
2025-12-16 20:45:00,3636.8256,4278.053,winter,day4
2025-12-16 20:50:00,3511.9475999999995,4276.3706,winter,day4
2025-12-16 20:55:00,3160.8300000000004,4243.98,winter,day4
2025-12-16 21:00:00,2850.8544,3864.703,winter,day4
2025-12-16 21:05:00,3042.5196,3807.4167,winter,day4
2025-12-16 21:10:00,2641.8276,3694.281,winter,day4
2025-12-16 21:15:00,2519.262,3591.8582,winter,day4
2025-12-16 21:20:00,2553.0744,3495.3542,winter,day4
2025-12-16 21:25:00,2424.522,3370.9758,winter,day4
2025-12-16 21:30:00,2406.6228,3258.829,winter,day4
2025-12-16 21:35:00,2408.4168,3130.685,winter,day4
2025-12-16 21:40:00,2452.5396,3062.0342,winter,day4
2025-12-16 21:45:00,2527.0487999999996,3021.3936,winter,day4
2025-12-16 21:50:00,2566.5407999999998,3051.8687,winter,day4
2025-12-16 21:55:00,2691.1824,3098.9668,winter,day4
2025-12-16 22:00:00,2636.7324,2921.6123,winter,day4
2025-12-16 22:05:00,2519.8163999999997,2983.2334,winter,day4
2025-12-16 22:10:00,2459.0063999999998,2982.384,winter,day4
2025-12-16 22:15:00,2469.444,2978.4194,winter,day4
2025-12-16 22:20:00,2629.8804,2995.8298,winter,day4
2025-12-16 22:25:00,2411.6412,2988.1697,winter,day4
2025-12-16 22:30:00,2404.7952,2992.1748,winter,day4
2025-12-16 22:35:00,2386.5227999999997,2960.219,winter,day4
2025-12-16 22:40:00,2356.6524,2963.2073,winter,day4
2025-12-16 22:45:00,2410.1699999999996,2967.5872,winter,day4
2025-12-16 22:50:00,2458.6308,3006.7773,winter,day4
2025-12-16 22:55:00,2457.5592,3026.9402,winter,day4
2025-12-16 23:00:00,2356.7484,2976.0415,winter,day4
2025-12-16 23:05:00,2337.0996,2985.168,winter,day4
2025-12-16 23:10:00,2441.2511999999997,2957.6904,winter,day4
2025-12-16 23:15:00,2482.1556,2948.933,winter,day4
2025-12-16 23:20:00,2489.8968,2978.2915,winter,day4
2025-12-16 23:25:00,2577.7008,3006.8738,winter,day4
2025-12-16 23:30:00,2728.6416,3086.7173,winter,day4
2025-12-16 23:35:00,2683.764,3168.4658,winter,day4
2025-12-16 23:40:00,2471.9808000000003,3269.7705,winter,day4
2025-12-16 23:45:00,2458.0584,3320.548,winter,day4
2025-12-16 23:50:00,2508.2268,3372.5078,winter,day4
2025-12-16 23:55:00,2562.8736,3427.9321,winter,day4
2025-12-31 00:00:00,3338.9136,2811.773,winter,day5
2025-12-31 00:05:00,3319.3343999999997,2852.9768,winter,day5
2025-12-31 00:10:00,2794.9272,2885.1104,winter,day5
2025-12-31 00:15:00,3241.1208,2906.9644,winter,day5
2025-12-31 00:20:00,2992.0703999999996,2924.8037,winter,day5
2025-12-31 00:25:00,3351.4127999999996,2932.6365,winter,day5
2025-12-31 00:30:00,3351.6444,2947.561,winter,day5
2025-12-31 00:35:00,2985.12,2962.2676,winter,day5
2025-12-31 00:40:00,3308.274,2975.7625,winter,day5
2025-12-31 00:45:00,3283.6752,2970.1543,winter,day5
2025-12-31 00:50:00,3266.0256,2959.6814,winter,day5
2025-12-31 00:55:00,3306.7512,2950.727,winter,day5
2025-12-31 01:00:00,2924.0676,2915.0303,winter,day5
2025-12-31 01:05:00,3583.3644,2888.067,winter,day5
2025-12-31 01:10:00,3572.2008,2842.615,winter,day5
2025-12-31 01:15:00,3407.7563999999998,2790.6306,winter,day5
2025-12-31 01:20:00,3333.2388,2747.02,winter,day5
2025-12-31 01:25:00,3103.6272,2710.4282,winter,day5
2025-12-31 01:30:00,3114.5016,2689.343,winter,day5
2025-12-31 01:35:00,2717.7156,2671.5093,winter,day5
2025-12-31 01:40:00,2677.3104,2662.3457,winter,day5
2025-12-31 01:45:00,2759.4504,2653.822,winter,day5
2025-12-31 01:50:00,2732.4624,2649.2603,winter,day5
2025-12-31 01:55:00,2525.8248,2645.74,winter,day5
2025-12-31 02:00:00,2513.3172,2652.0476,winter,day5
2025-12-31 02:05:00,2507.8452,2651.5168,winter,day5
2025-12-31 02:10:00,2518.17,2648.3213,winter,day5
2025-12-31 02:15:00,2575.4700000000003,2643.8462,winter,day5
2025-12-31 02:20:00,2600.076,2640.325,winter,day5
2025-12-31 02:25:00,2733.7608,2634.3262,winter,day5
2025-12-31 02:30:00,2878.1268,2632.338,winter,day5
2025-12-31 02:35:00,2681.0556,2628.773,winter,day5
2025-12-31 02:40:00,2654.16,2627.487,winter,day5
2025-12-31 02:45:00,2642.2284,2625.451,winter,day5
2025-12-31 02:50:00,2643.522,2624.5098,winter,day5
2025-12-31 02:55:00,2711.7408000000005,2623.6624,winter,day5
2025-12-31 03:00:00,2456.0964,2651.6218,winter,day5
2025-12-31 03:05:00,2610.2784,2649.833,winter,day5
2025-12-31 03:10:00,2780.85,2646.1133,winter,day5
2025-12-31 03:15:00,2629.2455999999997,2641.738,winter,day5
2025-12-31 03:20:00,2558.4924,2638.7495,winter,day5
2025-12-31 03:25:00,2607.1164,2635.7053,winter,day5
2025-12-31 03:30:00,2624.0988,2636.2407,winter,day5
2025-12-31 03:35:00,2653.4604,2635.089,winter,day5
2025-12-31 03:40:00,2596.5335999999998,2634.562,winter,day5
2025-12-31 03:45:00,2587.9199999999996,2632.702,winter,day5
2025-12-31 03:50:00,2564.3892,2630.8833,winter,day5
2025-12-31 03:55:00,2620.44,2628.4248,winter,day5
2025-12-31 04:00:00,2676.4896,2655.597,winter,day5
2025-12-31 04:05:00,2725.3512,2652.336,winter,day5
2025-12-31 04:10:00,2698.3068,2648.5435,winter,day5
2025-12-31 04:15:00,2618.6076000000003,2644.9192,winter,day5
2025-12-31 04:20:00,2582.802,2641.615,winter,day5
2025-12-31 04:25:00,2585.6232,2637.6077,winter,day5
2025-12-31 04:30:00,2729.1276,2636.0828,winter,day5
2025-12-31 04:35:00,2707.9440000000004,2633.656,winter,day5
2025-12-31 04:40:00,2614.2036,2632.0776,winter,day5
2025-12-31 04:45:00,2609.3724,2630.9248,winter,day5
2025-12-31 04:50:00,2532.6348,2630.7166,winter,day5
2025-12-31 04:55:00,2524.2924,2630.6028,winter,day5
2025-12-31 05:00:00,2552.7192,2641.2375,winter,day5
2025-12-31 05:05:00,2590.962,2640.2495,winter,day5
2025-12-31 05:10:00,2662.6608,2638.0725,winter,day5
2025-12-31 05:15:00,2660.9856,2636.0862,winter,day5
2025-12-31 05:20:00,2644.1448,2634.8218,winter,day5
2025-12-31 05:25:00,2650.6716,2632.7866,winter,day5
2025-12-31 05:30:00,2610.084,2633.35,winter,day5
2025-12-31 05:35:00,2720.0328,2632.637,winter,day5
2025-12-31 05:40:00,2779.6992,2634.2612,winter,day5
2025-12-31 05:45:00,2879.2716,2636.8613,winter,day5
2025-12-31 05:50:00,2901.7116,2641.6724,winter,day5
2025-12-31 05:55:00,2602.9991999999997,2647.7043,winter,day5
2025-12-31 06:00:00,2562.9984,2681.5874,winter,day5
2025-12-31 06:05:00,2562.6924,2687.4497,winter,day5
2025-12-31 06:10:00,2514.3912,2692.116,winter,day5
2025-12-31 06:15:00,2505.2196,2697.352,winter,day5
2025-12-31 06:20:00,2627.9424,2705.5654,winter,day5
2025-12-31 06:25:00,2631.9516,2713.963,winter,day5
2025-12-31 06:30:00,2570.6196,2728.4434,winter,day5
2025-12-31 06:35:00,2528.904,2742.0918,winter,day5
2025-12-31 06:40:00,2597.9376,2754.4915,winter,day5
2025-12-31 06:45:00,3277.6716,2760.0933,winter,day5
2025-12-31 06:50:00,2724.3419999999996,2766.3425,winter,day5
2025-12-31 06:55:00,3794.3148,2774.7954,winter,day5
2025-12-31 07:00:00,3542.3412,3056.3853,winter,day5
2025-12-31 07:05:00,3736.728,3094.3506,winter,day5
2025-12-31 07:10:00,3571.6476000000002,3126.4463,winter,day5
2025-12-31 07:15:00,3651.3527999999997,3166.4343,winter,day5
2025-12-31 07:20:00,3699.6192,3212.4807,winter,day5
2025-12-31 07:25:00,3630.0996,3263.0356,winter,day5
2025-12-31 07:30:00,3662.142,3329.859,winter,day5
2025-12-31 07:35:00,3685.2119999999995,3403.7273,winter,day5
2025-12-31 07:40:00,3743.3592,3469.688,winter,day5
2025-12-31 07:45:00,3919.9871999999996,3496.498,winter,day5
2025-12-31 07:50:00,4016.8248,3541.9329,winter,day5
2025-12-31 07:55:00,3773.514,3576.228,winter,day5
2025-12-31 08:00:00,3514.1724000000004,3749.9502,winter,day5
2025-12-31 08:05:00,3398.4924,3766.2,winter,day5
2025-12-31 08:10:00,3332.1804,3751.9307,winter,day5
2025-12-31 08:15:00,3295.9188000000004,3750.208,winter,day5
2025-12-31 08:20:00,3875.2344,3758.9148,winter,day5
2025-12-31 08:25:00,4055.7504,3764.4736,winter,day5
2025-12-31 08:30:00,4329.8328,3805.4758,winter,day5
2025-12-31 08:35:00,3847.4483999999998,3854.0945,winter,day5
2025-12-31 08:40:00,3638.88,3910.7546,winter,day5
2025-12-31 08:45:00,4250.6004,3923.3967,winter,day5
2025-12-31 08:50:00,5217.933599999999,3940.3455,winter,day5
2025-12-31 08:55:00,5401.4208,3960.3738,winter,day5
2025-12-31 09:00:00,5468.3712,4058.3418,winter,day5
2025-12-31 09:05:00,6148.494000000001,4068.7573,winter,day5
2025-12-31 09:10:00,5363.1864000000005,4037.239,winter,day5
2025-12-31 09:15:00,5088.996,4011.568,winter,day5
2025-12-31 09:20:00,4635.3804,3997.5261,winter,day5
2025-12-31 09:25:00,4231.6344,3974.2961,winter,day5
2025-12-31 09:30:00,4401.9384,3976.5234,winter,day5
2025-12-31 09:35:00,4285.6488,3965.4407,winter,day5
2025-12-31 09:40:00,4400.7660000000005,3972.402,winter,day5
2025-12-31 09:45:00,10283.52,3962.6948,winter,day5
2025-12-31 09:50:00,9461.2608,3969.6624,winter,day5
2025-12-31 09:55:00,6320.339999999999,3982.885,winter,day5
2025-12-31 10:00:00,5219.9544000000005,3971.5967,winter,day5
2025-12-31 10:05:00,6990.068399999999,3984.7312,winter,day5
2025-12-31 10:10:00,7397.634000000001,3972.8088,winter,day5
2025-12-31 10:15:00,6904.8912,3966.2544,winter,day5
2025-12-31 10:20:00,7039.7004,3973.0955,winter,day5
2025-12-31 10:25:00,5734.6788,3966.346,winter,day5
2025-12-31 10:30:00,4595.825999999999,3987.3354,winter,day5
2025-12-31 10:35:00,4877.7708,3995.685,winter,day5
2025-12-31 10:40:00,4928.214,4018.5298,winter,day5
2025-12-31 10:45:00,4913.7684,4022.0557,winter,day5
2025-12-31 10:50:00,4863.794400000001,4035.976,winter,day5
2025-12-31 10:55:00,4884.3576,4054.169,winter,day5
2025-12-31 11:00:00,6113.4084,4138.5522,winter,day5
2025-12-31 11:05:00,6825.190799999999,4163.327,winter,day5
2025-12-31 11:10:00,4889.0424,4166.688,winter,day5
2025-12-31 11:15:00,4561.323600000001,4170.841,winter,day5
2025-12-31 11:20:00,4379.131200000001,4174.6216,winter,day5
2025-12-31 11:25:00,4388.6124,4155.4463,winter,day5
2025-12-31 11:30:00,4846.6488,4150.7466,winter,day5
2025-12-31 11:35:00,4757.1408,4131.1016,winter,day5
2025-12-31 11:40:00,4462.3944,4129.732,winter,day5
2025-12-31 11:45:00,4755.7464,4123.4814,winter,day5
2025-12-31 11:50:00,4390.89,4129.748,winter,day5
2025-12-31 11:55:00,4404.8412,4136.603,winter,day5
2025-12-31 12:00:00,5794.1556,4122.103,winter,day5
2025-12-31 12:05:00,4418.346,4133.023,winter,day5
2025-12-31 12:10:00,5056.236,4124.4443,winter,day5
2025-12-31 12:15:00,5098.2708,4114.3413,winter,day5
2025-12-31 12:20:00,4206.414,4105.1685,winter,day5
2025-12-31 12:25:00,3740.4792,4084.3987,winter,day5
2025-12-31 12:30:00,4270.369199999999,4085.4675,winter,day5
2025-12-31 12:35:00,3738.846,4079.046,winter,day5
2025-12-31 12:40:00,3676.3055999999997,4082.6526,winter,day5
2025-12-31 12:45:00,3983.2188,4076.1707,winter,day5
2025-12-31 12:50:00,4142.532,4070.3196,winter,day5
2025-12-31 12:55:00,4682.7924,4060.164,winter,day5
2025-12-31 13:00:00,3651.5472,3953.6167,winter,day5
2025-12-31 13:05:00,3380.8475999999996,3933.1836,winter,day5
2025-12-31 13:10:00,3235.3272,3890.7021,winter,day5
2025-12-31 13:15:00,3393.5544,3846.0789,winter,day5
2025-12-31 13:20:00,3722.7455999999997,3807.108,winter,day5
2025-12-31 13:25:00,3094.4916,3764.3452,winter,day5
2025-12-31 13:30:00,3354.0228,3749.5042,winter,day5
2025-12-31 13:35:00,3534.4464,3737.1287,winter,day5
2025-12-31 13:40:00,4910.742,3746.6667,winter,day5
2025-12-31 13:45:00,3182.7648,3753.1968,winter,day5
2025-12-31 13:50:00,3054.1944,3767.233,winter,day5
2025-12-31 13:55:00,3002.3016000000002,3780.0254,winter,day5
2025-12-31 14:00:00,2984.1696,3797.9902,winter,day5
2025-12-31 14:05:00,3174.0047999999997,3810.7183,winter,day5
2025-12-31 14:10:00,3060.2676,3807.567,winter,day5
2025-12-31 14:15:00,3016.8,3812.4346,winter,day5
2025-12-31 14:20:00,3024.552,3831.4863,winter,day5
2025-12-31 14:25:00,3008.0016,3852.4888,winter,day5
2025-12-31 14:30:00,2977.5504,3907.9114,winter,day5
2025-12-31 14:35:00,2995.1868,3958.8728,winter,day5
2025-12-31 14:40:00,3277.6440000000002,4016.414,winter,day5
2025-12-31 14:45:00,3150.348,4052.3516,winter,day5
2025-12-31 14:50:00,3066.4632,4088.0957,winter,day5
2025-12-31 14:55:00,3065.202,4126.5786,winter,day5
2025-12-31 15:00:00,3021.1884,4418.322,winter,day5
2025-12-31 15:05:00,2968.5,4463.6123,winter,day5
2025-12-31 15:10:00,2935.4376,4496.4087,winter,day5
2025-12-31 15:15:00,3112.5912,4544.962,winter,day5
2025-12-31 15:20:00,3107.9436,4601.817,winter,day5
2025-12-31 15:25:00,2957.5236,4659.072,winter,day5
2025-12-31 15:30:00,2978.1096,4755.5435,winter,day5
2025-12-31 15:35:00,2978.2392,4837.4844,winter,day5
2025-12-31 15:40:00,2978.1612,4916.5864,winter,day5
2025-12-31 15:45:00,2993.9676,4965.101,winter,day5
2025-12-31 15:50:00,3241.9056,5006.838,winter,day5
2025-12-31 15:55:00,3256.4268,5050.7236,winter,day5
2025-12-31 16:00:00,3148.1603999999998,5247.0107,winter,day5
2025-12-31 16:05:00,3193.7232,5301.1157,winter,day5
2025-12-31 16:10:00,3213.4632,5327.259,winter,day5
2025-12-31 16:15:00,3326.7936,5354.0117,winter,day5
2025-12-31 16:20:00,3319.1495999999997,5360.106,winter,day5
2025-12-31 16:25:00,3282.486,5346.981,winter,day5
2025-12-31 16:30:00,3423.804,5377.4995,winter,day5
2025-12-31 16:35:00,3312.3659999999995,5396.536,winter,day5
2025-12-31 16:40:00,3215.3652,5431.7344,winter,day5
2025-12-31 16:45:00,3342.4656000000004,5466.357,winter,day5
2025-12-31 16:50:00,3411.024,5496.4526,winter,day5
2025-12-31 16:55:00,3581.5235999999995,5544.8486,winter,day5
2025-12-31 17:00:00,3520.2288,5438.3984,winter,day5
2025-12-31 17:05:00,3353.9616,5444.5654,winter,day5
2025-12-31 17:10:00,3362.9724,5364.6387,winter,day5
2025-12-31 17:15:00,3338.9352,5254.514,winter,day5
2025-12-31 17:20:00,3324.5736000000006,5123.744,winter,day5
2025-12-31 17:25:00,3249.9816,4995.6934,winter,day5
2025-12-31 17:30:00,3212.5800000000004,4958.112,winter,day5
2025-12-31 17:35:00,3211.5263999999997,4916.351,winter,day5
2025-12-31 17:40:00,3443.358,4938.365,winter,day5
2025-12-31 17:45:00,3471.1619999999994,5005.7056,winter,day5
2025-12-31 17:50:00,3254.922,5104.8135,winter,day5
2025-12-31 17:55:00,3212.4456,5280.667,winter,day5
2025-12-31 18:00:00,3897.6492,6641.537,winter,day5
2025-12-31 18:05:00,6079.2816,7462.485,winter,day5
2025-12-31 18:10:00,8732.07,8302.71,winter,day5
2025-12-31 18:15:00,10121.2344,9013.475,winter,day5
2025-12-31 18:20:00,10166.0112,9339.51,winter,day5
2025-12-31 18:25:00,9286.32,9467.946,winter,day5
2025-12-31 18:30:00,9876.8364,9699.574,winter,day5
2025-12-31 18:35:00,9728.7576,9819.105,winter,day5
2025-12-31 18:40:00,10754.2644,9874.365,winter,day5
2025-12-31 18:45:00,9422.2032,9836.703,winter,day5
2025-12-31 18:50:00,10060.2228,9672.009,winter,day5
2025-12-31 18:55:00,9426.3576,9543.818,winter,day5
2025-12-31 19:00:00,10228.1712,9330.05,winter,day5
2025-12-31 19:05:00,9329.5824,9032.508,winter,day5
2025-12-31 19:10:00,9846.7392,8373.713,winter,day5
2025-12-31 19:15:00,9757.6764,7357.8623,winter,day5
2025-12-31 19:20:00,3601.8120000000004,6091.3047,winter,day5
2025-12-31 19:25:00,2518.1063999999997,5064.622,winter,day5
2025-12-31 19:30:00,2554.3332,4548.606,winter,day5
2025-12-31 19:35:00,2569.9883999999997,4204.9175,winter,day5
2025-12-31 19:40:00,2584.7196,4031.89,winter,day5
2025-12-31 19:45:00,2544.3527999999997,3929.1543,winter,day5
2025-12-31 19:50:00,2550.6443999999997,3847.9214,winter,day5
2025-12-31 19:55:00,2509.4736000000003,3783.316,winter,day5
2025-12-31 20:00:00,2468.7516,3073.3877,winter,day5
2025-12-31 20:05:00,2578.404,3003.0696,winter,day5
2025-12-31 20:10:00,2585.016,2931.2158,winter,day5
2025-12-31 20:15:00,2491.5156,2869.3135,winter,day5
2025-12-31 20:20:00,2616.33,2827.0225,winter,day5
2025-12-31 20:25:00,2699.3508,2786.7825,winter,day5
2025-12-31 20:30:00,2727.7608,2763.9473,winter,day5
2025-12-31 20:35:00,2821.0836000000004,2741.9448,winter,day5
2025-12-31 20:40:00,2587.2383999999997,2729.9717,winter,day5
2025-12-31 20:45:00,2546.3856,2720.6565,winter,day5
2025-12-31 20:50:00,2522.6184000000003,2714.4517,winter,day5
2025-12-31 20:55:00,2542.3464,2709.2156,winter,day5
2025-12-31 21:00:00,2529.996,2645.411,winter,day5
2025-12-31 21:05:00,2506.7016,2641.669,winter,day5
2025-12-31 21:10:00,2507.3232,2637.4927,winter,day5
2025-12-31 21:15:00,2447.2799999999997,2633.02,winter,day5
2025-12-31 21:20:00,2453.8836,2631.7595,winter,day5
2025-12-31 21:25:00,2469.5328,2629.077,winter,day5
2025-12-31 21:30:00,2475.8928,2627.6816,winter,day5
2025-12-31 21:35:00,2655.1764,2625.232,winter,day5
2025-12-31 21:40:00,2679.09,2623.7227,winter,day5
2025-12-31 21:45:00,2519.6688000000004,2621.6711,winter,day5
2025-12-31 21:50:00,2522.1984,2621.4697,winter,day5
2025-12-31 21:55:00,2541.0371999999998,2621.2136,winter,day5
2025-12-31 22:00:00,2644.1531999999997,2600.0044,winter,day5
2025-12-31 22:05:00,2618.184,2598.256,winter,day5
2025-12-31 22:10:00,2623.7676,2597.2598,winter,day5
2025-12-31 22:15:00,2541.876,2596.5315,winter,day5
2025-12-31 22:20:00,2579.6711999999998,2598.3313,winter,day5
2025-12-31 22:25:00,2563.0739999999996,2600.2498,winter,day5
2025-12-31 22:30:00,2559.7188,2602.9797,winter,day5
2025-12-31 22:35:00,2531.4911999999995,2605.8015,winter,day5
2025-12-31 22:40:00,2508.1008,2607.5615,winter,day5
2025-12-31 22:45:00,2500.602,2606.8733,winter,day5
2025-12-31 22:50:00,2753.952,2606.969,winter,day5
2025-12-31 22:55:00,2793.0588,2607.1587,winter,day5
2025-12-31 23:00:00,2577.3888,2607.6404,winter,day5
2025-12-31 23:05:00,2533.2312,2608.9382,winter,day5
2025-12-31 23:10:00,2484.7104,2611.9077,winter,day5
2025-12-31 23:15:00,2511.4008000000003,2615.9648,winter,day5
2025-12-31 23:20:00,2530.2252,2624.0435,winter,day5
2025-12-31 23:25:00,2549.9352,2632.5925,winter,day5
2025-12-31 23:30:00,2534.6004000000003,2644.0059,winter,day5
2025-12-31 23:35:00,2584.8216,2656.8499,winter,day5
2025-12-31 23:40:00,2595.6192,2672.398,winter,day5
2025-12-31 23:45:00,2565.9672,2685.9805,winter,day5
2025-12-31 23:50:00,2620.8684000000003,2707.903,winter,day5
2025-12-31 23:55:00,2719.3668000000002,2735.952,winter,day5
2025-06-01 00:00:00,2526.7452000000003,2440.856,summer,day1
2025-06-01 00:05:00,2463.0612,2440.4185,summer,day1
2025-06-01 00:10:00,2445.3624,2440.7769,summer,day1
2025-06-01 00:15:00,2434.8624,2440.602,summer,day1
2025-06-01 00:20:00,2444.8836,2441.2441,summer,day1
2025-06-01 00:25:00,2443.6536,2442.7554,summer,day1
2025-06-01 00:30:00,2400.8712,2444.8896,summer,day1
2025-06-01 00:35:00,2397.0864,2447.527,summer,day1
2025-06-01 00:40:00,2408.7204,2448.6897,summer,day1
2025-06-01 00:45:00,2576.5236,2447.504,summer,day1
2025-06-01 00:50:00,2515.4268,2445.4553,summer,day1
2025-06-01 00:55:00,2153.4936000000002,2443.8079,summer,day1
2025-06-01 01:00:00,2206.2684,2465.6885,summer,day1
2025-06-01 01:05:00,2483.8824,2462.5505,summer,day1
2025-06-01 01:10:00,2487.558,2460.2822,summer,day1
2025-06-01 01:15:00,2458.3416,2458.086,summer,day1
2025-06-01 01:20:00,2445.9036,2456.0454,summer,day1
2025-06-01 01:25:00,2436.6744,2454.0637,summer,day1
2025-06-01 01:30:00,2437.7196,2452.1533,summer,day1
2025-06-01 01:35:00,2587.3559999999998,2450.8213,summer,day1
2025-06-01 01:40:00,2479.992,2449.1602,summer,day1
2025-06-01 01:45:00,2388.192,2447.4678,summer,day1
2025-06-01 01:50:00,2394.2076,2446.5703,summer,day1
2025-06-01 01:55:00,2490.8304,2445.8005,summer,day1
2025-06-01 02:00:00,2550.2843999999996,2485.1375,summer,day1
2025-06-01 02:05:00,2232.5172,2482.417,summer,day1
2025-06-01 02:10:00,2317.0955999999996,2479.4797,summer,day1
2025-06-01 02:15:00,2408.6268,2476.7275,summer,day1
2025-06-01 02:20:00,2410.9224,2474.3728,summer,day1
2025-06-01 02:25:00,2668.9451999999997,2471.9094,summer,day1
2025-06-01 02:30:00,2585.2272000000003,2469.752,summer,day1
2025-06-01 02:35:00,2479.1099999999997,2467.4998,summer,day1
2025-06-01 02:40:00,2463.4188,2465.2463,summer,day1
2025-06-01 02:45:00,2463.426,2462.4556,summer,day1
2025-06-01 02:50:00,2449.2504,2460.5967,summer,day1
2025-06-01 02:55:00,2430.3516,2458.3926,summer,day1
2025-06-01 03:00:00,2278.2048,2453.1929,summer,day1
2025-06-01 03:05:00,2049.5772,2450.0874,summer,day1
2025-06-01 03:10:00,2396.1804,2449.151,summer,day1
2025-06-01 03:15:00,2571.4836,2449.1023,summer,day1
2025-06-01 03:20:00,2472.3228,2449.5168,summer,day1
2025-06-01 03:25:00,2364.7223999999997,2450.5325,summer,day1
2025-06-01 03:30:00,2362.8804,2450.5325,summer,day1
2025-06-01 03:35:00,2403.0744,2450.4277,summer,day1
2025-06-01 03:40:00,2472.7284,2448.8914,summer,day1
2025-06-01 03:45:00,2457.0335999999998,2446.8958,summer,day1
2025-06-01 03:50:00,2505.8808,2445.0786,summer,day1
2025-06-01 03:55:00,2628.3024,2442.6196,summer,day1
2025-06-01 04:00:00,2548.8804,2438.2993,summer,day1
2025-06-01 04:05:00,2958.8952,2435.855,summer,day1
2025-06-01 04:10:00,2742.2664,2435.5442,summer,day1
2025-06-01 04:15:00,2707.5528,2435.1682,summer,day1
2025-06-01 04:20:00,2519.6711999999998,2434.136,summer,day1
2025-06-01 04:25:00,2526.5076,2432.66,summer,day1
2025-06-01 04:30:00,2333.9604,2429.5344,summer,day1
2025-06-01 04:35:00,2619.3684000000003,2426.1184,summer,day1
2025-06-01 04:40:00,2623.7064,2421.4966,summer,day1
2025-06-01 04:45:00,2598.2364000000002,2416.559,summer,day1
2025-06-01 04:50:00,2679.3684000000003,2412.2495,summer,day1
2025-06-01 04:55:00,2428.9248,2408.377,summer,day1
2025-06-01 05:00:00,2514.702,2417.0793,summer,day1
2025-06-01 05:05:00,2484.4308,2415.3743,summer,day1
2025-06-01 05:10:00,2354.9424,2415.787,summer,day1
2025-06-01 05:15:00,2305.1148000000003,2415.968,summer,day1
2025-06-01 05:20:00,2247.9636,2414.8684,summer,day1
2025-06-01 05:25:00,2213.5667999999996,2413.028,summer,day1
2025-06-01 05:30:00,2216.1144,2409.3616,summer,day1
2025-06-01 05:35:00,2200.464,2405.925,summer,day1
2025-06-01 05:40:00,2392.1304,2401.0178,summer,day1
2025-06-01 05:45:00,2271.996,2395.8638,summer,day1
2025-06-01 05:50:00,1770.0084,2391.8943,summer,day1
2025-06-01 05:55:00,2016.8064,2387.9053,summer,day1
2025-06-01 06:00:00,2133.8292,2387.5527,summer,day1
2025-06-01 06:05:00,2130.4919999999997,2384.5461,summer,day1
2025-06-01 06:10:00,2230.986,2384.1519,summer,day1
2025-06-01 06:15:00,2238.2808,2384.8975,summer,day1
2025-06-01 06:20:00,2225.3784,2387.3208,summer,day1
2025-06-01 06:25:00,2329.7064,2391.3403,summer,day1
2025-06-01 06:30:00,2475.1596,2395.2817,summer,day1
2025-06-01 06:35:00,2459.2691999999997,2400.293,summer,day1
2025-06-01 06:40:00,2403.2580000000003,2400.717,summer,day1
2025-06-01 06:45:00,2256.264,2396.9038,summer,day1
2025-06-01 06:50:00,1824.366,2391.836,summer,day1
2025-06-01 06:55:00,2134.1207999999997,2386.248,summer,day1
2025-06-01 07:00:00,2114.7612,2451.516,summer,day1
2025-06-01 07:05:00,2258.0135999999998,2471.2932,summer,day1
2025-06-01 07:10:00,2336.9784,2504.4644,summer,day1
2025-06-01 07:15:00,2308.5888,2559.236,summer,day1
2025-06-01 07:20:00,2138.7804,2643.5874,summer,day1
2025-06-01 07:25:00,2185.3416,2783.4177,summer,day1
2025-06-01 07:30:00,2207.0724,2957.1035,summer,day1
2025-06-01 07:35:00,2170.8455999999996,3191.855,summer,day1
2025-06-01 07:40:00,2332.9175999999998,3381.7432,summer,day1
2025-06-01 07:45:00,2384.088,3530.9878,summer,day1
2025-06-01 07:50:00,2123.6772,3639.8923,summer,day1
2025-06-01 07:55:00,1838.58,3695.3525,summer,day1
2025-06-01 08:00:00,2112.7272000000003,3339.2722,summer,day1
2025-06-01 08:05:00,2153.328,3358.3777,summer,day1
2025-06-01 08:10:00,2160.3684000000003,3373.294,summer,day1
2025-06-01 08:15:00,2475.5544,3406.7212,summer,day1
2025-06-01 08:20:00,2394.636,3430.3325,summer,day1
2025-06-01 08:25:00,2184.186,3476.125,summer,day1
2025-06-01 08:30:00,2254.5948,3491.2168,summer,day1
2025-06-01 08:35:00,2363.4900000000002,3539.6216,summer,day1
2025-06-01 08:40:00,2342.436,3558.4785,summer,day1
2025-06-01 08:45:00,2388.0108,3589.5498,summer,day1
2025-06-01 08:50:00,2300.2776000000003,3621.5981,summer,day1
2025-06-01 08:55:00,2314.1412,3625.5496,summer,day1
2025-06-01 09:00:00,2255.1216,3895.013,summer,day1
2025-06-01 09:05:00,2313.3948,3888.4321,summer,day1
2025-06-01 09:10:00,2415.1488,3867.5718,summer,day1
2025-06-01 09:15:00,2218.5576,3859.2104,summer,day1
2025-06-01 09:20:00,2022.6299999999999,3850.5007,summer,day1
2025-06-01 09:25:00,2324.4804,3862.843,summer,day1
2025-06-01 09:30:00,2429.7347999999997,3864.0374,summer,day1
2025-06-01 09:35:00,2425.4712,3891.0579,summer,day1
2025-06-01 09:40:00,2634.6984,3899.7559,summer,day1
2025-06-01 09:45:00,2589.936,3912.1,summer,day1
2025-06-01 09:50:00,2985.9504,3926.8833,summer,day1
2025-06-01 09:55:00,3118.7580000000003,3938.7534,summer,day1
2025-06-01 10:00:00,3145.3296,4425.048,summer,day1
2025-06-01 10:05:00,3000.0155999999997,4449.617,summer,day1
2025-06-01 10:10:00,3243.4548000000004,4450.21,summer,day1
2025-06-01 10:15:00,3048.8723999999997,4453.4624,summer,day1
2025-06-01 10:20:00,3718.5312,4453.121,summer,day1
2025-06-01 10:25:00,5525.8536,4471.094,summer,day1
2025-06-01 10:30:00,5728.9068,4487.261,summer,day1
2025-06-01 10:35:00,4920.803999999999,4519.4365,summer,day1
2025-06-01 10:40:00,4729.0068,4519.2656,summer,day1
2025-06-01 10:45:00,3853.2576,4507.056,summer,day1
2025-06-01 10:50:00,2675.8728,4481.233,summer,day1
2025-06-01 10:55:00,2582.5896,4450.671,summer,day1
2025-06-01 11:00:00,2453.0532,4246.3486,summer,day1
2025-06-01 11:05:00,2372.7012,4237.179,summer,day1
2025-06-01 11:10:00,2824.2048,4229.8354,summer,day1
2025-06-01 11:15:00,2350.6644,4239.841,summer,day1
2025-06-01 11:20:00,2357.4336,4256.3125,summer,day1
2025-06-01 11:25:00,2379.8388,4278.419,summer,day1
2025-06-01 11:30:00,2499.0504,4290.8677,summer,day1
2025-06-01 11:35:00,2567.2272000000003,4306.6006,summer,day1
2025-06-01 11:40:00,2478.8772,4296.635,summer,day1
2025-06-01 11:45:00,2295.3540000000003,4290.293,summer,day1
2025-06-01 11:50:00,3115.3415999999997,4283.877,summer,day1
2025-06-01 11:55:00,3889.0332000000003,4276.541,summer,day1
2025-06-01 12:00:00,3719.8884,4516.836,summer,day1
2025-06-01 12:05:00,3485.3304000000003,4513.8213,summer,day1
2025-06-01 12:10:00,2500.02,4497.0063,summer,day1
2025-06-01 12:15:00,2617.29,4488.9966,summer,day1
2025-06-01 12:20:00,2718.5292,4479.9814,summer,day1
2025-06-01 12:25:00,2607.4476,4472.146,summer,day1
2025-06-01 12:30:00,2617.8552,4453.376,summer,day1
2025-06-01 12:35:00,2815.4244,4445.07,summer,day1
2025-06-01 12:40:00,4412.1384,4412.3726,summer,day1
2025-06-01 12:45:00,2853.0396,4376.68,summer,day1
2025-06-01 12:50:00,2855.496,4329.6895,summer,day1
2025-06-01 12:55:00,2674.8887999999997,4271.0977,summer,day1
2025-06-01 13:00:00,2721.9348,3459.2551,summer,day1
2025-06-01 13:05:00,2948.1132,3430.4727,summer,day1
2025-06-01 13:10:00,2809.6452,3400.2136,summer,day1
2025-06-01 13:15:00,2726.0027999999998,3372.9539,summer,day1
2025-06-01 13:20:00,2850.1968,3347.7822,summer,day1
2025-06-01 13:25:00,3645.504,3319.876,summer,day1
2025-06-01 13:30:00,2543.5356,3283.7314,summer,day1
2025-06-01 13:35:00,2949.6636000000003,3259.34,summer,day1
2025-06-01 13:40:00,2862.3936000000003,3221.914,summer,day1
2025-06-01 13:45:00,3786.2771999999995,3187.2388,summer,day1
2025-06-01 13:50:00,3468.108,3157.9934,summer,day1
2025-06-01 13:55:00,2655.426,3126.6272,summer,day1
2025-06-01 14:00:00,2680.296,2931.2576,summer,day1
2025-06-01 14:05:00,2841.2519999999995,2912.6006,summer,day1
2025-06-01 14:10:00,2700.8604,2896.2212,summer,day1
2025-06-01 14:15:00,2827.1531999999997,2886.4905,summer,day1
2025-06-01 14:20:00,2387.9148,2880.8271,summer,day1
2025-06-01 14:25:00,2899.1928,2877.363,summer,day1
2025-06-01 14:30:00,2663.7648,2869.3398,summer,day1
2025-06-01 14:35:00,2387.2248,2873.27,summer,day1
2025-06-01 14:40:00,4273.9836000000005,2873.592,summer,day1
2025-06-01 14:45:00,2890.9271999999996,2880.1387,summer,day1
2025-06-01 14:50:00,2668.7364000000002,2897.826,summer,day1
2025-06-01 14:55:00,3903.7128,2917.8428,summer,day1
2025-06-01 15:00:00,2540.7792,2893.8972,summer,day1
2025-06-01 15:05:00,2755.254,2912.4507,summer,day1
2025-06-01 15:10:00,2635.0212,2932.4116,summer,day1
2025-06-01 15:15:00,2438.8092,2959.2202,summer,day1
2025-06-01 15:20:00,2891.064,2987.5356,summer,day1
2025-06-01 15:25:00,3213.5328,3022.8032,summer,day1
2025-06-01 15:30:00,3069.1188,3057.2046,summer,day1
2025-06-01 15:35:00,2916.8148,3128.9343,summer,day1
2025-06-01 15:40:00,2681.3484,3194.6538,summer,day1
2025-06-01 15:45:00,2591.9196,3270.3362,summer,day1
2025-06-01 15:50:00,2534.0412,3354.831,summer,day1
2025-06-01 15:55:00,2495.9292,3428.7488,summer,day1
2025-06-01 16:00:00,2491.0932000000003,3264.0413,summer,day1
2025-06-01 16:05:00,2664.2856,3330.4475,summer,day1
2025-06-01 16:10:00,2811.6516,3388.9397,summer,day1
2025-06-01 16:15:00,3117.8592,3459.7053,summer,day1
2025-06-01 16:20:00,4169.6952,3534.7783,summer,day1
2025-06-01 16:25:00,2414.3124,3619.5237,summer,day1
2025-06-01 16:30:00,2393.514,3678.3528,summer,day1
2025-06-01 16:35:00,2857.5096000000003,3766.4097,summer,day1
2025-06-01 16:40:00,4026.078,3812.892,summer,day1
2025-06-01 16:45:00,2541.4656000000004,3869.5347,summer,day1
2025-06-01 16:50:00,2174.7504,3944.227,summer,day1
2025-06-01 16:55:00,2387.6387999999997,4011.2642,summer,day1
2025-06-01 17:00:00,2397.7716,4126.707,summer,day1
2025-06-01 17:05:00,2432.6843999999996,4152.3203,summer,day1
2025-06-01 17:10:00,2457.018,4135.7495,summer,day1
2025-06-01 17:15:00,2702.7419999999997,4125.783,summer,day1
2025-06-01 17:20:00,4379.1444,4118.161,summer,day1
2025-06-01 17:25:00,3323.6051999999995,4134.752,summer,day1
2025-06-01 17:30:00,2690.2488,4149.4937,summer,day1
2025-06-01 17:35:00,2122.3416,4210.2266,summer,day1
2025-06-01 17:40:00,2711.0268,4247.013,summer,day1
2025-06-01 17:45:00,2545.4892,4285.091,summer,day1
2025-06-01 17:50:00,2521.1124,4321.658,summer,day1
2025-06-01 17:55:00,2543.04,4343.347,summer,day1
2025-06-01 18:00:00,2570.8884000000003,4537.5923,summer,day1
2025-06-01 18:05:00,2498.3952,4520.2637,summer,day1
2025-06-01 18:10:00,2600.8848,4463.763,summer,day1
2025-06-01 18:15:00,2658.8952,4423.8647,summer,day1
2025-06-01 18:20:00,2163.9036,4394.897,summer,day1
2025-06-01 18:25:00,2102.6904,4404.6216,summer,day1
2025-06-01 18:30:00,2507.7168,4431.192,summer,day1
2025-06-01 18:35:00,3421.4592000000002,4496.5283,summer,day1
2025-06-01 18:40:00,2807.2884,4510.6895,summer,day1
2025-06-01 18:45:00,2499.4464,4484.01,summer,day1
2025-06-01 18:50:00,2503.9452,4424.653,summer,day1
2025-06-01 18:55:00,2464.7424,4350.414,summer,day1
2025-06-01 19:00:00,2600.79,3634.4956,summer,day1
2025-06-01 19:05:00,3695.5464,3595.564,summer,day1
2025-06-01 19:10:00,2330.4816,3559.9229,summer,day1
2025-06-01 19:15:00,4419.794400000001,3542.8086,summer,day1
2025-06-01 19:20:00,3815.7084000000004,3531.4517,summer,day1
2025-06-01 19:25:00,2421.7824,3527.086,summer,day1
2025-06-01 19:30:00,2543.9724,3517.0454,summer,day1
2025-06-01 19:35:00,2655.9828,3519.551,summer,day1
2025-06-01 19:40:00,2640.4056,3504.99,summer,day1
2025-06-01 19:45:00,2566.278,3491.3408,summer,day1
2025-06-01 19:50:00,3982.7364000000002,3479.5667,summer,day1
2025-06-01 19:55:00,2547.8172,3465.086,summer,day1
2025-06-01 20:00:00,2575.1304,3358.7908,summer,day1
2025-06-01 20:05:00,2425.5816,3340.0273,summer,day1
2025-06-01 20:10:00,2405.0676,3311.8118,summer,day1
2025-06-01 20:15:00,2391.6888,3289.8662,summer,day1
2025-06-01 20:20:00,2529.078,3270.1228,summer,day1
2025-06-01 20:25:00,2718.7656,3254.6787,summer,day1
2025-06-01 20:30:00,2516.5908,3242.161,summer,day1
2025-06-01 20:35:00,2565.996,3243.3767,summer,day1
2025-06-01 20:40:00,2844.4092,3242.1606,summer,day1
2025-06-01 20:45:00,2795.7275999999997,3246.8604,summer,day1
2025-06-01 20:50:00,3136.416,3248.8123,summer,day1
2025-06-01 20:55:00,2801.3436,3243.1326,summer,day1
2025-06-01 21:00:00,3487.9380000000006,3155.9883,summer,day1
2025-06-01 21:05:00,5444.5428,3128.5654,summer,day1
2025-06-01 21:10:00,2689.6331999999998,3094.3416,summer,day1
2025-06-01 21:15:00,2623.1232,3063.715,summer,day1
2025-06-01 21:20:00,2600.0004,3030.812,summer,day1
2025-06-01 21:25:00,2670.3216,2998.108,summer,day1
2025-06-01 21:30:00,2692.434,2963.6665,summer,day1
2025-06-01 21:35:00,2714.4372,2931.535,summer,day1
2025-06-01 21:40:00,2700.2760000000003,2895.4138,summer,day1
2025-06-01 21:45:00,3052.0656,2861.8987,summer,day1
2025-06-01 21:50:00,3078.2484,2829.582,summer,day1
2025-06-01 21:55:00,3035.1684,2798.2551,summer,day1
2025-06-01 22:00:00,2783.4648,2566.8208,summer,day1
2025-06-01 22:05:00,2785.8815999999997,2558.088,summer,day1
2025-06-01 22:10:00,4259.868,2552.3442,summer,day1
2025-06-01 22:15:00,2610.0072,2548.9983,summer,day1
2025-06-01 22:20:00,2425.2203999999997,2546.7825,summer,day1
2025-06-01 22:25:00,2425.6223999999997,2544.9578,summer,day1
2025-06-01 22:30:00,2810.292,2543.2866,summer,day1
2025-06-01 22:35:00,2570.988,2541.971,summer,day1
2025-06-01 22:40:00,2472.0468,2540.6519,summer,day1
2025-06-01 22:45:00,2311.9932,2539.4106,summer,day1
2025-06-01 22:50:00,2304.8507999999997,2538.8838,summer,day1
2025-06-01 22:55:00,2339.7288,2538.093,summer,day1
2025-06-01 23:00:00,2386.2048,2521.4126,summer,day1
2025-06-01 23:05:00,2396.2596000000003,2520.1257,summer,day1
2025-06-01 23:10:00,2407.5312,2519.5237,summer,day1
2025-06-01 23:15:00,2741.9652,2519.0447,summer,day1
2025-06-01 23:20:00,2382.4175999999998,2517.8328,summer,day1
2025-06-01 23:25:00,3181.968,2516.4004,summer,day1
2025-06-01 23:30:00,3738.246,2514.8584,summer,day1
2025-06-01 23:35:00,2528.7792,2513.7932,summer,day1
2025-06-01 23:40:00,2630.2608,2513.788,summer,day1
2025-06-01 23:45:00,2449.3128,2514.0476,summer,day1
2025-06-01 23:50:00,2401.1412,2514.8657,summer,day1
2025-06-01 23:55:00,2395.2372,2514.8223,summer,day1
2025-06-24 00:00:00,2356.5696,2637.0986,summer,day2
2025-06-24 00:05:00,2411.358,2643.2192,summer,day2
2025-06-24 00:10:00,2821.9272,2649.9963,summer,day2
2025-06-24 00:15:00,2831.8404,2660.0132,summer,day2
2025-06-24 00:20:00,2597.4588,2667.1729,summer,day2
2025-06-24 00:25:00,2563.5384000000004,2674.7778,summer,day2
2025-06-24 00:30:00,3407.8908,2682.1226,summer,day2
2025-06-24 00:35:00,2765.4792,2693.2732,summer,day2
2025-06-24 00:40:00,2452.8432000000003,2698.2598,summer,day2
2025-06-24 00:45:00,2434.3848000000003,2699.6724,summer,day2
2025-06-24 00:50:00,2451.7644,2700.5894,summer,day2
2025-06-24 00:55:00,2130.21,2703.2864,summer,day2
2025-06-24 01:00:00,2233.194,2709.8792,summer,day2
2025-06-24 01:05:00,3605.7839999999997,2713.0754,summer,day2
2025-06-24 01:10:00,2808.7475999999997,2717.455,summer,day2
2025-06-24 01:15:00,2943.5292,2725.3708,summer,day2
2025-06-24 01:20:00,2578.9368,2730.2795,summer,day2
2025-06-24 01:25:00,2534.5584,2732.4443,summer,day2
2025-06-24 01:30:00,2113.9812,2733.1013,summer,day2
2025-06-24 01:35:00,2514.7836,2737.4893,summer,day2
2025-06-24 01:40:00,2447.6808,2736.1987,summer,day2
2025-06-24 01:45:00,2441.1288,2730.8628,summer,day2
2025-06-24 01:50:00,2577.3671999999997,2727.2153,summer,day2
2025-06-24 01:55:00,2676.3347999999996,2726.7158,summer,day2
2025-06-24 02:00:00,2500.8156000000004,2722.59,summer,day2
2025-06-24 02:05:00,2388.3792000000003,2721.6545,summer,day2
2025-06-24 02:10:00,2485.8072,2719.6226,summer,day2
2025-06-24 02:15:00,2500.4004,2721.7817,summer,day2
2025-06-24 02:20:00,2470.71,2720.9624,summer,day2
2025-06-24 02:25:00,3962.8644,2718.49,summer,day2
2025-06-24 02:30:00,2498.4768,2715.8586,summer,day2
2025-06-24 02:35:00,2558.0376,2715.9697,summer,day2
2025-06-24 02:40:00,2158.6176,2711.205,summer,day2
2025-06-24 02:45:00,2369.4336,2705.426,summer,day2
2025-06-24 02:50:00,2774.3916,2703.2458,summer,day2
2025-06-24 02:55:00,2358.1403999999998,2702.0994,summer,day2
2025-06-24 03:00:00,2350.6272,2702.3164,summer,day2
2025-06-24 03:05:00,2805.0072,2700.8992,summer,day2
2025-06-24 03:10:00,2867.67,2699.6877,summer,day2
2025-06-24 03:15:00,2564.4936000000002,2702.7551,summer,day2
2025-06-24 03:20:00,2998.6512,2700.219,summer,day2
2025-06-24 03:25:00,2742.8676,2696.2793,summer,day2
2025-06-24 03:30:00,2620.1232,2692.7092,summer,day2
2025-06-24 03:35:00,2824.1856,2691.986,summer,day2
2025-06-24 03:40:00,2424.4332000000004,2686.906,summer,day2
2025-06-24 03:45:00,3818.7059999999997,2681.4883,summer,day2
2025-06-24 03:50:00,1940.8883999999998,2678.0874,summer,day2
2025-06-24 03:55:00,2519.2560000000003,2673.0457,summer,day2
2025-06-24 04:00:00,2640.1248,2708.0251,summer,day2
2025-06-24 04:05:00,2472.1752,2699.7373,summer,day2
2025-06-24 04:10:00,2479.2708,2691.8162,summer,day2
2025-06-24 04:15:00,2458.1256000000003,2687.8848,summer,day2
2025-06-24 04:20:00,2945.9124,2679.658,summer,day2
2025-06-24 04:25:00,1830.9707999999998,2667.442,summer,day2
2025-06-24 04:30:00,2352.888,2655.423,summer,day2
2025-06-24 04:35:00,2333.8559999999998,2647.3616,summer,day2
2025-06-24 04:40:00,2529.5676,2637.579,summer,day2
2025-06-24 04:45:00,2345.9615999999996,2628.296,summer,day2
2025-06-24 04:50:00,2276.46,2622.5635,summer,day2
2025-06-24 04:55:00,2291.118,2619.4707,summer,day2
2025-06-24 05:00:00,3367.95,2606.1023,summer,day2
2025-06-24 05:05:00,2908.398,2607.9946,summer,day2
2025-06-24 05:10:00,2540.8356,2612.9563,summer,day2
2025-06-24 05:15:00,2495.7576,2623.6792,summer,day2
2025-06-24 05:20:00,2464.8887999999997,2632.5042,summer,day2
2025-06-24 05:25:00,2481.648,2638.1575,summer,day2
2025-06-24 05:30:00,2339.3903999999998,2643.9348,summer,day2
2025-06-24 05:35:00,1834.0224000000003,2656.6492,summer,day2
2025-06-24 05:40:00,2187.312,2669.6157,summer,day2
2025-06-24 05:45:00,2216.6675999999998,2660.8552,summer,day2
2025-06-24 05:50:00,2267.7648,2644.735,summer,day2
2025-06-24 05:55:00,2734.9883999999997,2633.1016,summer,day2
2025-06-24 06:00:00,2195.4792,2713.7437,summer,day2
2025-06-24 06:05:00,2311.0451999999996,2716.331,summer,day2
2025-06-24 06:10:00,2231.256,2718.375,summer,day2
2025-06-24 06:15:00,2256.5316,2735.0024,summer,day2
2025-06-24 06:20:00,3915.5832,2760.836,summer,day2
2025-06-24 06:25:00,2262.4116000000004,2801.1028,summer,day2
2025-06-24 06:30:00,2237.8740000000003,2847.974,summer,day2
2025-06-24 06:35:00,2517.7056000000002,2945.8813,summer,day2
2025-06-24 06:40:00,2973.66,3119.8386,summer,day2
2025-06-24 06:45:00,2641.7376,3206.9329,summer,day2
2025-06-24 06:50:00,2818.2924,3196.767,summer,day2
2025-06-24 06:55:00,3222.3311999999996,3149.5635,summer,day2
2025-06-24 07:00:00,3169.374,3345.2043,summer,day2
2025-06-24 07:05:00,2716.782,3406.7107,summer,day2
2025-06-24 07:10:00,2466.1644,3487.982,summer,day2
2025-06-24 07:15:00,2439.5088,3646.8657,summer,day2
2025-06-24 07:20:00,2492.7756,3809.6875,summer,day2
2025-06-24 07:25:00,2633.3292,4058.6562,summer,day2
2025-06-24 07:30:00,3860.7888,4390.835,summer,day2
2025-06-24 07:35:00,12758.3508,5146.07,summer,day2
2025-06-24 07:40:00,13033.7784,6441.23,summer,day2
2025-06-24 07:45:00,10706.01,7103.7334,summer,day2
2025-06-24 07:50:00,4031.3784,7037.8745,summer,day2
2025-06-24 07:55:00,4538.0664,6568.014,summer,day2
2025-06-24 08:00:00,5770.6068,5278.0146,summer,day2
2025-06-24 08:05:00,6086.1528,5273.9297,summer,day2
2025-06-24 08:10:00,4450.2888,5277.222,summer,day2
2025-06-24 08:15:00,4173.3096,5445.8154,summer,day2
2025-06-24 08:20:00,5067.804,5638.683,summer,day2
2025-06-24 08:25:00,4492.3512,5959.258,summer,day2
2025-06-24 08:30:00,4050.0384,6186.961,summer,day2
2025-06-24 08:35:00,5833.9800000000005,6613.846,summer,day2
2025-06-24 08:40:00,4507.8888,7230.53,summer,day2
2025-06-24 08:45:00,4903.134,7289.1157,summer,day2
2025-06-24 08:50:00,5765.508,6954.9214,summer,day2
2025-06-24 08:55:00,6054.8496,6388.4346,summer,day2
2025-06-24 09:00:00,6162.2616,5693.445,summer,day2
2025-06-24 09:05:00,4468.8624,5572.2397,summer,day2
2025-06-24 09:10:00,4301.638800000001,5459.5205,summer,day2
2025-06-24 09:15:00,5098.83,5402.5596,summer,day2
2025-06-24 09:20:00,5291.5632,5383.752,summer,day2
2025-06-24 09:25:00,4459.9259999999995,5414.2466,summer,day2
2025-06-24 09:30:00,4992.5064,5423.2847,summer,day2
2025-06-24 09:35:00,4522.630800000001,5543.356,summer,day2
2025-06-24 09:40:00,4221.2748,5783.389,summer,day2
2025-06-24 09:45:00,3979.6692000000003,5754.35,summer,day2
2025-06-24 09:50:00,4549.5923999999995,5558.3096,summer,day2
2025-06-24 09:55:00,4840.4256000000005,5363.675,summer,day2
2025-06-24 10:00:00,5219.3796,5271.259,summer,day2
2025-06-24 10:05:00,5934.624,5251.902,summer,day2
2025-06-24 10:10:00,4991.5212,5207.295,summer,day2
2025-06-24 10:15:00,6135.784799999999,5168.944,summer,day2
2025-06-24 10:20:00,7249.9547999999995,5171.801,summer,day2
2025-06-24 10:25:00,6449.8332,5183.1045,summer,day2
2025-06-24 10:30:00,5611.7064,5178.335,summer,day2
2025-06-24 10:35:00,5147.0172,5233.549,summer,day2
2025-06-24 10:40:00,6022.651199999999,5341.7607,summer,day2
2025-06-24 10:45:00,2209.1148000000003,5275.411,summer,day2
2025-06-24 10:50:00,0.0,5103.3164,summer,day2
2025-06-24 10:55:00,0.0,4951.97,summer,day2
2025-06-24 11:00:00,0.0,4897.418,summer,day2
2025-06-24 11:05:00,0.0,4918.86,summer,day2
2025-06-24 11:10:00,0.0,4956.7334,summer,day2
2025-06-24 11:15:00,0.0,4974.345,summer,day2
2025-06-24 11:20:00,0.0,4998.9062,summer,day2
2025-06-24 11:25:00,10374.148799999999,4969.355,summer,day2
2025-06-24 11:30:00,8077.9836,4913.4653,summer,day2
2025-06-24 11:35:00,8140.6032000000005,4915.1455,summer,day2
2025-06-24 11:40:00,5274.2544,4974.315,summer,day2
2025-06-24 11:45:00,4511.8464,4977.5425,summer,day2
2025-06-24 11:50:00,4432.8192,4922.637,summer,day2
2025-06-24 11:55:00,4059.4175999999998,4856.442,summer,day2
2025-06-24 12:00:00,4351.0296,4631.07,summer,day2
2025-06-24 12:05:00,4626.9876,4631.3286,summer,day2
2025-06-24 12:10:00,4543.6848,4635.12,summer,day2
2025-06-24 12:15:00,4715.955599999999,4639.9756,summer,day2
2025-06-24 12:20:00,5139.732,4676.6123,summer,day2
2025-06-24 12:25:00,4729.7076,4700.894,summer,day2
2025-06-24 12:30:00,4742.9388,4709.833,summer,day2
2025-06-24 12:35:00,4532.0748,4752.576,summer,day2
2025-06-24 12:40:00,4787.046,4813.8804,summer,day2
2025-06-24 12:45:00,6061.9944000000005,4792.17,summer,day2
2025-06-24 12:50:00,4309.6464,4715.6704,summer,day2
2025-06-24 12:55:00,4927.7688,4636.7314,summer,day2
2025-06-24 13:00:00,4759.4136,4457.745,summer,day2
2025-06-24 13:05:00,4881.195600000001,4453.0576,summer,day2
2025-06-24 13:10:00,5205.7608,4451.777,summer,day2
2025-06-24 13:15:00,4842.1584,4456.941,summer,day2
2025-06-24 13:20:00,4565.3916,4481.785,summer,day2
2025-06-24 13:25:00,4868.202,4488.971,summer,day2
2025-06-24 13:30:00,5420.0676,4482.147,summer,day2
2025-06-24 13:35:00,4323.3936,4505.4614,summer,day2
2025-06-24 13:40:00,5516.91,4557.029,summer,day2
2025-06-24 13:45:00,3799.548,4545.037,summer,day2
2025-06-24 13:50:00,4270.5972,4499.1855,summer,day2
2025-06-24 13:55:00,4795.6308,4450.96,summer,day2
2025-06-24 14:00:00,6366.4368,4394.461,summer,day2
2025-06-24 14:05:00,4284.882,4402.0815,summer,day2
2025-06-24 14:10:00,3199.1567999999997,4399.7256,summer,day2
2025-06-24 14:15:00,3085.3104,4406.683,summer,day2
2025-06-24 14:20:00,3536.8404,4442.9463,summer,day2
2025-06-24 14:25:00,3320.964,4473.4214,summer,day2
2025-06-24 14:30:00,3471.9648,4501.5024,summer,day2
2025-06-24 14:35:00,3321.666,4583.1562,summer,day2
2025-06-24 14:40:00,3339.8076,4706.1074,summer,day2
2025-06-24 14:45:00,3742.1616000000004,4703.713,summer,day2
2025-06-24 14:50:00,3813.8124,4619.11,summer,day2
2025-06-24 14:55:00,3377.4335999999994,4517.8965,summer,day2
2025-06-24 15:00:00,3785.9628,4201.838,summer,day2
2025-06-24 15:05:00,3971.3556,4182.3423,summer,day2
2025-06-24 15:10:00,3921.0804,4166.1045,summer,day2
2025-06-24 15:15:00,3370.3032,4168.0454,summer,day2
2025-06-24 15:20:00,4189.9344,4183.484,summer,day2
2025-06-24 15:25:00,2810.4336,4202.9604,summer,day2
2025-06-24 15:30:00,3074.682,4229.8667,summer,day2
2025-06-24 15:35:00,2481.8448,4300.865,summer,day2
2025-06-24 15:40:00,3805.3296,4410.7163,summer,day2
2025-06-24 15:45:00,3129.2508000000003,4444.437,summer,day2
2025-06-24 15:50:00,2580.4908,4402.888,summer,day2
2025-06-24 15:55:00,2946.5568,4337.3447,summer,day2
2025-06-24 16:00:00,3111.4716,4285.4824,summer,day2
2025-06-24 16:05:00,3135.0924,4246.9785,summer,day2
2025-06-24 16:10:00,2783.4528,4209.8115,summer,day2
2025-06-24 16:15:00,3239.4624,4197.1895,summer,day2
2025-06-24 16:20:00,3294.3407999999995,4207.0034,summer,day2
2025-06-24 16:25:00,4283.1324,4222.261,summer,day2
2025-06-24 16:30:00,2500.4712,4237.2964,summer,day2
2025-06-24 16:35:00,3620.7479999999996,4295.5996,summer,day2
2025-06-24 16:40:00,3150.3084,4392.671,summer,day2
2025-06-24 16:45:00,2960.8824,4407.963,summer,day2
2025-06-24 16:50:00,2897.2116,4351.13,summer,day2
2025-06-24 16:55:00,2918.454,4275.592,summer,day2
2025-06-24 17:00:00,4798.6584,4126.412,summer,day2
2025-06-24 17:05:00,2999.7792,4104.9243,summer,day2
2025-06-24 17:10:00,2923.0044,4081.2908,summer,day2
2025-06-24 17:15:00,2641.3896,4075.3286,summer,day2
2025-06-24 17:20:00,2671.7760000000003,4085.6045,summer,day2
2025-06-24 17:25:00,2650.9716,4098.1543,summer,day2
2025-06-24 17:30:00,2825.0496,4099.1772,summer,day2
2025-06-24 17:35:00,2896.6572,4130.3696,summer,day2
2025-06-24 17:40:00,3510.9528,4190.058,summer,day2
2025-06-24 17:45:00,4574.4612,4157.925,summer,day2
2025-06-24 17:50:00,2827.3464,4083.7744,summer,day2
2025-06-24 17:55:00,3183.7536,4020.737,summer,day2
2025-06-24 18:00:00,6137.4144,3876.8525,summer,day2
2025-06-24 18:05:00,13028.5596,3870.808,summer,day2
2025-06-24 18:10:00,12003.9588,3846.5198,summer,day2
2025-06-24 18:15:00,4283.983200000001,3833.2793,summer,day2
2025-06-24 18:20:00,3900.2591999999995,3831.4304,summer,day2
2025-06-24 18:25:00,3571.0476000000003,3835.2712,summer,day2
2025-06-24 18:30:00,4422.8664,3840.1238,summer,day2
2025-06-24 18:35:00,4603.4748,3874.578,summer,day2
2025-06-24 18:40:00,3922.4208,3931.2124,summer,day2
2025-06-24 18:45:00,5402.8668,3912.0466,summer,day2
2025-06-24 18:50:00,4105.824,3845.5107,summer,day2
2025-06-24 18:55:00,6040.26,3783.3328,summer,day2
2025-06-24 19:00:00,6760.8516,3496.337,summer,day2
2025-06-24 19:05:00,4314.4788,3509.662,summer,day2
2025-06-24 19:10:00,3982.2588000000005,3523.382,summer,day2
2025-06-24 19:15:00,5452.4472000000005,3539.2449,summer,day2
2025-06-24 19:20:00,3731.5775999999996,3536.5554,summer,day2
2025-06-24 19:25:00,2943.654,3509.343,summer,day2
2025-06-24 19:30:00,3148.674,3469.9973,summer,day2
2025-06-24 19:35:00,2842.8444,3446.5168,summer,day2
2025-06-24 19:40:00,4424.7624,3445.106,summer,day2
2025-06-24 19:45:00,2855.5667999999996,3431.745,summer,day2
2025-06-24 19:50:00,2756.3256,3405.3643,summer,day2
2025-06-24 19:55:00,2818.3848000000003,3382.0703,summer,day2
2025-06-24 20:00:00,3068.9736000000003,3270.2466,summer,day2
2025-06-24 20:05:00,4017.7236,3267.261,summer,day2
2025-06-24 20:10:00,3180.042,3269.29,summer,day2
2025-06-24 20:15:00,2247.564,3281.1243,summer,day2
2025-06-24 20:20:00,2287.1531999999997,3297.3435,summer,day2
2025-06-24 20:25:00,2420.6387999999997,3302.3105,summer,day2
2025-06-24 20:30:00,4464.534,3296.1887,summer,day2
2025-06-24 20:35:00,3274.3548,3286.19,summer,day2
2025-06-24 20:40:00,1980.7788,3272.2773,summer,day2
2025-06-24 20:45:00,2157.738,3241.2227,summer,day2
2025-06-24 20:50:00,2306.8032,3195.18,summer,day2
2025-06-24 20:55:00,2534.0748,3165.0708,summer,day2
2025-06-24 21:00:00,2524.3692,3189.8765,summer,day2
2025-06-24 21:05:00,2142.9612,3197.939,summer,day2
2025-06-24 21:10:00,2104.218,3219.129,summer,day2
2025-06-24 21:15:00,3007.1592,3249.945,summer,day2
2025-06-24 21:20:00,2693.538,3275.184,summer,day2
2025-06-24 21:25:00,2847.2256,3282.8416,summer,day2
2025-06-24 21:30:00,2899.1220000000003,3272.893,summer,day2
2025-06-24 21:35:00,2790.2484,3256.6946,summer,day2
2025-06-24 21:40:00,2656.9428,3237.2185,summer,day2
2025-06-24 21:45:00,2621.6328000000003,3205.8125,summer,day2
2025-06-24 21:50:00,2624.322,3175.111,summer,day2
2025-06-24 21:55:00,2582.082,3160.333,summer,day2
2025-06-24 22:00:00,2492.7912,3041.5476,summer,day2
2025-06-24 22:05:00,2343.1403999999998,3036.9197,summer,day2
2025-06-24 22:10:00,2291.2308000000003,3032.3738,summer,day2
2025-06-24 22:15:00,2364.4236,3033.8652,summer,day2
2025-06-24 22:20:00,2391.6059999999998,3038.0803,summer,day2
2025-06-24 22:25:00,2501.1684,3041.1013,summer,day2
2025-06-24 22:30:00,2982.7956,3045.0696,summer,day2
2025-06-24 22:35:00,2872.9128,3052.3188,summer,day2
2025-06-24 22:40:00,2819.4684,3057.7373,summer,day2
2025-06-24 22:45:00,2847.5784,3048.6724,summer,day2
2025-06-24 22:50:00,2850.1812,3031.021,summer,day2
2025-06-24 22:55:00,2677.2192,3017.7375,summer,day2
2025-06-24 23:00:00,2564.2596,2957.592,summer,day2
2025-06-24 23:05:00,2354.1588,2958.27,summer,day2
2025-06-24 23:10:00,2379.594,2965.4773,summer,day2
2025-06-24 23:15:00,2559.54,2978.4353,summer,day2
2025-06-24 23:20:00,2436.492,2988.7673,summer,day2
2025-06-24 23:25:00,2404.9175999999998,2995.6414,summer,day2
2025-06-24 23:30:00,2388.7176,3007.8362,summer,day2
2025-06-24 23:35:00,2431.6716,3031.8955,summer,day2
2025-06-24 23:40:00,2481.1356,3067.399,summer,day2
2025-06-24 23:45:00,2668.3704,3084.8018,summer,day2
2025-06-24 23:50:00,2523.8172000000004,3080.5225,summer,day2
2025-06-24 23:55:00,2377.2336,3073.4272,summer,day2
2025-07-17 00:00:00,5246.0484,5172.7725,summer,day3
2025-07-17 00:05:00,5356.5491999999995,5177.491,summer,day3
2025-07-17 00:10:00,5203.0692,5189.213,summer,day3
2025-07-17 00:15:00,5114.8428,5223.6904,summer,day3
2025-07-17 00:20:00,5111.4,5275.124,summer,day3
2025-07-17 00:25:00,4177.302000000001,5324.2437,summer,day3
2025-07-17 00:30:00,3789.2208,5326.5776,summer,day3
2025-07-17 00:35:00,3766.1652000000004,5275.7715,summer,day3
2025-07-17 00:40:00,3981.3,5209.57,summer,day3
2025-07-17 00:45:00,3932.2392,5132.6836,summer,day3
2025-07-17 00:50:00,4200.8148,5065.3223,summer,day3
2025-07-17 00:55:00,3925.5864,5019.965,summer,day3
2025-07-17 01:00:00,4000.392,5166.2617,summer,day3
2025-07-17 01:05:00,3869.9772000000003,5163.974,summer,day3
2025-07-17 01:10:00,3786.9983999999995,5164.164,summer,day3
2025-07-17 01:15:00,3910.2767999999996,5176.674,summer,day3
2025-07-17 01:20:00,3882.3659999999995,5227.268,summer,day3
2025-07-17 01:25:00,3814.8792000000003,5290.749,summer,day3
2025-07-17 01:30:00,3929.1024000000007,5366.3027,summer,day3
2025-07-17 01:35:00,3919.0188000000003,5427.0957,summer,day3
2025-07-17 01:40:00,4097.3076,5477.112,summer,day3
2025-07-17 01:45:00,4060.0032,5480.252,summer,day3
2025-07-17 01:50:00,4196.1264,5463.631,summer,day3
2025-07-17 01:55:00,4211.3124,5441.9316,summer,day3
2025-07-17 02:00:00,3966.1452,5649.747,summer,day3
2025-07-17 02:05:00,3856.932,5630.7197,summer,day3
2025-07-17 02:10:00,3851.5968000000003,5641.9883,summer,day3
2025-07-17 02:15:00,2869.5348,5690.212,summer,day3
2025-07-17 02:20:00,2371.6428,5776.089,summer,day3
2025-07-17 02:25:00,2450.4708,5827.3447,summer,day3
2025-07-17 02:30:00,2315.2763999999997,5878.7764,summer,day3
2025-07-17 02:35:00,2376.9648,5909.1533,summer,day3
2025-07-17 02:40:00,2425.7136,5959.1147,summer,day3
2025-07-17 02:45:00,2429.9352,5981.8306,summer,day3
2025-07-17 02:50:00,2390.3856,5967.049,summer,day3
2025-07-17 02:55:00,2386.8552,5937.5586,summer,day3
2025-07-17 03:00:00,2431.0488,5575.3047,summer,day3
2025-07-17 03:05:00,2698.674,5523.7603,summer,day3
2025-07-17 03:10:00,2730.6624,5494.863,summer,day3
2025-07-17 03:15:00,2747.6892,5520.8193,summer,day3
2025-07-17 03:20:00,2523.4991999999997,5617.594,summer,day3
2025-07-17 03:25:00,2460.6456,5718.2876,summer,day3
2025-07-17 03:30:00,2440.014,5839.498,summer,day3
2025-07-17 03:35:00,2432.5992,5872.7207,summer,day3
2025-07-17 03:40:00,2599.3776,5856.586,summer,day3
2025-07-17 03:45:00,2705.4552,5789.624,summer,day3
2025-07-17 03:50:00,2623.6236,5701.233,summer,day3
2025-07-17 03:55:00,2478.0384000000004,5632.993,summer,day3
2025-07-17 04:00:00,2335.9368000000004,5822.6196,summer,day3
2025-07-17 04:05:00,2251.9632,5807.2637,summer,day3
2025-07-17 04:10:00,2529.6984,5813.7905,summer,day3
2025-07-17 04:15:00,2788.8228,5842.707,summer,day3
2025-07-17 04:20:00,2851.6332,5876.996,summer,day3
2025-07-17 04:25:00,2461.8024,5874.9106,summer,day3
2025-07-17 04:30:00,2586.2183999999997,5869.5674,summer,day3
2025-07-17 04:35:00,2548.9356,5764.2266,summer,day3
2025-07-17 04:40:00,2482.7676,5602.6724,summer,day3
2025-07-17 04:45:00,2635.4016,5385.776,summer,day3
2025-07-17 04:50:00,2669.6448,5168.5283,summer,day3
2025-07-17 04:55:00,2490.3444,5002.1304,summer,day3
2025-07-17 05:00:00,2453.6315999999997,4568.818,summer,day3
2025-07-17 05:05:00,2496.9624,4459.7466,summer,day3
2025-07-17 05:10:00,2487.0912,4350.3716,summer,day3
2025-07-17 05:15:00,2354.1288,4261.5283,summer,day3
2025-07-17 05:20:00,2367.9612,4182.644,summer,day3
2025-07-17 05:25:00,2027.0747999999999,4111.2407,summer,day3
2025-07-17 05:30:00,2033.0387999999998,4058.5706,summer,day3
2025-07-17 05:35:00,2132.3436,3975.8174,summer,day3
2025-07-17 05:40:00,2186.538,3895.8862,summer,day3
2025-07-17 05:45:00,2277.5208,3804.375,summer,day3
2025-07-17 05:50:00,2383.4532,3706.0955,summer,day3
2025-07-17 05:55:00,2263.3512,3613.8496,summer,day3
2025-07-17 06:00:00,2142.2964,3473.0059,summer,day3
2025-07-17 06:05:00,2132.5476,3432.732,summer,day3
2025-07-17 06:10:00,2150.2956,3406.2563,summer,day3
2025-07-17 06:15:00,2239.2588,3393.6304,summer,day3
2025-07-17 06:20:00,2391.6612,3378.7097,summer,day3
2025-07-17 06:25:00,2539.6872000000003,3354.1636,summer,day3
2025-07-17 06:30:00,2463.282,3337.3574,summer,day3
2025-07-17 06:35:00,2265.4955999999997,3313.8005,summer,day3
2025-07-17 06:40:00,2153.3052,3300.275,summer,day3
2025-07-17 06:45:00,2090.0616,3292.0188,summer,day3
2025-07-17 06:50:00,2232.0252,3286.4834,summer,day3
2025-07-17 06:55:00,2288.1564,3282.0676,summer,day3
2025-07-17 07:00:00,2431.6992,3781.4639,summer,day3
2025-07-17 07:05:00,2459.5032,3748.5613,summer,day3
2025-07-17 07:10:00,2412.8052,3702.045,summer,day3
2025-07-17 07:15:00,2845.1148000000003,3649.728,summer,day3
2025-07-17 07:20:00,3148.1328000000003,3595.4587,summer,day3
2025-07-17 07:25:00,3165.2424,3533.3147,summer,day3
2025-07-17 07:30:00,3216.468,3484.813,summer,day3
2025-07-17 07:35:00,3406.0248,3437.3306,summer,day3
2025-07-17 07:40:00,3412.6344,3395.3384,summer,day3
2025-07-17 07:45:00,3796.7232000000004,3359.3267,summer,day3
2025-07-17 07:50:00,12464.6484,3329.4355,summer,day3
2025-07-17 07:55:00,11088.114,3307.9233,summer,day3
2025-07-17 08:00:00,6102.2028,3610.3545,summer,day3
2025-07-17 08:05:00,6575.924400000001,3616.9446,summer,day3
2025-07-17 08:10:00,6474.072,3634.464,summer,day3
2025-07-17 08:15:00,7917.368400000001,3664.6326,summer,day3
2025-07-17 08:20:00,5783.8344,3711.4946,summer,day3
2025-07-17 08:25:00,4748.4828,3749.9346,summer,day3
2025-07-17 08:30:00,4604.4228,3792.092,summer,day3
2025-07-17 08:35:00,4767.498,3816.6074,summer,day3
2025-07-17 08:40:00,4559.272800000001,3816.451,summer,day3
2025-07-17 08:45:00,4849.681200000001,3805.4214,summer,day3
2025-07-17 08:50:00,5948.52,3804.0635,summer,day3
2025-07-17 08:55:00,6792.8063999999995,3828.1113,summer,day3
2025-07-17 09:00:00,6504.967200000001,4519.8745,summer,day3
2025-07-17 09:05:00,5775.3168000000005,4658.6543,summer,day3
2025-07-17 09:10:00,4880.7108,4845.9014,summer,day3
2025-07-17 09:15:00,5552.7036,5057.6426,summer,day3
2025-07-17 09:20:00,6530.7624000000005,5276.9785,summer,day3
2025-07-17 09:25:00,5388.566400000001,5435.631,summer,day3
2025-07-17 09:30:00,5798.6232,5583.1694,summer,day3
2025-07-17 09:35:00,5717.1276,5702.4663,summer,day3
2025-07-17 09:40:00,5498.9712,5817.5415,summer,day3
2025-07-17 09:45:00,4674.5160000000005,5936.669,summer,day3
2025-07-17 09:50:00,5567.778,6091.707,summer,day3
2025-07-17 09:55:00,5435.2248,6318.373,summer,day3
2025-07-17 10:00:00,4890.4344,7135.1016,summer,day3
2025-07-17 10:05:00,4255.0512,7422.307,summer,day3
2025-07-17 10:10:00,4441.3284,7696.7495,summer,day3
2025-07-17 10:15:00,4890.2976,7997.3755,summer,day3
2025-07-17 10:20:00,4805.6196,8356.241,summer,day3
2025-07-17 10:25:00,6851.9232,8697.736,summer,day3
2025-07-17 10:30:00,5099.004,9040.507,summer,day3
2025-07-17 10:35:00,4659.8508,9280.242,summer,day3
2025-07-17 10:40:00,6122.6844,9423.615,summer,day3
2025-07-17 10:45:00,4203.4800000000005,9484.206,summer,day3
2025-07-17 10:50:00,4802.1576000000005,9524.809,summer,day3
2025-07-17 10:55:00,4432.9236,9539.161,summer,day3
2025-07-17 11:00:00,4953.2532,8822.771,summer,day3
2025-07-17 11:05:00,5866.8576,8610.897,summer,day3
2025-07-17 11:10:00,5520.3012,8344.123,summer,day3
2025-07-17 11:15:00,5037.6252,8104.203,summer,day3
2025-07-17 11:20:00,4809.15,7910.252,summer,day3
2025-07-17 11:25:00,5365.188,7772.334,summer,day3
2025-07-17 11:30:00,4426.3884,7770.724,summer,day3
2025-07-17 11:35:00,4918.7592,7784.7856,summer,day3
2025-07-17 11:40:00,5263.7256,7818.585,summer,day3
2025-07-17 11:45:00,4268.602800000001,7827.598,summer,day3
2025-07-17 11:50:00,4858.2036,7791.81,summer,day3
2025-07-17 11:55:00,5438.0904,7701.305,summer,day3
2025-07-17 12:00:00,4499.245199999999,8569.564,summer,day3
2025-07-17 12:05:00,4930.468800000001,8306.459,summer,day3
2025-07-17 12:10:00,4484.1,8062.965,summer,day3
2025-07-17 12:15:00,5279.354399999999,7909.8994,summer,day3
2025-07-17 12:20:00,5635.4208,7785.7954,summer,day3
2025-07-17 12:25:00,7468.26,7672.4883,summer,day3
2025-07-17 12:30:00,5192.6436,7590.7583,summer,day3
2025-07-17 12:35:00,4543.9488,7407.169,summer,day3
2025-07-17 12:40:00,6092.5008,7147.7705,summer,day3
2025-07-17 12:45:00,7782.559200000001,6813.1357,summer,day3
2025-07-17 12:50:00,6412.6092,6404.5767,summer,day3
2025-07-17 12:55:00,6379.0584,5981.137,summer,day3
2025-07-17 13:00:00,4599.3876,6383.8706,summer,day3
2025-07-17 13:05:00,4737.0216,6041.3965,summer,day3
2025-07-17 13:10:00,6574.3068,5815.8867,summer,day3
2025-07-17 13:15:00,5047.7232,5658.4346,summer,day3
2025-07-17 13:20:00,6563.8068,5521.034,summer,day3
2025-07-17 13:25:00,7114.498799999999,5417.4995,summer,day3
2025-07-17 13:30:00,5494.794,5360.493,summer,day3
2025-07-17 13:35:00,4849.7352,5299.514,summer,day3
2025-07-17 13:40:00,5346.7044000000005,5246.082,summer,day3
2025-07-17 13:45:00,4955.202,5188.1143,summer,day3
2025-07-17 13:50:00,5024.3364,5117.7363,summer,day3
2025-07-17 13:55:00,4966.8852,5042.5825,summer,day3
2025-07-17 14:00:00,4621.818,4964.8794,summer,day3
2025-07-17 14:05:00,5243.9112000000005,4910.453,summer,day3
2025-07-17 14:10:00,6409.0632,4874.6855,summer,day3
2025-07-17 14:15:00,4819.956,4858.17,summer,day3
2025-07-17 14:20:00,4747.390799999999,4841.814,summer,day3
2025-07-17 14:25:00,6238.9308,4812.9453,summer,day3
2025-07-17 14:30:00,5582.022,4770.124,summer,day3
2025-07-17 14:35:00,4787.9088,4684.803,summer,day3
2025-07-17 14:40:00,4944.138,4595.9644,summer,day3
2025-07-17 14:45:00,5074.722,4516.3877,summer,day3
2025-07-17 14:50:00,5499.2352,4451.3364,summer,day3
2025-07-17 14:55:00,4968.6384,4412.848,summer,day3
2025-07-17 15:00:00,5770.7616,4393.8125,summer,day3
2025-07-17 15:05:00,5905.2468,4392.907,summer,day3
2025-07-17 15:10:00,5332.9752,4382.4473,summer,day3
2025-07-17 15:15:00,4588.5576,4355.742,summer,day3
2025-07-17 15:20:00,4382.6664,4311.2505,summer,day3
2025-07-17 15:25:00,4640.8212,4250.7207,summer,day3
2025-07-17 15:30:00,4833.7644,4185.1025,summer,day3
2025-07-17 15:35:00,4735.32,4102.575,summer,day3
2025-07-17 15:40:00,5593.9956,4030.1484,summer,day3
2025-07-17 15:45:00,6699.9204,3967.0046,summer,day3
2025-07-17 15:50:00,5349.530400000001,3918.081,summer,day3
2025-07-17 15:55:00,4272.5472,3890.159,summer,day3
2025-07-17 16:00:00,5156.5692,4014.9832,summer,day3
2025-07-17 16:05:00,3829.3248,4022.8164,summer,day3
2025-07-17 16:10:00,3904.7964,4042.9258,summer,day3
2025-07-17 16:15:00,3894.5555999999997,4081.7832,summer,day3
2025-07-17 16:20:00,3870.8376000000003,4138.1606,summer,day3
2025-07-17 16:25:00,4002.0528,4212.4595,summer,day3
2025-07-17 16:30:00,3569.1551999999997,4315.3535,summer,day3
2025-07-17 16:35:00,3827.4168,4411.6724,summer,day3
2025-07-17 16:40:00,4213.9656,4510.983,summer,day3
2025-07-17 16:45:00,3695.3868,4574.331,summer,day3
2025-07-17 16:50:00,3703.0847999999996,4587.2754,summer,day3
2025-07-17 16:55:00,5570.166,4586.3315,summer,day3
2025-07-17 17:00:00,4633.2624,4369.2686,summer,day3
2025-07-17 17:05:00,6476.478,4412.756,summer,day3
2025-07-17 17:10:00,5138.442,4472.212,summer,day3
2025-07-17 17:15:00,5058.0504,4544.136,summer,day3
2025-07-17 17:20:00,5018.3351999999995,4619.938,summer,day3
2025-07-17 17:25:00,4594.0596000000005,4662.929,summer,day3
2025-07-17 17:30:00,3719.3544,4668.4185,summer,day3
2025-07-17 17:35:00,3734.5440000000003,4607.659,summer,day3
2025-07-17 17:40:00,3975.9672,4533.757,summer,day3
2025-07-17 17:45:00,4450.2204,4440.261,summer,day3
2025-07-17 17:50:00,4235.4132,4352.4517,summer,day3
2025-07-17 17:55:00,3930.0624,4293.7295,summer,day3
2025-07-17 18:00:00,5268.5292,4187.6875,summer,day3
2025-07-17 18:05:00,5162.6532,4170.6045,summer,day3
2025-07-17 18:10:00,4423.0344,4164.377,summer,day3
2025-07-17 18:15:00,5258.8056,4170.0747,summer,day3
2025-07-17 18:20:00,4014.7344,4197.5054,summer,day3
2025-07-17 18:25:00,3932.4660000000003,4232.375,summer,day3
2025-07-17 18:30:00,3727.0728000000004,4291.548,summer,day3
2025-07-17 18:35:00,3610.1976000000004,4338.835,summer,day3
2025-07-17 18:40:00,3780.9444000000003,4387.966,summer,day3
2025-07-17 18:45:00,3828.2172000000005,4406.0024,summer,day3
2025-07-17 18:50:00,3959.0099999999998,4413.014,summer,day3
2025-07-17 18:55:00,4518.9228,4444.962,summer,day3
2025-07-17 19:00:00,3927.3635999999997,4361.303,summer,day3
2025-07-17 19:05:00,3844.9199999999996,4428.7983,summer,day3
2025-07-17 19:10:00,4531.116,4495.7954,summer,day3
2025-07-17 19:15:00,6519.4812,4562.826,summer,day3
2025-07-17 19:20:00,5548.7663999999995,4628.263,summer,day3
2025-07-17 19:25:00,4800.1116,4676.695,summer,day3
2025-07-17 19:30:00,3718.7748,4732.047,summer,day3
2025-07-17 19:35:00,4131.6144,4753.345,summer,day3
2025-07-17 19:40:00,3456.3072,4774.3916,summer,day3
2025-07-17 19:45:00,3640.9728000000005,4766.8315,summer,day3
2025-07-17 19:50:00,3621.3959999999997,4758.9995,summer,day3
2025-07-17 19:55:00,3452.7012000000004,4777.3496,summer,day3
2025-07-17 20:00:00,3340.0343999999996,4089.5833,summer,day3
2025-07-17 20:05:00,3938.4468,4117.097,summer,day3
2025-07-17 20:10:00,5138.5524,4149.647,summer,day3
2025-07-17 20:15:00,4519.9536,4199.543,summer,day3
2025-07-17 20:20:00,3926.7612,4278.073,summer,day3
2025-07-17 20:25:00,3740.0208,4371.277,summer,day3
2025-07-17 20:30:00,4663.9524,4485.3267,summer,day3
2025-07-17 20:35:00,4187.022,4563.921,summer,day3
2025-07-17 20:40:00,3741.7536,4614.0444,summer,day3
2025-07-17 20:45:00,4081.4483999999998,4614.9985,summer,day3
2025-07-17 20:50:00,4111.0248,4574.0264,summer,day3
2025-07-17 20:55:00,4040.1852,4506.317,summer,day3
2025-07-17 21:00:00,4022.5296000000003,4572.6494,summer,day3
2025-07-17 21:05:00,5074.1916,4459.573,summer,day3
2025-07-17 21:10:00,5019.6864000000005,4368.4087,summer,day3
2025-07-17 21:15:00,5235.1056,4326.28,summer,day3
2025-07-17 21:20:00,5198.7276,4316.904,summer,day3
2025-07-17 21:25:00,5041.8972,4311.507,summer,day3
2025-07-17 21:30:00,4947.7572,4317.131,summer,day3
2025-07-17 21:35:00,4845.9983999999995,4298.9766,summer,day3
2025-07-17 21:40:00,4915.1556,4279.315,summer,day3
2025-07-17 21:45:00,4995.6108,4251.1577,summer,day3
2025-07-17 21:50:00,5145.023999999999,4215.661,summer,day3
2025-07-17 21:55:00,4821.938400000001,4179.792,summer,day3
2025-07-17 22:00:00,5224.206,3732.1973,summer,day3
2025-07-17 22:05:00,5409.0491999999995,3686.998,summer,day3
2025-07-17 22:10:00,7144.282800000001,3630.0962,summer,day3
2025-07-17 22:15:00,7163.3364,3576.9912,summer,day3
2025-07-17 22:20:00,5021.166,3537.5815,summer,day3
2025-07-17 22:25:00,5094.3084,3510.238,summer,day3
2025-07-17 22:30:00,5358.468,3500.0488,summer,day3
2025-07-17 22:35:00,5151.765600000001,3475.6353,summer,day3
2025-07-17 22:40:00,5313.6588,3438.462,summer,day3
2025-07-17 22:45:00,5620.0271999999995,3388.1948,summer,day3
2025-07-17 22:50:00,5626.4496,3331.6453,summer,day3
2025-07-17 22:55:00,5536.8804,3284.132,summer,day3
2025-07-17 23:00:00,5400.3396,3027.2559,summer,day3
2025-07-17 23:05:00,5470.469999999999,3010.4944,summer,day3
2025-07-17 23:10:00,5739.8243999999995,3000.7114,summer,day3
2025-07-17 23:15:00,5787.3996,2995.0579,summer,day3
2025-07-17 23:20:00,5927.4816,2988.842,summer,day3
2025-07-17 23:25:00,5834.090399999999,2973.7231,summer,day3
2025-07-17 23:30:00,5615.3124,2959.499,summer,day3
2025-07-17 23:35:00,5421.51,2936.8623,summer,day3
2025-07-17 23:40:00,5291.3436,2911.1128,summer,day3
2025-07-17 23:45:00,6521.7792,2886.1704,summer,day3
2025-07-17 23:50:00,5161.5504,2866.3992,summer,day3
2025-07-17 23:55:00,4628.9604,2857.3694,summer,day3
2025-08-08 00:00:00,2905.4832,3686.3557,summer,day4
2025-08-08 00:05:00,2841.84,3692.7031,summer,day4
2025-08-08 00:10:00,3052.6944,3697.3772,summer,day4
2025-08-08 00:15:00,3142.6728,3700.8818,summer,day4
2025-08-08 00:20:00,2870.1984,3700.868,summer,day4
2025-08-08 00:25:00,2817.8292,3704.0051,summer,day4
2025-08-08 00:30:00,2915.0568,3705.9731,summer,day4
2025-08-08 00:35:00,2962.2383999999997,3710.064,summer,day4
2025-08-08 00:40:00,2623.6164,3713.8594,summer,day4
2025-08-08 00:45:00,2690.5608,3718.793,summer,day4
2025-08-08 00:50:00,2906.832,3722.9832,summer,day4
2025-08-08 00:55:00,2565.0204,3722.8455,summer,day4
2025-08-08 01:00:00,2503.4616,3750.3557,summer,day4
2025-08-08 01:05:00,2474.418,3746.278,summer,day4
2025-08-08 01:10:00,2648.3604,3733.2332,summer,day4
2025-08-08 01:15:00,2786.8572,3715.7695,summer,day4
2025-08-08 01:20:00,2711.532,3693.604,summer,day4
2025-08-08 01:25:00,2803.4472,3672.6018,summer,day4
2025-08-08 01:30:00,2854.1808,3650.7646,summer,day4
2025-08-08 01:35:00,2967.666,3630.77,summer,day4
2025-08-08 01:40:00,2924.532,3611.8723,summer,day4
2025-08-08 01:45:00,2853.4332,3595.4453,summer,day4
2025-08-08 01:50:00,2575.8959999999997,3580.9238,summer,day4
2025-08-08 01:55:00,2489.8164,3565.6199,summer,day4
2025-08-08 02:00:00,2426.1984,3581.3816,summer,day4
2025-08-08 02:05:00,2760.0792,3573.1538,summer,day4
2025-08-08 02:10:00,3409.6788,3559.8342,summer,day4
2025-08-08 02:15:00,3478.7292,3547.1106,summer,day4
2025-08-08 02:20:00,3429.4031999999997,3533.429,summer,day4
2025-08-08 02:25:00,3368.4684,3522.144,summer,day4
2025-08-08 02:30:00,3050.1252,3510.3564,summer,day4
2025-08-08 02:35:00,2940.1956,3499.1348,summer,day4
2025-08-08 02:40:00,3120.0227999999997,3486.8757,summer,day4
2025-08-08 02:45:00,4267.158,3474.2827,summer,day4
2025-08-08 02:50:00,4474.515600000001,3460.4111,summer,day4
2025-08-08 02:55:00,3739.8084000000003,3442.3408,summer,day4
2025-08-08 03:00:00,5022.6144,3423.5605,summer,day4
2025-08-08 03:05:00,4454.8908,3407.6375,summer,day4
2025-08-08 03:10:00,2717.2367999999997,3385.4788,summer,day4
2025-08-08 03:15:00,3616.4352,3363.992,summer,day4
2025-08-08 03:20:00,5155.7544,3343.4932,summer,day4
2025-08-08 03:25:00,3559.5,3327.4697,summer,day4
2025-08-08 03:30:00,2605.1423999999997,3314.0542,summer,day4
2025-08-08 03:35:00,2508.5832,3304.6455,summer,day4
2025-08-08 03:40:00,2695.8588000000004,3297.299,summer,day4
2025-08-08 03:45:00,2457.4272,3292.6,summer,day4
2025-08-08 03:50:00,2337.6576,3290.2656,summer,day4
2025-08-08 03:55:00,2346.7884,3286.7432,summer,day4
2025-08-08 04:00:00,2334.5664,3230.1257,summer,day4
2025-08-08 04:05:00,2381.9700000000003,3231.2256,summer,day4
2025-08-08 04:10:00,2430.6504,3227.0479,summer,day4
2025-08-08 04:15:00,2522.2812,3222.782,summer,day4
2025-08-08 04:20:00,2233.764,3217.6,summer,day4
2025-08-08 04:25:00,2555.6351999999997,3214.5532,summer,day4
2025-08-08 04:30:00,2582.2488000000003,3211.1194,summer,day4
2025-08-08 04:35:00,3999.4116000000004,3209.5322,summer,day4
2025-08-08 04:40:00,2532.3635999999997,3206.961,summer,day4
2025-08-08 04:45:00,2868.2604,3204.5771,summer,day4
2025-08-08 04:50:00,3039.5508,3202.5479,summer,day4
2025-08-08 04:55:00,2912.1144,3196.9932,summer,day4
2025-08-08 05:00:00,2723.4708,3081.7288,summer,day4
2025-08-08 05:05:00,2702.4924,3077.085,summer,day4
2025-08-08 05:10:00,2537.0099999999998,3067.7278,summer,day4
2025-08-08 05:15:00,2216.7768,3058.526,summer,day4
2025-08-08 05:20:00,2429.4576,3049.1194,summer,day4
2025-08-08 05:25:00,2355.9864000000002,3043.527,summer,day4
2025-08-08 05:30:00,2164.7628,3039.1672,summer,day4
2025-08-08 05:35:00,2109.3347999999996,3039.9788,summer,day4
2025-08-08 05:40:00,2062.8455999999996,3041.8054,summer,day4
2025-08-08 05:45:00,2216.46,3045.3228,summer,day4
2025-08-08 05:50:00,2434.5024,3050.485,summer,day4
2025-08-08 05:55:00,2256.9624,3052.7834,summer,day4
2025-08-08 06:00:00,2086.1076000000003,3082.25,summer,day4
2025-08-08 06:05:00,2038.9080000000001,3086.4963,summer,day4
2025-08-08 06:10:00,2045.8739999999998,3085.345,summer,day4
2025-08-08 06:15:00,2038.7652000000003,3083.596,summer,day4
2025-08-08 06:20:00,2295.6876,3081.5625,summer,day4
2025-08-08 06:25:00,2334.8376,3082.6685,summer,day4
2025-08-08 06:30:00,2314.3343999999997,3084.4104,summer,day4
2025-08-08 06:35:00,2259.6408,3090.981,summer,day4
2025-08-08 06:40:00,2163.0119999999997,3098.3706,summer,day4
2025-08-08 06:45:00,2305.9932,3107.7559,summer,day4
2025-08-08 06:50:00,2580.3732,3118.9045,summer,day4
2025-08-08 06:55:00,2479.3308,3127.4944,summer,day4
2025-08-08 07:00:00,2469.1236,3336.7554,summer,day4
2025-08-08 07:05:00,2567.5296,3348.4617,summer,day4
2025-08-08 07:10:00,2516.7912,3352.5488,summer,day4
2025-08-08 07:15:00,2933.8487999999998,3354.1318,summer,day4
2025-08-08 07:20:00,4157.588400000001,3353.207,summer,day4
2025-08-08 07:25:00,3769.9464,3354.2449,summer,day4
2025-08-08 07:30:00,3520.6008,3354.5532,summer,day4
2025-08-08 07:35:00,3993.84,3358.9485,summer,day4
2025-08-08 07:40:00,3469.446,3364.2734,summer,day4
2025-08-08 07:45:00,3332.5608,3371.949,summer,day4
2025-08-08 07:50:00,4370.982,3381.081,summer,day4
2025-08-08 07:55:00,5928.4632,3386.8994,summer,day4
2025-08-08 08:00:00,6051.9216,3650.0645,summer,day4
2025-08-08 08:05:00,7442.5740000000005,3660.3193,summer,day4
2025-08-08 08:10:00,6914.742,3662.2036,summer,day4
2025-08-08 08:15:00,4370.236800000001,3661.4297,summer,day4
2025-08-08 08:20:00,3859.41,3657.8176,summer,day4
2025-08-08 08:25:00,3873.5616,3656.2493,summer,day4
2025-08-08 08:30:00,3982.8959999999997,3653.147,summer,day4
2025-08-08 08:35:00,4137.0887999999995,3652.304,summer,day4
2025-08-08 08:40:00,4582.818,3651.6108,summer,day4
2025-08-08 08:45:00,4052.8572,3652.6536,summer,day4
2025-08-08 08:50:00,3729.6876,3654.0315,summer,day4
2025-08-08 08:55:00,3790.8612000000003,3651.6895,summer,day4
2025-08-08 09:00:00,3798.4464,3753.3506,summer,day4
2025-08-08 09:05:00,5274.7428,3754.3564,summer,day4
2025-08-08 09:10:00,4159.0452000000005,3748.9673,summer,day4
2025-08-08 09:15:00,4181.5740000000005,3743.1318,summer,day4
2025-08-08 09:20:00,5541.3996,3737.7056,summer,day4
2025-08-08 09:25:00,4343.9496,3737.5916,summer,day4
2025-08-08 09:30:00,5387.140799999999,3739.305,summer,day4
2025-08-08 09:35:00,4316.7192,3745.1184,summer,day4
2025-08-08 09:40:00,4500.069600000001,3753.0552,summer,day4
2025-08-08 09:45:00,4473.2916,3763.1577,summer,day4
2025-08-08 09:50:00,6840.2064,3773.461,summer,day4
2025-08-08 09:55:00,5347.7736,3779.5085,summer,day4
2025-08-08 10:00:00,4514.2572,3794.0637,summer,day4
2025-08-08 10:05:00,5084.0124,3802.6814,summer,day4
2025-08-08 10:10:00,5008.0896,3804.4177,summer,day4
2025-08-08 10:15:00,4081.65,3805.3464,summer,day4
2025-08-08 10:20:00,4155.3396,3806.2656,summer,day4
2025-08-08 10:25:00,4868.2476,3812.322,summer,day4
2025-08-08 10:30:00,5180.252399999999,3819.9746,summer,day4
2025-08-08 10:35:00,4211.556,3830.9453,summer,day4
2025-08-08 10:40:00,4728.6048,3844.4653,summer,day4
2025-08-08 10:45:00,4576.3128,3860.46,summer,day4
2025-08-08 10:50:00,4665.6708,3876.72,summer,day4
2025-08-08 10:55:00,3503.478,3889.009,summer,day4
2025-08-08 11:00:00,3574.1040000000003,3852.3057,summer,day4
2025-08-08 11:05:00,3782.2296,3867.8232,summer,day4
2025-08-08 11:10:00,5051.9436000000005,3877.1453,summer,day4
2025-08-08 11:15:00,4720.2924,3885.6123,summer,day4
2025-08-08 11:20:00,5171.43,3893.2798,summer,day4
2025-08-08 11:25:00,5189.8332,3905.9185,summer,day4
2025-08-08 11:30:00,6781.4364000000005,3919.2217,summer,day4
2025-08-08 11:35:00,5262.777599999999,3934.1829,summer,day4
2025-08-08 11:40:00,5481.5484,3950.5703,summer,day4
2025-08-08 11:45:00,4569.4092,3967.9275,summer,day4
2025-08-08 11:50:00,2638.8288000000002,3983.3462,summer,day4
2025-08-08 11:55:00,2600.8296,3992.6497,summer,day4
2025-08-08 12:00:00,2749.0620000000004,4041.266,summer,day4
2025-08-08 12:05:00,3770.9472,4050.46,summer,day4
2025-08-08 12:10:00,4299.8112,4053.3008,summer,day4
2025-08-08 12:15:00,4665.4152,4054.3992,summer,day4
2025-08-08 12:20:00,2908.5612,4054.6316,summer,day4
2025-08-08 12:25:00,2706.7356,4060.2666,summer,day4
2025-08-08 12:30:00,2959.0415999999996,4067.7903,summer,day4
2025-08-08 12:35:00,2706.6168000000002,4077.319,summer,day4
2025-08-08 12:40:00,2692.866,4089.7876,summer,day4
2025-08-08 12:45:00,2798.7972,4105.012,summer,day4
2025-08-08 12:50:00,2721.0768,4119.477,summer,day4
2025-08-08 12:55:00,3447.0324,4129.424,summer,day4
2025-08-08 13:00:00,3030.2988,4168.4673,summer,day4
2025-08-08 13:05:00,3751.1796000000004,4179.6865,summer,day4
2025-08-08 13:10:00,4783.0992,4186.2656,summer,day4
2025-08-08 13:15:00,7185.755999999999,4191.0293,summer,day4
2025-08-08 13:20:00,5689.8216,4194.243,summer,day4
2025-08-08 13:25:00,5006.1312,4202.0786,summer,day4
2025-08-08 13:30:00,3681.2316,4211.7637,summer,day4
2025-08-08 13:35:00,3398.9496,4221.989,summer,day4
2025-08-08 13:40:00,4802.8212,4235.5317,summer,day4
2025-08-08 13:45:00,3532.0811999999996,4252.4385,summer,day4
2025-08-08 13:50:00,5046.8928,4267.0312,summer,day4
2025-08-08 13:55:00,3782.6591999999996,4275.582,summer,day4
2025-08-08 14:00:00,5003.0352,4296.345,summer,day4
2025-08-08 14:05:00,4340.454,4299.291,summer,day4
2025-08-08 14:10:00,4120.7292,4294.238,summer,day4
2025-08-08 14:15:00,3413.1551999999997,4284.319,summer,day4
2025-08-08 14:20:00,3355.8695999999995,4270.4937,summer,day4
2025-08-08 14:25:00,3638.7228000000005,4261.624,summer,day4
2025-08-08 14:30:00,4723.7112,4255.4243,summer,day4
2025-08-08 14:35:00,5800.7076,4250.2305,summer,day4
2025-08-08 14:40:00,4699.6812,4249.82,summer,day4
2025-08-08 14:45:00,4796.1576000000005,4254.0513,summer,day4
2025-08-08 14:50:00,4215.8184,4256.7295,summer,day4
2025-08-08 14:55:00,3505.9067999999997,4255.36,summer,day4
2025-08-08 15:00:00,3366.9396,4241.289,summer,day4
2025-08-08 15:05:00,2607.7943999999998,4241.36,summer,day4
2025-08-08 15:10:00,2683.9067999999997,4236.033,summer,day4
2025-08-08 15:15:00,3289.518,4227.2744,summer,day4
2025-08-08 15:20:00,3239.2763999999997,4213.8794,summer,day4
2025-08-08 15:25:00,3709.536,4204.2344,summer,day4
2025-08-08 15:30:00,3970.7555999999995,4194.5645,summer,day4
2025-08-08 15:35:00,3985.5864,4182.388,summer,day4
2025-08-08 15:40:00,4568.6796,4171.7495,summer,day4
2025-08-08 15:45:00,3415.3487999999998,4162.2,summer,day4
2025-08-08 15:50:00,4920.3684,4147.386,summer,day4
2025-08-08 15:55:00,3361.9080000000004,4125.35,summer,day4
2025-08-08 16:00:00,3421.9584000000004,3937.5981,summer,day4
2025-08-08 16:05:00,3696.834,3914.1812,summer,day4
2025-08-08 16:10:00,4050.3455999999996,3885.808,summer,day4
2025-08-08 16:15:00,4786.476000000001,3857.079,summer,day4
2025-08-08 16:20:00,5060.3364,3827.8447,summer,day4
2025-08-08 16:25:00,3897.1176,3807.4978,summer,day4
2025-08-08 16:30:00,4117.412399999999,3790.7678,summer,day4
2025-08-08 16:35:00,3502.3224,3778.8723,summer,day4
2025-08-08 16:40:00,3515.2404,3772.429,summer,day4
2025-08-08 16:45:00,4857.1788,3770.392,summer,day4
2025-08-08 16:50:00,4484.3351999999995,3768.2405,summer,day4
2025-08-08 16:55:00,3655.2156000000004,3761.1667,summer,day4
2025-08-08 17:00:00,3561.2088000000003,3556.4575,summer,day4
2025-08-08 17:05:00,3523.1760000000004,3550.462,summer,day4
2025-08-08 17:10:00,3922.7532,3538.3545,summer,day4
2025-08-08 17:15:00,4652.664,3524.9636,summer,day4
2025-08-08 17:20:00,4405.8264,3509.544,summer,day4
2025-08-08 17:25:00,4178.4924,3500.9717,summer,day4
2025-08-08 17:30:00,5473.3824,3492.6758,summer,day4
2025-08-08 17:35:00,3859.8455999999996,3488.2197,summer,day4
2025-08-08 17:40:00,3788.3196000000003,3486.2769,summer,day4
2025-08-08 17:45:00,4298.9592,3486.6033,summer,day4
2025-08-08 17:50:00,3523.536,3487.3005,summer,day4
2025-08-08 17:55:00,3408.1704,3483.8193,summer,day4
2025-08-08 18:00:00,3892.5996,3416.39,summer,day4
2025-08-08 18:05:00,5197.6044,3418.6113,summer,day4
2025-08-08 18:10:00,4862.986800000001,3416.737,summer,day4
2025-08-08 18:15:00,3944.046,3414.9036,summer,day4
2025-08-08 18:20:00,3285.3455999999996,3411.4592,summer,day4
2025-08-08 18:25:00,2748.4847999999997,3414.0295,summer,day4
2025-08-08 18:30:00,2445.9864000000002,3414.7593,summer,day4
2025-08-08 18:35:00,2176.9584000000004,3418.006,summer,day4
2025-08-08 18:40:00,2878.4148,3421.2085,summer,day4
2025-08-08 18:45:00,2829.4811999999997,3424.1436,summer,day4
2025-08-08 18:50:00,2444.1924,3425.388,summer,day4
2025-08-08 18:55:00,2611.938,3420.1367,summer,day4
2025-08-08 19:00:00,3374.5512000000003,3427.8125,summer,day4
2025-08-08 19:05:00,2960.0088000000005,3426.7876,summer,day4
2025-08-08 19:10:00,4092.1416,3420.8982,summer,day4
2025-08-08 19:15:00,4772.0532,3414.5117,summer,day4
2025-08-08 19:20:00,2430.786,3406.2395,summer,day4
2025-08-08 19:25:00,2479.8048,3403.5242,summer,day4
2025-08-08 19:30:00,2630.2752,3398.273,summer,day4
2025-08-08 19:35:00,2845.0608,3395.108,summer,day4
2025-08-08 19:40:00,2938.3392,3391.4714,summer,day4
2025-08-08 19:45:00,2988.6756,3387.3237,summer,day4
2025-08-08 19:50:00,4017.8328,3381.8547,summer,day4
2025-08-08 19:55:00,2619.2712,3370.6848,summer,day4
2025-08-08 20:00:00,2265.0191999999997,3258.9666,summer,day4
2025-08-08 20:05:00,2141.1264,3252.2776,summer,day4
2025-08-08 20:10:00,2102.7912,3242.582,summer,day4
2025-08-08 20:15:00,2098.248,3233.3755,summer,day4
2025-08-08 20:20:00,2046.3192,3223.459,summer,day4
2025-08-08 20:25:00,2141.1876,3218.919,summer,day4
2025-08-08 20:30:00,2322.7776,3212.6194,summer,day4
2025-08-08 20:35:00,2007.8604,3209.6504,summer,day4
2025-08-08 20:40:00,2347.452,3206.609,summer,day4
2025-08-08 20:45:00,2397.0984,3203.7131,summer,day4
2025-08-08 20:50:00,2293.8131999999996,3200.835,summer,day4
2025-08-08 20:55:00,2290.6295999999998,3194.1528,summer,day4
2025-08-08 21:00:00,2288.046,3104.0962,summer,day4
2025-08-08 21:05:00,2324.6964,3101.05,summer,day4
2025-08-08 21:10:00,2523.294,3094.7742,summer,day4
2025-08-08 21:15:00,2329.0008000000003,3088.2488,summer,day4
2025-08-08 21:20:00,2381.2511999999997,3080.4924,summer,day4
2025-08-08 21:25:00,2403.864,3076.1821,summer,day4
2025-08-08 21:30:00,2394.0804,3070.26,summer,day4
2025-08-08 21:35:00,2208.7619999999997,3067.07,summer,day4
2025-08-08 21:40:00,2059.0595999999996,3063.8992,summer,day4
2025-08-08 21:45:00,2403.7248,3061.102,summer,day4
2025-08-08 21:50:00,2643.1368,3058.431,summer,day4
2025-08-08 21:55:00,2519.4636,3053.002,summer,day4
2025-08-08 22:00:00,2748.9156000000003,2966.887,summer,day4
2025-08-08 22:05:00,2819.1731999999997,2964.623,summer,day4
2025-08-08 22:10:00,2797.3787999999995,2959.139,summer,day4
2025-08-08 22:15:00,2728.8216,2953.8882,summer,day4
2025-08-08 22:20:00,2633.6316,2948.3271,summer,day4
2025-08-08 22:25:00,2613.8088,2946.4446,summer,day4
2025-08-08 22:30:00,2962.7928,2944.636,summer,day4
2025-08-08 22:35:00,2505.8232,2946.8735,summer,day4
2025-08-08 22:40:00,2656.6367999999998,2951.1238,summer,day4
2025-08-08 22:45:00,2846.6796,2957.9338,summer,day4
2025-08-08 22:50:00,2746.4292,2966.762,summer,day4
2025-08-08 22:55:00,2563.2732,2974.6296,summer,day4
2025-08-08 23:00:00,2549.2188,2832.2678,summer,day4
2025-08-08 23:05:00,2521.6368,2836.9448,summer,day4
2025-08-08 23:10:00,2702.8176,2836.5134,summer,day4
2025-08-08 23:15:00,2504.3064,2833.3428,summer,day4
2025-08-08 23:20:00,2510.2596000000003,2826.9526,summer,day4
2025-08-08 23:25:00,2516.4468,2821.0332,summer,day4
2025-08-08 23:30:00,2216.4096,2813.035,summer,day4
2025-08-08 23:35:00,2404.7748,2806.4653,summer,day4
2025-08-08 23:40:00,2587.326,2799.7031,summer,day4
2025-08-08 23:45:00,2509.5348,2793.1323,summer,day4
2025-08-08 23:50:00,2691.5496000000003,2786.475,summer,day4
2025-08-08 23:55:00,2451.072,2778.8237,summer,day4
2025-08-31 00:00:00,2182.0248,2450.2292,summer,day5
2025-08-31 00:05:00,2171.3016,2446.6746,summer,day5
2025-08-31 00:10:00,2179.698,2444.005,summer,day5
2025-08-31 00:15:00,2367.0263999999997,2442.7654,summer,day5
2025-08-31 00:20:00,2488.9332,2442.022,summer,day5
2025-08-31 00:25:00,2413.3188,2442.1677,summer,day5
2025-08-31 00:30:00,2379.0276,2442.6235,summer,day5
2025-08-31 00:35:00,2326.3428,2443.3574,summer,day5
2025-08-31 00:40:00,2281.1736,2444.449,summer,day5
2025-08-31 00:45:00,2240.9832,2445.4324,summer,day5
2025-08-31 00:50:00,2339.43,2447.2437,summer,day5
2025-08-31 00:55:00,2428.9248,2448.9407,summer,day5
2025-08-31 01:00:00,2334.294,2432.733,summer,day5
2025-08-31 01:05:00,2190.9312,2435.4246,summer,day5
2025-08-31 01:10:00,2169.1596,2438.2812,summer,day5
2025-08-31 01:15:00,2111.2547999999997,2442.2673,summer,day5
2025-08-31 01:20:00,2149.638,2446.592,summer,day5
2025-08-31 01:25:00,2269.2131999999997,2451.4685,summer,day5
2025-08-31 01:30:00,2388.1440000000002,2456.452,summer,day5
2025-08-31 01:35:00,2309.5524,2461.2092,summer,day5
2025-08-31 01:40:00,2106.84,2465.7744,summer,day5
2025-08-31 01:45:00,2144.9196,2469.2231,summer,day5
2025-08-31 01:50:00,2150.5368000000003,2473.1343,summer,day5
2025-08-31 01:55:00,2092.8300000000004,2476.3027,summer,day5
2025-08-31 02:00:00,2155.7448,2489.981,summer,day5
2025-08-31 02:05:00,2274.1344,2493.4727,summer,day5
2025-08-31 02:10:00,2262.8508,2496.3984,summer,day5
2025-08-31 02:15:00,2125.1784,2500.0781,summer,day5
2025-08-31 02:20:00,2130.1404,2503.577,summer,day5
2025-08-31 02:25:00,2179.1448,2507.6016,summer,day5
2025-08-31 02:30:00,2169.3563999999997,2512.02,summer,day5
2025-08-31 02:35:00,2281.506,2516.6003,summer,day5
2025-08-31 02:40:00,2460.4584,2521.554,summer,day5
2025-08-31 02:45:00,2300.6772,2525.4067,summer,day5
2025-08-31 02:50:00,2135.4096,2530.2256,summer,day5
2025-08-31 02:55:00,2109.5292,2534.3882,summer,day5
2025-08-31 03:00:00,2105.1396,2638.8638,summer,day5
2025-08-31 03:05:00,2159.7383999999997,2646.3748,summer,day5
2025-08-31 03:10:00,2250.6012,2653.3398,summer,day5
2025-08-31 03:15:00,2335.6188,2661.8408,summer,day5
2025-08-31 03:20:00,2230.9847999999997,2670.2502,summer,day5
2025-08-31 03:25:00,2123.4684,2678.9692,summer,day5
2025-08-31 03:30:00,2129.9424,2687.567,summer,day5
2025-08-31 03:35:00,2201.3148,2694.8374,summer,day5
2025-08-31 03:40:00,2191.3212,2701.623,summer,day5
2025-08-31 03:45:00,2239.4388,2705.0532,summer,day5
2025-08-31 03:50:00,2352.6924,2709.6665,summer,day5
2025-08-31 03:55:00,2211.0936,2713.0908,summer,day5
2025-08-31 04:00:00,2164.3068,2704.7769,summer,day5
2025-08-31 04:05:00,2287.62,2712.0642,summer,day5
2025-08-31 04:10:00,2700.0996,2719.2693,summer,day5
2025-08-31 04:15:00,2477.7419999999997,2728.2974,summer,day5
2025-08-31 04:20:00,2596.2275999999997,2737.4697,summer,day5
2025-08-31 04:25:00,2646.3095999999996,2746.9944,summer,day5
2025-08-31 04:30:00,2636.9880000000003,2755.9795,summer,day5
2025-08-31 04:35:00,2435.2727999999997,2763.874,summer,day5
2025-08-31 04:40:00,2260.7400000000002,2771.1003,summer,day5
2025-08-31 04:45:00,2271.9948,2774.6384,summer,day5
2025-08-31 04:50:00,2605.2828,2778.7354,summer,day5
2025-08-31 04:55:00,2715.6156,2780.0361,summer,day5
2025-08-31 05:00:00,2876.3772,2662.303,summer,day5
2025-08-31 05:05:00,2702.5811999999996,2664.6633,summer,day5
2025-08-31 05:10:00,2473.926,2665.563,summer,day5
2025-08-31 05:15:00,2450.0244,2666.324,summer,day5
2025-08-31 05:20:00,2296.3368,2665.4321,summer,day5
2025-08-31 05:25:00,2158.2192000000005,2663.5566,summer,day5
2025-08-31 05:30:00,2101.218,2660.871,summer,day5
2025-08-31 05:35:00,2207.7648,2657.7312,summer,day5
2025-08-31 05:40:00,2161.4616,2654.6375,summer,day5
2025-08-31 05:45:00,2376.87,2649.6172,summer,day5
2025-08-31 05:50:00,2385.6744,2645.9553,summer,day5
2025-08-31 05:55:00,2232.6072,2641.163,summer,day5
2025-08-31 06:00:00,2064.4416,2621.3303,summer,day5
2025-08-31 06:05:00,2381.2632000000003,2619.9053,summer,day5
2025-08-31 06:10:00,2458.8036,2618.5945,summer,day5
2025-08-31 06:15:00,2302.2167999999997,2619.3528,summer,day5
2025-08-31 06:20:00,2281.3416,2621.0786,summer,day5
2025-08-31 06:25:00,2290.0896000000002,2624.3335,summer,day5
2025-08-31 06:30:00,2123.9892,2628.6643,summer,day5
2025-08-31 06:35:00,2123.946,2633.8398,summer,day5
2025-08-31 06:40:00,2096.8224,2640.266,summer,day5
2025-08-31 06:45:00,1990.8756,2646.1055,summer,day5
2025-08-31 06:50:00,1907.2992,2654.8584,summer,day5
2025-08-31 06:55:00,1924.4784,2663.6575,summer,day5
2025-08-31 07:00:00,1899.3,2812.0208,summer,day5
2025-08-31 07:05:00,1934.532,2830.022,summer,day5
2025-08-31 07:10:00,2058.1404,2847.7878,summer,day5
2025-08-31 07:15:00,2033.2908,2867.1526,summer,day5
2025-08-31 07:20:00,1949.8044000000002,2886.257,summer,day5
2025-08-31 07:25:00,1825.3044000000002,2905.3838,summer,day5
2025-08-31 07:30:00,1910.9268,2923.1516,summer,day5
2025-08-31 07:35:00,2020.998,2940.2202,summer,day5
2025-08-31 07:40:00,2011.0392,2956.1836,summer,day5
2025-08-31 07:45:00,2001.1487999999997,2968.7998,summer,day5
2025-08-31 07:50:00,2134.5996,2983.4011,summer,day5
2025-08-31 07:55:00,2044.752,2995.0608,summer,day5
2025-08-31 08:00:00,1855.0716,3154.0737,summer,day5
2025-08-31 08:05:00,1842.3108,3169.3162,summer,day5
2025-08-31 08:10:00,1864.1748,3181.793,summer,day5
2025-08-31 08:15:00,1817.7900000000002,3193.6436,summer,day5
2025-08-31 08:20:00,1829.7252,3204.11,summer,day5
2025-08-31 08:25:00,2058.3815999999997,3213.93,summer,day5
2025-08-31 08:30:00,2041.7628,3222.8706,summer,day5
2025-08-31 08:35:00,1887.4584,3230.4014,summer,day5
2025-08-31 08:40:00,1857.786,3236.0554,summer,day5
2025-08-31 08:45:00,1862.8727999999999,3237.9062,summer,day5
2025-08-31 08:50:00,1895.7408,3240.1335,summer,day5
2025-08-31 08:55:00,1874.7972000000002,3237.9055,summer,day5
2025-08-31 09:00:00,2894.6099999999997,3371.8484,summer,day5
2025-08-31 09:05:00,4606.0332,3371.253,summer,day5
2025-08-31 09:10:00,4738.5612,3367.6116,summer,day5
2025-08-31 09:15:00,4384.8336,3364.6567,summer,day5
2025-08-31 09:20:00,2424.528,3362.3723,summer,day5
2025-08-31 09:25:00,2227.5624,3361.4363,summer,day5
2025-08-31 09:30:00,2263.3368,3362.1067,summer,day5
2025-08-31 09:35:00,2350.8504000000003,3362.4062,summer,day5
2025-08-31 09:40:00,2626.5012,3362.4402,summer,day5
2025-08-31 09:45:00,1964.9772,3360.6013,summer,day5
2025-08-31 09:50:00,1971.7044,3360.8843,summer,day5
2025-08-31 09:55:00,2005.4256,3359.6118,summer,day5
2025-08-31 10:00:00,2067.1572,3383.4937,summer,day5
2025-08-31 10:05:00,2244.852,3388.327,summer,day5
2025-08-31 10:10:00,3416.1023999999998,3390.8022,summer,day5
2025-08-31 10:15:00,3862.4364,3393.5447,summer,day5
2025-08-31 10:20:00,3836.4936000000002,3395.5938,summer,day5
2025-08-31 10:25:00,3223.632,3397.2966,summer,day5
2025-08-31 10:30:00,2984.226,3399.4253,summer,day5
2025-08-31 10:35:00,2255.4672,3400.3896,summer,day5
2025-08-31 10:40:00,3035.508,3401.5227,summer,day5
2025-08-31 10:45:00,3573.0192,3401.4963,summer,day5
2025-08-31 10:50:00,3498.6192,3403.4731,summer,day5
2025-08-31 10:55:00,2997.8003999999996,3403.6206,summer,day5
2025-08-31 11:00:00,2643.792,3397.6028,summer,day5
2025-08-31 11:05:00,3442.1771999999996,3400.933,summer,day5
2025-08-31 11:10:00,2188.5804,3400.7722,summer,day5
2025-08-31 11:15:00,2405.3496,3400.2004,summer,day5
2025-08-31 11:20:00,2584.6979999999994,3398.844,summer,day5
2025-08-31 11:25:00,2462.0099999999998,3397.6814,summer,day5
2025-08-31 11:30:00,2161.662,3397.1125,summer,day5
2025-08-31 11:35:00,2140.29,3395.4294,summer,day5
2025-08-31 11:40:00,2179.4292,3393.656,summer,day5
2025-08-31 11:45:00,2256.7428,3390.3113,summer,day5
2025-08-31 11:50:00,2426.5632,3387.7896,summer,day5
2025-08-31 11:55:00,2053.9788,3381.9746,summer,day5
2025-08-31 12:00:00,2084.1984,3369.5012,summer,day5
2025-08-31 12:05:00,2074.7232,3365.3188,summer,day5
2025-08-31 12:10:00,2848.9848,3358.1477,summer,day5
2025-08-31 12:15:00,3339.7188,3351.3823,summer,day5
2025-08-31 12:20:00,2250.9828,3344.9585,summer,day5
2025-08-31 12:25:00,2207.862,3339.4011,summer,day5
2025-08-31 12:30:00,2535.6792,3335.0747,summer,day5
2025-08-31 12:35:00,2224.3764,3329.882,summer,day5
2025-08-31 12:40:00,2402.472,3324.4077,summer,day5
2025-08-31 12:45:00,2056.6992,3317.24,summer,day5
2025-08-31 12:50:00,1929.1284,3310.6577,summer,day5
2025-08-31 12:55:00,2071.3872,3301.7817,summer,day5
2025-08-31 13:00:00,2795.3724,3300.1548,summer,day5
2025-08-31 13:05:00,3846.1284,3296.178,summer,day5
2025-08-31 13:10:00,5238.2124,3290.3604,summer,day5
2025-08-31 13:15:00,4509.752399999999,3285.2642,summer,day5
2025-08-31 13:20:00,4622.245199999999,3280.7192,summer,day5
2025-08-31 13:25:00,4373.318399999999,3276.7283,summer,day5
2025-08-31 13:30:00,4350.6972000000005,3273.627,summer,day5
2025-08-31 13:35:00,5883.780000000001,3269.532,summer,day5
2025-08-31 13:40:00,4219.455599999999,3266.045,summer,day5
2025-08-31 13:45:00,4279.3428,3262.5747,summer,day5
2025-08-31 13:50:00,4733.3724,3261.17,summer,day5
2025-08-31 13:55:00,4474.8588,3259.1482,summer,day5
2025-08-31 14:00:00,4857.1776,3236.2852,summer,day5
2025-08-31 14:05:00,4142.4324,3239.267,summer,day5
2025-08-31 14:10:00,5776.6992,3240.733,summer,day5
2025-08-31 14:15:00,4289.4924,3242.7385,summer,day5
2025-08-31 14:20:00,4750.2924,3245.2358,summer,day5
2025-08-31 14:25:00,4333.697999999999,3248.4307,summer,day5
2025-08-31 14:30:00,4190.0592,3252.5781,summer,day5
2025-08-31 14:35:00,5073.8844,3255.7932,summer,day5
2025-08-31 14:40:00,4693.2372000000005,3259.4219,summer,day5
2025-08-31 14:45:00,5723.7504,3262.0676,summer,day5
2025-08-31 14:50:00,6133.338000000001,3265.5483,summer,day5
2025-08-31 14:55:00,4434.3192,3267.0317,summer,day5
2025-08-31 15:00:00,4249.2936,3241.665,summer,day5
2025-08-31 15:05:00,4138.8612,3246.2722,summer,day5
2025-08-31 15:10:00,5869.584,3249.308,summer,day5
2025-08-31 15:15:00,4105.4856,3253.1826,summer,day5
2025-08-31 15:20:00,4772.3135999999995,3257.479,summer,day5
2025-08-31 15:25:00,7226.844,3262.7068,summer,day5
2025-08-31 15:30:00,4697.1396,3269.6519,summer,day5
2025-08-31 15:35:00,4431.940799999999,3276.4092,summer,day5
2025-08-31 15:40:00,4453.8396,3285.2913,summer,day5
2025-08-31 15:45:00,4339.2372000000005,3294.5737,summer,day5
2025-08-31 15:50:00,4215.6876,3306.0063,summer,day5
2025-08-31 15:55:00,4487.0496,3316.0308,summer,day5
2025-08-31 16:00:00,4655.004,3277.8276,summer,day5
2025-08-31 16:05:00,6531.1428,3292.4526,summer,day5
2025-08-31 16:10:00,5223.3948,3305.4873,summer,day5
2025-08-31 16:15:00,5174.808,3319.9763,summer,day5
2025-08-31 16:20:00,5001.606,3335.249,summer,day5
2025-08-31 16:25:00,8077.4352,3351.343,summer,day5
2025-08-31 16:30:00,7781.7588000000005,3368.8247,summer,day5
2025-08-31 16:35:00,6015.5844,3383.8652,summer,day5
2025-08-31 16:40:00,5052.6924,3399.3662,summer,day5
2025-08-31 16:45:00,4952.0976,3412.9685,summer,day5
2025-08-31 16:50:00,5160.8196,3426.1367,summer,day5
2025-08-31 16:55:00,6077.4324,3434.832,summer,day5
2025-08-31 17:00:00,8012.6352,3357.1863,summer,day5
2025-08-31 17:05:00,6954.955199999999,3363.7837,summer,day5
2025-08-31 17:10:00,6484.3824,3363.4036,summer,day5
2025-08-31 17:15:00,6229.974,3359.5664,summer,day5
2025-08-31 17:20:00,6230.1012,3352.2976,summer,day5
2025-08-31 17:25:00,6915.224400000001,3342.3726,summer,day5
2025-08-31 17:30:00,6302.778,3333.194,summer,day5
2025-08-31 17:35:00,6173.4144,3321.1577,summer,day5
2025-08-31 17:40:00,6153.0216,3310.3428,summer,day5
2025-08-31 17:45:00,6950.794800000001,3298.497,summer,day5
2025-08-31 17:50:00,7280.1576000000005,3287.4722,summer,day5
2025-08-31 17:55:00,6939.375599999999,3274.231,summer,day5
2025-08-31 18:00:00,6380.1323999999995,3278.8867,summer,day5
2025-08-31 18:05:00,6515.6424,3272.9873,summer,day5
2025-08-31 18:10:00,4805.9256000000005,3264.9438,summer,day5
2025-08-31 18:15:00,4628.286,3258.998,summer,day5
2025-08-31 18:20:00,4889.294400000001,3254.5857,summer,day5
2025-08-31 18:25:00,4872.770399999999,3251.3264,summer,day5
2025-08-31 18:30:00,3872.9748,3250.241,summer,day5
2025-08-31 18:35:00,3762.5663999999997,3245.8906,summer,day5
2025-08-31 18:40:00,3813.8604,3240.3477,summer,day5
2025-08-31 18:45:00,3833.7264000000005,3231.4133,summer,day5
2025-08-31 18:50:00,3909.7284,3221.9043,summer,day5
2025-08-31 18:55:00,3944.4888,3209.9854,summer,day5
2025-08-31 19:00:00,5147.4612,3209.4363,summer,day5
2025-08-31 19:05:00,4844.462399999999,3205.1362,summer,day5
2025-08-31 19:10:00,4242.972,3198.7039,summer,day5
2025-08-31 19:15:00,3783.0204,3193.2405,summer,day5
2025-08-31 19:20:00,3764.4767999999995,3187.509,summer,day5
2025-08-31 19:25:00,3732.8520000000003,3181.2275,summer,day5
2025-08-31 19:30:00,3727.3704,3174.4739,summer,day5
2025-08-31 19:35:00,3835.8479999999995,3165.2383,summer,day5
2025-08-31 19:40:00,4004.9688,3155.1904,summer,day5
2025-08-31 19:45:00,3859.8516000000004,3143.8525,summer,day5
2025-08-31 19:50:00,4215.4056,3133.786,summer,day5
2025-08-31 19:55:00,4371.5676,3121.2397,summer,day5
2025-08-31 20:00:00,4049.5752,3091.037,summer,day5
2025-08-31 20:05:00,4192.674,3081.8325,summer,day5
2025-08-31 20:10:00,4126.7604,3069.939,summer,day5
2025-08-31 20:15:00,4924.669199999999,3058.1594,summer,day5
2025-08-31 20:20:00,4501.0968,3045.8582,summer,day5
2025-08-31 20:25:00,4050.282,3034.456,summer,day5
2025-08-31 20:30:00,3954.6612,3022.8567,summer,day5
2025-08-31 20:35:00,5177.9832,3010.795,summer,day5
2025-08-31 20:40:00,6023.2248,2997.9424,summer,day5
2025-08-31 20:45:00,4444.468800000001,2983.9097,summer,day5
2025-08-31 20:50:00,4218.8928,2970.749,summer,day5
2025-08-31 20:55:00,5574.2136,2953.9473,summer,day5
2025-08-31 21:00:00,4219.7784,2742.3984,summer,day5
2025-08-31 21:05:00,3663.756,2729.6982,summer,day5
2025-08-31 21:10:00,3199.6356,2715.7163,summer,day5
2025-08-31 21:15:00,3130.2432,2702.7593,summer,day5
2025-08-31 21:20:00,3049.0476,2689.865,summer,day5
2025-08-31 21:25:00,3273.9696,2678.592,summer,day5
2025-08-31 21:30:00,3364.7028,2668.4333,summer,day5
2025-08-31 21:35:00,3176.8272,2659.5825,summer,day5
2025-08-31 21:40:00,3206.7576,2652.282,summer,day5
2025-08-31 21:45:00,3216.1848,2646.0833,summer,day5
2025-08-31 21:50:00,3184.5828,2641.983,summer,day5
2025-08-31 21:55:00,3230.1228,2637.8044,summer,day5
2025-08-31 22:00:00,3364.3284,2575.712,summer,day5
2025-08-31 22:05:00,3308.3316,2574.8572,summer,day5
2025-08-31 22:10:00,3490.9008000000003,2573.579,summer,day5
2025-08-31 22:15:00,3602.454,2573.0466,summer,day5
2025-08-31 22:20:00,3511.1316000000006,2572.0085,summer,day5
2025-08-31 22:25:00,3519.972,2571.3933,summer,day5
2025-08-31 22:30:00,3696.5627999999997,2570.9102,summer,day5
2025-08-31 22:35:00,3609.7224,2570.3496,summer,day5
2025-08-31 22:40:00,3199.3379999999997,2570.0679,summer,day5
2025-08-31 22:45:00,2989.5996,2569.537,summer,day5
2025-08-31 22:50:00,3265.2072,2569.6606,summer,day5
2025-08-31 22:55:00,3382.1027999999997,2569.1626,summer,day5
2025-08-31 23:00:00,3412.0392,2554.6565,summer,day5
2025-08-31 23:05:00,3385.3644,2554.8394,summer,day5
2025-08-31 23:10:00,3303.9276,2554.163,summer,day5
2025-08-31 23:15:00,3277.4028,2553.8252,summer,day5
2025-08-31 23:20:00,3480.042,2553.1572,summer,day5
2025-08-31 23:25:00,3273.5628,2553.018,summer,day5
2025-08-31 23:30:00,3248.9136,2553.145,summer,day5
2025-08-31 23:35:00,3623.5368000000003,2552.9778,summer,day5
2025-08-31 23:40:00,3674.1804,2552.731,summer,day5
2025-08-31 23:45:00,3651.9276,2551.8518,summer,day5
2025-08-31 23:50:00,3458.1588,2551.2656,summer,day5
2025-08-31 23:55:00,3396.2532,2549.8083,summer,day5
