timestamp,actual,prediction,season,day,n_selected_features
2025-01-31 00:00:00,2419.7136,2392.3232,winter,day1,30
2025-01-31 00:05:00,2421.2076,2399.3206,winter,day1,30
2025-01-31 00:10:00,2406.2376,2385.748,winter,day1,30
2025-01-31 00:15:00,2448.138,2392.9211,winter,day1,30
2025-01-31 00:20:00,2446.1592,2396.91,winter,day1,30
2025-01-31 00:25:00,2429.3184,2394.2925,winter,day1,30
2025-01-31 00:30:00,2415.4271999999996,2388.294,winter,day1,30
2025-01-31 00:35:00,2436.0756,2390.753,winter,day1,30
2025-01-31 00:40:00,2442.5879999999997,2393.6274,winter,day1,30
2025-01-31 00:45:00,2489.8392,2397.4585,winter,day1,30
2025-01-31 00:50:00,2574.8892000000005,2411.2246,winter,day1,30
2025-01-31 00:55:00,2494.1771999999996,2418.7886,winter,day1,30
2025-01-31 01:00:00,2460.7032,2437.6484,winter,day1,30
2025-01-31 01:05:00,2478.7308000000003,2464.3274,winter,day1,30
2025-01-31 01:10:00,2655.1824,2482.6775,winter,day1,30
2025-01-31 01:15:00,2623.8792000000003,2510.0676,winter,day1,30
2025-01-31 01:20:00,2643.6804,2536.808,winter,day1,30
2025-01-31 01:25:00,2677.7496,2566.1372,winter,day1,30
2025-01-31 01:30:00,2612.2164000000002,2585.2656,winter,day1,30
2025-01-31 01:35:00,2576.718,2596.4575,winter,day1,30
2025-01-31 01:40:00,2567.16,2602.335,winter,day1,30
2025-01-31 01:45:00,2857.2072,2607.9338,winter,day1,30
2025-01-31 01:50:00,3233.2403999999997,2639.5903,winter,day1,30
2025-01-31 01:55:00,2634.7596,2660.84,winter,day1,30
2025-01-31 02:00:00,3291.1416,2666.558,winter,day1,30
2025-01-31 02:05:00,2764.3464,2679.871,winter,day1,30
2025-01-31 02:10:00,3136.0596,2688.2852,winter,day1,30
2025-01-31 02:15:00,3107.1648,2685.3892,winter,day1,30
2025-01-31 02:20:00,2950.0908,2698.499,winter,day1,30
2025-01-31 02:25:00,3388.2504,2697.7173,winter,day1,30
2025-01-31 02:30:00,2792.6447999999996,2694.3142,winter,day1,30
2025-01-31 02:35:00,3416.9544,2697.1206,winter,day1,30
2025-01-31 02:40:00,3290.1672,2711.6992,winter,day1,30
2025-01-31 02:45:00,3310.4148,2710.0754,winter,day1,30
2025-01-31 02:50:00,3021.81,2708.4558,winter,day1,30
2025-01-31 02:55:00,3089.8908,2708.498,winter,day1,30
2025-01-31 03:00:00,3474.132,2704.111,winter,day1,30
2025-01-31 03:05:00,3120.5652,2716.0005,winter,day1,30
2025-01-31 03:10:00,2604.7464,2700.538,winter,day1,30
2025-01-31 03:15:00,3252.3288000000002,2701.4382,winter,day1,30
2025-01-31 03:20:00,3162.252,2697.8823,winter,day1,30
2025-01-31 03:25:00,2431.2168,2707.7402,winter,day1,30
2025-01-31 03:30:00,2432.5091999999995,2725.4165,winter,day1,30
2025-01-31 03:35:00,2455.344,2724.65,winter,day1,30
2025-01-31 03:40:00,2557.572,2722.482,winter,day1,30
2025-01-31 03:45:00,2469.3948,2716.6772,winter,day1,30
2025-01-31 03:50:00,2462.4528,2715.801,winter,day1,30
2025-01-31 03:55:00,2547.384,2713.252,winter,day1,30
2025-01-31 04:00:00,2612.8884,2715.713,winter,day1,30
2025-01-31 04:05:00,2651.478,2719.6428,winter,day1,30
2025-01-31 04:10:00,2652.9564,2722.3174,winter,day1,30
2025-01-31 04:15:00,2611.4268,2739.706,winter,day1,30
2025-01-31 04:20:00,2538.81,2749.6113,winter,day1,30
2025-01-31 04:25:00,2501.904,2755.4214,winter,day1,30
2025-01-31 04:30:00,2600.8464,2764.431,winter,day1,30
2025-01-31 04:35:00,2704.0416,2767.1792,winter,day1,30
2025-01-31 04:40:00,2662.4568,2775.4365,winter,day1,30
2025-01-31 04:45:00,2502.9612,2774.1514,winter,day1,30
2025-01-31 04:50:00,2486.8968,2784.4868,winter,day1,30
2025-01-31 04:55:00,2481.2088,2795.9905,winter,day1,30
2025-01-31 05:00:00,2460.0216,2792.2046,winter,day1,30
2025-01-31 05:05:00,2467.8156,2806.139,winter,day1,30
2025-01-31 05:10:00,2625.0348,2822.6494,winter,day1,30
2025-01-31 05:15:00,2701.698,2824.5168,winter,day1,30
2025-01-31 05:20:00,2665.6584,2816.8218,winter,day1,30
2025-01-31 05:25:00,2646.3732,2833.0688,winter,day1,30
2025-01-31 05:30:00,2630.1696,2822.2534,winter,day1,30
2025-01-31 05:35:00,2554.8923999999997,2852.7456,winter,day1,30
2025-01-31 05:40:00,2540.9676,2834.8286,winter,day1,30
2025-01-31 05:45:00,2553.3516,2872.545,winter,day1,30
2025-01-31 05:50:00,2523.4356,2881.9111,winter,day1,30
2025-01-31 05:55:00,2493.5436,2937.5896,winter,day1,30
2025-01-31 06:00:00,2469.4991999999997,2895.5935,winter,day1,30
2025-01-31 06:05:00,2479.0164,2982.0403,winter,day1,30
2025-01-31 06:10:00,2474.82,2969.5864,winter,day1,30
2025-01-31 06:15:00,2475.942,2958.9512,winter,day1,30
2025-01-31 06:20:00,2560.44,2948.2068,winter,day1,30
2025-01-31 06:25:00,2689.5407999999998,3007.1274,winter,day1,30
2025-01-31 06:30:00,2691.576,2991.133,winter,day1,30
2025-01-31 06:35:00,2586.3576000000003,3019.7666,winter,day1,30
2025-01-31 06:40:00,2574.9108,3038.4692,winter,day1,30
2025-01-31 06:45:00,2593.9031999999997,3066.2705,winter,day1,30
2025-01-31 06:50:00,2597.6484,3085.2512,winter,day1,30
2025-01-31 06:55:00,2657.052,3092.186,winter,day1,30
2025-01-31 07:00:00,2503.29,3089.8906,winter,day1,30
2025-01-31 07:05:00,2399.8536,3097.1846,winter,day1,30
2025-01-31 07:10:00,2796.7475999999997,3106.1895,winter,day1,30
2025-01-31 07:15:00,3094.368,3119.3804,winter,day1,30
2025-01-31 07:20:00,1062.0948,3144.7395,winter,day1,30
2025-01-31 07:25:00,0.0,3167.1162,winter,day1,30
2025-01-31 07:30:00,329.8464,3172.0754,winter,day1,30
2025-01-31 07:35:00,4469.830800000001,3184.2678,winter,day1,30
2025-01-31 07:40:00,3195.8712,3193.6816,winter,day1,30
2025-01-31 07:45:00,3173.7912,3192.6382,winter,day1,30
2025-01-31 07:50:00,3154.2168,3199.15,winter,day1,30
2025-01-31 07:55:00,3164.3784,3210.519,winter,day1,30
2025-01-31 08:00:00,3110.9256,3187.072,winter,day1,30
2025-01-31 08:05:00,3053.4204,3139.2725,winter,day1,30
2025-01-31 08:10:00,2941.5024000000003,3091.5986,winter,day1,30
2025-01-31 08:15:00,2826.8436,3051.0764,winter,day1,30
2025-01-31 08:20:00,2778.8831999999998,3049.2717,winter,day1,30
2025-01-31 08:25:00,2879.9292,3073.935,winter,day1,30
2025-01-31 08:30:00,2893.1904,3057.2324,winter,day1,30
2025-01-31 08:35:00,2838.2712,3054.0205,winter,day1,30
2025-01-31 08:40:00,2864.5692,3065.5134,winter,day1,30
2025-01-31 08:45:00,3146.5944,3085.3838,winter,day1,30
2025-01-31 08:50:00,3818.0771999999997,3089.2117,winter,day1,30
2025-01-31 08:55:00,2896.1760000000004,3055.7915,winter,day1,30
2025-01-31 09:00:00,3146.4948,3003.1162,winter,day1,30
2025-01-31 09:05:00,3097.1639999999998,2976.9626,winter,day1,30
2025-01-31 09:10:00,2852.1804,2989.8872,winter,day1,30
2025-01-31 09:15:00,2902.47,2992.3774,winter,day1,30
2025-01-31 09:20:00,2858.8464,3021.0596,winter,day1,30
2025-01-31 09:25:00,2969.58,3030.8796,winter,day1,30
2025-01-31 09:30:00,3069.2843999999996,3052.5203,winter,day1,30
2025-01-31 09:35:00,2776.5600000000004,3085.6575,winter,day1,30
2025-01-31 09:40:00,2763.0828,3110.5464,winter,day1,30
2025-01-31 09:45:00,2781.0827999999997,3112.3457,winter,day1,30
2025-01-31 09:50:00,2815.8372000000004,3080.7153,winter,day1,30
2025-01-31 09:55:00,2843.6519999999996,3072.6956,winter,day1,30
2025-01-31 10:00:00,3068.1444,3063.9177,winter,day1,30
2025-01-31 10:05:00,3093.9936000000002,3059.6885,winter,day1,30
2025-01-31 10:10:00,2814.2316,3062.9285,winter,day1,30
2025-01-31 10:15:00,2781.3828,3075.1458,winter,day1,30
2025-01-31 10:20:00,2811.6984,3066.2793,winter,day1,30
2025-01-31 10:25:00,2800.0080000000003,3067.5798,winter,day1,30
2025-01-31 10:30:00,2792.0843999999997,3069.7021,winter,day1,30
2025-01-31 10:35:00,2786.0892,3082.9915,winter,day1,30
2025-01-31 10:40:00,3025.9536,3058.529,winter,day1,30
2025-01-31 10:45:00,3129.0924,3067.13,winter,day1,30
2025-01-31 10:50:00,11905.8276,3059.2368,winter,day1,30
2025-01-31 10:55:00,7211.2044,3063.3855,winter,day1,30
2025-01-31 11:00:00,5106.3192,3061.4731,winter,day1,30
2025-01-31 11:05:00,5155.3848,3047.861,winter,day1,30
2025-01-31 11:10:00,4274.8716,3099.8906,winter,day1,30
2025-01-31 11:15:00,2854.3284,3082.4019,winter,day1,30
2025-01-31 11:20:00,2956.7388,3083.857,winter,day1,30
2025-01-31 11:25:00,3654.8784,3108.741,winter,day1,30
2025-01-31 11:30:00,2839.4579999999996,3179.9983,winter,day1,30
2025-01-31 11:35:00,2797.7952,3131.2832,winter,day1,30
2025-01-31 11:40:00,2320.0860000000002,3145.8433,winter,day1,30
2025-01-31 11:45:00,3245.9795999999997,3167.55,winter,day1,30
2025-01-31 11:50:00,1997.8655999999999,3109.5278,winter,day1,30
2025-01-31 11:55:00,1985.4227999999998,3090.6282,winter,day1,30
2025-01-31 12:00:00,2112.2736,3210.3079,winter,day1,30
2025-01-31 12:05:00,2531.1336,3228.3337,winter,day1,30
2025-01-31 12:10:00,2235.1668,3231.8203,winter,day1,30
2025-01-31 12:15:00,2350.9752,3246.685,winter,day1,30
2025-01-31 12:20:00,2110.1243999999997,3239.2725,winter,day1,30
2025-01-31 12:25:00,2110.1736,3224.1597,winter,day1,30
2025-01-31 12:30:00,2318.832,3226.7964,winter,day1,30
2025-01-31 12:35:00,2952.972,3221.165,winter,day1,30
2025-01-31 12:40:00,2047.9656,3187.0366,winter,day1,30
2025-01-31 12:45:00,2041.5672,3225.061,winter,day1,30
2025-01-31 12:50:00,2436.7619999999997,3217.0918,winter,day1,30
2025-01-31 12:55:00,2047.6128,3209.1191,winter,day1,30
2025-01-31 13:00:00,2608.8540000000003,3208.8955,winter,day1,30
2025-01-31 13:05:00,3095.1996,3205.0342,winter,day1,30
2025-01-31 13:10:00,2278.9164,3201.9167,winter,day1,30
2025-01-31 13:15:00,2230.1351999999997,3240.9297,winter,day1,30
2025-01-31 13:20:00,3371.2248,3279.2158,winter,day1,30
2025-01-31 13:25:00,2222.0628,3239.266,winter,day1,30
2025-01-31 13:30:00,3055.6488,3194.6982,winter,day1,30
2025-01-31 13:35:00,2325.1392,3193.6975,winter,day1,30
2025-01-31 13:40:00,2361.2112,3179.526,winter,day1,30
2025-01-31 13:45:00,2338.8456,3188.9863,winter,day1,30
2025-01-31 13:50:00,2381.0556,3165.9187,winter,day1,30
2025-01-31 13:55:00,2489.7996,3166.6228,winter,day1,30
2025-01-31 14:00:00,2614.1279999999997,3162.7126,winter,day1,30
2025-01-31 14:05:00,4218.2844,3180.7278,winter,day1,30
2025-01-31 14:10:00,3829.068,3151.1045,winter,day1,30
2025-01-31 14:15:00,2993.958,3129.4834,winter,day1,30
2025-01-31 14:20:00,2935.1256000000003,3126.0945,winter,day1,30
2025-01-31 14:25:00,3198.9996,3124.097,winter,day1,30
2025-01-31 14:30:00,3069.672,3124.5942,winter,day1,30
2025-01-31 14:35:00,3663.1524000000004,3118.8171,winter,day1,30
2025-01-31 14:40:00,3035.2788,3129.503,winter,day1,30
2025-01-31 14:45:00,2981.6124,3127.6338,winter,day1,30
2025-01-31 14:50:00,3319.7892,3148.6545,winter,day1,30
2025-01-31 14:55:00,4121.4744,3183.6528,winter,day1,30
2025-01-31 15:00:00,3289.0932000000003,3209.504,winter,day1,30
2025-01-31 15:05:00,3411.0696,3209.0552,winter,day1,30
2025-01-31 15:10:00,3320.6339999999996,3234.7551,winter,day1,30
2025-01-31 15:15:00,3538.6992,3236.7397,winter,day1,30
2025-01-31 15:20:00,3681.6839999999997,3231.6174,winter,day1,30
2025-01-31 15:25:00,3798.6876,3211.1982,winter,day1,30
2025-01-31 15:30:00,6839.639999999999,3205.3003,winter,day1,30
2025-01-31 15:35:00,5204.9928,3199.9453,winter,day1,30
2025-01-31 15:40:00,4172.244000000001,3191.9038,winter,day1,30
2025-01-31 15:45:00,3777.9048000000003,3186.8374,winter,day1,30
2025-01-31 15:50:00,3975.4968,3199.664,winter,day1,30
2025-01-31 15:55:00,3809.7635999999998,3181.6558,winter,day1,30
2025-01-31 16:00:00,4072.4808000000003,3153.5923,winter,day1,30
2025-01-31 16:05:00,5101.509599999999,3159.0327,winter,day1,30
2025-01-31 16:10:00,5849.4348,3143.5063,winter,day1,30
2025-01-31 16:15:00,4265.634,3168.2075,winter,day1,30
2025-01-31 16:20:00,6059.244000000001,3170.2756,winter,day1,30
2025-01-31 16:25:00,6108.861599999999,3156.5894,winter,day1,30
2025-01-31 16:30:00,3822.9264000000003,3158.9282,winter,day1,30
2025-01-31 16:35:00,4368.2699999999995,3255.6543,winter,day1,30
2025-01-31 16:40:00,5444.748,3269.932,winter,day1,30
2025-01-31 16:45:00,5331.2519999999995,3301.6482,winter,day1,30
2025-01-31 16:50:00,4275.2411999999995,3325.718,winter,day1,30
2025-01-31 16:55:00,4357.412399999999,3249.268,winter,day1,30
2025-01-31 17:00:00,4463.323200000001,3381.6682,winter,day1,30
2025-01-31 17:05:00,4956.6804,3364.6367,winter,day1,30
2025-01-31 17:10:00,7434.4644,3331.366,winter,day1,30
2025-01-31 17:15:00,5788.616400000001,3301.2434,winter,day1,30
2025-01-31 17:20:00,4697.286,3381.4536,winter,day1,30
2025-01-31 17:25:00,4403.4888,3463.1372,winter,day1,30
2025-01-31 17:30:00,4285.9548,3392.8828,winter,day1,30
2025-01-31 17:35:00,5213.6352,3338.8574,winter,day1,30
2025-01-31 17:40:00,6172.1292,3344.4736,winter,day1,30
2025-01-31 17:45:00,4718.4672,3357.8623,winter,day1,30
2025-01-31 17:50:00,5186.240400000001,3397.0854,winter,day1,30
2025-01-31 17:55:00,4587.0491999999995,3416.641,winter,day1,30
2025-01-31 18:00:00,5823.6876,3422.1863,winter,day1,30
2025-01-31 18:05:00,8507.269199999999,3433.9414,winter,day1,30
2025-01-31 18:10:00,11902.4772,3413.0593,winter,day1,30
2025-01-31 18:15:00,11655.633600000001,3405.6409,winter,day1,30
2025-01-31 18:20:00,5160.3396,3433.5989,winter,day1,30
2025-01-31 18:25:00,3717.7248,3445.717,winter,day1,30
2025-01-31 18:30:00,5269.1724,3452.0657,winter,day1,30
2025-01-31 18:35:00,4856.976000000001,3497.373,winter,day1,30
2025-01-31 18:40:00,4008.9468,3493.5376,winter,day1,30
2025-01-31 18:45:00,4800.2136,3455.7244,winter,day1,30
2025-01-31 18:50:00,3721.53,3415.143,winter,day1,30
2025-01-31 18:55:00,3683.9592,3396.7576,winter,day1,30
2025-01-31 19:00:00,3895.4376,3380.1882,winter,day1,30
2025-01-31 19:05:00,3802.4256,3390.8794,winter,day1,30
2025-01-31 19:10:00,3494.0424,3370.2693,winter,day1,30
2025-01-31 19:15:00,3520.9271999999996,3368.9875,winter,day1,30
2025-01-31 19:20:00,3634.2239999999997,3361.0083,winter,day1,30
2025-01-31 19:25:00,3646.3836,3378.4216,winter,day1,30
2025-01-31 19:30:00,3716.0195999999996,3408.811,winter,day1,30
2025-01-31 19:35:00,3563.6051999999995,3406.239,winter,day1,30
2025-01-31 19:40:00,3467.5968000000003,3359.6558,winter,day1,30
2025-01-31 19:45:00,3381.3479999999995,3334.636,winter,day1,30
2025-01-31 19:50:00,3352.4472,3308.9265,winter,day1,30
2025-01-31 19:55:00,3341.6771999999996,3290.263,winter,day1,30
2025-01-31 20:00:00,3418.7784,3289.333,winter,day1,30
2025-01-31 20:05:00,3528.0816,3275.656,winter,day1,30
2025-01-31 20:10:00,3441.972,3252.7275,winter,day1,30
2025-01-31 20:15:00,3466.8540000000003,3262.1902,winter,day1,30
2025-01-31 20:20:00,3511.7148,3279.7498,winter,day1,30
2025-01-31 20:25:00,3541.2408000000005,3272.8445,winter,day1,30
2025-01-31 20:30:00,3458.8896,3293.4087,winter,day1,30
2025-01-31 20:35:00,3527.4875999999995,3296.6448,winter,day1,30
2025-01-31 20:40:00,3652.4676,3303.9856,winter,day1,30
2025-01-31 20:45:00,3501.528,3305.38,winter,day1,30
2025-01-31 20:50:00,3391.0944000000004,3311.9575,winter,day1,30
2025-01-31 20:55:00,3383.6675999999998,3334.526,winter,day1,30
2025-01-31 21:00:00,3351.6288,3329.4182,winter,day1,30
2025-01-31 21:05:00,3343.6224,3328.7852,winter,day1,30
2025-01-31 21:10:00,3418.3812000000007,3329.1726,winter,day1,30
2025-01-31 21:15:00,3300.8892,3326.962,winter,day1,30
2025-01-31 21:20:00,3487.3992,3314.7476,winter,day1,30
2025-01-31 21:25:00,3316.2119999999995,3320.8962,winter,day1,30
2025-01-31 21:30:00,2800.2096,3302.916,winter,day1,30
2025-01-31 21:35:00,2635.6800000000003,3306.9126,winter,day1,30
2025-01-31 21:40:00,2649.3432000000003,3328.8057,winter,day1,30
2025-01-31 21:45:00,2659.1639999999998,3320.886,winter,day1,30
2025-01-31 21:50:00,2892.5184,3329.0168,winter,day1,30
2025-01-31 21:55:00,2654.2968,3353.5422,winter,day1,30
2025-01-31 22:00:00,2338.524,3405.2468,winter,day1,30
2025-01-31 22:05:00,2304.9372,3417.9028,winter,day1,30
2025-01-31 22:10:00,2355.42,3367.539,winter,day1,30
2025-01-31 22:15:00,2420.1408,3349.2163,winter,day1,30
2025-01-31 22:20:00,2454.942,3410.1052,winter,day1,30
2025-01-31 22:25:00,2469.5027999999998,3541.5872,winter,day1,30
2025-01-31 22:30:00,2496.9192,3461.7148,winter,day1,30
2025-01-31 22:35:00,2502.054,3464.6204,winter,day1,30
2025-01-31 22:40:00,2451.114,3455.4653,winter,day1,30
2025-01-31 22:45:00,2420.7167999999997,3438.841,winter,day1,30
2025-01-31 22:50:00,2386.6548,3444.21,winter,day1,30
2025-01-31 22:55:00,2656.3896,3446.3257,winter,day1,30
2025-01-31 23:00:00,2482.7052,3434.0813,winter,day1,30
2025-01-31 23:05:00,2367.366,3458.904,winter,day1,30
2025-01-31 23:10:00,2323.6728,3490.5999,winter,day1,30
2025-01-31 23:15:00,2325.3540000000003,3501.042,winter,day1,30
2025-01-31 23:20:00,2334.3468000000003,3497.5718,winter,day1,30
2025-01-31 23:25:00,2387.064,3515.8936,winter,day1,30
2025-01-31 23:30:00,2426.784,3478.1858,winter,day1,30
2025-01-31 23:35:00,2455.0416,3513.1301,winter,day1,30
2025-01-31 23:40:00,2426.13,3480.7695,winter,day1,30
2025-01-31 23:45:00,2358.9696,3488.762,winter,day1,30
2025-01-31 23:50:00,2372.2799999999997,3497.4602,winter,day1,30
2025-01-31 23:55:00,2386.9379999999996,3535.733,winter,day1,30
2025-02-15 00:00:00,2488.5384,2491.9465,winter,day2,28
2025-02-15 00:05:00,2497.0703999999996,2503.7773,winter,day2,28
2025-02-15 00:10:00,2762.6688,2512.7405,winter,day2,28
2025-02-15 00:15:00,2761.0692,2524.995,winter,day2,28
2025-02-15 00:20:00,2593.7484,2549.8413,winter,day2,28
2025-02-15 00:25:00,2635.5971999999997,2561.175,winter,day2,28
2025-02-15 00:30:00,2626.2876,2574.809,winter,day2,28
2025-02-15 00:35:00,2579.4564,2599.0186,winter,day2,28
2025-02-15 00:40:00,2572.9091999999996,2618.3499,winter,day2,28
2025-02-15 00:45:00,2528.3172,2632.8572,winter,day2,28
2025-02-15 00:50:00,2526.468,2659.3499,winter,day2,28
2025-02-15 00:55:00,2652.132,2686.4414,winter,day2,28
2025-02-15 01:00:00,2831.778,2713.3647,winter,day2,28
2025-02-15 01:05:00,2576.6052,2753.9155,winter,day2,28
2025-02-15 01:10:00,2568.846,2788.6335,winter,day2,28
2025-02-15 01:15:00,2563.6367999999998,2830.8037,winter,day2,28
2025-02-15 01:20:00,2620.032,2876.7505,winter,day2,28
2025-02-15 01:25:00,2629.7076,2919.7454,winter,day2,28
2025-02-15 01:30:00,2632.2468,2948.7827,winter,day2,28
2025-02-15 01:35:00,2596.05,2969.7234,winter,day2,28
2025-02-15 01:40:00,2657.7996,2986.458,winter,day2,28
2025-02-15 01:45:00,2699.7708,3001.0596,winter,day2,28
2025-02-15 01:50:00,3088.3104,3032.0627,winter,day2,28
2025-02-15 01:55:00,2952.6648,3056.477,winter,day2,28
2025-02-15 02:00:00,3365.6771999999996,3062.0298,winter,day2,28
2025-02-15 02:05:00,2748.9912,3074.2017,winter,day2,28
2025-02-15 02:10:00,3425.2812,3083.393,winter,day2,28
2025-02-15 02:15:00,3386.4096,3066.422,winter,day2,28
2025-02-15 02:20:00,2955.0828,3067.2795,winter,day2,28
2025-02-15 02:25:00,3455.4984000000004,3056.9783,winter,day2,28
2025-02-15 02:30:00,3340.5888,3037.3997,winter,day2,28
2025-02-15 02:35:00,3299.0520000000006,3028.5977,winter,day2,28
2025-02-15 02:40:00,3295.6968,3023.0334,winter,day2,28
2025-02-15 02:45:00,3496.2048000000004,3005.6003,winter,day2,28
2025-02-15 02:50:00,3678.81,2992.6162,winter,day2,28
2025-02-15 02:55:00,3431.8212,2975.2358,winter,day2,28
2025-02-15 03:00:00,2997.8568,2953.8032,winter,day2,28
2025-02-15 03:05:00,3494.8248,2950.2378,winter,day2,28
2025-02-15 03:10:00,3501.9,2921.2383,winter,day2,28
2025-02-15 03:15:00,3167.2776,2914.146,winter,day2,28
2025-02-15 03:20:00,3507.2136,2904.1775,winter,day2,28
2025-02-15 03:25:00,3349.2144,2908.7795,winter,day2,28
2025-02-15 03:30:00,3250.1916,2921.7402,winter,day2,28
2025-02-15 03:35:00,3390.924,2913.4766,winter,day2,28
2025-02-15 03:40:00,2922.5028,2908.0044,winter,day2,28
2025-02-15 03:45:00,2559.2904000000003,2900.188,winter,day2,28
2025-02-15 03:50:00,2797.6764,2899.519,winter,day2,28
2025-02-15 03:55:00,2562.6192,2900.8533,winter,day2,28
2025-02-15 04:00:00,2540.7732,2901.7632,winter,day2,28
2025-02-15 04:05:00,2542.0536,2905.6416,winter,day2,28
2025-02-15 04:10:00,2665.9128,2909.1719,winter,day2,28
2025-02-15 04:15:00,2718.2088,2922.5146,winter,day2,28
2025-02-15 04:20:00,2717.5116,2936.5627,winter,day2,28
2025-02-15 04:25:00,2653.6296,2945.3628,winter,day2,28
2025-02-15 04:30:00,2697.8544,2956.072,winter,day2,28
2025-02-15 04:35:00,2711.3399999999997,2967.2915,winter,day2,28
2025-02-15 04:40:00,2700.6528,2982.8457,winter,day2,28
2025-02-15 04:45:00,2799.0384000000004,2983.7922,winter,day2,28
2025-02-15 04:50:00,2976.3599999999997,2996.6045,winter,day2,28
2025-02-15 04:55:00,2617.7652000000003,3004.126,winter,day2,28
2025-02-15 05:00:00,2624.0424,3009.2236,winter,day2,28
2025-02-15 05:05:00,2733.1187999999997,3021.7065,winter,day2,28
2025-02-15 05:10:00,2724.3563999999997,3036.0261,winter,day2,28
2025-02-15 05:15:00,2746.314,3049.4055,winter,day2,28
2025-02-15 05:20:00,2761.5456,3032.6082,winter,day2,28
2025-02-15 05:25:00,2770.9211999999998,3045.1528,winter,day2,28
2025-02-15 05:30:00,2778.6492,3056.6716,winter,day2,28
2025-02-15 05:35:00,2719.5144,3066.2852,winter,day2,28
2025-02-15 05:40:00,2715.99,3105.9297,winter,day2,28
2025-02-15 05:45:00,2973.078,3109.3374,winter,day2,28
2025-02-15 05:50:00,2825.2788,3158.6633,winter,day2,28
2025-02-15 05:55:00,2689.6044,3192.213,winter,day2,28
2025-02-15 06:00:00,2615.4156000000003,3220.584,winter,day2,28
2025-02-15 06:05:00,2624.5080000000003,3187.6292,winter,day2,28
2025-02-15 06:10:00,2611.782,3181.321,winter,day2,28
2025-02-15 06:15:00,2592.9468,3191.1045,winter,day2,28
2025-02-15 06:20:00,2628.9048000000003,3239.6528,winter,day2,28
2025-02-15 06:25:00,2613.1932,3227.581,winter,day2,28
2025-02-15 06:30:00,2612.5775999999996,3257.427,winter,day2,28
2025-02-15 06:35:00,2545.6056,3276.9958,winter,day2,28
2025-02-15 06:40:00,2487.6396,3264.9998,winter,day2,28
2025-02-15 06:45:00,2432.4816,3253.975,winter,day2,28
2025-02-15 06:50:00,2675.988,3294.615,winter,day2,28
2025-02-15 06:55:00,2424.3216,3319.5713,winter,day2,28
2025-02-15 07:00:00,2442.4272,3316.9604,winter,day2,28
2025-02-15 07:05:00,2382.3648000000003,3321.717,winter,day2,28
2025-02-15 07:10:00,2677.4316,3295.672,winter,day2,28
2025-02-15 07:15:00,3024.7824,3279.9941,winter,day2,28
2025-02-15 07:20:00,3020.04,3303.0938,winter,day2,28
2025-02-15 07:25:00,3081.3347999999996,3287.8105,winter,day2,28
2025-02-15 07:30:00,4056.6732,3278.4194,winter,day2,28
2025-02-15 07:35:00,11292.3996,3316.8818,winter,day2,28
2025-02-15 07:40:00,11048.544,3343.9478,winter,day2,28
2025-02-15 07:45:00,5957.1264,3350.0144,winter,day2,28
2025-02-15 07:50:00,4076.0915999999997,3348.687,winter,day2,28
2025-02-15 07:55:00,3772.0080000000003,3370.8074,winter,day2,28
2025-02-15 08:00:00,3840.4620000000004,3358.5828,winter,day2,28
2025-02-15 08:05:00,5717.4936,3337.2612,winter,day2,28
2025-02-15 08:10:00,7114.7555999999995,3306.186,winter,day2,28
2025-02-15 08:15:00,6988.9128,3285.6196,winter,day2,28
2025-02-15 08:20:00,6578.6772,3244.9788,winter,day2,28
2025-02-15 08:25:00,4691.0856,3247.1057,winter,day2,28
2025-02-15 08:30:00,4353.1416,3231.773,winter,day2,28
2025-02-15 08:35:00,4543.8528,3234.1455,winter,day2,28
2025-02-15 08:40:00,4814.4108,3245.7563,winter,day2,28
2025-02-15 08:45:00,4399.854,3261.7627,winter,day2,28
2025-02-15 08:50:00,4330.0428,3283.1443,winter,day2,28
2025-02-15 08:55:00,5953.8024,3282.4143,winter,day2,28
2025-02-15 09:00:00,5415.3864,3281.8125,winter,day2,28
2025-02-15 09:05:00,5265.3576,3277.9648,winter,day2,28
2025-02-15 09:10:00,4289.6376,3290.051,winter,day2,28
2025-02-15 09:15:00,4193.6844,3258.7485,winter,day2,28
2025-02-15 09:20:00,4645.1424,3260.6033,winter,day2,28
2025-02-15 09:25:00,4191.9552,3242.468,winter,day2,28
2025-02-15 09:30:00,4246.309200000001,3224.3862,winter,day2,28
2025-02-15 09:35:00,4949.8524,3233.6025,winter,day2,28
2025-02-15 09:40:00,4334.73,3253.0647,winter,day2,28
2025-02-15 09:45:00,4737.3204,3258.2837,winter,day2,28
2025-02-15 09:50:00,5548.7832,3274.2427,winter,day2,28
2025-02-15 09:55:00,5322.1932,3288.02,winter,day2,28
2025-02-15 10:00:00,4632.3588,3297.7068,winter,day2,28
2025-02-15 10:05:00,5411.0076,3299.9756,winter,day2,28
2025-02-15 10:10:00,6348.6888,3307.2334,winter,day2,28
2025-02-15 10:15:00,5285.1144,3314.6584,winter,day2,28
2025-02-15 10:20:00,4419.2328,3309.8257,winter,day2,28
2025-02-15 10:25:00,4396.9956,3309.901,winter,day2,28
2025-02-15 10:30:00,4392.759599999999,3320.8481,winter,day2,28
2025-02-15 10:35:00,6185.994000000001,3301.516,winter,day2,28
2025-02-15 10:40:00,5201.3652,3272.5125,winter,day2,28
2025-02-15 10:45:00,4983.3252,3276.2737,winter,day2,28
2025-02-15 10:50:00,6062.6004,3266.0022,winter,day2,28
2025-02-15 10:55:00,4482.6528,3299.0505,winter,day2,28
2025-02-15 11:00:00,4369.5996,3260.8582,winter,day2,28
2025-02-15 11:05:00,4604.948399999999,3298.5046,winter,day2,28
2025-02-15 11:10:00,4555.5,3305.8076,winter,day2,28
2025-02-15 11:15:00,5872.7052,3317.1611,winter,day2,28
2025-02-15 11:20:00,4895.9856,3362.2456,winter,day2,28
2025-02-15 11:25:00,6677.3724,3386.8384,winter,day2,28
2025-02-15 11:30:00,5196.2928,3325.865,winter,day2,28
2025-02-15 11:35:00,4449.2304,3380.7993,winter,day2,28
2025-02-15 11:40:00,4519.8348,3346.8538,winter,day2,28
2025-02-15 11:45:00,4362.051600000001,3370.2373,winter,day2,28
2025-02-15 11:50:00,5688.996,3381.5566,winter,day2,28
2025-02-15 11:55:00,6641.567999999999,3399.0652,winter,day2,28
2025-02-15 12:00:00,4780.4544000000005,3407.8865,winter,day2,28
2025-02-15 12:05:00,4838.2955999999995,3430.035,winter,day2,28
2025-02-15 12:10:00,6261.8604,3441.1099,winter,day2,28
2025-02-15 12:15:00,4966.3068,3454.2583,winter,day2,28
2025-02-15 12:20:00,4915.3116,3457.6099,winter,day2,28
2025-02-15 12:25:00,6678.210000000001,3463.6206,winter,day2,28
2025-02-15 12:30:00,5226.5712,3429.918,winter,day2,28
2025-02-15 12:35:00,4141.104,3402.313,winter,day2,28
2025-02-15 12:40:00,3603.4008000000003,3414.1763,winter,day2,28
2025-02-15 12:45:00,3644.2043999999996,3444.1294,winter,day2,28
2025-02-15 12:50:00,2812.5912,3439.8127,winter,day2,28
2025-02-15 12:55:00,2937.4548000000004,3425.941,winter,day2,28
2025-02-15 13:00:00,3804.3947999999996,3418.0317,winter,day2,28
2025-02-15 13:05:00,2557.9824,3421.985,winter,day2,28
2025-02-15 13:10:00,3793.4616,3423.7922,winter,day2,28
2025-02-15 13:15:00,3430.7484000000004,3423.2417,winter,day2,28
2025-02-15 13:20:00,3147.3372,3410.2725,winter,day2,28
2025-02-15 13:25:00,2454.6096000000002,3418.204,winter,day2,28
2025-02-15 13:30:00,10347.3852,3404.9915,winter,day2,28
2025-02-15 13:35:00,12404.5884,3412.2148,winter,day2,28
2025-02-15 13:40:00,11947.5432,3396.023,winter,day2,28
2025-02-15 13:45:00,12035.5848,3405.52,winter,day2,28
2025-02-15 13:50:00,12659.388,3389.0095,winter,day2,28
2025-02-15 13:55:00,12770.053199999998,3392.3477,winter,day2,28
2025-02-15 14:00:00,13642.8648,3381.0115,winter,day2,28
2025-02-15 14:05:00,5633.1012,3376.9297,winter,day2,28
2025-02-15 14:10:00,4914.022800000001,3380.913,winter,day2,28
2025-02-15 14:15:00,4696.9056,3381.523,winter,day2,28
2025-02-15 14:20:00,4501.5779999999995,3379.7458,winter,day2,28
2025-02-15 14:25:00,5893.4148,3378.7888,winter,day2,28
2025-02-15 14:30:00,7143.294,3376.2275,winter,day2,28
2025-02-15 14:35:00,6570.2508,3346.0923,winter,day2,28
2025-02-15 14:40:00,6067.0908,3349.8853,winter,day2,28
2025-02-15 14:45:00,7256.6952,3328.6267,winter,day2,28
2025-02-15 14:50:00,8559.5208,3321.4927,winter,day2,28
2025-02-15 14:55:00,8953.0584,3324.9438,winter,day2,28
2025-02-15 15:00:00,6538.944,3324.4348,winter,day2,28
2025-02-15 15:05:00,4598.980799999999,3325.8853,winter,day2,28
2025-02-15 15:10:00,5760.027599999999,3326.0303,winter,day2,28
2025-02-15 15:15:00,6697.352400000001,3323.3127,winter,day2,28
2025-02-15 15:20:00,5173.7568,3327.1494,winter,day2,28
2025-02-15 15:25:00,4370.5908,3326.2334,winter,day2,28
2025-02-15 15:30:00,4713.4812,3332.689,winter,day2,28
2025-02-15 15:35:00,4968.6468,3339.4927,winter,day2,28
2025-02-15 15:40:00,7555.3356,3339.0977,winter,day2,28
2025-02-15 15:45:00,7059.3864,3342.7917,winter,day2,28
2025-02-15 15:50:00,8549.5824,3341.444,winter,day2,28
2025-02-15 15:55:00,8541.6696,3346.0881,winter,day2,28
2025-02-15 16:00:00,8092.132799999999,3331.0513,winter,day2,28
2025-02-15 16:05:00,6996.906,3339.2825,winter,day2,28
2025-02-15 16:10:00,6957.266399999999,3333.2966,winter,day2,28
2025-02-15 16:15:00,6731.3724,3366.0264,winter,day2,28
2025-02-15 16:20:00,7061.8008,3342.7002,winter,day2,28
2025-02-15 16:25:00,7746.345600000001,3374.1758,winter,day2,28
2025-02-15 16:30:00,7681.7352,3384.7744,winter,day2,28
2025-02-15 16:35:00,7173.738,3388.2124,winter,day2,28
2025-02-15 16:40:00,6496.0092,3437.3318,winter,day2,28
2025-02-15 16:45:00,5636.995199999999,3477.6711,winter,day2,28
2025-02-15 16:50:00,5181.9924,3414.7627,winter,day2,28
2025-02-15 16:55:00,5061.844800000001,3425.2322,winter,day2,28
2025-02-15 17:00:00,5736.4704,3483.359,winter,day2,28
2025-02-15 17:05:00,5347.518,3472.8586,winter,day2,28
2025-02-15 17:10:00,6278.236800000001,3467.817,winter,day2,28
2025-02-15 17:15:00,7073.215200000001,3490.524,winter,day2,28
2025-02-15 17:20:00,6359.3148,3510.686,winter,day2,28
2025-02-15 17:25:00,6632.8032,3535.0374,winter,day2,28
2025-02-15 17:30:00,6291.6108,3548.618,winter,day2,28
2025-02-15 17:35:00,6996.260399999999,3567.8943,winter,day2,28
2025-02-15 17:40:00,6293.794800000001,3577.0059,winter,day2,28
2025-02-15 17:45:00,7691.7444000000005,3572.3977,winter,day2,28
2025-02-15 17:50:00,6314.8584,3575.4326,winter,day2,28
2025-02-15 17:55:00,6229.6524,3545.1018,winter,day2,28
2025-02-15 18:00:00,6089.13,3559.8154,winter,day2,28
2025-02-15 18:05:00,9879.4008,3575.584,winter,day2,28
2025-02-15 18:10:00,11469.4416,3573.7349,winter,day2,28
2025-02-15 18:15:00,11986.0548,3563.7722,winter,day2,28
2025-02-15 18:20:00,7759.8924,3573.1265,winter,day2,28
2025-02-15 18:25:00,7490.6772,3570.4602,winter,day2,28
2025-02-15 18:30:00,7945.158,3573.5728,winter,day2,28
2025-02-15 18:35:00,9408.1236,3577.7822,winter,day2,28
2025-02-15 18:40:00,7508.767199999999,3565.4587,winter,day2,28
2025-02-15 18:45:00,6825.6216,3577.4744,winter,day2,28
2025-02-15 18:50:00,5278.8432,3566.015,winter,day2,28
2025-02-15 18:55:00,4547.1072,3572.7627,winter,day2,28
2025-02-15 19:00:00,4536.4968,3563.002,winter,day2,28
2025-02-15 19:05:00,4995.2388,3574.2908,winter,day2,28
2025-02-15 19:10:00,7088.988,3553.774,winter,day2,28
2025-02-15 19:15:00,5754.777599999999,3559.3557,winter,day2,28
2025-02-15 19:20:00,5796.762000000001,3546.9502,winter,day2,28
2025-02-15 19:25:00,4289.941199999999,3541.6833,winter,day2,28
2025-02-15 19:30:00,4289.2919999999995,3542.5344,winter,day2,28
2025-02-15 19:35:00,4805.046,3529.6719,winter,day2,28
2025-02-15 19:40:00,4305.5568,3525.3503,winter,day2,28
2025-02-15 19:45:00,4204.6836,3517.4119,winter,day2,28
2025-02-15 19:50:00,4491.5136,3503.7744,winter,day2,28
2025-02-15 19:55:00,4038.1008,3486.6309,winter,day2,28
2025-02-15 20:00:00,4228.7088,3482.9893,winter,day2,28
2025-02-15 20:05:00,4548.522,3467.8281,winter,day2,28
2025-02-15 20:10:00,5616.1008,3453.5818,winter,day2,28
2025-02-15 20:15:00,5732.5608,3452.079,winter,day2,28
2025-02-15 20:20:00,3872.2488,3446.8306,winter,day2,28
2025-02-15 20:25:00,3953.9892,3444.752,winter,day2,28
2025-02-15 20:30:00,3924.7884,3448.1353,winter,day2,28
2025-02-15 20:35:00,4385.402400000001,3442.5251,winter,day2,28
2025-02-15 20:40:00,4002.9119999999994,3443.4636,winter,day2,28
2025-02-15 20:45:00,6012.9672,3431.324,winter,day2,28
2025-02-15 20:50:00,5836.6644,3439.4944,winter,day2,28
2025-02-15 20:55:00,4751.3016,3446.1604,winter,day2,28
2025-02-15 21:00:00,4026.8196,3443.977,winter,day2,28
2025-02-15 21:05:00,3470.2619999999997,3450.2888,winter,day2,28
2025-02-15 21:10:00,3234.0612,3455.188,winter,day2,28
2025-02-15 21:15:00,2808.1104,3445.9058,winter,day2,28
2025-02-15 21:20:00,2842.9559999999997,3418.4307,winter,day2,28
2025-02-15 21:25:00,2899.9248,3428.3975,winter,day2,28
2025-02-15 21:30:00,2940.126,3413.4512,winter,day2,28
2025-02-15 21:35:00,3015.5256,3423.0396,winter,day2,28
2025-02-15 21:40:00,2942.934,3415.8025,winter,day2,28
2025-02-15 21:45:00,3243.2904,3416.1982,winter,day2,28
2025-02-15 21:50:00,3078.7044,3456.9343,winter,day2,28
2025-02-15 21:55:00,2939.5775999999996,3458.6729,winter,day2,28
2025-02-15 22:00:00,2648.214,3470.3672,winter,day2,28
2025-02-15 22:05:00,2525.3544,3509.7422,winter,day2,28
2025-02-15 22:10:00,2470.1268,3486.6484,winter,day2,28
2025-02-15 22:15:00,2454.642,3483.2766,winter,day2,28
2025-02-15 22:20:00,3749.8032,3501.2786,winter,day2,28
2025-02-15 22:25:00,3233.868,3460.8555,winter,day2,28
2025-02-15 22:30:00,2614.3848,3496.689,winter,day2,28
2025-02-15 22:35:00,2474.7624,3475.8293,winter,day2,28
2025-02-15 22:40:00,2493.3743999999997,3507.2676,winter,day2,28
2025-02-15 22:45:00,2640.4103999999998,3521.2825,winter,day2,28
2025-02-15 22:50:00,2646.7583999999997,3546.1604,winter,day2,28
2025-02-15 22:55:00,2626.6344,3576.6172,winter,day2,28
2025-02-15 23:00:00,2640.1115999999997,3576.5981,winter,day2,28
2025-02-15 23:05:00,2685.4056,3585.88,winter,day2,28
2025-02-15 23:10:00,2946.2928,3601.6624,winter,day2,28
2025-02-15 23:15:00,2753.5404000000003,3561.7585,winter,day2,28
2025-02-15 23:20:00,2502.9816,3507.774,winter,day2,28
2025-02-15 23:25:00,2548.0272,3472.0264,winter,day2,28
2025-02-15 23:30:00,2540.3940000000002,3449.6323,winter,day2,28
2025-02-15 23:35:00,2539.1664,3470.9634,winter,day2,28
2025-02-15 23:40:00,2457.7032,3477.9985,winter,day2,28
2025-02-15 23:45:00,2438.4072,3463.6655,winter,day2,28
2025-02-15 23:50:00,2441.1,3438.2244,winter,day2,28
2025-02-15 23:55:00,2596.3404,3443.3042,winter,day2,28
2025-12-02 00:00:00,2584.6764,2546.4678,winter,day3,33
2025-12-02 00:05:00,2585.208,2555.7593,winter,day3,33
2025-12-02 00:10:00,2589.12,2553.1628,winter,day3,33
2025-12-02 00:15:00,2559.282,2569.9473,winter,day3,33
2025-12-02 00:20:00,2531.1192,2591.411,winter,day3,33
2025-12-02 00:25:00,2496.3887999999997,2596.5596,winter,day3,33
2025-12-02 00:30:00,2486.3280000000004,2605.485,winter,day3,33
2025-12-02 00:35:00,2690.9939999999997,2620.6123,winter,day3,33
2025-12-02 00:40:00,2574.9252,2633.104,winter,day3,33
2025-12-02 00:45:00,2494.8108,2643.749,winter,day3,33
2025-12-02 00:50:00,2455.4892,2666.8677,winter,day3,33
2025-12-02 00:55:00,2462.4516,2687.5115,winter,day3,33
2025-12-02 01:00:00,2447.6135999999997,2705.7354,winter,day3,33
2025-12-02 01:05:00,2474.5703999999996,2739.57,winter,day3,33
2025-12-02 01:10:00,2497.134,2762.037,winter,day3,33
2025-12-02 01:15:00,2529.6516,2791.7292,winter,day3,33
2025-12-02 01:20:00,2571.4692000000005,2812.8723,winter,day3,33
2025-12-02 01:25:00,2593.9512,2844.5588,winter,day3,33
2025-12-02 01:30:00,2562.9576,2863.3252,winter,day3,33
2025-12-02 01:35:00,2498.9148,2874.7803,winter,day3,33
2025-12-02 01:40:00,2532.2592,2876.989,winter,day3,33
2025-12-02 01:45:00,2671.7832,2879.5635,winter,day3,33
2025-12-02 01:50:00,2719.0872,2908.3489,winter,day3,33
2025-12-02 01:55:00,2499.786,2922.0566,winter,day3,33
2025-12-02 02:00:00,2475.3660000000004,2929.7866,winter,day3,33
2025-12-02 02:05:00,2435.1972,2936.0742,winter,day3,33
2025-12-02 02:10:00,2416.3512,2951.151,winter,day3,33
2025-12-02 02:15:00,2404.0716,2936.8447,winter,day3,33
2025-12-02 02:20:00,2407.6464,2945.7422,winter,day3,33
2025-12-02 02:25:00,2513.4552,2936.2822,winter,day3,33
2025-12-02 02:30:00,2573.7744,2926.0208,winter,day3,33
2025-12-02 02:35:00,2593.4412,2918.468,winter,day3,33
2025-12-02 02:40:00,2579.1264,2916.6772,winter,day3,33
2025-12-02 02:45:00,2561.5332000000003,2905.915,winter,day3,33
2025-12-02 02:50:00,2554.6704,2898.8525,winter,day3,33
2025-12-02 02:55:00,2680.9188000000004,2885.2632,winter,day3,33
2025-12-02 03:00:00,2821.9284,2877.2197,winter,day3,33
2025-12-02 03:05:00,2529.4788,2886.9702,winter,day3,33
2025-12-02 03:10:00,2450.1108,2863.23,winter,day3,33
2025-12-02 03:15:00,2541.4308,2860.9653,winter,day3,33
2025-12-02 03:20:00,2563.3116,2861.3494,winter,day3,33
2025-12-02 03:25:00,2546.5824000000002,2871.7002,winter,day3,33
2025-12-02 03:30:00,2570.7768,2893.9233,winter,day3,33
2025-12-02 03:35:00,2608.5348,2891.37,winter,day3,33
2025-12-02 03:40:00,2459.814,2894.854,winter,day3,33
2025-12-02 03:45:00,2487.6552,2894.811,winter,day3,33
2025-12-02 03:50:00,2492.58,2901.6257,winter,day3,33
2025-12-02 03:55:00,2491.2708,2901.404,winter,day3,33
2025-12-02 04:00:00,2595.0984,2902.7124,winter,day3,33
2025-12-02 04:05:00,2754.0708,2909.544,winter,day3,33
2025-12-02 04:10:00,2676.1644,2910.2974,winter,day3,33
2025-12-02 04:15:00,2469.6984,2935.5752,winter,day3,33
2025-12-02 04:20:00,2466.5412,2954.4006,winter,day3,33
2025-12-02 04:25:00,2462.928,2971.4102,winter,day3,33
2025-12-02 04:30:00,2440.3848000000003,2985.7715,winter,day3,33
2025-12-02 04:35:00,2441.0292,3002.415,winter,day3,33
2025-12-02 04:40:00,2483.6016,3011.2507,winter,day3,33
2025-12-02 04:45:00,2476.2864,3011.716,winter,day3,33
2025-12-02 04:50:00,2476.3128,3027.3608,winter,day3,33
2025-12-02 04:55:00,2498.7888,3037.5151,winter,day3,33
2025-12-02 05:00:00,2523.3660000000004,3039.0034,winter,day3,33
2025-12-02 05:05:00,2492.9892,3060.336,winter,day3,33
2025-12-02 05:10:00,2602.7760000000003,3078.374,winter,day3,33
2025-12-02 05:15:00,2801.0388,3078.3916,winter,day3,33
2025-12-02 05:20:00,2673.4776,3073.8462,winter,day3,33
2025-12-02 05:25:00,2574.0732,3080.9329,winter,day3,33
2025-12-02 05:30:00,2596.2648,3067.7034,winter,day3,33
2025-12-02 05:35:00,2568.6384,3105.3223,winter,day3,33
2025-12-02 05:40:00,2539.674,3118.5352,winter,day3,33
2025-12-02 05:45:00,2670.9276,3112.6821,winter,day3,33
2025-12-02 05:50:00,2813.7347999999997,3192.426,winter,day3,33
2025-12-02 05:55:00,2841.3156,3214.7014,winter,day3,33
2025-12-02 06:00:00,2828.9052,3248.3955,winter,day3,33
2025-12-02 06:05:00,3314.8008,3237.0386,winter,day3,33
2025-12-02 06:10:00,3381.696,3248.4746,winter,day3,33
2025-12-02 06:15:00,3469.9020000000005,3211.8103,winter,day3,33
2025-12-02 06:20:00,3127.2312,3241.4165,winter,day3,33
2025-12-02 06:25:00,3247.2599999999998,3291.1963,winter,day3,33
2025-12-02 06:30:00,3546.2699999999995,3228.691,winter,day3,33
2025-12-02 06:35:00,3619.1964,3302.8584,winter,day3,33
2025-12-02 06:40:00,3879.7032,3289.7375,winter,day3,33
2025-12-02 06:45:00,3268.986,3293.514,winter,day3,33
2025-12-02 06:50:00,3886.7904000000003,3287.3384,winter,day3,33
2025-12-02 06:55:00,3782.0352,3285.4407,winter,day3,33
2025-12-02 07:00:00,3783.4752,3277.3584,winter,day3,33
2025-12-02 07:05:00,3802.332,3297.1375,winter,day3,33
2025-12-02 07:10:00,3549.6432,3322.2021,winter,day3,33
2025-12-02 07:15:00,4389.8184,3329.6018,winter,day3,33
2025-12-02 07:20:00,3724.4375999999997,3318.6423,winter,day3,33
2025-12-02 07:25:00,3420.7776,3319.0771,winter,day3,33
2025-12-02 07:30:00,3205.5792,3360.7896,winter,day3,33
2025-12-02 07:35:00,10705.3956,3369.4375,winter,day3,33
2025-12-02 07:40:00,10067.283599999999,3383.0496,winter,day3,33
2025-12-02 07:45:00,7560.3408,3378.3394,winter,day3,33
2025-12-02 07:50:00,4807.704,3374.5388,winter,day3,33
2025-12-02 07:55:00,4616.5488,3388.138,winter,day3,33
2025-12-02 08:00:00,4571.3387999999995,3410.911,winter,day3,33
2025-12-02 08:05:00,4221.3384,3414.024,winter,day3,33
2025-12-02 08:10:00,4044.636,3415.643,winter,day3,33
2025-12-02 08:15:00,4346.2464,3421.1543,winter,day3,33
2025-12-02 08:20:00,4628.1012,3373.4246,winter,day3,33
2025-12-02 08:25:00,3938.0112,3367.8203,winter,day3,33
2025-12-02 08:30:00,4449.6516,3336.5164,winter,day3,33
2025-12-02 08:35:00,4098.3972,3321.3196,winter,day3,33
2025-12-02 08:40:00,4391.9016,3285.9294,winter,day3,33
2025-12-02 08:45:00,4145.3616,3286.4204,winter,day3,33
2025-12-02 08:50:00,4601.3772,3309.8271,winter,day3,33
2025-12-02 08:55:00,3736.4676,3309.8782,winter,day3,33
2025-12-02 09:00:00,3649.4195999999997,3302.997,winter,day3,33
2025-12-02 09:05:00,3287.7876000000006,3286.5825,winter,day3,33
2025-12-02 09:10:00,3704.5728000000004,3261.1108,winter,day3,33
2025-12-02 09:15:00,3636.1944000000003,3232.685,winter,day3,33
2025-12-02 09:20:00,3402.618,3244.105,winter,day3,33
2025-12-02 09:25:00,3828.1452,3229.0527,winter,day3,33
2025-12-02 09:30:00,4100.364,3226.479,winter,day3,33
2025-12-02 09:35:00,5915.7228000000005,3255.1006,winter,day3,33
2025-12-02 09:40:00,5611.8984,3282.0278,winter,day3,33
2025-12-02 09:45:00,6284.7444000000005,3289.4058,winter,day3,33
2025-12-02 09:50:00,5128.0464,3304.384,winter,day3,33
2025-12-02 09:55:00,3856.9595999999997,3315.3616,winter,day3,33
2025-12-02 10:00:00,3329.1684,3319.0903,winter,day3,33
2025-12-02 10:05:00,3522.4547999999995,3318.1482,winter,day3,33
2025-12-02 10:10:00,4173.559200000001,3331.8198,winter,day3,33
2025-12-02 10:15:00,3471.6612,3340.643,winter,day3,33
2025-12-02 10:20:00,3522.942,3342.762,winter,day3,33
2025-12-02 10:25:00,4584.6348,3356.5093,winter,day3,33
2025-12-02 10:30:00,3909.4919999999997,3361.029,winter,day3,33
2025-12-02 10:35:00,3484.4916,3366.7334,winter,day3,33
2025-12-02 10:40:00,3428.1732,3352.1733,winter,day3,33
2025-12-02 10:45:00,3359.4804000000004,3355.5742,winter,day3,33
2025-12-02 10:50:00,3126.1104,3344.4812,winter,day3,33
2025-12-02 10:55:00,3711.8604,3356.599,winter,day3,33
2025-12-02 11:00:00,5273.270399999999,3352.284,winter,day3,33
2025-12-02 11:05:00,4952.9976,3381.4407,winter,day3,33
2025-12-02 11:10:00,5216.586,3408.6973,winter,day3,33
2025-12-02 11:15:00,3273.0155999999997,3416.2854,winter,day3,33
2025-12-02 11:20:00,3135.8532,3415.0107,winter,day3,33
2025-12-02 11:25:00,3062.5092,3435.9692,winter,day3,33
2025-12-02 11:30:00,3240.69,3414.3652,winter,day3,33
2025-12-02 11:35:00,3230.982,3463.3252,winter,day3,33
2025-12-02 11:40:00,3260.3904,3429.8625,winter,day3,33
2025-12-02 11:45:00,3225.2184,3501.2217,winter,day3,33
2025-12-02 11:50:00,3921.918,3462.256,winter,day3,33
2025-12-02 11:55:00,3512.7203999999997,3477.519,winter,day3,33
2025-12-02 12:00:00,4808.245199999999,3489.1519,winter,day3,33
2025-12-02 12:05:00,3658.2396,3508.6536,winter,day3,33
2025-12-02 12:10:00,2711.4744,3526.9307,winter,day3,33
2025-12-02 12:15:00,2604.3948,3535.586,winter,day3,33
2025-12-02 12:20:00,2801.2212,3528.0083,winter,day3,33
2025-12-02 12:25:00,2865.6012,3524.6072,winter,day3,33
2025-12-02 12:30:00,2542.9548000000004,3485.6245,winter,day3,33
2025-12-02 12:35:00,2481.0984,3507.0327,winter,day3,33
2025-12-02 12:40:00,2771.0076,3522.0417,winter,day3,33
2025-12-02 12:45:00,2348.0148,3559.4731,winter,day3,33
2025-12-02 12:50:00,2308.3548,3556.8247,winter,day3,33
2025-12-02 12:55:00,3027.4595999999997,3549.4883,winter,day3,33
2025-12-02 13:00:00,3510.2940000000003,3566.676,winter,day3,33
2025-12-02 13:05:00,2609.2752,3576.224,winter,day3,33
2025-12-02 13:10:00,2433.036,3567.0508,winter,day3,33
2025-12-02 13:15:00,2345.9052,3565.5435,winter,day3,33
2025-12-02 13:20:00,2655.876,3552.703,winter,day3,33
2025-12-02 13:25:00,2783.5164,3568.7642,winter,day3,33
2025-12-02 13:30:00,2350.638,3585.2268,winter,day3,33
2025-12-02 13:35:00,2416.8804,3608.1323,winter,day3,33
2025-12-02 13:40:00,2738.5032,3562.2126,winter,day3,33
2025-12-02 13:45:00,2698.3332,3556.3032,winter,day3,33
2025-12-02 13:50:00,3171.6468,3540.1104,winter,day3,33
2025-12-02 13:55:00,2537.556,3540.3682,winter,day3,33
2025-12-02 14:00:00,3734.082,3531.6577,winter,day3,33
2025-12-02 14:05:00,3048.7907999999998,3527.406,winter,day3,33
2025-12-02 14:10:00,2487.3120000000004,3502.492,winter,day3,33
2025-12-02 14:15:00,2934.0072,3469.0615,winter,day3,33
2025-12-02 14:20:00,2624.2871999999998,3465.452,winter,day3,33
2025-12-02 14:25:00,2740.02,3459.6338,winter,day3,33
2025-12-02 14:30:00,4219.794,3467.003,winter,day3,33
2025-12-02 14:35:00,2654.328,3462.7202,winter,day3,33
2025-12-02 14:40:00,2405.3988,3472.053,winter,day3,33
2025-12-02 14:45:00,2550.5124,3463.737,winter,day3,33
2025-12-02 14:50:00,2943.7871999999998,3442.3118,winter,day3,33
2025-12-02 14:55:00,3097.4543999999996,3448.0288,winter,day3,33
2025-12-02 15:00:00,3536.3184,3435.3843,winter,day3,33
2025-12-02 15:05:00,3761.1816,3443.9856,winter,day3,33
2025-12-02 15:10:00,5736.9144,3427.3525,winter,day3,33
2025-12-02 15:15:00,3531.6684,3425.5537,winter,day3,33
2025-12-02 15:20:00,3434.8368,3426.6074,winter,day3,33
2025-12-02 15:25:00,4197.5772,3424.497,winter,day3,33
2025-12-02 15:30:00,3837.726,3436.777,winter,day3,33
2025-12-02 15:35:00,3723.4392,3450.2705,winter,day3,33
2025-12-02 15:40:00,4281.906,3452.5679,winter,day3,33
2025-12-02 15:45:00,4808.8788,3464.2095,winter,day3,33
2025-12-02 15:50:00,8003.0748,3466.348,winter,day3,33
2025-12-02 15:55:00,10921.180799999998,3468.877,winter,day3,33
2025-12-02 16:00:00,7045.9512,3459.071,winter,day3,33
2025-12-02 16:05:00,5442.3348,3466.4053,winter,day3,33
2025-12-02 16:10:00,4902.6432,3454.5288,winter,day3,33
2025-12-02 16:15:00,5564.142,3488.7554,winter,day3,33
2025-12-02 16:20:00,5172.030000000001,3501.8713,winter,day3,33
2025-12-02 16:25:00,4569.3876,3494.1365,winter,day3,33
2025-12-02 16:30:00,6030.306,3565.9463,winter,day3,33
2025-12-02 16:35:00,4963.482,3547.0625,winter,day3,33
2025-12-02 16:40:00,4907.358,3609.5005,winter,day3,33
2025-12-02 16:45:00,4758.9276,3583.5806,winter,day3,33
2025-12-02 16:50:00,5014.9980000000005,3533.792,winter,day3,33
2025-12-02 16:55:00,4404.9828,3539.1868,winter,day3,33
2025-12-02 17:00:00,4670.3988,3647.3643,winter,day3,33
2025-12-02 17:05:00,5168.3315999999995,3627.829,winter,day3,33
2025-12-02 17:10:00,5390.0964,3657.3374,winter,day3,33
2025-12-02 17:15:00,6159.0216,3643.518,winter,day3,33
2025-12-02 17:20:00,4260.8243999999995,3605.9194,winter,day3,33
2025-12-02 17:25:00,5884.4256000000005,3641.2559,winter,day3,33
2025-12-02 17:30:00,4307.7312,3635.5916,winter,day3,33
2025-12-02 17:35:00,4909.2768,3667.733,winter,day3,33
2025-12-02 17:40:00,4737.6744,3662.8628,winter,day3,33
2025-12-02 17:45:00,4368.9684,3674.0493,winter,day3,33
2025-12-02 17:50:00,4411.5156,3694.857,winter,day3,33
2025-12-02 17:55:00,5227.368,3615.9912,winter,day3,33
2025-12-02 18:00:00,5888.1816,3593.4192,winter,day3,33
2025-12-02 18:05:00,9812.7636,3646.7915,winter,day3,33
2025-12-02 18:10:00,11284.710000000001,3695.156,winter,day3,33
2025-12-02 18:15:00,11618.9928,3727.7236,winter,day3,33
2025-12-02 18:20:00,10094.826,3734.5996,winter,day3,33
2025-12-02 18:25:00,10502.1132,3733.2202,winter,day3,33
2025-12-02 18:30:00,12101.6124,3734.197,winter,day3,33
2025-12-02 18:35:00,9531.9984,3730.2463,winter,day3,33
2025-12-02 18:40:00,10680.1812,3715.7263,winter,day3,33
2025-12-02 18:45:00,12144.138,3734.8916,winter,day3,33
2025-12-02 18:50:00,7109.723999999999,3708.074,winter,day3,33
2025-12-02 18:55:00,7418.1972000000005,3722.4626,winter,day3,33
2025-12-02 19:00:00,7708.2648,3691.6904,winter,day3,33
2025-12-02 19:05:00,9314.2776,3702.9924,winter,day3,33
2025-12-02 19:10:00,9864.9504,3698.3528,winter,day3,33
2025-12-02 19:15:00,8999.8596,3697.6648,winter,day3,33
2025-12-02 19:20:00,6535.7339999999995,3694.93,winter,day3,33
2025-12-02 19:25:00,4100.412,3688.1538,winter,day3,33
2025-12-02 19:30:00,4550.5188,3661.7983,winter,day3,33
2025-12-02 19:35:00,4494.7788,3624.9749,winter,day3,33
2025-12-02 19:40:00,3748.4796,3594.8254,winter,day3,33
2025-12-02 19:45:00,5512.9872000000005,3571.4111,winter,day3,33
2025-12-02 19:50:00,3661.0932000000003,3550.2852,winter,day3,33
2025-12-02 19:55:00,3563.4252,3543.275,winter,day3,33
2025-12-02 20:00:00,3712.278,3545.7642,winter,day3,33
2025-12-02 20:05:00,3904.3032,3533.9429,winter,day3,33
2025-12-02 20:10:00,4927.479600000001,3534.275,winter,day3,33
2025-12-02 20:15:00,3493.1376000000005,3563.827,winter,day3,33
2025-12-02 20:20:00,3690.5063999999998,3571.599,winter,day3,33
2025-12-02 20:25:00,5000.07,3571.81,winter,day3,33
2025-12-02 20:30:00,3994.9392,3574.7534,winter,day3,33
2025-12-02 20:35:00,3530.514,3574.321,winter,day3,33
2025-12-02 20:40:00,4586.4767999999995,3568.5786,winter,day3,33
2025-12-02 20:45:00,3391.0656000000004,3552.1084,winter,day3,33
2025-12-02 20:50:00,3483.6696,3556.8928,winter,day3,33
2025-12-02 20:55:00,3330.3588000000004,3552.6199,winter,day3,33
2025-12-02 21:00:00,3306.4811999999997,3551.6155,winter,day3,33
2025-12-02 21:05:00,3287.6268000000005,3553.7297,winter,day3,33
2025-12-02 21:10:00,3172.2275999999997,3573.5542,winter,day3,33
2025-12-02 21:15:00,3150.8544,3541.265,winter,day3,33
2025-12-02 21:20:00,3292.8588000000004,3516.6875,winter,day3,33
2025-12-02 21:25:00,3413.5824000000002,3525.191,winter,day3,33
2025-12-02 21:30:00,3162.7932,3503.5144,winter,day3,33
2025-12-02 21:35:00,2532.1032,3527.4224,winter,day3,33
2025-12-02 21:40:00,2470.866,3517.4253,winter,day3,33
2025-12-02 21:45:00,2432.8896,3528.8994,winter,day3,33
2025-12-02 21:50:00,2435.016,3603.9922,winter,day3,33
2025-12-02 21:55:00,2388.636,3562.8296,winter,day3,33
2025-12-02 22:00:00,2384.8104,3624.3872,winter,day3,33
2025-12-02 22:05:00,2335.4088,3581.5876,winter,day3,33
2025-12-02 22:10:00,2418.3408,3561.3281,winter,day3,33
2025-12-02 22:15:00,2474.7095999999997,3567.7534,winter,day3,33
2025-12-02 22:20:00,2393.5464,3674.9602,winter,day3,33
2025-12-02 22:25:00,2419.8024,3666.4497,winter,day3,33
2025-12-02 22:30:00,2450.4492,3639.7,winter,day3,33
2025-12-02 22:35:00,2568.1416,3608.688,winter,day3,33
2025-12-02 22:40:00,2598.1284,3619.1904,winter,day3,33
2025-12-02 22:45:00,2508.744,3643.72,winter,day3,33
2025-12-02 22:50:00,2466.5652,3601.745,winter,day3,33
2025-12-02 22:55:00,2458.7472,3635.4912,winter,day3,33
2025-12-02 23:00:00,2433.3815999999997,3614.3281,winter,day3,33
2025-12-02 23:05:00,2410.7076,3643.6353,winter,day3,33
2025-12-02 23:10:00,2413.4472,3690.7905,winter,day3,33
2025-12-02 23:15:00,2412.6312000000003,3656.3057,winter,day3,33
2025-12-02 23:20:00,2454.2844,3597.6055,winter,day3,33
2025-12-02 23:25:00,2464.9236,3559.2134,winter,day3,33
2025-12-02 23:30:00,2458.1592,3587.191,winter,day3,33
2025-12-02 23:35:00,2471.8356,3616.4407,winter,day3,33
2025-12-02 23:40:00,2516.2943999999998,3622.9485,winter,day3,33
2025-12-02 23:45:00,2607.6972,3613.4678,winter,day3,33
2025-12-02 23:50:00,2705.5236,3617.389,winter,day3,33
2025-12-02 23:55:00,2556.8328,3648.4575,winter,day3,33
2025-12-16 00:00:00,2537.6531999999997,2446.761,winter,day4,30
2025-12-16 00:05:00,2463.0612,2454.7344,winter,day4,30
2025-12-16 00:10:00,2478.9552,2449.1592,winter,day4,30
2025-12-16 00:15:00,2475.5952,2457.6501,winter,day4,30
2025-12-16 00:20:00,2526.93,2471.9922,winter,day4,30
2025-12-16 00:25:00,2661.3804,2476.3525,winter,day4,30
2025-12-16 00:30:00,2497.9211999999998,2478.2874,winter,day4,30
2025-12-16 00:35:00,2512.8108,2490.5168,winter,day4,30
2025-12-16 00:40:00,2480.7372,2506.4646,winter,day4,30
2025-12-16 00:45:00,2447.2524,2517.7852,winter,day4,30
2025-12-16 00:50:00,2428.0188000000003,2543.6758,winter,day4,30
2025-12-16 00:55:00,2469.3876,2563.7869,winter,day4,30
2025-12-16 01:00:00,2464.098,2590.3496,winter,day4,30
2025-12-16 01:05:00,2487.9096,2628.517,winter,day4,30
2025-12-16 01:10:00,2482.6068,2663.274,winter,day4,30
2025-12-16 01:15:00,2474.6244,2710.5771,winter,day4,30
2025-12-16 01:20:00,2426.1996,2760.8438,winter,day4,30
2025-12-16 01:25:00,2422.1484,2805.1753,winter,day4,30
2025-12-16 01:30:00,2423.5595999999996,2836.5503,winter,day4,30
2025-12-16 01:35:00,2611.6068000000005,2847.6636,winter,day4,30
2025-12-16 01:40:00,2671.5756,2858.4978,winter,day4,30
2025-12-16 01:45:00,2519.8584,2872.5896,winter,day4,30
2025-12-16 01:50:00,2502.0,2906.5002,winter,day4,30
2025-12-16 01:55:00,2512.4988,2927.9285,winter,day4,30
2025-12-16 02:00:00,2486.046,2937.0322,winter,day4,30
2025-12-16 02:05:00,2490.7403999999997,2942.9783,winter,day4,30
2025-12-16 02:10:00,2474.5836,2957.3625,winter,day4,30
2025-12-16 02:15:00,2457.4428,2947.1338,winter,day4,30
2025-12-16 02:20:00,2506.3812,2955.8552,winter,day4,30
2025-12-16 02:25:00,2499.4668,2948.8076,winter,day4,30
2025-12-16 02:30:00,2483.6232,2937.9795,winter,day4,30
2025-12-16 02:35:00,2487.9108,2929.2515,winter,day4,30
2025-12-16 02:40:00,2523.3455999999996,2936.7432,winter,day4,30
2025-12-16 02:45:00,2520.9156000000003,2928.5771,winter,day4,30
2025-12-16 02:50:00,2706.6036,2923.1086,winter,day4,30
2025-12-16 02:55:00,2766.4248,2914.9128,winter,day4,30
2025-12-16 03:00:00,2290.1076000000003,2902.7324,winter,day4,30
2025-12-16 03:05:00,2421.8496,2908.959,winter,day4,30
2025-12-16 03:10:00,2512.548,2887.8286,winter,day4,30
2025-12-16 03:15:00,2539.3104,2887.024,winter,day4,30
2025-12-16 03:20:00,2553.546,2881.564,winter,day4,30
2025-12-16 03:25:00,2564.2932,2895.959,winter,day4,30
2025-12-16 03:30:00,2555.55,2909.8735,winter,day4,30
2025-12-16 03:35:00,2529.3684000000003,2900.2036,winter,day4,30
2025-12-16 03:40:00,2524.3296,2895.8076,winter,day4,30
2025-12-16 03:45:00,2553.1776,2883.058,winter,day4,30
2025-12-16 03:50:00,2598.0492,2881.9556,winter,day4,30
2025-12-16 03:55:00,2610.4031999999997,2881.053,winter,day4,30
2025-12-16 04:00:00,2672.9664000000002,2883.4023,winter,day4,30
2025-12-16 04:05:00,2769.1476,2889.323,winter,day4,30
2025-12-16 04:10:00,2510.9796,2895.665,winter,day4,30
2025-12-16 04:15:00,2513.3496,2912.6616,winter,day4,30
2025-12-16 04:20:00,2461.6572,2925.1929,winter,day4,30
2025-12-16 04:25:00,2454.2832000000003,2938.2861,winter,day4,30
2025-12-16 04:30:00,2431.9415999999997,2951.4854,winter,day4,30
2025-12-16 04:35:00,2428.5168000000003,2964.6653,winter,day4,30
2025-12-16 04:40:00,2429.9412,2976.1968,winter,day4,30
2025-12-16 04:45:00,2432.2812,2982.048,winter,day4,30
2025-12-16 04:50:00,2449.4688,2993.5278,winter,day4,30
2025-12-16 04:55:00,2473.9968,3002.3086,winter,day4,30
2025-12-16 05:00:00,2527.7064,2993.232,winter,day4,30
2025-12-16 05:05:00,2551.5227999999997,3008.099,winter,day4,30
2025-12-16 05:10:00,2566.3548,3026.2725,winter,day4,30
2025-12-16 05:15:00,2722.0716,3034.2393,winter,day4,30
2025-12-16 05:20:00,2673.9900000000002,3025.4321,winter,day4,30
2025-12-16 05:25:00,2507.898,3035.8264,winter,day4,30
2025-12-16 05:30:00,2523.1512000000002,3022.8628,winter,day4,30
2025-12-16 05:35:00,2549.0676,3058.8838,winter,day4,30
2025-12-16 05:40:00,2525.4012,3073.144,winter,day4,30
2025-12-16 05:45:00,2511.8568,3072.7573,winter,day4,30
2025-12-16 05:50:00,2513.7456,3178.326,winter,day4,30
2025-12-16 05:55:00,2576.892,3193.685,winter,day4,30
2025-12-16 06:00:00,3618.0396,3244.5703,winter,day4,30
2025-12-16 06:05:00,3193.9272,3228.7734,winter,day4,30
2025-12-16 06:10:00,3056.322,3222.622,winter,day4,30
2025-12-16 06:15:00,3188.802,3201.1846,winter,day4,30
2025-12-16 06:20:00,3320.8584,3322.2754,winter,day4,30
2025-12-16 06:25:00,3678.6936,3263.238,winter,day4,30
2025-12-16 06:30:00,3141.4139999999998,3242.895,winter,day4,30
2025-12-16 06:35:00,3588.9756,3288.0789,winter,day4,30
2025-12-16 06:40:00,3585.9936000000002,3290.3276,winter,day4,30
2025-12-16 06:45:00,3242.9543999999996,3302.8047,winter,day4,30
2025-12-16 06:50:00,3911.3903999999993,3337.783,winter,day4,30
2025-12-16 06:55:00,3752.6135999999997,3343.249,winter,day4,30
2025-12-16 07:00:00,3536.4792,3339.9211,winter,day4,30
2025-12-16 07:05:00,3213.9744,3349.4387,winter,day4,30
2025-12-16 07:10:00,3840.2915999999996,3376.31,winter,day4,30
2025-12-16 07:15:00,3452.256,3362.436,winter,day4,30
2025-12-16 07:20:00,4289.8572,3353.5696,winter,day4,30
2025-12-16 07:25:00,3764.9388,3413.6846,winter,day4,30
2025-12-16 07:30:00,3594.4968,3423.1157,winter,day4,30
2025-12-16 07:35:00,8889.6912,3431.1147,winter,day4,30
2025-12-16 07:40:00,13350.6684,3445.8625,winter,day4,30
2025-12-16 07:45:00,8135.238,3442.3176,winter,day4,30
2025-12-16 07:50:00,7084.504800000001,3449.9385,winter,day4,30
2025-12-16 07:55:00,7205.719200000001,3419.5188,winter,day4,30
2025-12-16 08:00:00,5879.8068,3379.7385,winter,day4,30
2025-12-16 08:05:00,4666.3068,3350.3916,winter,day4,30
2025-12-16 08:10:00,4394.0808,3310.603,winter,day4,30
2025-12-16 08:15:00,5070.0396,3285.165,winter,day4,30
2025-12-16 08:20:00,5125.4232,3290.1301,winter,day4,30
2025-12-16 08:25:00,4303.0656,3308.569,winter,day4,30
2025-12-16 08:30:00,4704.1788,3291.8948,winter,day4,30
2025-12-16 08:35:00,4075.7591999999995,3292.7905,winter,day4,30
2025-12-16 08:40:00,5405.31,3303.8943,winter,day4,30
2025-12-16 08:45:00,4404.897599999999,3289.5435,winter,day4,30
2025-12-16 08:50:00,4950.6528,3265.576,winter,day4,30
2025-12-16 08:55:00,6181.3092,3240.3655,winter,day4,30
2025-12-16 09:00:00,7122.306,3232.9731,winter,day4,30
2025-12-16 09:05:00,6685.9908,3225.0474,winter,day4,30
2025-12-16 09:10:00,5233.7771999999995,3241.1548,winter,day4,30
2025-12-16 09:15:00,4153.1268,3243.2031,winter,day4,30
2025-12-16 09:20:00,4161.3144,3268.0571,winter,day4,30
2025-12-16 09:25:00,4026.3971999999994,3275.576,winter,day4,30
2025-12-16 09:30:00,5052.306,3297.6304,winter,day4,30
2025-12-16 09:35:00,4094.2668,3328.4226,winter,day4,30
2025-12-16 09:40:00,4127.8476,3353.6335,winter,day4,30
2025-12-16 09:45:00,4505.4204,3361.1306,winter,day4,30
2025-12-16 09:50:00,4041.7356,3376.7825,winter,day4,30
2025-12-16 09:55:00,4273.462799999999,3373.2659,winter,day4,30
2025-12-16 10:00:00,4452.0552,3362.1724,winter,day4,30
2025-12-16 10:05:00,4339.7004,3345.7102,winter,day4,30
2025-12-16 10:10:00,4576.8612,3341.7146,winter,day4,30
2025-12-16 10:15:00,4096.518,3338.4685,winter,day4,30
2025-12-16 10:20:00,4990.0284,3329.8335,winter,day4,30
2025-12-16 10:25:00,4283.2356,3329.587,winter,day4,30
2025-12-16 10:30:00,4198.0848,3344.9734,winter,day4,30
2025-12-16 10:35:00,4275.766799999999,3337.4163,winter,day4,30
2025-12-16 10:40:00,4266.4704,3308.9102,winter,day4,30
2025-12-16 10:45:00,4146.7356,3314.3328,winter,day4,30
2025-12-16 10:50:00,4051.476,3302.8486,winter,day4,30
2025-12-16 10:55:00,4008.6924,3303.9639,winter,day4,30
2025-12-16 11:00:00,3833.4636,3299.3352,winter,day4,30
2025-12-16 11:05:00,3885.5519999999997,3330.2993,winter,day4,30
2025-12-16 11:10:00,4982.191199999999,3372.5125,winter,day4,30
2025-12-16 11:15:00,4509.4524,3338.6443,winter,day4,30
2025-12-16 11:20:00,5283.576,3396.7422,winter,day4,30
2025-12-16 11:25:00,5901.5736,3437.1753,winter,day4,30
2025-12-16 11:30:00,4369.2048,3394.7222,winter,day4,30
2025-12-16 11:35:00,3914.8235999999997,3388.477,winter,day4,30
2025-12-16 11:40:00,3608.1084,3395.091,winter,day4,30
2025-12-16 11:45:00,3877.2612,3425.1572,winter,day4,30
2025-12-16 11:50:00,4029.2700000000004,3439.8796,winter,day4,30
2025-12-16 11:55:00,3742.668,3462.524,winter,day4,30
2025-12-16 12:00:00,6038.3544,3486.9075,winter,day4,30
2025-12-16 12:05:00,4067.7383999999997,3512.8225,winter,day4,30
2025-12-16 12:10:00,4482.716399999999,3501.7983,winter,day4,30
2025-12-16 12:15:00,3729.8424,3524.0835,winter,day4,30
2025-12-16 12:20:00,3680.1672,3485.3462,winter,day4,30
2025-12-16 12:25:00,3748.7160000000003,3473.6257,winter,day4,30
2025-12-16 12:30:00,4284.1068,3483.676,winter,day4,30
2025-12-16 12:35:00,3777.2724000000003,3514.8813,winter,day4,30
2025-12-16 12:40:00,4806.6084,3527.313,winter,day4,30
2025-12-16 12:45:00,4121.4264,3516.362,winter,day4,30
2025-12-16 12:50:00,3663.7932,3500.7417,winter,day4,30
2025-12-16 12:55:00,3641.1803999999997,3551.5884,winter,day4,30
2025-12-16 13:00:00,4079.0616,3590.5884,winter,day4,30
2025-12-16 13:05:00,5389.7448,3590.2712,winter,day4,30
2025-12-16 13:10:00,4180.530000000001,3547.5015,winter,day4,30
2025-12-16 13:15:00,3867.5292,3518.376,winter,day4,30
2025-12-16 13:20:00,3947.0832,3483.7012,winter,day4,30
2025-12-16 13:25:00,4291.2084,3480.0745,winter,day4,30
2025-12-16 13:30:00,3750.8556,3465.8147,winter,day4,30
2025-12-16 13:35:00,3951.222,3468.7036,winter,day4,30
2025-12-16 13:40:00,3920.4024,3454.642,winter,day4,30
2025-12-16 13:45:00,3324.2484000000004,3470.3357,winter,day4,30
2025-12-16 13:50:00,3828.1944000000003,3453.2222,winter,day4,30
2025-12-16 13:55:00,3311.3136,3454.7764,winter,day4,30
2025-12-16 14:00:00,3627.4115999999995,3427.3677,winter,day4,30
2025-12-16 14:05:00,3714.8712,3416.3718,winter,day4,30
2025-12-16 14:10:00,4166.5199999999995,3422.068,winter,day4,30
2025-12-16 14:15:00,3917.3808000000004,3400.0728,winter,day4,30
2025-12-16 14:20:00,5278.9044,3391.933,winter,day4,30
2025-12-16 14:25:00,3564.9252,3387.1282,winter,day4,30
2025-12-16 14:30:00,3410.8896,3380.7695,winter,day4,30
2025-12-16 14:35:00,3794.142,3373.2737,winter,day4,30
2025-12-16 14:40:00,4064.0759999999996,3399.616,winter,day4,30
2025-12-16 14:45:00,4060.0187999999994,3405.0405,winter,day4,30
2025-12-16 14:50:00,5638.8264,3431.8735,winter,day4,30
2025-12-16 14:55:00,4045.8311999999996,3464.4644,winter,day4,30
2025-12-16 15:00:00,5577.5988,3484.2056,winter,day4,30
2025-12-16 15:05:00,5338.7663999999995,3488.6523,winter,day4,30
2025-12-16 15:10:00,4601.8332,3508.4224,winter,day4,30
2025-12-16 15:15:00,4514.3004,3522.4158,winter,day4,30
2025-12-16 15:20:00,4651.674000000001,3531.062,winter,day4,30
2025-12-16 15:25:00,4688.780400000001,3512.9448,winter,day4,30
2025-12-16 15:30:00,5018.646,3514.9302,winter,day4,30
2025-12-16 15:35:00,4649.3124,3509.826,winter,day4,30
2025-12-16 15:40:00,5036.8956,3507.4395,winter,day4,30
2025-12-16 15:45:00,6101.222400000001,3503.9382,winter,day4,30
2025-12-16 15:50:00,5310.1344,3516.359,winter,day4,30
2025-12-16 15:55:00,5578.8444,3500.48,winter,day4,30
2025-12-16 16:00:00,6418.926,3466.5662,winter,day4,30
2025-12-16 16:05:00,6934.9872000000005,3470.1357,winter,day4,30
2025-12-16 16:10:00,5723.4084,3455.2197,winter,day4,30
2025-12-16 16:15:00,6220.02,3460.6338,winter,day4,30
2025-12-16 16:20:00,6189.9816,3449.935,winter,day4,30
2025-12-16 16:25:00,8523.5976,3474.0867,winter,day4,30
2025-12-16 16:30:00,6921.2136,3479.962,winter,day4,30
2025-12-16 16:35:00,6369.4176,3482.7925,winter,day4,30
2025-12-16 16:40:00,5543.4936,3554.4993,winter,day4,30
2025-12-16 16:45:00,5541.312,3584.6096,winter,day4,30
2025-12-16 16:50:00,6021.54,3494.86,winter,day4,30
2025-12-16 16:55:00,5594.2212,3548.579,winter,day4,30
2025-12-16 17:00:00,5404.383599999999,3534.5996,winter,day4,30
2025-12-16 17:05:00,5644.6044,3599.584,winter,day4,30
2025-12-16 17:10:00,5346.6396,3567.5415,winter,day4,30
2025-12-16 17:15:00,5382.9756,3563.6309,winter,day4,30
2025-12-16 17:20:00,5437.419599999999,3579.9138,winter,day4,30
2025-12-16 17:25:00,5168.364,3611.928,winter,day4,30
2025-12-16 17:30:00,4849.17,3627.1235,winter,day4,30
2025-12-16 17:35:00,4824.846,3643.902,winter,day4,30
2025-12-16 17:40:00,4795.218,3649.7112,winter,day4,30
2025-12-16 17:45:00,4838.4264,3611.4587,winter,day4,30
2025-12-16 17:50:00,5375.1948,3671.269,winter,day4,30
2025-12-16 17:55:00,6129.4152,3671.2036,winter,day4,30
2025-12-16 18:00:00,7022.948399999999,3666.544,winter,day4,30
2025-12-16 18:05:00,9322.598399999999,3668.838,winter,day4,30
2025-12-16 18:10:00,12304.332,3662.671,winter,day4,30
2025-12-16 18:15:00,13883.9892,3654.2861,winter,day4,30
2025-12-16 18:20:00,10606.9176,3685.5447,winter,day4,30
2025-12-16 18:25:00,11033.883600000001,3692.2583,winter,day4,30
2025-12-16 18:30:00,10770.066,3681.8613,winter,day4,30
2025-12-16 18:35:00,10817.2656,3653.557,winter,day4,30
2025-12-16 18:40:00,10768.5732,3630.5178,winter,day4,30
2025-12-16 18:45:00,11083.158,3641.6006,winter,day4,30
2025-12-16 18:50:00,10502.316,3621.8555,winter,day4,30
2025-12-16 18:55:00,11726.8764,3626.724,winter,day4,30
2025-12-16 19:00:00,9362.4708,3617.1423,winter,day4,30
2025-12-16 19:05:00,8939.4012,3631.861,winter,day4,30
2025-12-16 19:10:00,9068.5296,3609.7002,winter,day4,30
2025-12-16 19:15:00,10369.382399999999,3596.5342,winter,day4,30
2025-12-16 19:20:00,4406.4276,3582.4321,winter,day4,30
2025-12-16 19:25:00,4186.9980000000005,3572.7134,winter,day4,30
2025-12-16 19:30:00,3759.4103999999998,3576.3184,winter,day4,30
2025-12-16 19:35:00,3591.4980000000005,3554.2708,winter,day4,30
2025-12-16 19:40:00,3997.8432000000003,3550.207,winter,day4,30
2025-12-16 19:45:00,4548.5256,3547.5815,winter,day4,30
2025-12-16 19:50:00,3994.7388,3529.6396,winter,day4,30
2025-12-16 19:55:00,3709.2588000000005,3511.217,winter,day4,30
2025-12-16 20:00:00,3851.6184000000003,3501.4644,winter,day4,30
2025-12-16 20:05:00,3718.47,3488.3638,winter,day4,30
2025-12-16 20:10:00,3542.9483999999998,3465.1655,winter,day4,30
2025-12-16 20:15:00,3521.2992,3476.3813,winter,day4,30
2025-12-16 20:20:00,3372.9900000000002,3486.3801,winter,day4,30
2025-12-16 20:25:00,3389.2332,3484.4531,winter,day4,30
2025-12-16 20:30:00,3283.4328,3500.8232,winter,day4,30
2025-12-16 20:35:00,3479.4120000000003,3508.3286,winter,day4,30
2025-12-16 20:40:00,3745.8095999999996,3516.2446,winter,day4,30
2025-12-16 20:45:00,3636.8256,3515.8943,winter,day4,30
2025-12-16 20:50:00,3511.9475999999995,3523.7412,winter,day4,30
2025-12-16 20:55:00,3160.8300000000004,3540.2212,winter,day4,30
2025-12-16 21:00:00,2850.8544,3533.055,winter,day4,30
2025-12-16 21:05:00,3042.5196,3534.9827,winter,day4,30
2025-12-16 21:10:00,2641.8276,3535.2825,winter,day4,30
2025-12-16 21:15:00,2519.262,3533.694,winter,day4,30
2025-12-16 21:20:00,2553.0744,3509.0286,winter,day4,30
2025-12-16 21:25:00,2424.522,3514.7876,winter,day4,30
2025-12-16 21:30:00,2406.6228,3497.1553,winter,day4,30
2025-12-16 21:35:00,2408.4168,3500.8235,winter,day4,30
2025-12-16 21:40:00,2452.5396,3497.44,winter,day4,30
2025-12-16 21:45:00,2527.0487999999996,3507.3914,winter,day4,30
2025-12-16 21:50:00,2566.5407999999998,3529.854,winter,day4,30
2025-12-16 21:55:00,2691.1824,3526.3254,winter,day4,30
2025-12-16 22:00:00,2636.7324,3555.7168,winter,day4,30
2025-12-16 22:05:00,2519.8163999999997,3534.2947,winter,day4,30
2025-12-16 22:10:00,2459.0063999999998,3558.707,winter,day4,30
2025-12-16 22:15:00,2469.444,3555.7302,winter,day4,30
2025-12-16 22:20:00,2629.8804,3613.8306,winter,day4,30
2025-12-16 22:25:00,2411.6412,3592.0083,winter,day4,30
2025-12-16 22:30:00,2404.7952,3594.4973,winter,day4,30
2025-12-16 22:35:00,2386.5227999999997,3610.1553,winter,day4,30
2025-12-16 22:40:00,2356.6524,3555.207,winter,day4,30
2025-12-16 22:45:00,2410.1699999999996,3588.1406,winter,day4,30
2025-12-16 22:50:00,2458.6308,3640.112,winter,day4,30
2025-12-16 22:55:00,2457.5592,3669.489,winter,day4,30
2025-12-16 23:00:00,2356.7484,3661.7627,winter,day4,30
2025-12-16 23:05:00,2337.0996,3659.2656,winter,day4,30
2025-12-16 23:10:00,2441.2511999999997,3587.539,winter,day4,30
2025-12-16 23:15:00,2482.1556,3575.2043,winter,day4,30
2025-12-16 23:20:00,2489.8968,3582.4136,winter,day4,30
2025-12-16 23:25:00,2577.7008,3629.9158,winter,day4,30
2025-12-16 23:30:00,2728.6416,3618.7266,winter,day4,30
2025-12-16 23:35:00,2683.764,3622.4846,winter,day4,30
2025-12-16 23:40:00,2471.9808000000003,3646.5305,winter,day4,30
2025-12-16 23:45:00,2458.0584,3648.446,winter,day4,30
2025-12-16 23:50:00,2508.2268,3657.3977,winter,day4,30
2025-12-16 23:55:00,2562.8736,3640.8489,winter,day4,30
2025-12-31 00:00:00,3338.9136,3466.5273,winter,day5,34
2025-12-31 00:05:00,3319.3343999999997,3581.916,winter,day5,34
2025-12-31 00:10:00,2794.9272,3657.3606,winter,day5,34
2025-12-31 00:15:00,3241.1208,3770.551,winter,day5,34
2025-12-31 00:20:00,2992.0703999999996,3883.5293,winter,day5,34
2025-12-31 00:25:00,3351.4127999999996,3968.405,winter,day5,34
2025-12-31 00:30:00,3351.6444,4052.103,winter,day5,34
2025-12-31 00:35:00,2985.12,4123.9336,winter,day5,34
2025-12-31 00:40:00,3308.274,4157.998,winter,day5,34
2025-12-31 00:45:00,3283.6752,4201.2866,winter,day5,34
2025-12-31 00:50:00,3266.0256,4240.887,winter,day5,34
2025-12-31 00:55:00,3306.7512,4252.1543,winter,day5,34
2025-12-31 01:00:00,2924.0676,4257.743,winter,day5,34
2025-12-31 01:05:00,3583.3644,4263.8604,winter,day5,34
2025-12-31 01:10:00,3572.2008,4234.5073,winter,day5,34
2025-12-31 01:15:00,3407.7563999999998,4219.414,winter,day5,34
2025-12-31 01:20:00,3333.2388,4158.887,winter,day5,34
2025-12-31 01:25:00,3103.6272,4139.1074,winter,day5,34
2025-12-31 01:30:00,3114.5016,4087.831,winter,day5,34
2025-12-31 01:35:00,2717.7156,4037.8816,winter,day5,34
2025-12-31 01:40:00,2677.3104,3985.4016,winter,day5,34
2025-12-31 01:45:00,2759.4504,3940.9504,winter,day5,34
2025-12-31 01:50:00,2732.4624,3905.6836,winter,day5,34
2025-12-31 01:55:00,2525.8248,3876.158,winter,day5,34
2025-12-31 02:00:00,2513.3172,3834.3655,winter,day5,34
2025-12-31 02:05:00,2507.8452,3797.5195,winter,day5,34
2025-12-31 02:10:00,2518.17,3772.044,winter,day5,34
2025-12-31 02:15:00,2575.4700000000003,3710.345,winter,day5,34
2025-12-31 02:20:00,2600.076,3668.3855,winter,day5,34
2025-12-31 02:25:00,2733.7608,3632.3582,winter,day5,34
2025-12-31 02:30:00,2878.1268,3581.8606,winter,day5,34
2025-12-31 02:35:00,2681.0556,3552.9424,winter,day5,34
2025-12-31 02:40:00,2654.16,3489.2268,winter,day5,34
2025-12-31 02:45:00,2642.2284,3460.7825,winter,day5,34
2025-12-31 02:50:00,2643.522,3419.8828,winter,day5,34
2025-12-31 02:55:00,2711.7408000000005,3378.612,winter,day5,34
2025-12-31 03:00:00,2456.0964,3346.042,winter,day5,34
2025-12-31 03:05:00,2610.2784,3340.615,winter,day5,34
2025-12-31 03:10:00,2780.85,3307.7285,winter,day5,34
2025-12-31 03:15:00,2629.2455999999997,3288.876,winter,day5,34
2025-12-31 03:20:00,2558.4924,3264.3533,winter,day5,34
2025-12-31 03:25:00,2607.1164,3256.7559,winter,day5,34
2025-12-31 03:30:00,2624.0988,3255.972,winter,day5,34
2025-12-31 03:35:00,2653.4604,3228.7007,winter,day5,34
2025-12-31 03:40:00,2596.5335999999998,3217.9497,winter,day5,34
2025-12-31 03:45:00,2587.9199999999996,3218.217,winter,day5,34
2025-12-31 03:50:00,2564.3892,3216.3525,winter,day5,34
2025-12-31 03:55:00,2620.44,3212.0127,winter,day5,34
2025-12-31 04:00:00,2676.4896,3214.4504,winter,day5,34
2025-12-31 04:05:00,2725.3512,3218.583,winter,day5,34
2025-12-31 04:10:00,2698.3068,3220.0283,winter,day5,34
2025-12-31 04:15:00,2618.6076000000003,3242.3198,winter,day5,34
2025-12-31 04:20:00,2582.802,3243.9258,winter,day5,34
2025-12-31 04:25:00,2585.6232,3276.831,winter,day5,34
2025-12-31 04:30:00,2729.1276,3281.5796,winter,day5,34
2025-12-31 04:35:00,2707.9440000000004,3287.6887,winter,day5,34
2025-12-31 04:40:00,2614.2036,3307.6948,winter,day5,34
2025-12-31 04:45:00,2609.3724,3307.3704,winter,day5,34
2025-12-31 04:50:00,2532.6348,3312.6382,winter,day5,34
2025-12-31 04:55:00,2524.2924,3332.7554,winter,day5,34
2025-12-31 05:00:00,2552.7192,3334.3215,winter,day5,34
2025-12-31 05:05:00,2590.962,3348.6555,winter,day5,34
2025-12-31 05:10:00,2662.6608,3370.5173,winter,day5,34
2025-12-31 05:15:00,2660.9856,3349.4487,winter,day5,34
2025-12-31 05:20:00,2644.1448,3337.7095,winter,day5,34
2025-12-31 05:25:00,2650.6716,3337.6309,winter,day5,34
2025-12-31 05:30:00,2610.084,3325.1975,winter,day5,34
2025-12-31 05:35:00,2720.0328,3329.083,winter,day5,34
2025-12-31 05:40:00,2779.6992,3319.5615,winter,day5,34
2025-12-31 05:45:00,2879.2716,3363.9778,winter,day5,34
2025-12-31 05:50:00,2901.7116,3318.2175,winter,day5,34
2025-12-31 05:55:00,2602.9991999999997,3360.509,winter,day5,34
2025-12-31 06:00:00,2562.9984,3364.2498,winter,day5,34
2025-12-31 06:05:00,2562.6924,3363.8262,winter,day5,34
2025-12-31 06:10:00,2514.3912,3378.08,winter,day5,34
2025-12-31 06:15:00,2505.2196,3342.9902,winter,day5,34
2025-12-31 06:20:00,2627.9424,3260.3389,winter,day5,34
2025-12-31 06:25:00,2631.9516,3297.4534,winter,day5,34
2025-12-31 06:30:00,2570.6196,3286.3477,winter,day5,34
2025-12-31 06:35:00,2528.904,3267.589,winter,day5,34
2025-12-31 06:40:00,2597.9376,3376.5056,winter,day5,34
2025-12-31 06:45:00,3277.6716,3283.3042,winter,day5,34
2025-12-31 06:50:00,2724.3419999999996,3264.6555,winter,day5,34
2025-12-31 06:55:00,3794.3148,3284.743,winter,day5,34
2025-12-31 07:00:00,3542.3412,3285.1128,winter,day5,34
2025-12-31 07:05:00,3736.728,3254.6343,winter,day5,34
2025-12-31 07:10:00,3571.6476000000002,3238.4521,winter,day5,34
2025-12-31 07:15:00,3651.3527999999997,3240.6565,winter,day5,34
2025-12-31 07:20:00,3699.6192,3233.4343,winter,day5,34
2025-12-31 07:25:00,3630.0996,3260.478,winter,day5,34
2025-12-31 07:30:00,3662.142,3256.8027,winter,day5,34
2025-12-31 07:35:00,3685.2119999999995,3228.4424,winter,day5,34
2025-12-31 07:40:00,3743.3592,3235.8345,winter,day5,34
2025-12-31 07:45:00,3919.9871999999996,3231.6853,winter,day5,34
2025-12-31 07:50:00,4016.8248,3237.5615,winter,day5,34
2025-12-31 07:55:00,3773.514,3240.518,winter,day5,34
2025-12-31 08:00:00,3514.1724000000004,3235.9634,winter,day5,34
2025-12-31 08:05:00,3398.4924,3243.38,winter,day5,34
2025-12-31 08:10:00,3332.1804,3237.4717,winter,day5,34
2025-12-31 08:15:00,3295.9188000000004,3239.8193,winter,day5,34
2025-12-31 08:20:00,3875.2344,3235.1829,winter,day5,34
2025-12-31 08:25:00,4055.7504,3244.113,winter,day5,34
2025-12-31 08:30:00,4329.8328,3230.3923,winter,day5,34
2025-12-31 08:35:00,3847.4483999999998,3237.0889,winter,day5,34
2025-12-31 08:40:00,3638.88,3233.0742,winter,day5,34
2025-12-31 08:45:00,4250.6004,3237.1157,winter,day5,34
2025-12-31 08:50:00,5217.933599999999,3248.0823,winter,day5,34
2025-12-31 08:55:00,5401.4208,3236.74,winter,day5,34
2025-12-31 09:00:00,5468.3712,3235.55,winter,day5,34
2025-12-31 09:05:00,6148.494000000001,3234.8513,winter,day5,34
2025-12-31 09:10:00,5363.1864000000005,3232.605,winter,day5,34
2025-12-31 09:15:00,5088.996,3226.0781,winter,day5,34
2025-12-31 09:20:00,4635.3804,3223.6704,winter,day5,34
2025-12-31 09:25:00,4231.6344,3219.156,winter,day5,34
2025-12-31 09:30:00,4401.9384,3211.7498,winter,day5,34
2025-12-31 09:35:00,4285.6488,3216.0093,winter,day5,34
2025-12-31 09:40:00,4400.7660000000005,3215.4368,winter,day5,34
2025-12-31 09:45:00,10283.52,3218.9453,winter,day5,34
2025-12-31 09:50:00,9461.2608,3197.6284,winter,day5,34
2025-12-31 09:55:00,6320.339999999999,3190.9316,winter,day5,34
2025-12-31 10:00:00,5219.9544000000005,3189.659,winter,day5,34
2025-12-31 10:05:00,6990.068399999999,3188.9377,winter,day5,34
2025-12-31 10:10:00,7397.634000000001,3196.0898,winter,day5,34
2025-12-31 10:15:00,6904.8912,3206.5618,winter,day5,34
2025-12-31 10:20:00,7039.7004,3207.2583,winter,day5,34
2025-12-31 10:25:00,5734.6788,3214.3015,winter,day5,34
2025-12-31 10:30:00,4595.825999999999,3216.7913,winter,day5,34
2025-12-31 10:35:00,4877.7708,3215.3718,winter,day5,34
2025-12-31 10:40:00,4928.214,3202.3806,winter,day5,34
2025-12-31 10:45:00,4913.7684,3204.2598,winter,day5,34
2025-12-31 10:50:00,4863.794400000001,3196.1985,winter,day5,34
2025-12-31 10:55:00,4884.3576,3204.6301,winter,day5,34
2025-12-31 11:00:00,6113.4084,3203.1482,winter,day5,34
2025-12-31 11:05:00,6825.190799999999,3209.6152,winter,day5,34
2025-12-31 11:10:00,4889.0424,3185.6875,winter,day5,34
2025-12-31 11:15:00,4561.323600000001,3241.012,winter,day5,34
2025-12-31 11:20:00,4379.131200000001,3242.3599,winter,day5,34
2025-12-31 11:25:00,4388.6124,3234.4565,winter,day5,34
2025-12-31 11:30:00,4846.6488,3221.1587,winter,day5,34
2025-12-31 11:35:00,4757.1408,3166.5613,winter,day5,34
2025-12-31 11:40:00,4462.3944,3182.866,winter,day5,34
2025-12-31 11:45:00,4755.7464,3183.0767,winter,day5,34
2025-12-31 11:50:00,4390.89,3209.232,winter,day5,34
2025-12-31 11:55:00,4404.8412,3236.7385,winter,day5,34
2025-12-31 12:00:00,5794.1556,3182.268,winter,day5,34
2025-12-31 12:05:00,4418.346,3178.21,winter,day5,34
2025-12-31 12:10:00,5056.236,3213.8884,winter,day5,34
2025-12-31 12:15:00,5098.2708,3234.9326,winter,day5,34
2025-12-31 12:20:00,4206.414,3229.2104,winter,day5,34
2025-12-31 12:25:00,3740.4792,3210.0864,winter,day5,34
2025-12-31 12:30:00,4270.369199999999,3183.5884,winter,day5,34
2025-12-31 12:35:00,3738.846,3183.1028,winter,day5,34
2025-12-31 12:40:00,3676.3055999999997,3187.8735,winter,day5,34
2025-12-31 12:45:00,3983.2188,3197.2856,winter,day5,34
2025-12-31 12:50:00,4142.532,3189.8489,winter,day5,34
2025-12-31 12:55:00,4682.7924,3180.303,winter,day5,34
2025-12-31 13:00:00,3651.5472,3188.7542,winter,day5,34
2025-12-31 13:05:00,3380.8475999999996,3180.0303,winter,day5,34
2025-12-31 13:10:00,3235.3272,3177.5767,winter,day5,34
2025-12-31 13:15:00,3393.5544,3167.0881,winter,day5,34
2025-12-31 13:20:00,3722.7455999999997,3169.274,winter,day5,34
2025-12-31 13:25:00,3094.4916,3181.5713,winter,day5,34
2025-12-31 13:30:00,3354.0228,3169.7412,winter,day5,34
2025-12-31 13:35:00,3534.4464,3176.5906,winter,day5,34
2025-12-31 13:40:00,4910.742,3163.6438,winter,day5,34
2025-12-31 13:45:00,3182.7648,3172.6633,winter,day5,34
2025-12-31 13:50:00,3054.1944,3156.8452,winter,day5,34
2025-12-31 13:55:00,3002.3016000000002,3160.4832,winter,day5,34
2025-12-31 14:00:00,2984.1696,3157.3613,winter,day5,34
2025-12-31 14:05:00,3174.0047999999997,3172.737,winter,day5,34
2025-12-31 14:10:00,3060.2676,3192.4468,winter,day5,34
2025-12-31 14:15:00,3016.8,3180.9001,winter,day5,34
2025-12-31 14:20:00,3024.552,3176.731,winter,day5,34
2025-12-31 14:25:00,3008.0016,3177.448,winter,day5,34
2025-12-31 14:30:00,2977.5504,3176.0703,winter,day5,34
2025-12-31 14:35:00,2995.1868,3167.5332,winter,day5,34
2025-12-31 14:40:00,3277.6440000000002,3168.0164,winter,day5,34
2025-12-31 14:45:00,3150.348,3162.0337,winter,day5,34
2025-12-31 14:50:00,3066.4632,3152.2646,winter,day5,34
2025-12-31 14:55:00,3065.202,3165.2156,winter,day5,34
2025-12-31 15:00:00,3021.1884,3159.2073,winter,day5,34
2025-12-31 15:05:00,2968.5,3162.8047,winter,day5,34
2025-12-31 15:10:00,2935.4376,3162.7122,winter,day5,34
2025-12-31 15:15:00,3112.5912,3159.0906,winter,day5,34
2025-12-31 15:20:00,3107.9436,3157.9648,winter,day5,34
2025-12-31 15:25:00,2957.5236,3149.318,winter,day5,34
2025-12-31 15:30:00,2978.1096,3158.25,winter,day5,34
2025-12-31 15:35:00,2978.2392,3158.6128,winter,day5,34
2025-12-31 15:40:00,2978.1612,3164.443,winter,day5,34
2025-12-31 15:45:00,2993.9676,3165.7317,winter,day5,34
2025-12-31 15:50:00,3241.9056,3179.9707,winter,day5,34
2025-12-31 15:55:00,3256.4268,3166.6982,winter,day5,34
2025-12-31 16:00:00,3148.1603999999998,3152.4014,winter,day5,34
2025-12-31 16:05:00,3193.7232,3156.5947,winter,day5,34
2025-12-31 16:10:00,3213.4632,3148.626,winter,day5,34
2025-12-31 16:15:00,3326.7936,3161.8718,winter,day5,34
2025-12-31 16:20:00,3319.1495999999997,3192.089,winter,day5,34
2025-12-31 16:25:00,3282.486,3187.9658,winter,day5,34
2025-12-31 16:30:00,3423.804,3238.6106,winter,day5,34
2025-12-31 16:35:00,3312.3659999999995,3236.9365,winter,day5,34
2025-12-31 16:40:00,3215.3652,3294.6843,winter,day5,34
2025-12-31 16:45:00,3342.4656000000004,3203.4797,winter,day5,34
2025-12-31 16:50:00,3411.024,3214.7422,winter,day5,34
2025-12-31 16:55:00,3581.5235999999995,3251.5342,winter,day5,34
2025-12-31 17:00:00,3520.2288,3241.4949,winter,day5,34
2025-12-31 17:05:00,3353.9616,3254.497,winter,day5,34
2025-12-31 17:10:00,3362.9724,3257.3127,winter,day5,34
2025-12-31 17:15:00,3338.9352,3262.372,winter,day5,34
2025-12-31 17:20:00,3324.5736000000006,3285.3525,winter,day5,34
2025-12-31 17:25:00,3249.9816,3306.9734,winter,day5,34
2025-12-31 17:30:00,3212.5800000000004,3270.8848,winter,day5,34
2025-12-31 17:35:00,3211.5263999999997,3247.555,winter,day5,34
2025-12-31 17:40:00,3443.358,3251.3325,winter,day5,34
2025-12-31 17:45:00,3471.1619999999994,3279.8223,winter,day5,34
2025-12-31 17:50:00,3254.922,3291.715,winter,day5,34
2025-12-31 17:55:00,3212.4456,3282.146,winter,day5,34
2025-12-31 18:00:00,3897.6492,3279.5388,winter,day5,34
2025-12-31 18:05:00,6079.2816,3281.957,winter,day5,34
2025-12-31 18:10:00,8732.07,3285.6362,winter,day5,34
2025-12-31 18:15:00,10121.2344,3262.128,winter,day5,34
2025-12-31 18:20:00,10166.0112,3270.6035,winter,day5,34
2025-12-31 18:25:00,9286.32,3265.5837,winter,day5,34
2025-12-31 18:30:00,9876.8364,3252.2341,winter,day5,34
2025-12-31 18:35:00,9728.7576,3269.7275,winter,day5,34
2025-12-31 18:40:00,10754.2644,3250.5796,winter,day5,34
2025-12-31 18:45:00,9422.2032,3262.0789,winter,day5,34
2025-12-31 18:50:00,10060.2228,3223.538,winter,day5,34
2025-12-31 18:55:00,9426.3576,3203.1685,winter,day5,34
2025-12-31 19:00:00,10228.1712,3200.587,winter,day5,34
2025-12-31 19:05:00,9329.5824,3207.2673,winter,day5,34
2025-12-31 19:10:00,9846.7392,3188.784,winter,day5,34
2025-12-31 19:15:00,9757.6764,3192.7778,winter,day5,34
2025-12-31 19:20:00,3601.8120000000004,3190.6704,winter,day5,34
2025-12-31 19:25:00,2518.1063999999997,3201.6045,winter,day5,34
2025-12-31 19:30:00,2554.3332,3218.8523,winter,day5,34
2025-12-31 19:35:00,2569.9883999999997,3212.1504,winter,day5,34
2025-12-31 19:40:00,2584.7196,3208.1301,winter,day5,34
2025-12-31 19:45:00,2544.3527999999997,3203.685,winter,day5,34
2025-12-31 19:50:00,2550.6443999999997,3203.1917,winter,day5,34
2025-12-31 19:55:00,2509.4736000000003,3188.4968,winter,day5,34
2025-12-31 20:00:00,2468.7516,3179.6753,winter,day5,34
2025-12-31 20:05:00,2578.404,3170.1492,winter,day5,34
2025-12-31 20:10:00,2585.016,3150.1729,winter,day5,34
2025-12-31 20:15:00,2491.5156,3165.446,winter,day5,34
2025-12-31 20:20:00,2616.33,3160.74,winter,day5,34
2025-12-31 20:25:00,2699.3508,3163.6814,winter,day5,34
2025-12-31 20:30:00,2727.7608,3165.1243,winter,day5,34
2025-12-31 20:35:00,2821.0836000000004,3160.479,winter,day5,34
2025-12-31 20:40:00,2587.2383999999997,3160.4858,winter,day5,34
2025-12-31 20:45:00,2546.3856,3151.1655,winter,day5,34
2025-12-31 20:50:00,2522.6184000000003,3161.5059,winter,day5,34
2025-12-31 20:55:00,2542.3464,3164.7178,winter,day5,34
2025-12-31 21:00:00,2529.996,3168.0408,winter,day5,34
2025-12-31 21:05:00,2506.7016,3175.4429,winter,day5,34
2025-12-31 21:10:00,2507.3232,3184.8865,winter,day5,34
2025-12-31 21:15:00,2447.2799999999997,3174.1665,winter,day5,34
2025-12-31 21:20:00,2453.8836,3161.183,winter,day5,34
2025-12-31 21:25:00,2469.5328,3166.2073,winter,day5,34
2025-12-31 21:30:00,2475.8928,3152.385,winter,day5,34
2025-12-31 21:35:00,2655.1764,3169.724,winter,day5,34
2025-12-31 21:40:00,2679.09,3190.9868,winter,day5,34
2025-12-31 21:45:00,2519.6688000000004,3182.9563,winter,day5,34
2025-12-31 21:50:00,2522.1984,3217.4514,winter,day5,34
2025-12-31 21:55:00,2541.0371999999998,3198.6572,winter,day5,34
2025-12-31 22:00:00,2644.1531999999997,3213.0486,winter,day5,34
2025-12-31 22:05:00,2618.184,3192.9172,winter,day5,34
2025-12-31 22:10:00,2623.7676,3210.99,winter,day5,34
2025-12-31 22:15:00,2541.876,3243.3762,winter,day5,34
2025-12-31 22:20:00,2579.6711999999998,3228.3672,winter,day5,34
2025-12-31 22:25:00,2563.0739999999996,3238.3894,winter,day5,34
2025-12-31 22:30:00,2559.7188,3237.9421,winter,day5,34
2025-12-31 22:35:00,2531.4911999999995,3241.1145,winter,day5,34
2025-12-31 22:40:00,2508.1008,3221.4688,winter,day5,34
2025-12-31 22:45:00,2500.602,3260.9592,winter,day5,34
2025-12-31 22:50:00,2753.952,3281.5938,winter,day5,34
2025-12-31 22:55:00,2793.0588,3294.5486,winter,day5,34
2025-12-31 23:00:00,2577.3888,3275.7527,winter,day5,34
2025-12-31 23:05:00,2533.2312,3229.3384,winter,day5,34
2025-12-31 23:10:00,2484.7104,3190.89,winter,day5,34
2025-12-31 23:15:00,2511.4008000000003,3200.6094,winter,day5,34
2025-12-31 23:20:00,2530.2252,3206.4766,winter,day5,34
2025-12-31 23:25:00,2549.9352,3237.4775,winter,day5,34
2025-12-31 23:30:00,2534.6004000000003,3261.7942,winter,day5,34
2025-12-31 23:35:00,2584.8216,3257.402,winter,day5,34
2025-12-31 23:40:00,2595.6192,3243.6938,winter,day5,34
2025-12-31 23:45:00,2565.9672,3227.1714,winter,day5,34
2025-12-31 23:50:00,2620.8684000000003,3201.6216,winter,day5,34
2025-12-31 23:55:00,2719.3668000000002,3207.569,winter,day5,34
2025-06-01 00:00:00,2526.7452000000003,2581.0867,summer,day1,32
2025-06-01 00:05:00,2463.0612,2621.7559,summer,day1,32
2025-06-01 00:10:00,2445.3624,2639.2568,summer,day1,32
2025-06-01 00:15:00,2434.8624,2673.7568,summer,day1,32
2025-06-01 00:20:00,2444.8836,2705.3777,summer,day1,32
2025-06-01 00:25:00,2443.6536,2729.8374,summer,day1,32
2025-06-01 00:30:00,2400.8712,2759.2637,summer,day1,32
2025-06-01 00:35:00,2397.0864,2793.8655,summer,day1,32
2025-06-01 00:40:00,2408.7204,2820.1987,summer,day1,32
2025-06-01 00:45:00,2576.5236,2838.2222,summer,day1,32
2025-06-01 00:50:00,2515.4268,2862.7432,summer,day1,32
2025-06-01 00:55:00,2153.4936000000002,2878.5076,summer,day1,32
2025-06-01 01:00:00,2206.2684,2895.001,summer,day1,32
2025-06-01 01:05:00,2483.8824,2915.806,summer,day1,32
2025-06-01 01:10:00,2487.558,2928.4426,summer,day1,32
2025-06-01 01:15:00,2458.3416,2942.7864,summer,day1,32
2025-06-01 01:20:00,2445.9036,2947.0488,summer,day1,32
2025-06-01 01:25:00,2436.6744,2959.7473,summer,day1,32
2025-06-01 01:30:00,2437.7196,2960.838,summer,day1,32
2025-06-01 01:35:00,2587.3559999999998,2959.23,summer,day1,32
2025-06-01 01:40:00,2479.992,2944.339,summer,day1,32
2025-06-01 01:45:00,2388.192,2935.8113,summer,day1,32
2025-06-01 01:50:00,2394.2076,2933.7861,summer,day1,32
2025-06-01 01:55:00,2490.8304,2932.6006,summer,day1,32
2025-06-01 02:00:00,2550.2843999999996,2923.8691,summer,day1,32
2025-06-01 02:05:00,2232.5172,2919.8687,summer,day1,32
2025-06-01 02:10:00,2317.0955999999996,2919.0317,summer,day1,32
2025-06-01 02:15:00,2408.6268,2898.8088,summer,day1,32
2025-06-01 02:20:00,2410.9224,2892.6797,summer,day1,32
2025-06-01 02:25:00,2668.9451999999997,2875.3118,summer,day1,32
2025-06-01 02:30:00,2585.2272000000003,2857.4727,summer,day1,32
2025-06-01 02:35:00,2479.1099999999997,2840.4023,summer,day1,32
2025-06-01 02:40:00,2463.4188,2826.8098,summer,day1,32
2025-06-01 02:45:00,2463.426,2814.5842,summer,day1,32
2025-06-01 02:50:00,2449.2504,2794.27,summer,day1,32
2025-06-01 02:55:00,2430.3516,2783.4546,summer,day1,32
2025-06-01 03:00:00,2278.2048,2770.6016,summer,day1,32
2025-06-01 03:05:00,2049.5772,2771.5413,summer,day1,32
2025-06-01 03:10:00,2396.1804,2758.6106,summer,day1,32
2025-06-01 03:15:00,2571.4836,2752.1948,summer,day1,32
2025-06-01 03:20:00,2472.3228,2744.2231,summer,day1,32
2025-06-01 03:25:00,2364.7223999999997,2746.4282,summer,day1,32
2025-06-01 03:30:00,2362.8804,2751.7195,summer,day1,32
2025-06-01 03:35:00,2403.0744,2743.145,summer,day1,32
2025-06-01 03:40:00,2472.7284,2741.85,summer,day1,32
2025-06-01 03:45:00,2457.0335999999998,2733.0054,summer,day1,32
2025-06-01 03:50:00,2505.8808,2735.5269,summer,day1,32
2025-06-01 03:55:00,2628.3024,2737.3828,summer,day1,32
2025-06-01 04:00:00,2548.8804,2747.129,summer,day1,32
2025-06-01 04:05:00,2958.8952,2759.1038,summer,day1,32
2025-06-01 04:10:00,2742.2664,2762.1377,summer,day1,32
2025-06-01 04:15:00,2707.5528,2774.7085,summer,day1,32
2025-06-01 04:20:00,2519.6711999999998,2782.9084,summer,day1,32
2025-06-01 04:25:00,2526.5076,2800.238,summer,day1,32
2025-06-01 04:30:00,2333.9604,2810.9905,summer,day1,32
2025-06-01 04:35:00,2619.3684000000003,2819.4575,summer,day1,32
2025-06-01 04:40:00,2623.7064,2830.5098,summer,day1,32
2025-06-01 04:45:00,2598.2364000000002,2836.5269,summer,day1,32
2025-06-01 04:50:00,2679.3684000000003,2838.29,summer,day1,32
2025-06-01 04:55:00,2428.9248,2847.2888,summer,day1,32
2025-06-01 05:00:00,2514.702,2850.4824,summer,day1,32
2025-06-01 05:05:00,2484.4308,2861.6782,summer,day1,32
2025-06-01 05:10:00,2354.9424,2868.2468,summer,day1,32
2025-06-01 05:15:00,2305.1148000000003,2876.9424,summer,day1,32
2025-06-01 05:20:00,2247.9636,2865.5244,summer,day1,32
2025-06-01 05:25:00,2213.5667999999996,2872.628,summer,day1,32
2025-06-01 05:30:00,2216.1144,2865.4165,summer,day1,32
2025-06-01 05:35:00,2200.464,2870.224,summer,day1,32
2025-06-01 05:40:00,2392.1304,2886.5562,summer,day1,32
2025-06-01 05:45:00,2271.996,2909.2205,summer,day1,32
2025-06-01 05:50:00,1770.0084,2918.8633,summer,day1,32
2025-06-01 05:55:00,2016.8064,2926.8206,summer,day1,32
2025-06-01 06:00:00,2133.8292,2991.5486,summer,day1,32
2025-06-01 06:05:00,2130.4919999999997,2936.6716,summer,day1,32
2025-06-01 06:10:00,2230.986,2955.048,summer,day1,32
2025-06-01 06:15:00,2238.2808,2948.54,summer,day1,32
2025-06-01 06:20:00,2225.3784,2934.1738,summer,day1,32
2025-06-01 06:25:00,2329.7064,2977.3354,summer,day1,32
2025-06-01 06:30:00,2475.1596,3005.6985,summer,day1,32
2025-06-01 06:35:00,2459.2691999999997,3010.1982,summer,day1,32
2025-06-01 06:40:00,2403.2580000000003,2984.0583,summer,day1,32
2025-06-01 06:45:00,2256.264,2998.8733,summer,day1,32
2025-06-01 06:50:00,1824.366,3016.7124,summer,day1,32
2025-06-01 06:55:00,2134.1207999999997,2998.089,summer,day1,32
2025-06-01 07:00:00,2114.7612,2979.1863,summer,day1,32
2025-06-01 07:05:00,2258.0135999999998,2944.4922,summer,day1,32
2025-06-01 07:10:00,2336.9784,2966.623,summer,day1,32
2025-06-01 07:15:00,2308.5888,2999.4219,summer,day1,32
2025-06-01 07:20:00,2138.7804,3027.6074,summer,day1,32
2025-06-01 07:25:00,2185.3416,3076.829,summer,day1,32
2025-06-01 07:30:00,2207.0724,3060.167,summer,day1,32
2025-06-01 07:35:00,2170.8455999999996,3021.8647,summer,day1,32
2025-06-01 07:40:00,2332.9175999999998,2994.5007,summer,day1,32
2025-06-01 07:45:00,2384.088,2964.8499,summer,day1,32
2025-06-01 07:50:00,2123.6772,2955.5034,summer,day1,32
2025-06-01 07:55:00,1838.58,2959.2231,summer,day1,32
2025-06-01 08:00:00,2112.7272000000003,2963.8728,summer,day1,32
2025-06-01 08:05:00,2153.328,2965.2925,summer,day1,32
2025-06-01 08:10:00,2160.3684000000003,2967.2441,summer,day1,32
2025-06-01 08:15:00,2475.5544,2969.6301,summer,day1,32
2025-06-01 08:20:00,2394.636,2970.8281,summer,day1,32
2025-06-01 08:25:00,2184.186,2984.6035,summer,day1,32
2025-06-01 08:30:00,2254.5948,2962.3792,summer,day1,32
2025-06-01 08:35:00,2363.4900000000002,2949.7893,summer,day1,32
2025-06-01 08:40:00,2342.436,2922.192,summer,day1,32
2025-06-01 08:45:00,2388.0108,2906.7148,summer,day1,32
2025-06-01 08:50:00,2300.2776000000003,2901.035,summer,day1,32
2025-06-01 08:55:00,2314.1412,2895.3635,summer,day1,32
2025-06-01 09:00:00,2255.1216,2896.141,summer,day1,32
2025-06-01 09:05:00,2313.3948,2893.1267,summer,day1,32
2025-06-01 09:10:00,2415.1488,2894.9688,summer,day1,32
2025-06-01 09:15:00,2218.5576,2893.1116,summer,day1,32
2025-06-01 09:20:00,2022.6299999999999,2908.9277,summer,day1,32
2025-06-01 09:25:00,2324.4804,2914.9463,summer,day1,32
2025-06-01 09:30:00,2429.7347999999997,2931.736,summer,day1,32
2025-06-01 09:35:00,2425.4712,2950.847,summer,day1,32
2025-06-01 09:40:00,2634.6984,2967.6643,summer,day1,32
2025-06-01 09:45:00,2589.936,2973.6152,summer,day1,32
2025-06-01 09:50:00,2985.9504,2984.8125,summer,day1,32
2025-06-01 09:55:00,3118.7580000000003,2987.1929,summer,day1,32
2025-06-01 10:00:00,3145.3296,2980.029,summer,day1,32
2025-06-01 10:05:00,3000.0155999999997,2969.9429,summer,day1,32
2025-06-01 10:10:00,3243.4548000000004,2962.6978,summer,day1,32
2025-06-01 10:15:00,3048.8723999999997,2965.3481,summer,day1,32
2025-06-01 10:20:00,3718.5312,2961.9854,summer,day1,32
2025-06-01 10:25:00,5525.8536,2959.2134,summer,day1,32
2025-06-01 10:30:00,5728.9068,2967.9368,summer,day1,32
2025-06-01 10:35:00,4920.803999999999,2952.63,summer,day1,32
2025-06-01 10:40:00,4729.0068,2928.1697,summer,day1,32
2025-06-01 10:45:00,3853.2576,2930.5007,summer,day1,32
2025-06-01 10:50:00,2675.8728,2918.289,summer,day1,32
2025-06-01 10:55:00,2582.5896,2938.4644,summer,day1,32
2025-06-01 11:00:00,2453.0532,2905.878,summer,day1,32
2025-06-01 11:05:00,2372.7012,2934.1992,summer,day1,32
2025-06-01 11:10:00,2824.2048,2935.4421,summer,day1,32
2025-06-01 11:15:00,2350.6644,2936.4153,summer,day1,32
2025-06-01 11:20:00,2357.4336,3032.914,summer,day1,32
2025-06-01 11:25:00,2379.8388,2935.2046,summer,day1,32
2025-06-01 11:30:00,2499.0504,2957.9941,summer,day1,32
2025-06-01 11:35:00,2567.2272000000003,2960.668,summer,day1,32
2025-06-01 11:40:00,2478.8772,2948.5977,summer,day1,32
2025-06-01 11:45:00,2295.3540000000003,2975.1758,summer,day1,32
2025-06-01 11:50:00,3115.3415999999997,3007.4097,summer,day1,32
2025-06-01 11:55:00,3889.0332000000003,2999.602,summer,day1,32
2025-06-01 12:00:00,3719.8884,3011.134,summer,day1,32
2025-06-01 12:05:00,3485.3304000000003,3028.2,summer,day1,32
2025-06-01 12:10:00,2500.02,3040.0764,summer,day1,32
2025-06-01 12:15:00,2617.29,3036.788,summer,day1,32
2025-06-01 12:20:00,2718.5292,3027.9148,summer,day1,32
2025-06-01 12:25:00,2607.4476,3025.72,summer,day1,32
2025-06-01 12:30:00,2617.8552,3003.907,summer,day1,32
2025-06-01 12:35:00,2815.4244,3022.1255,summer,day1,32
2025-06-01 12:40:00,4412.1384,3028.33,summer,day1,32
2025-06-01 12:45:00,2853.0396,3030.193,summer,day1,32
2025-06-01 12:50:00,2855.496,3032.8513,summer,day1,32
2025-06-01 12:55:00,2674.8887999999997,3062.3303,summer,day1,32
2025-06-01 13:00:00,2721.9348,3057.3,summer,day1,32
2025-06-01 13:05:00,2948.1132,3027.2559,summer,day1,32
2025-06-01 13:10:00,2809.6452,3023.255,summer,day1,32
2025-06-01 13:15:00,2726.0027999999998,3023.1348,summer,day1,32
2025-06-01 13:20:00,2850.1968,3016.7817,summer,day1,32
2025-06-01 13:25:00,3645.504,3026.0127,summer,day1,32
2025-06-01 13:30:00,2543.5356,3015.4565,summer,day1,32
2025-06-01 13:35:00,2949.6636000000003,3018.9795,summer,day1,32
2025-06-01 13:40:00,2862.3936000000003,3011.7295,summer,day1,32
2025-06-01 13:45:00,3786.2771999999995,3019.3787,summer,day1,32
2025-06-01 13:50:00,3468.108,3006.3408,summer,day1,32
2025-06-01 13:55:00,2655.426,3008.0952,summer,day1,32
2025-06-01 14:00:00,2680.296,3000.5244,summer,day1,32
2025-06-01 14:05:00,2841.2519999999995,2997.159,summer,day1,32
2025-06-01 14:10:00,2700.8604,2996.711,summer,day1,32
2025-06-01 14:15:00,2827.1531999999997,2984.7966,summer,day1,32
2025-06-01 14:20:00,2387.9148,2981.466,summer,day1,32
2025-06-01 14:25:00,2899.1928,2976.5544,summer,day1,32
2025-06-01 14:30:00,2663.7648,2966.6084,summer,day1,32
2025-06-01 14:35:00,2387.2248,2954.3496,summer,day1,32
2025-06-01 14:40:00,4273.9836000000005,2952.8926,summer,day1,32
2025-06-01 14:45:00,2890.9271999999996,2942.7817,summer,day1,32
2025-06-01 14:50:00,2668.7364000000002,2931.7422,summer,day1,32
2025-06-01 14:55:00,3903.7128,2931.457,summer,day1,32
2025-06-01 15:00:00,2540.7792,2941.6333,summer,day1,32
2025-06-01 15:05:00,2755.254,2944.7485,summer,day1,32
2025-06-01 15:10:00,2635.0212,2954.51,summer,day1,32
2025-06-01 15:15:00,2438.8092,2959.4263,summer,day1,32
2025-06-01 15:20:00,2891.064,2965.2808,summer,day1,32
2025-06-01 15:25:00,3213.5328,2966.346,summer,day1,32
2025-06-01 15:30:00,3069.1188,2968.1821,summer,day1,32
2025-06-01 15:35:00,2916.8148,2975.928,summer,day1,32
2025-06-01 15:40:00,2681.3484,2975.549,summer,day1,32
2025-06-01 15:45:00,2591.9196,2977.9072,summer,day1,32
2025-06-01 15:50:00,2534.0412,2976.5415,summer,day1,32
2025-06-01 15:55:00,2495.9292,2979.299,summer,day1,32
2025-06-01 16:00:00,2491.0932000000003,2956.042,summer,day1,32
2025-06-01 16:05:00,2664.2856,2959.888,summer,day1,32
2025-06-01 16:10:00,2811.6516,2947.6755,summer,day1,32
2025-06-01 16:15:00,3117.8592,2925.783,summer,day1,32
2025-06-01 16:20:00,4169.6952,2943.7642,summer,day1,32
2025-06-01 16:25:00,2414.3124,2971.372,summer,day1,32
2025-06-01 16:30:00,2393.514,2934.451,summer,day1,32
2025-06-01 16:35:00,2857.5096000000003,2979.1802,summer,day1,32
2025-06-01 16:40:00,4026.078,2987.4944,summer,day1,32
2025-06-01 16:45:00,2541.4656000000004,2985.7295,summer,day1,32
2025-06-01 16:50:00,2174.7504,3001.403,summer,day1,32
2025-06-01 16:55:00,2387.6387999999997,2970.9216,summer,day1,32
2025-06-01 17:00:00,2397.7716,2964.1035,summer,day1,32
2025-06-01 17:05:00,2432.6843999999996,3026.0232,summer,day1,32
2025-06-01 17:10:00,2457.018,2995.9788,summer,day1,32
2025-06-01 17:15:00,2702.7419999999997,3009.3052,summer,day1,32
2025-06-01 17:20:00,4379.1444,3048.0508,summer,day1,32
2025-06-01 17:25:00,3323.6051999999995,3075.1436,summer,day1,32
2025-06-01 17:30:00,2690.2488,3060.4036,summer,day1,32
2025-06-01 17:35:00,2122.3416,3051.247,summer,day1,32
2025-06-01 17:40:00,2711.0268,3023.664,summer,day1,32
2025-06-01 17:45:00,2545.4892,3032.9124,summer,day1,32
2025-06-01 17:50:00,2521.1124,3045.0664,summer,day1,32
2025-06-01 17:55:00,2543.04,3043.873,summer,day1,32
2025-06-01 18:00:00,2570.8884000000003,3038.4766,summer,day1,32
2025-06-01 18:05:00,2498.3952,3043.0803,summer,day1,32
2025-06-01 18:10:00,2600.8848,3061.3706,summer,day1,32
2025-06-01 18:15:00,2658.8952,3032.5571,summer,day1,32
2025-06-01 18:20:00,2163.9036,3035.9207,summer,day1,32
2025-06-01 18:25:00,2102.6904,3035.31,summer,day1,32
2025-06-01 18:30:00,2507.7168,3037.2036,summer,day1,32
2025-06-01 18:35:00,3421.4592000000002,3039.1975,summer,day1,32
2025-06-01 18:40:00,2807.2884,3035.0454,summer,day1,32
2025-06-01 18:45:00,2499.4464,3045.016,summer,day1,32
2025-06-01 18:50:00,2503.9452,3035.0288,summer,day1,32
2025-06-01 18:55:00,2464.7424,3040.6108,summer,day1,32
2025-06-01 19:00:00,2600.79,3007.0022,summer,day1,32
2025-06-01 19:05:00,3695.5464,2998.6826,summer,day1,32
2025-06-01 19:10:00,2330.4816,2977.763,summer,day1,32
2025-06-01 19:15:00,4419.794400000001,2984.0493,summer,day1,32
2025-06-01 19:20:00,3815.7084000000004,2980.9075,summer,day1,32
2025-06-01 19:25:00,2421.7824,2984.9102,summer,day1,32
2025-06-01 19:30:00,2543.9724,3000.2065,summer,day1,32
2025-06-01 19:35:00,2655.9828,2995.8577,summer,day1,32
2025-06-01 19:40:00,2640.4056,2988.6877,summer,day1,32
2025-06-01 19:45:00,2566.278,2982.5508,summer,day1,32
2025-06-01 19:50:00,3982.7364000000002,2982.2527,summer,day1,32
2025-06-01 19:55:00,2547.8172,2968.3284,summer,day1,32
2025-06-01 20:00:00,2575.1304,2971.9429,summer,day1,32
2025-06-01 20:05:00,2425.5816,2967.496,summer,day1,32
2025-06-01 20:10:00,2405.0676,2966.2976,summer,day1,32
2025-06-01 20:15:00,2391.6888,2973.341,summer,day1,32
2025-06-01 20:20:00,2529.078,2971.835,summer,day1,32
2025-06-01 20:25:00,2718.7656,2972.6028,summer,day1,32
2025-06-01 20:30:00,2516.5908,2973.0957,summer,day1,32
2025-06-01 20:35:00,2565.996,2967.4902,summer,day1,32
2025-06-01 20:40:00,2844.4092,2966.8032,summer,day1,32
2025-06-01 20:45:00,2795.7275999999997,2963.7915,summer,day1,32
2025-06-01 20:50:00,3136.416,2962.378,summer,day1,32
2025-06-01 20:55:00,2801.3436,2968.714,summer,day1,32
2025-06-01 21:00:00,3487.9380000000006,2969.2368,summer,day1,32
2025-06-01 21:05:00,5444.5428,2974.1484,summer,day1,32
2025-06-01 21:10:00,2689.6331999999998,2978.471,summer,day1,32
2025-06-01 21:15:00,2623.1232,2970.5972,summer,day1,32
2025-06-01 21:20:00,2600.0004,2952.8005,summer,day1,32
2025-06-01 21:25:00,2670.3216,2956.8691,summer,day1,32
2025-06-01 21:30:00,2692.434,2943.4897,summer,day1,32
2025-06-01 21:35:00,2714.4372,2938.914,summer,day1,32
2025-06-01 21:40:00,2700.2760000000003,2939.898,summer,day1,32
2025-06-01 21:45:00,3052.0656,2965.274,summer,day1,32
2025-06-01 21:50:00,3078.2484,2929.244,summer,day1,32
2025-06-01 21:55:00,3035.1684,2945.3655,summer,day1,32
2025-06-01 22:00:00,2783.4648,2977.906,summer,day1,32
2025-06-01 22:05:00,2785.8815999999997,2980.0981,summer,day1,32
2025-06-01 22:10:00,4259.868,2997.4956,summer,day1,32
2025-06-01 22:15:00,2610.0072,2997.1233,summer,day1,32
2025-06-01 22:20:00,2425.2203999999997,2951.8386,summer,day1,32
2025-06-01 22:25:00,2425.6223999999997,2985.0652,summer,day1,32
2025-06-01 22:30:00,2810.292,3020.431,summer,day1,32
2025-06-01 22:35:00,2570.988,2961.2048,summer,day1,32
2025-06-01 22:40:00,2472.0468,2996.2166,summer,day1,32
2025-06-01 22:45:00,2311.9932,3030.2534,summer,day1,32
2025-06-01 22:50:00,2304.8507999999997,3054.251,summer,day1,32
2025-06-01 22:55:00,2339.7288,3064.46,summer,day1,32
2025-06-01 23:00:00,2386.2048,3044.5703,summer,day1,32
2025-06-01 23:05:00,2396.2596000000003,3004.688,summer,day1,32
2025-06-01 23:10:00,2407.5312,2998.395,summer,day1,32
2025-06-01 23:15:00,2741.9652,3010.1985,summer,day1,32
2025-06-01 23:20:00,2382.4175999999998,3015.8833,summer,day1,32
2025-06-01 23:25:00,3181.968,3011.2542,summer,day1,32
2025-06-01 23:30:00,3738.246,3003.4663,summer,day1,32
2025-06-01 23:35:00,2528.7792,3018.7266,summer,day1,32
2025-06-01 23:40:00,2630.2608,3032.917,summer,day1,32
2025-06-01 23:45:00,2449.3128,3024.923,summer,day1,32
2025-06-01 23:50:00,2401.1412,3008.4194,summer,day1,32
2025-06-01 23:55:00,2395.2372,3008.703,summer,day1,32
2025-06-24 00:00:00,2356.5696,2342.0513,summer,day2,34
2025-06-24 00:05:00,2411.358,2354.457,summer,day2,34
2025-06-24 00:10:00,2821.9272,2355.9614,summer,day2,34
2025-06-24 00:15:00,2831.8404,2371.0889,summer,day2,34
2025-06-24 00:20:00,2597.4588,2390.7827,summer,day2,34
2025-06-24 00:25:00,2563.5384000000004,2401.3843,summer,day2,34
2025-06-24 00:30:00,3407.8908,2417.0757,summer,day2,34
2025-06-24 00:35:00,2765.4792,2439.7158,summer,day2,34
2025-06-24 00:40:00,2452.8432000000003,2456.3936,summer,day2,34
2025-06-24 00:45:00,2434.3848000000003,2463.4438,summer,day2,34
2025-06-24 00:50:00,2451.7644,2481.4434,summer,day2,34
2025-06-24 00:55:00,2130.21,2489.1255,summer,day2,34
2025-06-24 01:00:00,2233.194,2508.7812,summer,day2,34
2025-06-24 01:05:00,3605.7839999999997,2529.5713,summer,day2,34
2025-06-24 01:10:00,2808.7475999999997,2542.667,summer,day2,34
2025-06-24 01:15:00,2943.5292,2570.9946,summer,day2,34
2025-06-24 01:20:00,2578.9368,2589.9326,summer,day2,34
2025-06-24 01:25:00,2534.5584,2607.6533,summer,day2,34
2025-06-24 01:30:00,2113.9812,2618.0876,summer,day2,34
2025-06-24 01:35:00,2514.7836,2633.5737,summer,day2,34
2025-06-24 01:40:00,2447.6808,2627.281,summer,day2,34
2025-06-24 01:45:00,2441.1288,2639.7134,summer,day2,34
2025-06-24 01:50:00,2577.3671999999997,2653.1025,summer,day2,34
2025-06-24 01:55:00,2676.3347999999996,2667.292,summer,day2,34
2025-06-24 02:00:00,2500.8156000000004,2675.0098,summer,day2,34
2025-06-24 02:05:00,2388.3792000000003,2681.8794,summer,day2,34
2025-06-24 02:10:00,2485.8072,2693.1602,summer,day2,34
2025-06-24 02:15:00,2500.4004,2685.5254,summer,day2,34
2025-06-24 02:20:00,2470.71,2696.2063,summer,day2,34
2025-06-24 02:25:00,3962.8644,2694.175,summer,day2,34
2025-06-24 02:30:00,2498.4768,2696.402,summer,day2,34
2025-06-24 02:35:00,2558.0376,2695.075,summer,day2,34
2025-06-24 02:40:00,2158.6176,2701.9395,summer,day2,34
2025-06-24 02:45:00,2369.4336,2706.884,summer,day2,34
2025-06-24 02:50:00,2774.3916,2697.666,summer,day2,34
2025-06-24 02:55:00,2358.1403999999998,2696.0388,summer,day2,34
2025-06-24 03:00:00,2350.6272,2686.5615,summer,day2,34
2025-06-24 03:05:00,2805.0072,2691.8296,summer,day2,34
2025-06-24 03:10:00,2867.67,2679.6704,summer,day2,34
2025-06-24 03:15:00,2564.4936000000002,2684.2432,summer,day2,34
2025-06-24 03:20:00,2998.6512,2680.6372,summer,day2,34
2025-06-24 03:25:00,2742.8676,2689.5972,summer,day2,34
2025-06-24 03:30:00,2620.1232,2697.8235,summer,day2,34
2025-06-24 03:35:00,2824.1856,2696.4106,summer,day2,34
2025-06-24 03:40:00,2424.4332000000004,2696.5496,summer,day2,34
2025-06-24 03:45:00,3818.7059999999997,2686.4355,summer,day2,34
2025-06-24 03:50:00,1940.8883999999998,2692.4175,summer,day2,34
2025-06-24 03:55:00,2519.2560000000003,2691.7827,summer,day2,34
2025-06-24 04:00:00,2640.1248,2697.5679,summer,day2,34
2025-06-24 04:05:00,2472.1752,2701.0657,summer,day2,34
2025-06-24 04:10:00,2479.2708,2702.3115,summer,day2,34
2025-06-24 04:15:00,2458.1256000000003,2702.27,summer,day2,34
2025-06-24 04:20:00,2945.9124,2704.8083,summer,day2,34
2025-06-24 04:25:00,1830.9707999999998,2720.8455,summer,day2,34
2025-06-24 04:30:00,2352.888,2724.004,summer,day2,34
2025-06-24 04:35:00,2333.8559999999998,2732.29,summer,day2,34
2025-06-24 04:40:00,2529.5676,2737.3728,summer,day2,34
2025-06-24 04:45:00,2345.9615999999996,2742.5632,summer,day2,34
2025-06-24 04:50:00,2276.46,2740.9094,summer,day2,34
2025-06-24 04:55:00,2291.118,2746.502,summer,day2,34
2025-06-24 05:00:00,3367.95,2744.328,summer,day2,34
2025-06-24 05:05:00,2908.398,2746.5757,summer,day2,34
2025-06-24 05:10:00,2540.8356,2756.8535,summer,day2,34
2025-06-24 05:15:00,2495.7576,2765.6567,summer,day2,34
2025-06-24 05:20:00,2464.8887999999997,2749.6396,summer,day2,34
2025-06-24 05:25:00,2481.648,2757.3347,summer,day2,34
2025-06-24 05:30:00,2339.3903999999998,2752.9329,summer,day2,34
2025-06-24 05:35:00,1834.0224000000003,2780.953,summer,day2,34
2025-06-24 05:40:00,2187.312,2793.6797,summer,day2,34
2025-06-24 05:45:00,2216.6675999999998,2796.9373,summer,day2,34
2025-06-24 05:50:00,2267.7648,2847.9214,summer,day2,34
2025-06-24 05:55:00,2734.9883999999997,2818.8093,summer,day2,34
2025-06-24 06:00:00,2195.4792,2923.7163,summer,day2,34
2025-06-24 06:05:00,2311.0451999999996,2900.552,summer,day2,34
2025-06-24 06:10:00,2231.256,2897.3345,summer,day2,34
2025-06-24 06:15:00,2256.5316,2879.982,summer,day2,34
2025-06-24 06:20:00,3915.5832,2915.2625,summer,day2,34
2025-06-24 06:25:00,2262.4116000000004,2900.0107,summer,day2,34
2025-06-24 06:30:00,2237.8740000000003,2912.9934,summer,day2,34
2025-06-24 06:35:00,2517.7056000000002,2936.1238,summer,day2,34
2025-06-24 06:40:00,2973.66,2963.2805,summer,day2,34
2025-06-24 06:45:00,2641.7376,2962.6768,summer,day2,34
2025-06-24 06:50:00,2818.2924,2962.6736,summer,day2,34
2025-06-24 06:55:00,3222.3311999999996,2983.9023,summer,day2,34
2025-06-24 07:00:00,3169.374,2978.7007,summer,day2,34
2025-06-24 07:05:00,2716.782,2997.9402,summer,day2,34
2025-06-24 07:10:00,2466.1644,3019.9233,summer,day2,34
2025-06-24 07:15:00,2439.5088,2989.7524,summer,day2,34
2025-06-24 07:20:00,2492.7756,2981.3406,summer,day2,34
2025-06-24 07:25:00,2633.3292,3008.2954,summer,day2,34
2025-06-24 07:30:00,3860.7888,2999.9663,summer,day2,34
2025-06-24 07:35:00,12758.3508,3022.3877,summer,day2,34
2025-06-24 07:40:00,13033.7784,3048.097,summer,day2,34
2025-06-24 07:45:00,10706.01,3061.4392,summer,day2,34
2025-06-24 07:50:00,4031.3784,3063.1316,summer,day2,34
2025-06-24 07:55:00,4538.0664,3083.045,summer,day2,34
2025-06-24 08:00:00,5770.6068,3096.6045,summer,day2,34
2025-06-24 08:05:00,6086.1528,3085.0474,summer,day2,34
2025-06-24 08:10:00,4450.2888,3058.417,summer,day2,34
2025-06-24 08:15:00,4173.3096,3044.7974,summer,day2,34
2025-06-24 08:20:00,5067.804,3013.3672,summer,day2,34
2025-06-24 08:25:00,4492.3512,3008.609,summer,day2,34
2025-06-24 08:30:00,4050.0384,2988.5205,summer,day2,34
2025-06-24 08:35:00,5833.9800000000005,2982.6497,summer,day2,34
2025-06-24 08:40:00,4507.8888,2959.0554,summer,day2,34
2025-06-24 08:45:00,4903.134,2975.0496,summer,day2,34
2025-06-24 08:50:00,5765.508,2988.855,summer,day2,34
2025-06-24 08:55:00,6054.8496,2989.1553,summer,day2,34
2025-06-24 09:00:00,6162.2616,2989.0437,summer,day2,34
2025-06-24 09:05:00,4468.8624,2984.3472,summer,day2,34
2025-06-24 09:10:00,4301.638800000001,2970.8235,summer,day2,34
2025-06-24 09:15:00,5098.83,2952.0488,summer,day2,34
2025-06-24 09:20:00,5291.5632,2959.5796,summer,day2,34
2025-06-24 09:25:00,4459.9259999999995,2948.8535,summer,day2,34
2025-06-24 09:30:00,4992.5064,2940.8267,summer,day2,34
2025-06-24 09:35:00,4522.630800000001,2942.1204,summer,day2,34
2025-06-24 09:40:00,4221.2748,2959.8755,summer,day2,34
2025-06-24 09:45:00,3979.6692000000003,2967.315,summer,day2,34
2025-06-24 09:50:00,4549.5923999999995,2981.163,summer,day2,34
2025-06-24 09:55:00,4840.4256000000005,2994.1797,summer,day2,34
2025-06-24 10:00:00,5219.3796,3000.9363,summer,day2,34
2025-06-24 10:05:00,5934.624,3004.0706,summer,day2,34
2025-06-24 10:10:00,4991.5212,3009.5098,summer,day2,34
2025-06-24 10:15:00,6135.784799999999,3011.084,summer,day2,34
2025-06-24 10:20:00,7249.9547999999995,3006.234,summer,day2,34
2025-06-24 10:25:00,6449.8332,3010.1768,summer,day2,34
2025-06-24 10:30:00,5611.7064,3009.2832,summer,day2,34
2025-06-24 10:35:00,5147.0172,3016.4517,summer,day2,34
2025-06-24 10:40:00,6022.651199999999,2998.3647,summer,day2,34
2025-06-24 10:45:00,2209.1148000000003,3002.2776,summer,day2,34
2025-06-24 10:50:00,0.0,2996.5422,summer,day2,34
2025-06-24 10:55:00,0.0,2999.3264,summer,day2,34
2025-06-24 11:00:00,0.0,3000.7212,summer,day2,34
2025-06-24 11:05:00,0.0,3026.2688,summer,day2,34
2025-06-24 11:10:00,0.0,3033.0386,summer,day2,34
2025-06-24 11:15:00,0.0,3036.7488,summer,day2,34
2025-06-24 11:20:00,0.0,3059.6567,summer,day2,34
2025-06-24 11:25:00,10374.148799999999,3055.768,summer,day2,34
2025-06-24 11:30:00,8077.9836,3062.8044,summer,day2,34
2025-06-24 11:35:00,8140.6032000000005,3086.2737,summer,day2,34
2025-06-24 11:40:00,5274.2544,3080.2437,summer,day2,34
2025-06-24 11:45:00,4511.8464,3085.4912,summer,day2,34
2025-06-24 11:50:00,4432.8192,3110.2168,summer,day2,34
2025-06-24 11:55:00,4059.4175999999998,3097.1772,summer,day2,34
2025-06-24 12:00:00,4351.0296,3103.8552,summer,day2,34
2025-06-24 12:05:00,4626.9876,3139.4585,summer,day2,34
2025-06-24 12:10:00,4543.6848,3176.351,summer,day2,34
2025-06-24 12:15:00,4715.955599999999,3184.5686,summer,day2,34
2025-06-24 12:20:00,5139.732,3155.6104,summer,day2,34
2025-06-24 12:25:00,4729.7076,3131.447,summer,day2,34
2025-06-24 12:30:00,4742.9388,3167.1594,summer,day2,34
2025-06-24 12:35:00,4532.0748,3179.1548,summer,day2,34
2025-06-24 12:40:00,4787.046,3178.3481,summer,day2,34
2025-06-24 12:45:00,6061.9944000000005,3176.403,summer,day2,34
2025-06-24 12:50:00,4309.6464,3169.9338,summer,day2,34
2025-06-24 12:55:00,4927.7688,3151.577,summer,day2,34
2025-06-24 13:00:00,4759.4136,3168.9695,summer,day2,34
2025-06-24 13:05:00,4881.195600000001,3167.7026,summer,day2,34
2025-06-24 13:10:00,5205.7608,3172.977,summer,day2,34
2025-06-24 13:15:00,4842.1584,3170.9014,summer,day2,34
2025-06-24 13:20:00,4565.3916,3180.1052,summer,day2,34
2025-06-24 13:25:00,4868.202,3199.0312,summer,day2,34
2025-06-24 13:30:00,5420.0676,3186.8193,summer,day2,34
2025-06-24 13:35:00,4323.3936,3174.8157,summer,day2,34
2025-06-24 13:40:00,5516.91,3153.609,summer,day2,34
2025-06-24 13:45:00,3799.548,3163.524,summer,day2,34
2025-06-24 13:50:00,4270.5972,3153.3738,summer,day2,34
2025-06-24 13:55:00,4795.6308,3154.5093,summer,day2,34
2025-06-24 14:00:00,6366.4368,3146.9878,summer,day2,34
2025-06-24 14:05:00,4284.882,3147.2622,summer,day2,34
2025-06-24 14:10:00,3199.1567999999997,3148.0269,summer,day2,34
2025-06-24 14:15:00,3085.3104,3136.4194,summer,day2,34
2025-06-24 14:20:00,3536.8404,3139.1272,summer,day2,34
2025-06-24 14:25:00,3320.964,3135.4272,summer,day2,34
2025-06-24 14:30:00,3471.9648,3131.879,summer,day2,34
2025-06-24 14:35:00,3321.666,3122.3218,summer,day2,34
2025-06-24 14:40:00,3339.8076,3121.1726,summer,day2,34
2025-06-24 14:45:00,3742.1616000000004,3113.8203,summer,day2,34
2025-06-24 14:50:00,3813.8124,3104.7441,summer,day2,34
2025-06-24 14:55:00,3377.4335999999994,3102.2026,summer,day2,34
2025-06-24 15:00:00,3785.9628,3092.9219,summer,day2,34
2025-06-24 15:05:00,3971.3556,3100.3584,summer,day2,34
2025-06-24 15:10:00,3921.0804,3102.276,summer,day2,34
2025-06-24 15:15:00,3370.3032,3113.6833,summer,day2,34
2025-06-24 15:20:00,4189.9344,3121.0862,summer,day2,34
2025-06-24 15:25:00,2810.4336,3124.3516,summer,day2,34
2025-06-24 15:30:00,3074.682,3130.9553,summer,day2,34
2025-06-24 15:35:00,2481.8448,3136.619,summer,day2,34
2025-06-24 15:40:00,3805.3296,3131.6484,summer,day2,34
2025-06-24 15:45:00,3129.2508000000003,3134.1755,summer,day2,34
2025-06-24 15:50:00,2580.4908,3130.4517,summer,day2,34
2025-06-24 15:55:00,2946.5568,3138.4077,summer,day2,34
2025-06-24 16:00:00,3111.4716,3118.887,summer,day2,34
2025-06-24 16:05:00,3135.0924,3124.8862,summer,day2,34
2025-06-24 16:10:00,2783.4528,3117.6042,summer,day2,34
2025-06-24 16:15:00,3239.4624,3135.0535,summer,day2,34
2025-06-24 16:20:00,3294.3407999999995,3117.8108,summer,day2,34
2025-06-24 16:25:00,4283.1324,3112.3994,summer,day2,34
2025-06-24 16:30:00,2500.4712,3153.7617,summer,day2,34
2025-06-24 16:35:00,3620.7479999999996,3143.3718,summer,day2,34
2025-06-24 16:40:00,3150.3084,3160.9915,summer,day2,34
2025-06-24 16:45:00,2960.8824,3165.1597,summer,day2,34
2025-06-24 16:50:00,2897.2116,3179.7957,summer,day2,34
2025-06-24 16:55:00,2918.454,3181.7676,summer,day2,34
2025-06-24 17:00:00,4798.6584,3192.8757,summer,day2,34
2025-06-24 17:05:00,2999.7792,3183.4026,summer,day2,34
2025-06-24 17:10:00,2923.0044,3175.8284,summer,day2,34
2025-06-24 17:15:00,2641.3896,3167.7698,summer,day2,34
2025-06-24 17:20:00,2671.7760000000003,3205.3303,summer,day2,34
2025-06-24 17:25:00,2650.9716,3250.2383,summer,day2,34
2025-06-24 17:30:00,2825.0496,3267.652,summer,day2,34
2025-06-24 17:35:00,2896.6572,3280.0493,summer,day2,34
2025-06-24 17:40:00,3510.9528,3274.5378,summer,day2,34
2025-06-24 17:45:00,4574.4612,3252.403,summer,day2,34
2025-06-24 17:50:00,2827.3464,3208.7788,summer,day2,34
2025-06-24 17:55:00,3183.7536,3214.5593,summer,day2,34
2025-06-24 18:00:00,6137.4144,3228.4119,summer,day2,34
2025-06-24 18:05:00,13028.5596,3261.378,summer,day2,34
2025-06-24 18:10:00,12003.9588,3259.435,summer,day2,34
2025-06-24 18:15:00,4283.983200000001,3236.6035,summer,day2,34
2025-06-24 18:20:00,3900.2591999999995,3239.2195,summer,day2,34
2025-06-24 18:25:00,3571.0476000000003,3243.7947,summer,day2,34
2025-06-24 18:30:00,4422.8664,3246.7903,summer,day2,34
2025-06-24 18:35:00,4603.4748,3267.7275,summer,day2,34
2025-06-24 18:40:00,3922.4208,3266.0537,summer,day2,34
2025-06-24 18:45:00,5402.8668,3267.2393,summer,day2,34
2025-06-24 18:50:00,4105.824,3243.183,summer,day2,34
2025-06-24 18:55:00,6040.26,3238.4775,summer,day2,34
2025-06-24 19:00:00,6760.8516,3250.8125,summer,day2,34
2025-06-24 19:05:00,4314.4788,3261.7417,summer,day2,34
2025-06-24 19:10:00,3982.2588000000005,3246.834,summer,day2,34
2025-06-24 19:15:00,5452.4472000000005,3250.7969,summer,day2,34
2025-06-24 19:20:00,3731.5775999999996,3240.4102,summer,day2,34
2025-06-24 19:25:00,2943.654,3235.8628,summer,day2,34
2025-06-24 19:30:00,3148.674,3220.0256,summer,day2,34
2025-06-24 19:35:00,2842.8444,3207.5098,summer,day2,34
2025-06-24 19:40:00,4424.7624,3204.49,summer,day2,34
2025-06-24 19:45:00,2855.5667999999996,3202.955,summer,day2,34
2025-06-24 19:50:00,2756.3256,3207.9094,summer,day2,34
2025-06-24 19:55:00,2818.3848000000003,3198.3267,summer,day2,34
2025-06-24 20:00:00,3068.9736000000003,3195.8716,summer,day2,34
2025-06-24 20:05:00,4017.7236,3184.3447,summer,day2,34
2025-06-24 20:10:00,3180.042,3175.5388,summer,day2,34
2025-06-24 20:15:00,2247.564,3172.676,summer,day2,34
2025-06-24 20:20:00,2287.1531999999997,3165.3333,summer,day2,34
2025-06-24 20:25:00,2420.6387999999997,3169.697,summer,day2,34
2025-06-24 20:30:00,4464.534,3169.6716,summer,day2,34
2025-06-24 20:35:00,3274.3548,3167.7942,summer,day2,34
2025-06-24 20:40:00,1980.7788,3168.6572,summer,day2,34
2025-06-24 20:45:00,2157.738,3163.3257,summer,day2,34
2025-06-24 20:50:00,2306.8032,3165.442,summer,day2,34
2025-06-24 20:55:00,2534.0748,3169.766,summer,day2,34
2025-06-24 21:00:00,2524.3692,3168.4597,summer,day2,34
2025-06-24 21:05:00,2142.9612,3175.3997,summer,day2,34
2025-06-24 21:10:00,2104.218,3179.201,summer,day2,34
2025-06-24 21:15:00,3007.1592,3176.275,summer,day2,34
2025-06-24 21:20:00,2693.538,3156.934,summer,day2,34
2025-06-24 21:25:00,2847.2256,3163.47,summer,day2,34
2025-06-24 21:30:00,2899.1220000000003,3152.3103,summer,day2,34
2025-06-24 21:35:00,2790.2484,3158.9978,summer,day2,34
2025-06-24 21:40:00,2656.9428,3152.313,summer,day2,34
2025-06-24 21:45:00,2621.6328000000003,3149.0767,summer,day2,34
2025-06-24 21:50:00,2624.322,3169.495,summer,day2,34
2025-06-24 21:55:00,2582.082,3193.11,summer,day2,34
2025-06-24 22:00:00,2492.7912,3197.311,summer,day2,34
2025-06-24 22:05:00,2343.1403999999998,3201.7847,summer,day2,34
2025-06-24 22:10:00,2291.2308000000003,3221.5754,summer,day2,34
2025-06-24 22:15:00,2364.4236,3185.553,summer,day2,34
2025-06-24 22:20:00,2391.6059999999998,3198.604,summer,day2,34
2025-06-24 22:25:00,2501.1684,3184.6646,summer,day2,34
2025-06-24 22:30:00,2982.7956,3222.0112,summer,day2,34
2025-06-24 22:35:00,2872.9128,3207.1646,summer,day2,34
2025-06-24 22:40:00,2819.4684,3225.5894,summer,day2,34
2025-06-24 22:45:00,2847.5784,3265.1824,summer,day2,34
2025-06-24 22:50:00,2850.1812,3293.4377,summer,day2,34
2025-06-24 22:55:00,2677.2192,3273.5327,summer,day2,34
2025-06-24 23:00:00,2564.2596,3214.3987,summer,day2,34
2025-06-24 23:05:00,2354.1588,3181.3267,summer,day2,34
2025-06-24 23:10:00,2379.594,3195.9573,summer,day2,34
2025-06-24 23:15:00,2559.54,3206.4312,summer,day2,34
2025-06-24 23:20:00,2436.492,3216.114,summer,day2,34
2025-06-24 23:25:00,2404.9175999999998,3243.7146,summer,day2,34
2025-06-24 23:30:00,2388.7176,3264.733,summer,day2,34
2025-06-24 23:35:00,2431.6716,3244.061,summer,day2,34
2025-06-24 23:40:00,2481.1356,3232.505,summer,day2,34
2025-06-24 23:45:00,2668.3704,3210.6475,summer,day2,34
2025-06-24 23:50:00,2523.8172000000004,3201.1714,summer,day2,34
2025-06-24 23:55:00,2377.2336,3214.6565,summer,day2,34
2025-07-17 00:00:00,5246.0484,5662.412,summer,day3,37
2025-07-17 00:05:00,5356.5491999999995,5597.395,summer,day3,37
2025-07-17 00:10:00,5203.0692,5573.9336,summer,day3,37
2025-07-17 00:15:00,5114.8428,5503.441,summer,day3,37
2025-07-17 00:20:00,5111.4,5437.692,summer,day3,37
2025-07-17 00:25:00,4177.302000000001,5368.426,summer,day3,37
2025-07-17 00:30:00,3789.2208,5313.166,summer,day3,37
2025-07-17 00:35:00,3766.1652000000004,5256.5527,summer,day3,37
2025-07-17 00:40:00,3981.3,5186.076,summer,day3,37
2025-07-17 00:45:00,3932.2392,5117.968,summer,day3,37
2025-07-17 00:50:00,4200.8148,5089.3145,summer,day3,37
2025-07-17 00:55:00,3925.5864,5041.9956,summer,day3,37
2025-07-17 01:00:00,4000.392,4994.718,summer,day3,37
2025-07-17 01:05:00,3869.9772000000003,4963.205,summer,day3,37
2025-07-17 01:10:00,3786.9983999999995,4913.966,summer,day3,37
2025-07-17 01:15:00,3910.2767999999996,4907.2944,summer,day3,37
2025-07-17 01:20:00,3882.3659999999995,4857.094,summer,day3,37
2025-07-17 01:25:00,3814.8792000000003,4808.6797,summer,day3,37
2025-07-17 01:30:00,3929.1024000000007,4783.363,summer,day3,37
2025-07-17 01:35:00,3919.0188000000003,4750.367,summer,day3,37
2025-07-17 01:40:00,4097.3076,4720.4414,summer,day3,37
2025-07-17 01:45:00,4060.0032,4674.127,summer,day3,37
2025-07-17 01:50:00,4196.1264,4646.621,summer,day3,37
2025-07-17 01:55:00,4211.3124,4618.4243,summer,day3,37
2025-07-17 02:00:00,3966.1452,4572.4194,summer,day3,37
2025-07-17 02:05:00,3856.932,4565.1753,summer,day3,37
2025-07-17 02:10:00,3851.5968000000003,4533.85,summer,day3,37
2025-07-17 02:15:00,2869.5348,4518.492,summer,day3,37
2025-07-17 02:20:00,2371.6428,4504.4375,summer,day3,37
2025-07-17 02:25:00,2450.4708,4501.669,summer,day3,37
2025-07-17 02:30:00,2315.2763999999997,4483.894,summer,day3,37
2025-07-17 02:35:00,2376.9648,4458.2075,summer,day3,37
2025-07-17 02:40:00,2425.7136,4424.3853,summer,day3,37
2025-07-17 02:45:00,2429.9352,4415.877,summer,day3,37
2025-07-17 02:50:00,2390.3856,4395.3286,summer,day3,37
2025-07-17 02:55:00,2386.8552,4377.1836,summer,day3,37
2025-07-17 03:00:00,2431.0488,4366.293,summer,day3,37
2025-07-17 03:05:00,2698.674,4371.745,summer,day3,37
2025-07-17 03:10:00,2730.6624,4361.006,summer,day3,37
2025-07-17 03:15:00,2747.6892,4365.9326,summer,day3,37
2025-07-17 03:20:00,2523.4991999999997,4359.5254,summer,day3,37
2025-07-17 03:25:00,2460.6456,4349.679,summer,day3,37
2025-07-17 03:30:00,2440.014,4360.4497,summer,day3,37
2025-07-17 03:35:00,2432.5992,4348.1494,summer,day3,37
2025-07-17 03:40:00,2599.3776,4335.142,summer,day3,37
2025-07-17 03:45:00,2705.4552,4318.68,summer,day3,37
2025-07-17 03:50:00,2623.6236,4296.5967,summer,day3,37
2025-07-17 03:55:00,2478.0384000000004,4266.236,summer,day3,37
2025-07-17 04:00:00,2335.9368000000004,4218.49,summer,day3,37
2025-07-17 04:05:00,2251.9632,4203.567,summer,day3,37
2025-07-17 04:10:00,2529.6984,4184.491,summer,day3,37
2025-07-17 04:15:00,2788.8228,4176.256,summer,day3,37
2025-07-17 04:20:00,2851.6332,4140.1187,summer,day3,37
2025-07-17 04:25:00,2461.8024,4140.894,summer,day3,37
2025-07-17 04:30:00,2586.2183999999997,4115.773,summer,day3,37
2025-07-17 04:35:00,2548.9356,4081.671,summer,day3,37
2025-07-17 04:40:00,2482.7676,4054.3154,summer,day3,37
2025-07-17 04:45:00,2635.4016,4024.6597,summer,day3,37
2025-07-17 04:50:00,2669.6448,4008.516,summer,day3,37
2025-07-17 04:55:00,2490.3444,3987.9392,summer,day3,37
2025-07-17 05:00:00,2453.6315999999997,3965.5264,summer,day3,37
2025-07-17 05:05:00,2496.9624,3949.5903,summer,day3,37
2025-07-17 05:10:00,2487.0912,3958.4128,summer,day3,37
2025-07-17 05:15:00,2354.1288,3950.5474,summer,day3,37
2025-07-17 05:20:00,2367.9612,3939.714,summer,day3,37
2025-07-17 05:25:00,2027.0747999999999,3944.1023,summer,day3,37
2025-07-17 05:30:00,2033.0387999999998,3936.5586,summer,day3,37
2025-07-17 05:35:00,2132.3436,3893.4895,summer,day3,37
2025-07-17 05:40:00,2186.538,3852.838,summer,day3,37
2025-07-17 05:45:00,2277.5208,3795.1816,summer,day3,37
2025-07-17 05:50:00,2383.4532,3752.489,summer,day3,37
2025-07-17 05:55:00,2263.3512,3698.0825,summer,day3,37
2025-07-17 06:00:00,2142.2964,3680.731,summer,day3,37
2025-07-17 06:05:00,2132.5476,3764.4895,summer,day3,37
2025-07-17 06:10:00,2150.2956,3778.8396,summer,day3,37
2025-07-17 06:15:00,2239.2588,3626.3298,summer,day3,37
2025-07-17 06:20:00,2391.6612,3618.6416,summer,day3,37
2025-07-17 06:25:00,2539.6872000000003,3609.3713,summer,day3,37
2025-07-17 06:30:00,2463.282,3652.8508,summer,day3,37
2025-07-17 06:35:00,2265.4955999999997,3608.6316,summer,day3,37
2025-07-17 06:40:00,2153.3052,3644.0474,summer,day3,37
2025-07-17 06:45:00,2090.0616,3636.0405,summer,day3,37
2025-07-17 06:50:00,2232.0252,3694.7498,summer,day3,37
2025-07-17 06:55:00,2288.1564,3632.8997,summer,day3,37
2025-07-17 07:00:00,2431.6992,3578.052,summer,day3,37
2025-07-17 07:05:00,2459.5032,3548.296,summer,day3,37
2025-07-17 07:10:00,2412.8052,3573.46,summer,day3,37
2025-07-17 07:15:00,2845.1148000000003,3601.1924,summer,day3,37
2025-07-17 07:20:00,3148.1328000000003,3559.492,summer,day3,37
2025-07-17 07:25:00,3165.2424,3574.6443,summer,day3,37
2025-07-17 07:30:00,3216.468,3601.755,summer,day3,37
2025-07-17 07:35:00,3406.0248,3624.457,summer,day3,37
2025-07-17 07:40:00,3412.6344,3644.43,summer,day3,37
2025-07-17 07:45:00,3796.7232000000004,3637.449,summer,day3,37
2025-07-17 07:50:00,12464.6484,3554.6978,summer,day3,37
2025-07-17 07:55:00,11088.114,3484.1956,summer,day3,37
2025-07-17 08:00:00,6102.2028,3468.214,summer,day3,37
2025-07-17 08:05:00,6575.924400000001,3473.8215,summer,day3,37
2025-07-17 08:10:00,6474.072,3487.764,summer,day3,37
2025-07-17 08:15:00,7917.368400000001,3496.9578,summer,day3,37
2025-07-17 08:20:00,5783.8344,3510.5825,summer,day3,37
2025-07-17 08:25:00,4748.4828,3534.695,summer,day3,37
2025-07-17 08:30:00,4604.4228,3522.185,summer,day3,37
2025-07-17 08:35:00,4767.498,3515.8643,summer,day3,37
2025-07-17 08:40:00,4559.272800000001,3532.4988,summer,day3,37
2025-07-17 08:45:00,4849.681200000001,3520.214,summer,day3,37
2025-07-17 08:50:00,5948.52,3508.6396,summer,day3,37
2025-07-17 08:55:00,6792.8063999999995,3486.3928,summer,day3,37
2025-07-17 09:00:00,6504.967200000001,3471.3726,summer,day3,37
2025-07-17 09:05:00,5775.3168000000005,3452.6057,summer,day3,37
2025-07-17 09:10:00,4880.7108,3463.3235,summer,day3,37
2025-07-17 09:15:00,5552.7036,3480.4355,summer,day3,37
2025-07-17 09:20:00,6530.7624000000005,3517.4917,summer,day3,37
2025-07-17 09:25:00,5388.566400000001,3522.215,summer,day3,37
2025-07-17 09:30:00,5798.6232,3492.9893,summer,day3,37
2025-07-17 09:35:00,5717.1276,3489.8274,summer,day3,37
2025-07-17 09:40:00,5498.9712,3451.348,summer,day3,37
2025-07-17 09:45:00,4674.5160000000005,3443.4194,summer,day3,37
2025-07-17 09:50:00,5567.778,3399.0166,summer,day3,37
2025-07-17 09:55:00,5435.2248,3377.9465,summer,day3,37
2025-07-17 10:00:00,4890.4344,3359.3145,summer,day3,37
2025-07-17 10:05:00,4255.0512,3343.364,summer,day3,37
2025-07-17 10:10:00,4441.3284,3331.2156,summer,day3,37
2025-07-17 10:15:00,4890.2976,3325.9863,summer,day3,37
2025-07-17 10:20:00,4805.6196,3312.9736,summer,day3,37
2025-07-17 10:25:00,6851.9232,3304.9307,summer,day3,37
2025-07-17 10:30:00,5099.004,3314.0337,summer,day3,37
2025-07-17 10:35:00,4659.8508,3302.7817,summer,day3,37
2025-07-17 10:40:00,6122.6844,3289.6497,summer,day3,37
2025-07-17 10:45:00,4203.4800000000005,3296.9307,summer,day3,37
2025-07-17 10:50:00,4802.1576000000005,3287.411,summer,day3,37
2025-07-17 10:55:00,4432.9236,3291.3416,summer,day3,37
2025-07-17 11:00:00,4953.2532,3281.7239,summer,day3,37
2025-07-17 11:05:00,5866.8576,3266.9912,summer,day3,37
2025-07-17 11:10:00,5520.3012,3261.417,summer,day3,37
2025-07-17 11:15:00,5037.6252,3338.1438,summer,day3,37
2025-07-17 11:20:00,4809.15,3336.7168,summer,day3,37
2025-07-17 11:25:00,5365.188,3350.1924,summer,day3,37
2025-07-17 11:30:00,4426.3884,3372.0398,summer,day3,37
2025-07-17 11:35:00,4918.7592,3290.0322,summer,day3,37
2025-07-17 11:40:00,5263.7256,3256.6345,summer,day3,37
2025-07-17 11:45:00,4268.602800000001,3356.6077,summer,day3,37
2025-07-17 11:50:00,4858.2036,3345.8633,summer,day3,37
2025-07-17 11:55:00,5438.0904,3338.746,summer,day3,37
2025-07-17 12:00:00,4499.245199999999,3378.4812,summer,day3,37
2025-07-17 12:05:00,4930.468800000001,3418.7932,summer,day3,37
2025-07-17 12:10:00,4484.1,3341.4048,summer,day3,37
2025-07-17 12:15:00,5279.354399999999,3375.335,summer,day3,37
2025-07-17 12:20:00,5635.4208,3377.6028,summer,day3,37
2025-07-17 12:25:00,7468.26,3408.2551,summer,day3,37
2025-07-17 12:30:00,5192.6436,3379.625,summer,day3,37
2025-07-17 12:35:00,4543.9488,3374.5532,summer,day3,37
2025-07-17 12:40:00,6092.5008,3374.3284,summer,day3,37
2025-07-17 12:45:00,7782.559200000001,3399.5806,summer,day3,37
2025-07-17 12:50:00,6412.6092,3395.9338,summer,day3,37
2025-07-17 12:55:00,6379.0584,3424.4116,summer,day3,37
2025-07-17 13:00:00,4599.3876,3442.707,summer,day3,37
2025-07-17 13:05:00,4737.0216,3398.945,summer,day3,37
2025-07-17 13:10:00,6574.3068,3397.6584,summer,day3,37
2025-07-17 13:15:00,5047.7232,3406.864,summer,day3,37
2025-07-17 13:20:00,6563.8068,3399.8171,summer,day3,37
2025-07-17 13:25:00,7114.498799999999,3410.0564,summer,day3,37
2025-07-17 13:30:00,5494.794,3389.635,summer,day3,37
2025-07-17 13:35:00,4849.7352,3391.0552,summer,day3,37
2025-07-17 13:40:00,5346.7044000000005,3373.1687,summer,day3,37
2025-07-17 13:45:00,4955.202,3379.4097,summer,day3,37
2025-07-17 13:50:00,5024.3364,3357.089,summer,day3,37
2025-07-17 13:55:00,4966.8852,3360.9219,summer,day3,37
2025-07-17 14:00:00,4621.818,3344.865,summer,day3,37
2025-07-17 14:05:00,5243.9112000000005,3340.9502,summer,day3,37
2025-07-17 14:10:00,6409.0632,3348.4888,summer,day3,37
2025-07-17 14:15:00,4819.956,3346.3716,summer,day3,37
2025-07-17 14:20:00,4747.390799999999,3342.5044,summer,day3,37
2025-07-17 14:25:00,6238.9308,3335.5632,summer,day3,37
2025-07-17 14:30:00,5582.022,3326.707,summer,day3,37
2025-07-17 14:35:00,4787.9088,3315.513,summer,day3,37
2025-07-17 14:40:00,4944.138,3304.2183,summer,day3,37
2025-07-17 14:45:00,5074.722,3295.581,summer,day3,37
2025-07-17 14:50:00,5499.2352,3288.2217,summer,day3,37
2025-07-17 14:55:00,4968.6384,3294.0112,summer,day3,37
2025-07-17 15:00:00,5770.7616,3287.0342,summer,day3,37
2025-07-17 15:05:00,5905.2468,3284.8523,summer,day3,37
2025-07-17 15:10:00,5332.9752,3279.7502,summer,day3,37
2025-07-17 15:15:00,4588.5576,3271.4995,summer,day3,37
2025-07-17 15:20:00,4382.6664,3270.6355,summer,day3,37
2025-07-17 15:25:00,4640.8212,3263.7935,summer,day3,37
2025-07-17 15:30:00,4833.7644,3270.8945,summer,day3,37
2025-07-17 15:35:00,4735.32,3283.3845,summer,day3,37
2025-07-17 15:40:00,5593.9956,3279.3135,summer,day3,37
2025-07-17 15:45:00,6699.9204,3285.4443,summer,day3,37
2025-07-17 15:50:00,5349.530400000001,3285.6096,summer,day3,37
2025-07-17 15:55:00,4272.5472,3277.35,summer,day3,37
2025-07-17 16:00:00,5156.5692,3254.9863,summer,day3,37
2025-07-17 16:05:00,3829.3248,3259.0547,summer,day3,37
2025-07-17 16:10:00,3904.7964,3243.1067,summer,day3,37
2025-07-17 16:15:00,3894.5555999999997,3242.3306,summer,day3,37
2025-07-17 16:20:00,3870.8376000000003,3235.053,summer,day3,37
2025-07-17 16:25:00,4002.0528,3220.57,summer,day3,37
2025-07-17 16:30:00,3569.1551999999997,3260.065,summer,day3,37
2025-07-17 16:35:00,3827.4168,3251.9004,summer,day3,37
2025-07-17 16:40:00,4213.9656,3280.491,summer,day3,37
2025-07-17 16:45:00,3695.3868,3226.2664,summer,day3,37
2025-07-17 16:50:00,3703.0847999999996,3292.2437,summer,day3,37
2025-07-17 16:55:00,5570.166,3249.079,summer,day3,37
2025-07-17 17:00:00,4633.2624,3275.9502,summer,day3,37
2025-07-17 17:05:00,6476.478,3303.8555,summer,day3,37
2025-07-17 17:10:00,5138.442,3271.5654,summer,day3,37
2025-07-17 17:15:00,5058.0504,3251.1714,summer,day3,37
2025-07-17 17:20:00,5018.3351999999995,3254.3945,summer,day3,37
2025-07-17 17:25:00,4594.0596000000005,3292.1208,summer,day3,37
2025-07-17 17:30:00,3719.3544,3228.5137,summer,day3,37
2025-07-17 17:35:00,3734.5440000000003,3253.3289,summer,day3,37
2025-07-17 17:40:00,3975.9672,3242.2314,summer,day3,37
2025-07-17 17:45:00,4450.2204,3272.2344,summer,day3,37
2025-07-17 17:50:00,4235.4132,3319.8596,summer,day3,37
2025-07-17 17:55:00,3930.0624,3345.4543,summer,day3,37
2025-07-17 18:00:00,5268.5292,3329.365,summer,day3,37
2025-07-17 18:05:00,5162.6532,3320.388,summer,day3,37
2025-07-17 18:10:00,4423.0344,3303.9893,summer,day3,37
2025-07-17 18:15:00,5258.8056,3333.0266,summer,day3,37
2025-07-17 18:20:00,4014.7344,3344.952,summer,day3,37
2025-07-17 18:25:00,3932.4660000000003,3309.329,summer,day3,37
2025-07-17 18:30:00,3727.0728000000004,3265.2065,summer,day3,37
2025-07-17 18:35:00,3610.1976000000004,3273.4517,summer,day3,37
2025-07-17 18:40:00,3780.9444000000003,3276.0122,summer,day3,37
2025-07-17 18:45:00,3828.2172000000005,3291.669,summer,day3,37
2025-07-17 18:50:00,3959.0099999999998,3288.4138,summer,day3,37
2025-07-17 18:55:00,4518.9228,3274.2104,summer,day3,37
2025-07-17 19:00:00,3927.3635999999997,3269.7197,summer,day3,37
2025-07-17 19:05:00,3844.9199999999996,3277.124,summer,day3,37
2025-07-17 19:10:00,4531.116,3257.3638,summer,day3,37
2025-07-17 19:15:00,6519.4812,3264.4194,summer,day3,37
2025-07-17 19:20:00,5548.7663999999995,3256.8755,summer,day3,37
2025-07-17 19:25:00,4800.1116,3257.4844,summer,day3,37
2025-07-17 19:30:00,3718.7748,3269.626,summer,day3,37
2025-07-17 19:35:00,4131.6144,3260.25,summer,day3,37
2025-07-17 19:40:00,3456.3072,3253.1064,summer,day3,37
2025-07-17 19:45:00,3640.9728000000005,3250.46,summer,day3,37
2025-07-17 19:50:00,3621.3959999999997,3233.7861,summer,day3,37
2025-07-17 19:55:00,3452.7012000000004,3212.9092,summer,day3,37
2025-07-17 20:00:00,3340.0343999999996,3208.0176,summer,day3,37
2025-07-17 20:05:00,3938.4468,3189.1504,summer,day3,37
2025-07-17 20:10:00,5138.5524,3188.841,summer,day3,37
2025-07-17 20:15:00,4519.9536,3209.6506,summer,day3,37
2025-07-17 20:20:00,3926.7612,3216.4985,summer,day3,37
2025-07-17 20:25:00,3740.0208,3213.104,summer,day3,37
2025-07-17 20:30:00,4663.9524,3214.9348,summer,day3,37
2025-07-17 20:35:00,4187.022,3205.7427,summer,day3,37
2025-07-17 20:40:00,3741.7536,3203.5469,summer,day3,37
2025-07-17 20:45:00,4081.4483999999998,3196.5354,summer,day3,37
2025-07-17 20:50:00,4111.0248,3199.104,summer,day3,37
2025-07-17 20:55:00,4040.1852,3205.776,summer,day3,37
2025-07-17 21:00:00,4022.5296000000003,3204.3733,summer,day3,37
2025-07-17 21:05:00,5074.1916,3211.4688,summer,day3,37
2025-07-17 21:10:00,5019.6864000000005,3217.5369,summer,day3,37
2025-07-17 21:15:00,5235.1056,3210.225,summer,day3,37
2025-07-17 21:20:00,5198.7276,3187.7603,summer,day3,37
2025-07-17 21:25:00,5041.8972,3193.914,summer,day3,37
2025-07-17 21:30:00,4947.7572,3174.3545,summer,day3,37
2025-07-17 21:35:00,4845.9983999999995,3144.0918,summer,day3,37
2025-07-17 21:40:00,4915.1556,3170.3794,summer,day3,37
2025-07-17 21:45:00,4995.6108,3165.9172,summer,day3,37
2025-07-17 21:50:00,5145.023999999999,3151.2334,summer,day3,37
2025-07-17 21:55:00,4821.938400000001,3170.0798,summer,day3,37
2025-07-17 22:00:00,5224.206,3225.0852,summer,day3,37
2025-07-17 22:05:00,5409.0491999999995,3212.7808,summer,day3,37
2025-07-17 22:10:00,7144.282800000001,3202.6704,summer,day3,37
2025-07-17 22:15:00,7163.3364,3168.2827,summer,day3,37
2025-07-17 22:20:00,5021.166,3158.954,summer,day3,37
2025-07-17 22:25:00,5094.3084,3152.9282,summer,day3,37
2025-07-17 22:30:00,5358.468,3203.0537,summer,day3,37
2025-07-17 22:35:00,5151.765600000001,3214.0508,summer,day3,37
2025-07-17 22:40:00,5313.6588,3271.19,summer,day3,37
2025-07-17 22:45:00,5620.0271999999995,3239.1755,summer,day3,37
2025-07-17 22:50:00,5626.4496,3163.8076,summer,day3,37
2025-07-17 22:55:00,5536.8804,3177.1262,summer,day3,37
2025-07-17 23:00:00,5400.3396,3162.3293,summer,day3,37
2025-07-17 23:05:00,5470.469999999999,3188.2024,summer,day3,37
2025-07-17 23:10:00,5739.8243999999995,3233.75,summer,day3,37
2025-07-17 23:15:00,5787.3996,3245.011,summer,day3,37
2025-07-17 23:20:00,5927.4816,3232.5642,summer,day3,37
2025-07-17 23:25:00,5834.090399999999,3252.0383,summer,day3,37
2025-07-17 23:30:00,5615.3124,3234.2288,summer,day3,37
2025-07-17 23:35:00,5421.51,3227.8667,summer,day3,37
2025-07-17 23:40:00,5291.3436,3233.771,summer,day3,37
2025-07-17 23:45:00,6521.7792,3231.8296,summer,day3,37
2025-07-17 23:50:00,5161.5504,3225.4854,summer,day3,37
2025-07-17 23:55:00,4628.9604,3216.6252,summer,day3,37
2025-08-08 00:00:00,2905.4832,4240.211,summer,day4,33
2025-08-08 00:05:00,2841.84,4183.8174,summer,day4,33
2025-08-08 00:10:00,3052.6944,4117.2334,summer,day4,33
2025-08-08 00:15:00,3142.6728,4060.7544,summer,day4,33
2025-08-08 00:20:00,2870.1984,4001.8315,summer,day4,33
2025-08-08 00:25:00,2817.8292,3944.3748,summer,day4,33
2025-08-08 00:30:00,2915.0568,3907.6492,summer,day4,33
2025-08-08 00:35:00,2962.2383999999997,3861.387,summer,day4,33
2025-08-08 00:40:00,2623.6164,3808.2358,summer,day4,33
2025-08-08 00:45:00,2690.5608,3773.3098,summer,day4,33
2025-08-08 00:50:00,2906.832,3756.6619,summer,day4,33
2025-08-08 00:55:00,2565.0204,3723.987,summer,day4,33
2025-08-08 01:00:00,2503.4616,3703.0972,summer,day4,33
2025-08-08 01:05:00,2474.418,3675.3743,summer,day4,33
2025-08-08 01:10:00,2648.3604,3644.4688,summer,day4,33
2025-08-08 01:15:00,2786.8572,3606.5762,summer,day4,33
2025-08-08 01:20:00,2711.532,3568.1355,summer,day4,33
2025-08-08 01:25:00,2803.4472,3545.2375,summer,day4,33
2025-08-08 01:30:00,2854.1808,3525.8503,summer,day4,33
2025-08-08 01:35:00,2967.666,3507.4817,summer,day4,33
2025-08-08 01:40:00,2924.532,3498.802,summer,day4,33
2025-08-08 01:45:00,2853.4332,3473.0535,summer,day4,33
2025-08-08 01:50:00,2575.8959999999997,3458.7146,summer,day4,33
2025-08-08 01:55:00,2489.8164,3454.5603,summer,day4,33
2025-08-08 02:00:00,2426.1984,3438.2239,summer,day4,33
2025-08-08 02:05:00,2760.0792,3436.6013,summer,day4,33
2025-08-08 02:10:00,3409.6788,3422.4927,summer,day4,33
2025-08-08 02:15:00,3478.7292,3405.316,summer,day4,33
2025-08-08 02:20:00,3429.4031999999997,3393.2783,summer,day4,33
2025-08-08 02:25:00,3368.4684,3367.7195,summer,day4,33
2025-08-08 02:30:00,3050.1252,3354.7766,summer,day4,33
2025-08-08 02:35:00,2940.1956,3340.7737,summer,day4,33
2025-08-08 02:40:00,3120.0227999999997,3321.5947,summer,day4,33
2025-08-08 02:45:00,4267.158,3315.0273,summer,day4,33
2025-08-08 02:50:00,4474.515600000001,3303.1252,summer,day4,33
2025-08-08 02:55:00,3739.8084000000003,3298.0962,summer,day4,33
2025-08-08 03:00:00,5022.6144,3284.053,summer,day4,33
2025-08-08 03:05:00,4454.8908,3287.2993,summer,day4,33
2025-08-08 03:10:00,2717.2367999999997,3285.8113,summer,day4,33
2025-08-08 03:15:00,3616.4352,3277.8555,summer,day4,33
2025-08-08 03:20:00,5155.7544,3269.944,summer,day4,33
2025-08-08 03:25:00,3559.5,3267.8098,summer,day4,33
2025-08-08 03:30:00,2605.1423999999997,3272.0447,summer,day4,33
2025-08-08 03:35:00,2508.5832,3267.272,summer,day4,33
2025-08-08 03:40:00,2695.8588000000004,3266.705,summer,day4,33
2025-08-08 03:45:00,2457.4272,3264.6555,summer,day4,33
2025-08-08 03:50:00,2337.6576,3253.4583,summer,day4,33
2025-08-08 03:55:00,2346.7884,3244.4226,summer,day4,33
2025-08-08 04:00:00,2334.5664,3239.52,summer,day4,33
2025-08-08 04:05:00,2381.9700000000003,3242.1055,summer,day4,33
2025-08-08 04:10:00,2430.6504,3237.4468,summer,day4,33
2025-08-08 04:15:00,2522.2812,3243.0012,summer,day4,33
2025-08-08 04:20:00,2233.764,3235.409,summer,day4,33
2025-08-08 04:25:00,2555.6351999999997,3244.5095,summer,day4,33
2025-08-08 04:30:00,2582.2488000000003,3245.56,summer,day4,33
2025-08-08 04:35:00,3999.4116000000004,3244.0977,summer,day4,33
2025-08-08 04:40:00,2532.3635999999997,3248.605,summer,day4,33
2025-08-08 04:45:00,2868.2604,3240.702,summer,day4,33
2025-08-08 04:50:00,3039.5508,3243.2822,summer,day4,33
2025-08-08 04:55:00,2912.1144,3247.3435,summer,day4,33
2025-08-08 05:00:00,2723.4708,3244.2578,summer,day4,33
2025-08-08 05:05:00,2702.4924,3236.4634,summer,day4,33
2025-08-08 05:10:00,2537.0099999999998,3244.1748,summer,day4,33
2025-08-08 05:15:00,2216.7768,3243.0535,summer,day4,33
2025-08-08 05:20:00,2429.4576,3237.473,summer,day4,33
2025-08-08 05:25:00,2355.9864000000002,3242.0928,summer,day4,33
2025-08-08 05:30:00,2164.7628,3239.9668,summer,day4,33
2025-08-08 05:35:00,2109.3347999999996,3223.7021,summer,day4,33
2025-08-08 05:40:00,2062.8455999999996,3230.1262,summer,day4,33
2025-08-08 05:45:00,2216.46,3222.9255,summer,day4,33
2025-08-08 05:50:00,2434.5024,3218.2507,summer,day4,33
2025-08-08 05:55:00,2256.9624,3203.6196,summer,day4,33
2025-08-08 06:00:00,2086.1076000000003,3182.1938,summer,day4,33
2025-08-08 06:05:00,2038.9080000000001,3187.3623,summer,day4,33
2025-08-08 06:10:00,2045.8739999999998,3209.804,summer,day4,33
2025-08-08 06:15:00,2038.7652000000003,3214.8828,summer,day4,33
2025-08-08 06:20:00,2295.6876,3173.961,summer,day4,33
2025-08-08 06:25:00,2334.8376,3126.47,summer,day4,33
2025-08-08 06:30:00,2314.3343999999997,3164.9932,summer,day4,33
2025-08-08 06:35:00,2259.6408,3190.528,summer,day4,33
2025-08-08 06:40:00,2163.0119999999997,3150.2192,summer,day4,33
2025-08-08 06:45:00,2305.9932,3147.246,summer,day4,33
2025-08-08 06:50:00,2580.3732,3181.5708,summer,day4,33
2025-08-08 06:55:00,2479.3308,3195.3706,summer,day4,33
2025-08-08 07:00:00,2469.1236,3152.2544,summer,day4,33
2025-08-08 07:05:00,2567.5296,3174.2766,summer,day4,33
2025-08-08 07:10:00,2516.7912,3184.3328,summer,day4,33
2025-08-08 07:15:00,2933.8487999999998,3185.4646,summer,day4,33
2025-08-08 07:20:00,4157.588400000001,3170.9038,summer,day4,33
2025-08-08 07:25:00,3769.9464,3152.006,summer,day4,33
2025-08-08 07:30:00,3520.6008,3123.8027,summer,day4,33
2025-08-08 07:35:00,3993.84,3125.439,summer,day4,33
2025-08-08 07:40:00,3469.446,3134.8289,summer,day4,33
2025-08-08 07:45:00,3332.5608,3138.7136,summer,day4,33
2025-08-08 07:50:00,4370.982,3142.4268,summer,day4,33
2025-08-08 07:55:00,5928.4632,3115.0706,summer,day4,33
2025-08-08 08:00:00,6051.9216,3109.4238,summer,day4,33
2025-08-08 08:05:00,7442.5740000000005,3110.8652,summer,day4,33
2025-08-08 08:10:00,6914.742,3111.081,summer,day4,33
2025-08-08 08:15:00,4370.236800000001,3114.4387,summer,day4,33
2025-08-08 08:20:00,3859.41,3088.7312,summer,day4,33
2025-08-08 08:25:00,3873.5616,3101.727,summer,day4,33
2025-08-08 08:30:00,3982.8959999999997,3096.8176,summer,day4,33
2025-08-08 08:35:00,4137.0887999999995,3095.0615,summer,day4,33
2025-08-08 08:40:00,4582.818,3108.7937,summer,day4,33
2025-08-08 08:45:00,4052.8572,3118.7458,summer,day4,33
2025-08-08 08:50:00,3729.6876,3114.8635,summer,day4,33
2025-08-08 08:55:00,3790.8612000000003,3104.5725,summer,day4,33
2025-08-08 09:00:00,3798.4464,3096.8726,summer,day4,33
2025-08-08 09:05:00,5274.7428,3090.8591,summer,day4,33
2025-08-08 09:10:00,4159.0452000000005,3077.975,summer,day4,33
2025-08-08 09:15:00,4181.5740000000005,3065.3977,summer,day4,33
2025-08-08 09:20:00,5541.3996,3060.3447,summer,day4,33
2025-08-08 09:25:00,4343.9496,3052.4172,summer,day4,33
2025-08-08 09:30:00,5387.140799999999,3054.47,summer,day4,33
2025-08-08 09:35:00,4316.7192,3068.5774,summer,day4,33
2025-08-08 09:40:00,4500.069600000001,3076.5837,summer,day4,33
2025-08-08 09:45:00,4473.2916,3078.5315,summer,day4,33
2025-08-08 09:50:00,6840.2064,3090.1804,summer,day4,33
2025-08-08 09:55:00,5347.7736,3098.1128,summer,day4,33
2025-08-08 10:00:00,4514.2572,3102.2961,summer,day4,33
2025-08-08 10:05:00,5084.0124,3092.0754,summer,day4,33
2025-08-08 10:10:00,5008.0896,3088.9248,summer,day4,33
2025-08-08 10:15:00,4081.65,3087.5635,summer,day4,33
2025-08-08 10:20:00,4155.3396,3079.059,summer,day4,33
2025-08-08 10:25:00,4868.2476,3075.1917,summer,day4,33
2025-08-08 10:30:00,5180.252399999999,3076.9607,summer,day4,33
2025-08-08 10:35:00,4211.556,3062.9934,summer,day4,33
2025-08-08 10:40:00,4728.6048,3052.003,summer,day4,33
2025-08-08 10:45:00,4576.3128,3053.913,summer,day4,33
2025-08-08 10:50:00,4665.6708,3048.6125,summer,day4,33
2025-08-08 10:55:00,3503.478,3045.4136,summer,day4,33
2025-08-08 11:00:00,3574.1040000000003,3038.211,summer,day4,33
2025-08-08 11:05:00,3782.2296,3027.6084,summer,day4,33
2025-08-08 11:10:00,5051.9436000000005,3035.7798,summer,day4,33
2025-08-08 11:15:00,4720.2924,3054.3325,summer,day4,33
2025-08-08 11:20:00,5171.43,3041.511,summer,day4,33
2025-08-08 11:25:00,5189.8332,3049.5552,summer,day4,33
2025-08-08 11:30:00,6781.4364000000005,3066.0928,summer,day4,33
2025-08-08 11:35:00,5262.777599999999,3068.9934,summer,day4,33
2025-08-08 11:40:00,5481.5484,3044.313,summer,day4,33
2025-08-08 11:45:00,4569.4092,3086.2253,summer,day4,33
2025-08-08 11:50:00,2638.8288000000002,3030.311,summer,day4,33
2025-08-08 11:55:00,2600.8296,3054.6265,summer,day4,33
2025-08-08 12:00:00,2749.0620000000004,3046.2263,summer,day4,33
2025-08-08 12:05:00,3770.9472,3079.7983,summer,day4,33
2025-08-08 12:10:00,4299.8112,3112.8342,summer,day4,33
2025-08-08 12:15:00,4665.4152,3129.8936,summer,day4,33
2025-08-08 12:20:00,2908.5612,3067.5417,summer,day4,33
2025-08-08 12:25:00,2706.7356,3036.9053,summer,day4,33
2025-08-08 12:30:00,2959.0415999999996,3073.3167,summer,day4,33
2025-08-08 12:35:00,2706.6168000000002,3097.5732,summer,day4,33
2025-08-08 12:40:00,2692.866,3116.1223,summer,day4,33
2025-08-08 12:45:00,2798.7972,3137.6804,summer,day4,33
2025-08-08 12:50:00,2721.0768,3119.7227,summer,day4,33
2025-08-08 12:55:00,3447.0324,3094.772,summer,day4,33
2025-08-08 13:00:00,3030.2988,3077.1099,summer,day4,33
2025-08-08 13:05:00,3751.1796000000004,3082.999,summer,day4,33
2025-08-08 13:10:00,4783.0992,3084.453,summer,day4,33
2025-08-08 13:15:00,7185.755999999999,3099.5715,summer,day4,33
2025-08-08 13:20:00,5689.8216,3098.5437,summer,day4,33
2025-08-08 13:25:00,5006.1312,3070.2183,summer,day4,33
2025-08-08 13:30:00,3681.2316,3063.0603,summer,day4,33
2025-08-08 13:35:00,3398.9496,3065.9993,summer,day4,33
2025-08-08 13:40:00,4802.8212,3066.9678,summer,day4,33
2025-08-08 13:45:00,3532.0811999999996,3074.79,summer,day4,33
2025-08-08 13:50:00,5046.8928,3068.8596,summer,day4,33
2025-08-08 13:55:00,3782.6591999999996,3071.0984,summer,day4,33
2025-08-08 14:00:00,5003.0352,3066.1672,summer,day4,33
2025-08-08 14:05:00,4340.454,3064.3916,summer,day4,33
2025-08-08 14:10:00,4120.7292,3072.0767,summer,day4,33
2025-08-08 14:15:00,3413.1551999999997,3069.812,summer,day4,33
2025-08-08 14:20:00,3355.8695999999995,3067.4458,summer,day4,33
2025-08-08 14:25:00,3638.7228000000005,3066.3662,summer,day4,33
2025-08-08 14:30:00,4723.7112,3064.1326,summer,day4,33
2025-08-08 14:35:00,5800.7076,3060.853,summer,day4,33
2025-08-08 14:40:00,4699.6812,3058.59,summer,day4,33
2025-08-08 14:45:00,4796.1576000000005,3057.4287,summer,day4,33
2025-08-08 14:50:00,4215.8184,3058.7002,summer,day4,33
2025-08-08 14:55:00,3505.9067999999997,3060.3733,summer,day4,33
2025-08-08 15:00:00,3366.9396,3057.6267,summer,day4,33
2025-08-08 15:05:00,2607.7943999999998,3054.5288,summer,day4,33
2025-08-08 15:10:00,2683.9067999999997,3050.3247,summer,day4,33
2025-08-08 15:15:00,3289.518,3045.3503,summer,day4,33
2025-08-08 15:20:00,3239.2763999999997,3047.224,summer,day4,33
2025-08-08 15:25:00,3709.536,3048.2527,summer,day4,33
2025-08-08 15:30:00,3970.7555999999995,3053.8025,summer,day4,33
2025-08-08 15:35:00,3985.5864,3060.8628,summer,day4,33
2025-08-08 15:40:00,4568.6796,3055.9746,summer,day4,33
2025-08-08 15:45:00,3415.3487999999998,3057.1326,summer,day4,33
2025-08-08 15:50:00,4920.3684,3057.094,summer,day4,33
2025-08-08 15:55:00,3361.9080000000004,3059.195,summer,day4,33
2025-08-08 16:00:00,3421.9584000000004,3050.3486,summer,day4,33
2025-08-08 16:05:00,3696.834,3054.8975,summer,day4,33
2025-08-08 16:10:00,4050.3455999999996,3052.901,summer,day4,33
2025-08-08 16:15:00,4786.476000000001,3055.602,summer,day4,33
2025-08-08 16:20:00,5060.3364,3031.5413,summer,day4,33
2025-08-08 16:25:00,3897.1176,3045.169,summer,day4,33
2025-08-08 16:30:00,4117.412399999999,3071.3105,summer,day4,33
2025-08-08 16:35:00,3502.3224,3042.1738,summer,day4,33
2025-08-08 16:40:00,3515.2404,3051.8276,summer,day4,33
2025-08-08 16:45:00,4857.1788,3076.5818,summer,day4,33
2025-08-08 16:50:00,4484.3351999999995,3052.5242,summer,day4,33
2025-08-08 16:55:00,3655.2156000000004,3091.1675,summer,day4,33
2025-08-08 17:00:00,3561.2088000000003,3058.5657,summer,day4,33
2025-08-08 17:05:00,3523.1760000000004,3070.2021,summer,day4,33
2025-08-08 17:10:00,3922.7532,3043.6094,summer,day4,33
2025-08-08 17:15:00,4652.664,3085.881,summer,day4,33
2025-08-08 17:20:00,4405.8264,3064.505,summer,day4,33
2025-08-08 17:25:00,4178.4924,3084.771,summer,day4,33
2025-08-08 17:30:00,5473.3824,3071.3333,summer,day4,33
2025-08-08 17:35:00,3859.8455999999996,3088.918,summer,day4,33
2025-08-08 17:40:00,3788.3196000000003,3090.17,summer,day4,33
2025-08-08 17:45:00,4298.9592,3072.3936,summer,day4,33
2025-08-08 17:50:00,3523.536,3062.3154,summer,day4,33
2025-08-08 17:55:00,3408.1704,3063.3647,summer,day4,33
2025-08-08 18:00:00,3892.5996,3062.631,summer,day4,33
2025-08-08 18:05:00,5197.6044,3093.6362,summer,day4,33
2025-08-08 18:10:00,4862.986800000001,3119.31,summer,day4,33
2025-08-08 18:15:00,3944.046,3096.3506,summer,day4,33
2025-08-08 18:20:00,3285.3455999999996,3076.9146,summer,day4,33
2025-08-08 18:25:00,2748.4847999999997,3074.9705,summer,day4,33
2025-08-08 18:30:00,2445.9864000000002,3076.5042,summer,day4,33
2025-08-08 18:35:00,2176.9584000000004,3078.8826,summer,day4,33
2025-08-08 18:40:00,2878.4148,3096.334,summer,day4,33
2025-08-08 18:45:00,2829.4811999999997,3089.1567,summer,day4,33
2025-08-08 18:50:00,2444.1924,3072.1934,summer,day4,33
2025-08-08 18:55:00,2611.938,3078.6782,summer,day4,33
2025-08-08 19:00:00,3374.5512000000003,3078.4822,summer,day4,33
2025-08-08 19:05:00,2960.0088000000005,3078.051,summer,day4,33
2025-08-08 19:10:00,4092.1416,3046.295,summer,day4,33
2025-08-08 19:15:00,4772.0532,3030.0662,summer,day4,33
2025-08-08 19:20:00,2430.786,3010.531,summer,day4,33
2025-08-08 19:25:00,2479.8048,3021.2385,summer,day4,33
2025-08-08 19:30:00,2630.2752,3034.7717,summer,day4,33
2025-08-08 19:35:00,2845.0608,3036.6216,summer,day4,33
2025-08-08 19:40:00,2938.3392,3030.7507,summer,day4,33
2025-08-08 19:45:00,2988.6756,3029.4246,summer,day4,33
2025-08-08 19:50:00,4017.8328,3033.2446,summer,day4,33
2025-08-08 19:55:00,2619.2712,3039.7747,summer,day4,33
2025-08-08 20:00:00,2265.0191999999997,3060.936,summer,day4,33
2025-08-08 20:05:00,2141.1264,3058.775,summer,day4,33
2025-08-08 20:10:00,2102.7912,3051.9785,summer,day4,33
2025-08-08 20:15:00,2098.248,3063.6045,summer,day4,33
2025-08-08 20:20:00,2046.3192,3066.3445,summer,day4,33
2025-08-08 20:25:00,2141.1876,3062.6096,summer,day4,33
2025-08-08 20:30:00,2322.7776,3067.2026,summer,day4,33
2025-08-08 20:35:00,2007.8604,3067.8713,summer,day4,33
2025-08-08 20:40:00,2347.452,3071.0154,summer,day4,33
2025-08-08 20:45:00,2397.0984,3064.9656,summer,day4,33
2025-08-08 20:50:00,2293.8131999999996,3067.9792,summer,day4,33
2025-08-08 20:55:00,2290.6295999999998,3071.9622,summer,day4,33
2025-08-08 21:00:00,2288.046,3070.601,summer,day4,33
2025-08-08 21:05:00,2324.6964,3073.6506,summer,day4,33
2025-08-08 21:10:00,2523.294,3075.9773,summer,day4,33
2025-08-08 21:15:00,2329.0008000000003,3068.3362,summer,day4,33
2025-08-08 21:20:00,2381.2511999999997,3053.4019,summer,day4,33
2025-08-08 21:25:00,2403.864,3057.4473,summer,day4,33
2025-08-08 21:30:00,2394.0804,3049.0723,summer,day4,33
2025-08-08 21:35:00,2208.7619999999997,3036.6501,summer,day4,33
2025-08-08 21:40:00,2059.0595999999996,3041.708,summer,day4,33
2025-08-08 21:45:00,2403.7248,3033.1602,summer,day4,33
2025-08-08 21:50:00,2643.1368,3032.6624,summer,day4,33
2025-08-08 21:55:00,2519.4636,3029.1975,summer,day4,33
2025-08-08 22:00:00,2748.9156000000003,3024.6316,summer,day4,33
2025-08-08 22:05:00,2819.1731999999997,3045.5005,summer,day4,33
2025-08-08 22:10:00,2797.3787999999995,3076.3247,summer,day4,33
2025-08-08 22:15:00,2728.8216,3073.1606,summer,day4,33
2025-08-08 22:20:00,2633.6316,3026.0347,summer,day4,33
2025-08-08 22:25:00,2613.8088,3032.525,summer,day4,33
2025-08-08 22:30:00,2962.7928,3026.3904,summer,day4,33
2025-08-08 22:35:00,2505.8232,3031.6448,summer,day4,33
2025-08-08 22:40:00,2656.6367999999998,3024.4766,summer,day4,33
2025-08-08 22:45:00,2846.6796,3031.5776,summer,day4,33
2025-08-08 22:50:00,2746.4292,3051.0715,summer,day4,33
2025-08-08 22:55:00,2563.2732,3067.4849,summer,day4,33
2025-08-08 23:00:00,2549.2188,3061.0818,summer,day4,33
2025-08-08 23:05:00,2521.6368,3031.6445,summer,day4,33
2025-08-08 23:10:00,2702.8176,3036.5308,summer,day4,33
2025-08-08 23:15:00,2504.3064,3037.2698,summer,day4,33
2025-08-08 23:20:00,2510.2596000000003,3032.7046,summer,day4,33
2025-08-08 23:25:00,2516.4468,3038.7317,summer,day4,33
2025-08-08 23:30:00,2216.4096,3035.071,summer,day4,33
2025-08-08 23:35:00,2404.7748,3034.05,summer,day4,33
2025-08-08 23:40:00,2587.326,3021.2751,summer,day4,33
2025-08-08 23:45:00,2509.5348,3006.5703,summer,day4,33
2025-08-08 23:50:00,2691.5496000000003,3004.8137,summer,day4,33
2025-08-08 23:55:00,2451.072,3016.0105,summer,day4,33
2025-08-31 00:00:00,2182.0248,2276.9749,summer,day5,37
2025-08-31 00:05:00,2171.3016,2271.8225,summer,day5,37
2025-08-31 00:10:00,2179.698,2267.8857,summer,day5,37
2025-08-31 00:15:00,2367.0263999999997,2271.3723,summer,day5,37
2025-08-31 00:20:00,2488.9332,2277.8086,summer,day5,37
2025-08-31 00:25:00,2413.3188,2281.633,summer,day5,37
2025-08-31 00:30:00,2379.0276,2286.338,summer,day5,37
2025-08-31 00:35:00,2326.3428,2298.0854,summer,day5,37
2025-08-31 00:40:00,2281.1736,2302.2659,summer,day5,37
2025-08-31 00:45:00,2240.9832,2311.7017,summer,day5,37
2025-08-31 00:50:00,2339.43,2320.202,summer,day5,37
2025-08-31 00:55:00,2428.9248,2332.3481,summer,day5,37
2025-08-31 01:00:00,2334.294,2346.4463,summer,day5,37
2025-08-31 01:05:00,2190.9312,2361.5925,summer,day5,37
2025-08-31 01:10:00,2169.1596,2374.397,summer,day5,37
2025-08-31 01:15:00,2111.2547999999997,2395.572,summer,day5,37
2025-08-31 01:20:00,2149.638,2415.6587,summer,day5,37
2025-08-31 01:25:00,2269.2131999999997,2429.0488,summer,day5,37
2025-08-31 01:30:00,2388.1440000000002,2445.612,summer,day5,37
2025-08-31 01:35:00,2309.5524,2449.932,summer,day5,37
2025-08-31 01:40:00,2106.84,2455.1738,summer,day5,37
2025-08-31 01:45:00,2144.9196,2465.6274,summer,day5,37
2025-08-31 01:50:00,2150.5368000000003,2480.0273,summer,day5,37
2025-08-31 01:55:00,2092.8300000000004,2495.141,summer,day5,37
2025-08-31 02:00:00,2155.7448,2500.1807,summer,day5,37
2025-08-31 02:05:00,2274.1344,2508.3516,summer,day5,37
2025-08-31 02:10:00,2262.8508,2517.901,summer,day5,37
2025-08-31 02:15:00,2125.1784,2522.3276,summer,day5,37
2025-08-31 02:20:00,2130.1404,2528.529,summer,day5,37
2025-08-31 02:25:00,2179.1448,2533.8245,summer,day5,37
2025-08-31 02:30:00,2169.3563999999997,2536.9658,summer,day5,37
2025-08-31 02:35:00,2281.506,2539.4211,summer,day5,37
2025-08-31 02:40:00,2460.4584,2557.5398,summer,day5,37
2025-08-31 02:45:00,2300.6772,2565.5044,summer,day5,37
2025-08-31 02:50:00,2135.4096,2568.043,summer,day5,37
2025-08-31 02:55:00,2109.5292,2569.038,summer,day5,37
2025-08-31 03:00:00,2105.1396,2572.664,summer,day5,37
2025-08-31 03:05:00,2159.7383999999997,2579.5967,summer,day5,37
2025-08-31 03:10:00,2250.6012,2572.977,summer,day5,37
2025-08-31 03:15:00,2335.6188,2575.2964,summer,day5,37
2025-08-31 03:20:00,2230.9847999999997,2574.3176,summer,day5,37
2025-08-31 03:25:00,2123.4684,2578.9749,summer,day5,37
2025-08-31 03:30:00,2129.9424,2583.5232,summer,day5,37
2025-08-31 03:35:00,2201.3148,2582.9744,summer,day5,37
2025-08-31 03:40:00,2191.3212,2575.5479,summer,day5,37
2025-08-31 03:45:00,2239.4388,2568.78,summer,day5,37
2025-08-31 03:50:00,2352.6924,2560.1382,summer,day5,37
2025-08-31 03:55:00,2211.0936,2559.1982,summer,day5,37
2025-08-31 04:00:00,2164.3068,2558.8198,summer,day5,37
2025-08-31 04:05:00,2287.62,2561.2236,summer,day5,37
2025-08-31 04:10:00,2700.0996,2563.579,summer,day5,37
2025-08-31 04:15:00,2477.7419999999997,2563.8093,summer,day5,37
2025-08-31 04:20:00,2596.2275999999997,2560.3755,summer,day5,37
2025-08-31 04:25:00,2646.3095999999996,2563.6987,summer,day5,37
2025-08-31 04:30:00,2636.9880000000003,2567.6982,summer,day5,37
2025-08-31 04:35:00,2435.2727999999997,2573.9854,summer,day5,37
2025-08-31 04:40:00,2260.7400000000002,2579.5144,summer,day5,37
2025-08-31 04:45:00,2271.9948,2579.4204,summer,day5,37
2025-08-31 04:50:00,2605.2828,2583.8657,summer,day5,37
2025-08-31 04:55:00,2715.6156,2590.8516,summer,day5,37
2025-08-31 05:00:00,2876.3772,2590.3396,summer,day5,37
2025-08-31 05:05:00,2702.5811999999996,2596.4844,summer,day5,37
2025-08-31 05:10:00,2473.926,2602.4946,summer,day5,37
2025-08-31 05:15:00,2450.0244,2610.0894,summer,day5,37
2025-08-31 05:20:00,2296.3368,2606.3467,summer,day5,37
2025-08-31 05:25:00,2158.2192000000005,2613.467,summer,day5,37
2025-08-31 05:30:00,2101.218,2612.631,summer,day5,37
2025-08-31 05:35:00,2207.7648,2620.7827,summer,day5,37
2025-08-31 05:40:00,2161.4616,2643.5042,summer,day5,37
2025-08-31 05:45:00,2376.87,2667.8464,summer,day5,37
2025-08-31 05:50:00,2385.6744,2692.3738,summer,day5,37
2025-08-31 05:55:00,2232.6072,2746.9922,summer,day5,37
2025-08-31 06:00:00,2064.4416,2732.1846,summer,day5,37
2025-08-31 06:05:00,2381.2632000000003,2758.6294,summer,day5,37
2025-08-31 06:10:00,2458.8036,2784.956,summer,day5,37
2025-08-31 06:15:00,2302.2167999999997,2805.6152,summer,day5,37
2025-08-31 06:20:00,2281.3416,2800.074,summer,day5,37
2025-08-31 06:25:00,2290.0896000000002,2804.8262,summer,day5,37
2025-08-31 06:30:00,2123.9892,2794.065,summer,day5,37
2025-08-31 06:35:00,2123.946,2785.0454,summer,day5,37
2025-08-31 06:40:00,2096.8224,2782.7214,summer,day5,37
2025-08-31 06:45:00,1990.8756,2823.7754,summer,day5,37
2025-08-31 06:50:00,1907.2992,2841.9412,summer,day5,37
2025-08-31 06:55:00,1924.4784,2861.6995,summer,day5,37
2025-08-31 07:00:00,1899.3,2855.796,summer,day5,37
2025-08-31 07:05:00,1934.532,2869.7805,summer,day5,37
2025-08-31 07:10:00,2058.1404,2877.8857,summer,day5,37
2025-08-31 07:15:00,2033.2908,2867.0132,summer,day5,37
2025-08-31 07:20:00,1949.8044000000002,2870.0598,summer,day5,37
2025-08-31 07:25:00,1825.3044000000002,2879.0605,summer,day5,37
2025-08-31 07:30:00,1910.9268,2879.5178,summer,day5,37
2025-08-31 07:35:00,2020.998,2870.202,summer,day5,37
2025-08-31 07:40:00,2011.0392,2867.4937,summer,day5,37
2025-08-31 07:45:00,2001.1487999999997,2866.894,summer,day5,37
2025-08-31 07:50:00,2134.5996,2870.9722,summer,day5,37
2025-08-31 07:55:00,2044.752,2876.4663,summer,day5,37
2025-08-31 08:00:00,1855.0716,2881.3027,summer,day5,37
2025-08-31 08:05:00,1842.3108,2883.4387,summer,day5,37
2025-08-31 08:10:00,1864.1748,2885.8164,summer,day5,37
2025-08-31 08:15:00,1817.7900000000002,2886.374,summer,day5,37
2025-08-31 08:20:00,1829.7252,2864.4312,summer,day5,37
2025-08-31 08:25:00,2058.3815999999997,2856.9,summer,day5,37
2025-08-31 08:30:00,2041.7628,2836.4714,summer,day5,37
2025-08-31 08:35:00,1887.4584,2827.1018,summer,day5,37
2025-08-31 08:40:00,1857.786,2802.259,summer,day5,37
2025-08-31 08:45:00,1862.8727999999999,2798.6047,summer,day5,37
2025-08-31 08:50:00,1895.7408,2811.3987,summer,day5,37
2025-08-31 08:55:00,1874.7972000000002,2811.5388,summer,day5,37
2025-08-31 09:00:00,2894.6099999999997,2809.3467,summer,day5,37
2025-08-31 09:05:00,4606.0332,2805.053,summer,day5,37
2025-08-31 09:10:00,4738.5612,2812.2834,summer,day5,37
2025-08-31 09:15:00,4384.8336,2817.3123,summer,day5,37
2025-08-31 09:20:00,2424.528,2833.2012,summer,day5,37
2025-08-31 09:25:00,2227.5624,2840.7312,summer,day5,37
2025-08-31 09:30:00,2263.3368,2854.6138,summer,day5,37
2025-08-31 09:35:00,2350.8504000000003,2848.7805,summer,day5,37
2025-08-31 09:40:00,2626.5012,2828.347,summer,day5,37
2025-08-31 09:45:00,1964.9772,2832.9648,summer,day5,37
2025-08-31 09:50:00,1971.7044,2832.9932,summer,day5,37
2025-08-31 09:55:00,2005.4256,2842.4368,summer,day5,37
2025-08-31 10:00:00,2067.1572,2850.3738,summer,day5,37
2025-08-31 10:05:00,2244.852,2856.0276,summer,day5,37
2025-08-31 10:10:00,3416.1023999999998,2859.4634,summer,day5,37
2025-08-31 10:15:00,3862.4364,2865.2954,summer,day5,37
2025-08-31 10:20:00,3836.4936000000002,2863.7773,summer,day5,37
2025-08-31 10:25:00,3223.632,2865.1848,summer,day5,37
2025-08-31 10:30:00,2984.226,2866.1904,summer,day5,37
2025-08-31 10:35:00,2255.4672,2871.5107,summer,day5,37
2025-08-31 10:40:00,3035.508,2862.6953,summer,day5,37
2025-08-31 10:45:00,3573.0192,2868.3606,summer,day5,37
2025-08-31 10:50:00,3498.6192,2864.0288,summer,day5,37
2025-08-31 10:55:00,2997.8003999999996,2866.1187,summer,day5,37
2025-08-31 11:00:00,2643.792,2879.6433,summer,day5,37
2025-08-31 11:05:00,3442.1771999999996,2901.4404,summer,day5,37
2025-08-31 11:10:00,2188.5804,2884.6313,summer,day5,37
2025-08-31 11:15:00,2405.3496,2882.7715,summer,day5,37
2025-08-31 11:20:00,2584.6979999999994,2946.7727,summer,day5,37
2025-08-31 11:25:00,2462.0099999999998,2955.1968,summer,day5,37
2025-08-31 11:30:00,2161.662,2921.38,summer,day5,37
2025-08-31 11:35:00,2140.29,2926.0083,summer,day5,37
2025-08-31 11:40:00,2179.4292,2945.1936,summer,day5,37
2025-08-31 11:45:00,2256.7428,2921.2783,summer,day5,37
2025-08-31 11:50:00,2426.5632,2934.6934,summer,day5,37
2025-08-31 11:55:00,2053.9788,2983.1492,summer,day5,37
2025-08-31 12:00:00,2084.1984,2961.5283,summer,day5,37
2025-08-31 12:05:00,2074.7232,2949.652,summer,day5,37
2025-08-31 12:10:00,2848.9848,2948.9124,summer,day5,37
2025-08-31 12:15:00,3339.7188,2961.9631,summer,day5,37
2025-08-31 12:20:00,2250.9828,2953.438,summer,day5,37
2025-08-31 12:25:00,2207.862,2967.3325,summer,day5,37
2025-08-31 12:30:00,2535.6792,2982.2512,summer,day5,37
2025-08-31 12:35:00,2224.3764,2987.2122,summer,day5,37
2025-08-31 12:40:00,2402.472,2954.7651,summer,day5,37
2025-08-31 12:45:00,2056.6992,2962.5144,summer,day5,37
2025-08-31 12:50:00,1929.1284,2967.1213,summer,day5,37
2025-08-31 12:55:00,2071.3872,2949.98,summer,day5,37
2025-08-31 13:00:00,2795.3724,2933.7285,summer,day5,37
2025-08-31 13:05:00,3846.1284,2919.7952,summer,day5,37
2025-08-31 13:10:00,5238.2124,2915.2773,summer,day5,37
2025-08-31 13:15:00,4509.752399999999,2930.23,summer,day5,37
2025-08-31 13:20:00,4622.245199999999,2952.9712,summer,day5,37
2025-08-31 13:25:00,4373.318399999999,2965.532,summer,day5,37
2025-08-31 13:30:00,4350.6972000000005,2970.3296,summer,day5,37
2025-08-31 13:35:00,5883.780000000001,2974.2202,summer,day5,37
2025-08-31 13:40:00,4219.455599999999,2978.4993,summer,day5,37
2025-08-31 13:45:00,4279.3428,2987.406,summer,day5,37
2025-08-31 13:50:00,4733.3724,2981.1719,summer,day5,37
2025-08-31 13:55:00,4474.8588,2979.1738,summer,day5,37
2025-08-31 14:00:00,4857.1776,2974.6914,summer,day5,37
2025-08-31 14:05:00,4142.4324,2973.2363,summer,day5,37
2025-08-31 14:10:00,5776.6992,2974.52,summer,day5,37
2025-08-31 14:15:00,4289.4924,2966.9302,summer,day5,37
2025-08-31 14:20:00,4750.2924,2952.079,summer,day5,37
2025-08-31 14:25:00,4333.697999999999,2932.435,summer,day5,37
2025-08-31 14:30:00,4190.0592,2906.2642,summer,day5,37
2025-08-31 14:35:00,5073.8844,2890.2866,summer,day5,37
2025-08-31 14:40:00,4693.2372000000005,2897.0547,summer,day5,37
2025-08-31 14:45:00,5723.7504,2898.1306,summer,day5,37
2025-08-31 14:50:00,6133.338000000001,2908.244,summer,day5,37
2025-08-31 14:55:00,4434.3192,2918.757,summer,day5,37
2025-08-31 15:00:00,4249.2936,2923.021,summer,day5,37
2025-08-31 15:05:00,4138.8612,2923.1472,summer,day5,37
2025-08-31 15:10:00,5869.584,2923.6409,summer,day5,37
2025-08-31 15:15:00,4105.4856,2919.9768,summer,day5,37
2025-08-31 15:20:00,4772.3135999999995,2916.673,summer,day5,37
2025-08-31 15:25:00,7226.844,2906.3389,summer,day5,37
2025-08-31 15:30:00,4697.1396,2901.6794,summer,day5,37
2025-08-31 15:35:00,4431.940799999999,2901.745,summer,day5,37
2025-08-31 15:40:00,4453.8396,2899.8328,summer,day5,37
2025-08-31 15:45:00,4339.2372000000005,2903.6025,summer,day5,37
2025-08-31 15:50:00,4215.6876,2907.0566,summer,day5,37
2025-08-31 15:55:00,4487.0496,2902.0332,summer,day5,37
2025-08-31 16:00:00,4655.004,2886.4468,summer,day5,37
2025-08-31 16:05:00,6531.1428,2892.942,summer,day5,37
2025-08-31 16:10:00,5223.3948,2887.5505,summer,day5,37
2025-08-31 16:15:00,5174.808,2890.4304,summer,day5,37
2025-08-31 16:20:00,5001.606,2901.7297,summer,day5,37
2025-08-31 16:25:00,8077.4352,2897.857,summer,day5,37
2025-08-31 16:30:00,7781.7588000000005,2900.0977,summer,day5,37
2025-08-31 16:35:00,6015.5844,2936.993,summer,day5,37
2025-08-31 16:40:00,5052.6924,2947.4749,summer,day5,37
2025-08-31 16:45:00,4952.0976,2912.6782,summer,day5,37
2025-08-31 16:50:00,5160.8196,2913.976,summer,day5,37
2025-08-31 16:55:00,6077.4324,2916.2954,summer,day5,37
2025-08-31 17:00:00,8012.6352,2941.2686,summer,day5,37
2025-08-31 17:05:00,6954.955199999999,2935.6836,summer,day5,37
2025-08-31 17:10:00,6484.3824,2935.239,summer,day5,37
2025-08-31 17:15:00,6229.974,2948.3108,summer,day5,37
2025-08-31 17:20:00,6230.1012,2953.7502,summer,day5,37
2025-08-31 17:25:00,6915.224400000001,2965.2031,summer,day5,37
2025-08-31 17:30:00,6302.778,2935.8486,summer,day5,37
2025-08-31 17:35:00,6173.4144,2940.925,summer,day5,37
2025-08-31 17:40:00,6153.0216,2933.195,summer,day5,37
2025-08-31 17:45:00,6950.794800000001,2942.7122,summer,day5,37
2025-08-31 17:50:00,7280.1576000000005,2966.7341,summer,day5,37
2025-08-31 17:55:00,6939.375599999999,2947.0447,summer,day5,37
2025-08-31 18:00:00,6380.1323999999995,2914.3474,summer,day5,37
2025-08-31 18:05:00,6515.6424,2912.7532,summer,day5,37
2025-08-31 18:10:00,4805.9256000000005,2911.8623,summer,day5,37
2025-08-31 18:15:00,4628.286,2927.2856,summer,day5,37
2025-08-31 18:20:00,4889.294400000001,2929.973,summer,day5,37
2025-08-31 18:25:00,4872.770399999999,2928.2412,summer,day5,37
2025-08-31 18:30:00,3872.9748,2927.4065,summer,day5,37
2025-08-31 18:35:00,3762.5663999999997,2918.3643,summer,day5,37
2025-08-31 18:40:00,3813.8604,2916.017,summer,day5,37
2025-08-31 18:45:00,3833.7264000000005,2921.1704,summer,day5,37
2025-08-31 18:50:00,3909.7284,2915.9116,summer,day5,37
2025-08-31 18:55:00,3944.4888,2919.778,summer,day5,37
2025-08-31 19:00:00,5147.4612,2918.6343,summer,day5,37
2025-08-31 19:05:00,4844.462399999999,2918.623,summer,day5,37
2025-08-31 19:10:00,4242.972,2916.3438,summer,day5,37
2025-08-31 19:15:00,3783.0204,2915.1226,summer,day5,37
2025-08-31 19:20:00,3764.4767999999995,2914.1663,summer,day5,37
2025-08-31 19:25:00,3732.8520000000003,2912.342,summer,day5,37
2025-08-31 19:30:00,3727.3704,2919.401,summer,day5,37
2025-08-31 19:35:00,3835.8479999999995,2914.5867,summer,day5,37
2025-08-31 19:40:00,4004.9688,2911.2036,summer,day5,37
2025-08-31 19:45:00,3859.8516000000004,2909.047,summer,day5,37
2025-08-31 19:50:00,4215.4056,2890.8618,summer,day5,37
2025-08-31 19:55:00,4371.5676,2893.647,summer,day5,37
2025-08-31 20:00:00,4049.5752,2899.7617,summer,day5,37
2025-08-31 20:05:00,4192.674,2896.7466,summer,day5,37
2025-08-31 20:10:00,4126.7604,2895.2144,summer,day5,37
2025-08-31 20:15:00,4924.669199999999,2898.5024,summer,day5,37
2025-08-31 20:20:00,4501.0968,2896.1729,summer,day5,37
2025-08-31 20:25:00,4050.282,2893.2795,summer,day5,37
2025-08-31 20:30:00,3954.6612,2893.4937,summer,day5,37
2025-08-31 20:35:00,5177.9832,2888.368,summer,day5,37
2025-08-31 20:40:00,6023.2248,2889.6365,summer,day5,37
2025-08-31 20:45:00,4444.468800000001,2887.1584,summer,day5,37
2025-08-31 20:50:00,4218.8928,2890.5151,summer,day5,37
2025-08-31 20:55:00,5574.2136,2889.9456,summer,day5,37
2025-08-31 21:00:00,4219.7784,2890.0803,summer,day5,37
2025-08-31 21:05:00,3663.756,2895.7678,summer,day5,37
2025-08-31 21:10:00,3199.6356,2898.4082,summer,day5,37
2025-08-31 21:15:00,3130.2432,2893.271,summer,day5,37
2025-08-31 21:20:00,3049.0476,2878.73,summer,day5,37
2025-08-31 21:25:00,3273.9696,2886.2717,summer,day5,37
2025-08-31 21:30:00,3364.7028,2878.37,summer,day5,37
2025-08-31 21:35:00,3176.8272,2881.794,summer,day5,37
2025-08-31 21:40:00,3206.7576,2874.479,summer,day5,37
2025-08-31 21:45:00,3216.1848,2866.302,summer,day5,37
2025-08-31 21:50:00,3184.5828,2887.0527,summer,day5,37
2025-08-31 21:55:00,3230.1228,2887.936,summer,day5,37
2025-08-31 22:00:00,3364.3284,2888.2292,summer,day5,37
2025-08-31 22:05:00,3308.3316,2882.1055,summer,day5,37
2025-08-31 22:10:00,3490.9008000000003,2898.066,summer,day5,37
2025-08-31 22:15:00,3602.454,2896.2935,summer,day5,37
2025-08-31 22:20:00,3511.1316000000006,2900.4536,summer,day5,37
2025-08-31 22:25:00,3519.972,2870.9634,summer,day5,37
2025-08-31 22:30:00,3696.5627999999997,2856.5781,summer,day5,37
2025-08-31 22:35:00,3609.7224,2871.3984,summer,day5,37
2025-08-31 22:40:00,3199.3379999999997,2880.7185,summer,day5,37
2025-08-31 22:45:00,2989.5996,2892.5117,summer,day5,37
2025-08-31 22:50:00,3265.2072,2892.2217,summer,day5,37
2025-08-31 22:55:00,3382.1027999999997,2904.9033,summer,day5,37
2025-08-31 23:00:00,3412.0392,2897.1602,summer,day5,37
2025-08-31 23:05:00,3385.3644,2902.1118,summer,day5,37
2025-08-31 23:10:00,3303.9276,2921.5588,summer,day5,37
2025-08-31 23:15:00,3277.4028,2919.7358,summer,day5,37
2025-08-31 23:20:00,3480.042,2887.9563,summer,day5,37
2025-08-31 23:25:00,3273.5628,2880.1272,summer,day5,37
2025-08-31 23:30:00,3248.9136,2876.1074,summer,day5,37
2025-08-31 23:35:00,3623.5368000000003,2876.1404,summer,day5,37
2025-08-31 23:40:00,3674.1804,2882.0205,summer,day5,37
2025-08-31 23:45:00,3651.9276,2882.2795,summer,day5,37
2025-08-31 23:50:00,3458.1588,2879.907,summer,day5,37
2025-08-31 23:55:00,3396.2532,2871.8005,summer,day5,37
