timestamp,actual,prediction,season,day
2025-01-31 00:00:00,2419.7136,2427.3533,winter,day1
2025-01-31 00:05:00,2421.2075,2424.251,winter,day1
2025-01-31 00:10:00,2406.2375,2426.319,winter,day1
2025-01-31 00:15:00,2448.138,2425.4258,winter,day1
2025-01-31 00:20:00,2446.1592,2428.295,winter,day1
2025-01-31 00:25:00,2429.3184,2431.245,winter,day1
2025-01-31 00:30:00,2415.4272,2430.5063,winter,day1
2025-01-31 00:35:00,2436.0757,2436.706,winter,day1
2025-01-31 00:40:00,2442.588,2447.0388,winter,day1
2025-01-31 00:45:00,2489.839,2450.063,winter,day1
2025-01-31 00:50:00,2574.8892,2456.975,winter,day1
2025-01-31 00:55:00,2494.1772,2460.9893,winter,day1
2025-01-31 01:00:00,2460.7031,2468.101,winter,day1
2025-01-31 01:05:00,2478.7307,2462.1716,winter,day1
2025-01-31 01:10:00,2655.1824,2468.9062,winter,day1
2025-01-31 01:15:00,2623.8792,2476.7588,winter,day1
2025-01-31 01:20:00,2643.6804,2486.5024,winter,day1
2025-01-31 01:25:00,2677.7495,2492.2122,winter,day1
2025-01-31 01:30:00,2612.2163,2497.4788,winter,day1
2025-01-31 01:35:00,2576.718,2502.2153,winter,day1
2025-01-31 01:40:00,2567.16,2496.6404,winter,day1
2025-01-31 01:45:00,2857.2073,2500.626,winter,day1
2025-01-31 01:50:00,3233.2405,2501.8206,winter,day1
2025-01-31 01:55:00,2634.7595,2511.1006,winter,day1
2025-01-31 02:00:00,3291.1416,2512.0237,winter,day1
2025-01-31 02:05:00,2764.3464,2512.9106,winter,day1
2025-01-31 02:10:00,3136.0596,2520.8723,winter,day1
2025-01-31 02:15:00,3107.1648,2524.5833,winter,day1
2025-01-31 02:20:00,2950.0908,2520.4578,winter,day1
2025-01-31 02:25:00,3388.2505,2513.1943,winter,day1
2025-01-31 02:30:00,2792.6448,2508.749,winter,day1
2025-01-31 02:35:00,3416.9543,2504.5657,winter,day1
2025-01-31 02:40:00,3290.1672,2517.576,winter,day1
2025-01-31 02:45:00,3310.4148,2516.496,winter,day1
2025-01-31 02:50:00,3021.81,2508.9902,winter,day1
2025-01-31 02:55:00,3089.8909,2505.2317,winter,day1
2025-01-31 03:00:00,3474.132,2509.2993,winter,day1
2025-01-31 03:05:00,3120.5652,2509.15,winter,day1
2025-01-31 03:10:00,2604.7463,2510.9346,winter,day1
2025-01-31 03:15:00,3252.3289,2513.787,winter,day1
2025-01-31 03:20:00,3162.252,2503.2007,winter,day1
2025-01-31 03:25:00,2431.2168,2500.6863,winter,day1
2025-01-31 03:30:00,2432.5093,2502.67,winter,day1
2025-01-31 03:35:00,2455.344,2503.0327,winter,day1
2025-01-31 03:40:00,2557.572,2512.4482,winter,day1
2025-01-31 03:45:00,2469.3948,2516.8877,winter,day1
2025-01-31 03:50:00,2462.453,2518.945,winter,day1
2025-01-31 03:55:00,2547.384,2519.0967,winter,day1
2025-01-31 04:00:00,2612.8884,2513.8994,winter,day1
2025-01-31 04:05:00,2651.478,2511.358,winter,day1
2025-01-31 04:10:00,2652.9563,2505.666,winter,day1
2025-01-31 04:15:00,2611.4268,2508.6187,winter,day1
2025-01-31 04:20:00,2538.81,2497.7212,winter,day1
2025-01-31 04:25:00,2501.904,2502.8394,winter,day1
2025-01-31 04:30:00,2600.8464,2490.7954,winter,day1
2025-01-31 04:35:00,2704.0415,2492.9185,winter,day1
2025-01-31 04:40:00,2662.4568,2495.5347,winter,day1
2025-01-31 04:45:00,2502.9612,2489.757,winter,day1
2025-01-31 04:50:00,2486.8967,2492.5454,winter,day1
2025-01-31 04:55:00,2481.2087,2490.9653,winter,day1
2025-01-31 05:00:00,2460.0215,2494.3926,winter,day1
2025-01-31 05:05:00,2467.8157,2493.7695,winter,day1
2025-01-31 05:10:00,2625.035,2495.1665,winter,day1
2025-01-31 05:15:00,2701.698,2506.667,winter,day1
2025-01-31 05:20:00,2665.6584,2525.2798,winter,day1
2025-01-31 05:25:00,2646.3733,2501.526,winter,day1
2025-01-31 05:30:00,2630.1697,2497.8794,winter,day1
2025-01-31 05:35:00,2554.8923,2485.6675,winter,day1
2025-01-31 05:40:00,2540.9675,2500.8071,winter,day1
2025-01-31 05:45:00,2553.3516,2503.7866,winter,day1
2025-01-31 05:50:00,2523.4355,2534.0154,winter,day1
2025-01-31 05:55:00,2493.5437,2529.7466,winter,day1
2025-01-31 06:00:00,2469.4993,2517.0317,winter,day1
2025-01-31 06:05:00,2479.0164,2519.4958,winter,day1
2025-01-31 06:10:00,2474.82,2529.9175,winter,day1
2025-01-31 06:15:00,2475.942,2511.7043,winter,day1
2025-01-31 06:20:00,2560.44,2496.9233,winter,day1
2025-01-31 06:25:00,2689.5408,2483.4268,winter,day1
2025-01-31 06:30:00,2691.576,2488.497,winter,day1
2025-01-31 06:35:00,2586.3577,2502.3008,winter,day1
2025-01-31 06:40:00,2574.911,2497.2524,winter,day1
2025-01-31 06:45:00,2593.9033,2487.669,winter,day1
2025-01-31 06:50:00,2597.6484,2477.0752,winter,day1
2025-01-31 06:55:00,2657.052,2526.5476,winter,day1
2025-01-31 07:00:00,2503.29,2560.4482,winter,day1
2025-01-31 07:05:00,2399.8535,2576.772,winter,day1
2025-01-31 07:10:00,2796.7476,2602.7769,winter,day1
2025-01-31 07:15:00,3094.368,2605.484,winter,day1
2025-01-31 07:20:00,1062.0948,2644.5215,winter,day1
2025-01-31 07:25:00,0.0,2688.7026,winter,day1
2025-01-31 07:30:00,329.8464,2773.1902,winter,day1
2025-01-31 07:35:00,4469.8306,3105.458,winter,day1
2025-01-31 07:40:00,3195.871,4202.814,winter,day1
2025-01-31 07:45:00,3173.7913,5580.6875,winter,day1
2025-01-31 07:50:00,3154.2168,5221.8965,winter,day1
2025-01-31 07:55:00,3164.3784,4517.8804,winter,day1
2025-01-31 08:00:00,3110.9255,4221.282,winter,day1
2025-01-31 08:05:00,3053.4204,4115.012,winter,day1
2025-01-31 08:10:00,2941.5024,3993.3484,winter,day1
2025-01-31 08:15:00,2826.8435,3927.0442,winter,day1
2025-01-31 08:20:00,2778.8833,3857.11,winter,day1
2025-01-31 08:25:00,2879.9292,3790.795,winter,day1
2025-01-31 08:30:00,2893.1904,3730.3562,winter,day1
2025-01-31 08:35:00,2838.2712,3689.287,winter,day1
2025-01-31 08:40:00,2864.569,3697.4187,winter,day1
2025-01-31 08:45:00,3146.5945,3665.7258,winter,day1
2025-01-31 08:50:00,3818.0771,3694.435,winter,day1
2025-01-31 08:55:00,2896.176,3732.4414,winter,day1
2025-01-31 09:00:00,3146.4949,3747.1255,winter,day1
2025-01-31 09:05:00,3097.164,3814.5664,winter,day1
2025-01-31 09:10:00,2852.1804,3829.6782,winter,day1
2025-01-31 09:15:00,2902.47,3827.8374,winter,day1
2025-01-31 09:20:00,2858.8464,3813.219,winter,day1
2025-01-31 09:25:00,2969.58,3843.151,winter,day1
2025-01-31 09:30:00,3069.2844,3919.4336,winter,day1
2025-01-31 09:35:00,2776.56,3970.5486,winter,day1
2025-01-31 09:40:00,2763.0828,4120.3643,winter,day1
2025-01-31 09:45:00,2781.0828,4300.869,winter,day1
2025-01-31 09:50:00,2815.8372,4423.092,winter,day1
2025-01-31 09:55:00,2843.652,4575.4717,winter,day1
2025-01-31 10:00:00,3068.1443,4692.397,winter,day1
2025-01-31 10:05:00,3093.9937,4824.7373,winter,day1
2025-01-31 10:10:00,2814.2317,4939.7715,winter,day1
2025-01-31 10:15:00,2781.3828,4883.5776,winter,day1
2025-01-31 10:20:00,2811.6985,4800.875,winter,day1
2025-01-31 10:25:00,2800.008,4733.0283,winter,day1
2025-01-31 10:30:00,2792.0845,4648.994,winter,day1
2025-01-31 10:35:00,2786.089,4639.975,winter,day1
2025-01-31 10:40:00,3025.9536,4732.4395,winter,day1
2025-01-31 10:45:00,3129.0923,4751.8745,winter,day1
2025-01-31 10:50:00,11905.827,4659.4316,winter,day1
2025-01-31 10:55:00,7211.2046,4561.303,winter,day1
2025-01-31 11:00:00,5106.3193,4489.715,winter,day1
2025-01-31 11:05:00,5155.385,4442.0835,winter,day1
2025-01-31 11:10:00,4274.8716,4451.4663,winter,day1
2025-01-31 11:15:00,2854.3284,4429.497,winter,day1
2025-01-31 11:20:00,2956.7388,4402.9844,winter,day1
2025-01-31 11:25:00,3654.8784,4346.3706,winter,day1
2025-01-31 11:30:00,2839.458,4300.3267,winter,day1
2025-01-31 11:35:00,2797.7952,4269.88,winter,day1
2025-01-31 11:40:00,2320.086,4289.814,winter,day1
2025-01-31 11:45:00,3245.9795,4312.1743,winter,day1
2025-01-31 11:50:00,1997.8656,4318.691,winter,day1
2025-01-31 11:55:00,1985.4229,4300.248,winter,day1
2025-01-31 12:00:00,2112.2737,4269.2847,winter,day1
2025-01-31 12:05:00,2531.1335,4240.8184,winter,day1
2025-01-31 12:10:00,2235.1667,4218.3726,winter,day1
2025-01-31 12:15:00,2350.975,4200.131,winter,day1
2025-01-31 12:20:00,2110.1245,4166.385,winter,day1
2025-01-31 12:25:00,2110.1736,4104.8584,winter,day1
2025-01-31 12:30:00,2318.832,4086.4734,winter,day1
2025-01-31 12:35:00,2952.972,4066.921,winter,day1
2025-01-31 12:40:00,2047.9656,4084.8123,winter,day1
2025-01-31 12:45:00,2041.5673,4115.604,winter,day1
2025-01-31 12:50:00,2436.762,4091.5754,winter,day1
2025-01-31 12:55:00,2047.6128,4031.2517,winter,day1
2025-01-31 13:00:00,2608.854,3992.2634,winter,day1
2025-01-31 13:05:00,3095.1997,3948.6958,winter,day1
2025-01-31 13:10:00,2278.9165,3946.6355,winter,day1
2025-01-31 13:15:00,2230.1353,3951.113,winter,day1
2025-01-31 13:20:00,3371.2249,3943.365,winter,day1
2025-01-31 13:25:00,2222.0627,3939.6196,winter,day1
2025-01-31 13:30:00,3055.6487,3921.989,winter,day1
2025-01-31 13:35:00,2325.1392,3900.8123,winter,day1
2025-01-31 13:40:00,2361.2112,3921.5427,winter,day1
2025-01-31 13:45:00,2338.8457,3932.578,winter,day1
2025-01-31 13:50:00,2381.0557,3928.7224,winter,day1
2025-01-31 13:55:00,2489.7996,3916.8108,winter,day1
2025-01-31 14:00:00,2614.128,3919.477,winter,day1
2025-01-31 14:05:00,4218.284,3898.3987,winter,day1
2025-01-31 14:10:00,3829.068,3895.6182,winter,day1
2025-01-31 14:15:00,2993.958,3925.941,winter,day1
2025-01-31 14:20:00,2935.1255,3957.501,winter,day1
2025-01-31 14:25:00,3198.9995,3974.7217,winter,day1
2025-01-31 14:30:00,3069.672,4057.812,winter,day1
2025-01-31 14:35:00,3663.1523,3992.2908,winter,day1
2025-01-31 14:40:00,3035.2788,3995.4817,winter,day1
2025-01-31 14:45:00,2981.6123,4091.598,winter,day1
2025-01-31 14:50:00,3319.7893,4041.653,winter,day1
2025-01-31 14:55:00,4121.4746,4020.1394,winter,day1
2025-01-31 15:00:00,3289.0933,3996.8137,winter,day1
2025-01-31 15:05:00,3411.0696,3996.7192,winter,day1
2025-01-31 15:10:00,3320.634,4053.3647,winter,day1
2025-01-31 15:15:00,3538.6992,4197.0464,winter,day1
2025-01-31 15:20:00,3681.684,4212.95,winter,day1
2025-01-31 15:25:00,3798.6875,4277.9336,winter,day1
2025-01-31 15:30:00,6839.64,4434.057,winter,day1
2025-01-31 15:35:00,5204.9927,4587.589,winter,day1
2025-01-31 15:40:00,4172.244,4763.8643,winter,day1
2025-01-31 15:45:00,3777.9048,5056.7217,winter,day1
2025-01-31 15:50:00,3975.4968,5163.374,winter,day1
2025-01-31 15:55:00,3809.7637,5205.7095,winter,day1
2025-01-31 16:00:00,4072.4807,5212.616,winter,day1
2025-01-31 16:05:00,5101.51,5274.1357,winter,day1
2025-01-31 16:10:00,5849.4346,5248.0044,winter,day1
2025-01-31 16:15:00,4265.634,5199.709,winter,day1
2025-01-31 16:20:00,6059.244,5132.2344,winter,day1
2025-01-31 16:25:00,6108.862,5213.7295,winter,day1
2025-01-31 16:30:00,3822.9265,5215.4893,winter,day1
2025-01-31 16:35:00,4368.27,5261.7715,winter,day1
2025-01-31 16:40:00,5444.748,5307.996,winter,day1
2025-01-31 16:45:00,5331.252,5247.505,winter,day1
2025-01-31 16:50:00,4275.241,5252.6035,winter,day1
2025-01-31 16:55:00,4357.4126,5240.5854,winter,day1
2025-01-31 17:00:00,4463.323,5282.479,winter,day1
2025-01-31 17:05:00,4956.68,5210.7324,winter,day1
2025-01-31 17:10:00,7434.4644,5167.9385,winter,day1
2025-01-31 17:15:00,5788.616,5122.1084,winter,day1
2025-01-31 17:20:00,4697.286,5092.4893,winter,day1
2025-01-31 17:25:00,4403.489,5043.8037,winter,day1
2025-01-31 17:30:00,4285.9546,5094.9863,winter,day1
2025-01-31 17:35:00,5213.6353,5146.001,winter,day1
2025-01-31 17:40:00,6172.1294,5200.013,winter,day1
2025-01-31 17:45:00,4718.4673,5308.7646,winter,day1
2025-01-31 17:50:00,5186.24,5382.001,winter,day1
2025-01-31 17:55:00,4587.0493,5444.6157,winter,day1
2025-01-31 18:00:00,5823.6875,5504.861,winter,day1
2025-01-31 18:05:00,8507.27,5629.3057,winter,day1
2025-01-31 18:10:00,11902.478,5749.589,winter,day1
2025-01-31 18:15:00,11655.634,5590.5063,winter,day1
2025-01-31 18:20:00,5160.34,5180.832,winter,day1
2025-01-31 18:25:00,3717.7249,4963.259,winter,day1
2025-01-31 18:30:00,5269.1724,4798.8315,winter,day1
2025-01-31 18:35:00,4856.976,4669.675,winter,day1
2025-01-31 18:40:00,4008.9468,4595.8247,winter,day1
2025-01-31 18:45:00,4800.2134,4591.9014,winter,day1
2025-01-31 18:50:00,3721.53,4524.022,winter,day1
2025-01-31 18:55:00,3683.9592,4464.6626,winter,day1
2025-01-31 19:00:00,3895.4375,4389.235,winter,day1
2025-01-31 19:05:00,3802.4255,4317.516,winter,day1
2025-01-31 19:10:00,3494.0425,4291.9844,winter,day1
2025-01-31 19:15:00,3520.9272,4209.45,winter,day1
2025-01-31 19:20:00,3634.224,4123.5293,winter,day1
2025-01-31 19:25:00,3646.3835,4047.3608,winter,day1
2025-01-31 19:30:00,3716.0195,3975.5347,winter,day1
2025-01-31 19:35:00,3563.6052,3924.2898,winter,day1
2025-01-31 19:40:00,3467.5967,3911.8767,winter,day1
2025-01-31 19:45:00,3381.348,3873.1719,winter,day1
2025-01-31 19:50:00,3352.4473,3824.7036,winter,day1
2025-01-31 19:55:00,3341.6772,3766.7734,winter,day1
2025-01-31 20:00:00,3418.7783,3634.8481,winter,day1
2025-01-31 20:05:00,3528.0815,3617.8013,winter,day1
2025-01-31 20:10:00,3441.972,3523.8726,winter,day1
2025-01-31 20:15:00,3466.854,3456.417,winter,day1
2025-01-31 20:20:00,3511.7148,3416.3423,winter,day1
2025-01-31 20:25:00,3541.2407,3332.6558,winter,day1
2025-01-31 20:30:00,3458.8896,3289.1611,winter,day1
2025-01-31 20:35:00,3527.4875,3291.1648,winter,day1
2025-01-31 20:40:00,3652.4675,3278.216,winter,day1
2025-01-31 20:45:00,3501.528,3239.62,winter,day1
2025-01-31 20:50:00,3391.0945,3229.0676,winter,day1
2025-01-31 20:55:00,3383.6675,3196.5476,winter,day1
2025-01-31 21:00:00,3351.629,3174.708,winter,day1
2025-01-31 21:05:00,3343.6223,3160.9033,winter,day1
2025-01-31 21:10:00,3418.381,3137.0486,winter,day1
2025-01-31 21:15:00,3300.8892,3102.6416,winter,day1
2025-01-31 21:20:00,3487.3992,3081.5793,winter,day1
2025-01-31 21:25:00,3316.212,3045.8735,winter,day1
2025-01-31 21:30:00,2800.2097,2994.762,winter,day1
2025-01-31 21:35:00,2635.68,2974.0586,winter,day1
2025-01-31 21:40:00,2649.3433,2942.1714,winter,day1
2025-01-31 21:45:00,2659.164,2907.0454,winter,day1
2025-01-31 21:50:00,2892.5183,2882.769,winter,day1
2025-01-31 21:55:00,2654.2969,2853.263,winter,day1
2025-01-31 22:00:00,2338.524,2811.6152,winter,day1
2025-01-31 22:05:00,2304.9373,2793.9219,winter,day1
2025-01-31 22:10:00,2355.42,2768.1965,winter,day1
2025-01-31 22:15:00,2420.1409,2751.7793,winter,day1
2025-01-31 22:20:00,2454.942,2740.7874,winter,day1
2025-01-31 22:25:00,2469.5027,2720.3694,winter,day1
2025-01-31 22:30:00,2496.9192,2708.5786,winter,day1
2025-01-31 22:35:00,2502.054,2692.5615,winter,day1
2025-01-31 22:40:00,2451.114,2666.5667,winter,day1
2025-01-31 22:45:00,2420.7168,2660.8384,winter,day1
2025-01-31 22:50:00,2386.6548,2638.9795,winter,day1
2025-01-31 22:55:00,2656.3896,2634.7805,winter,day1
2025-01-31 23:00:00,2482.705,2619.6436,winter,day1
2025-01-31 23:05:00,2367.366,2614.2834,winter,day1
2025-01-31 23:10:00,2323.6729,2610.4846,winter,day1
2025-01-31 23:15:00,2325.354,2602.3848,winter,day1
2025-01-31 23:20:00,2334.3467,2587.9124,winter,day1
2025-01-31 23:25:00,2387.064,2593.6758,winter,day1
2025-01-31 23:30:00,2426.784,2582.4617,winter,day1
2025-01-31 23:35:00,2455.0415,2577.8064,winter,day1
2025-01-31 23:40:00,2426.13,2577.5435,winter,day1
2025-01-31 23:45:00,2358.9695,2570.397,winter,day1
2025-01-31 23:50:00,2372.28,2577.127,winter,day1
2025-01-31 23:55:00,2386.938,2570.8198,winter,day1
2025-02-15 00:00:00,2488.5383,2540.5,winter,day2
2025-02-15 00:05:00,2497.0703,2554.8025,winter,day2
2025-02-15 00:10:00,2762.6687,2559.167,winter,day2
2025-02-15 00:15:00,2761.069,2549.7456,winter,day2
2025-02-15 00:20:00,2593.7483,2550.9727,winter,day2
2025-02-15 00:25:00,2635.5972,2550.463,winter,day2
2025-02-15 00:30:00,2626.2876,2546.2456,winter,day2
2025-02-15 00:35:00,2579.4563,2556.0864,winter,day2
2025-02-15 00:40:00,2572.9092,2558.9688,winter,day2
2025-02-15 00:45:00,2528.3171,2559.9905,winter,day2
2025-02-15 00:50:00,2526.468,2562.3271,winter,day2
2025-02-15 00:55:00,2652.132,2573.617,winter,day2
2025-02-15 01:00:00,2831.778,2577.2244,winter,day2
2025-02-15 01:05:00,2576.6052,2591.5764,winter,day2
2025-02-15 01:10:00,2568.846,2599.9482,winter,day2
2025-02-15 01:15:00,2563.6367,2610.4346,winter,day2
2025-02-15 01:20:00,2620.032,2624.6594,winter,day2
2025-02-15 01:25:00,2629.7075,2631.9028,winter,day2
2025-02-15 01:30:00,2632.2468,2645.7175,winter,day2
2025-02-15 01:35:00,2596.05,2665.6992,winter,day2
2025-02-15 01:40:00,2657.7996,2676.3452,winter,day2
2025-02-15 01:45:00,2699.7708,2688.2324,winter,day2
2025-02-15 01:50:00,3088.3103,2709.514,winter,day2
2025-02-15 01:55:00,2952.6648,2747.977,winter,day2
2025-02-15 02:00:00,3365.6772,2780.6006,winter,day2
2025-02-15 02:05:00,2748.9912,2816.0347,winter,day2
2025-02-15 02:10:00,3425.2812,2841.7764,winter,day2
2025-02-15 02:15:00,3386.4097,2852.8098,winter,day2
2025-02-15 02:20:00,2955.0828,2855.775,winter,day2
2025-02-15 02:25:00,3455.4983,2863.6377,winter,day2
2025-02-15 02:30:00,3340.5889,2882.8337,winter,day2
2025-02-15 02:35:00,3299.052,2906.3042,winter,day2
2025-02-15 02:40:00,3295.6968,2923.469,winter,day2
2025-02-15 02:45:00,3496.2048,2930.0981,winter,day2
2025-02-15 02:50:00,3678.81,2935.17,winter,day2
2025-02-15 02:55:00,3431.8213,2935.8225,winter,day2
2025-02-15 03:00:00,2997.8567,2934.4675,winter,day2
2025-02-15 03:05:00,3494.8247,2932.9138,winter,day2
2025-02-15 03:10:00,3501.9,2927.562,winter,day2
2025-02-15 03:15:00,3167.2776,2915.5415,winter,day2
2025-02-15 03:20:00,3507.2136,2889.879,winter,day2
2025-02-15 03:25:00,3349.2144,2873.629,winter,day2
2025-02-15 03:30:00,3250.1917,2860.1523,winter,day2
2025-02-15 03:35:00,3390.924,2834.3525,winter,day2
2025-02-15 03:40:00,2922.5027,2798.2593,winter,day2
2025-02-15 03:45:00,2559.2903,2765.3032,winter,day2
2025-02-15 03:50:00,2797.6765,2749.206,winter,day2
2025-02-15 03:55:00,2562.6191,2748.936,winter,day2
2025-02-15 04:00:00,2540.7732,2735.5754,winter,day2
2025-02-15 04:05:00,2542.0537,2747.228,winter,day2
2025-02-15 04:10:00,2665.9128,2717.026,winter,day2
2025-02-15 04:15:00,2718.2087,2711.251,winter,day2
2025-02-15 04:20:00,2717.5117,2687.1865,winter,day2
2025-02-15 04:25:00,2653.6296,2680.3157,winter,day2
2025-02-15 04:30:00,2697.8545,2665.2456,winter,day2
2025-02-15 04:35:00,2711.34,2670.2847,winter,day2
2025-02-15 04:40:00,2700.6528,2667.5195,winter,day2
2025-02-15 04:45:00,2799.0383,2654.495,winter,day2
2025-02-15 04:50:00,2976.36,2662.663,winter,day2
2025-02-15 04:55:00,2617.7651,2661.688,winter,day2
2025-02-15 05:00:00,2624.0425,2658.046,winter,day2
2025-02-15 05:05:00,2733.119,2667.1135,winter,day2
2025-02-15 05:10:00,2724.3564,2667.2388,winter,day2
2025-02-15 05:15:00,2746.314,2688.231,winter,day2
2025-02-15 05:20:00,2761.5457,2736.9468,winter,day2
2025-02-15 05:25:00,2770.9211,2722.2886,winter,day2
2025-02-15 05:30:00,2778.6492,2714.766,winter,day2
2025-02-15 05:35:00,2719.5144,2729.973,winter,day2
2025-02-15 05:40:00,2715.99,2720.689,winter,day2
2025-02-15 05:45:00,2973.078,2677.3481,winter,day2
2025-02-15 05:50:00,2825.2788,2709.8975,winter,day2
2025-02-15 05:55:00,2689.6045,2681.4973,winter,day2
2025-02-15 06:00:00,2615.4155,2681.8784,winter,day2
2025-02-15 06:05:00,2624.508,2689.4023,winter,day2
2025-02-15 06:10:00,2611.782,2657.8008,winter,day2
2025-02-15 06:15:00,2592.9468,2633.2192,winter,day2
2025-02-15 06:20:00,2628.9048,2616.6233,winter,day2
2025-02-15 06:25:00,2613.193,2619.8982,winter,day2
2025-02-15 06:30:00,2612.5776,2642.4514,winter,day2
2025-02-15 06:35:00,2545.6057,2633.1858,winter,day2
2025-02-15 06:40:00,2487.6396,2630.714,winter,day2
2025-02-15 06:45:00,2432.4817,2618.26,winter,day2
2025-02-15 06:50:00,2675.988,2636.5706,winter,day2
2025-02-15 06:55:00,2424.3215,2630.6228,winter,day2
2025-02-15 07:00:00,2442.4272,2685.5103,winter,day2
2025-02-15 07:05:00,2382.3647,2730.461,winter,day2
2025-02-15 07:10:00,2677.4316,2768.143,winter,day2
2025-02-15 07:15:00,3024.7825,2871.213,winter,day2
2025-02-15 07:20:00,3020.04,2992.036,winter,day2
2025-02-15 07:25:00,3081.3347,3112.2944,winter,day2
2025-02-15 07:30:00,4056.673,3483.623,winter,day2
2025-02-15 07:35:00,11292.399,4283.883,winter,day2
2025-02-15 07:40:00,11048.544,7573.5186,winter,day2
2025-02-15 07:45:00,5957.1265,8518.072,winter,day2
2025-02-15 07:50:00,4076.0916,6118.75,winter,day2
2025-02-15 07:55:00,3772.008,4590.5835,winter,day2
2025-02-15 08:00:00,3840.462,4343.701,winter,day2
2025-02-15 08:05:00,5717.4937,4281.6025,winter,day2
2025-02-15 08:10:00,7114.7554,4229.963,winter,day2
2025-02-15 08:15:00,6988.9126,4247.313,winter,day2
2025-02-15 08:20:00,6578.6772,4362.591,winter,day2
2025-02-15 08:25:00,4691.0854,4472.176,winter,day2
2025-02-15 08:30:00,4353.1416,4611.3135,winter,day2
2025-02-15 08:35:00,4543.853,4634.4263,winter,day2
2025-02-15 08:40:00,4814.4106,4585.205,winter,day2
2025-02-15 08:45:00,4399.854,4536.4272,winter,day2
2025-02-15 08:50:00,4330.043,4517.903,winter,day2
2025-02-15 08:55:00,5953.8022,4498.1895,winter,day2
2025-02-15 09:00:00,5415.386,4483.678,winter,day2
2025-02-15 09:05:00,5265.3574,4483.2295,winter,day2
2025-02-15 09:10:00,4289.6377,4492.291,winter,day2
2025-02-15 09:15:00,4193.6846,4514.562,winter,day2
2025-02-15 09:20:00,4645.1426,4579.6646,winter,day2
2025-02-15 09:25:00,4191.955,4600.7563,winter,day2
2025-02-15 09:30:00,4246.309,4654.0034,winter,day2
2025-02-15 09:35:00,4949.8525,4634.3213,winter,day2
2025-02-15 09:40:00,4334.73,4649.473,winter,day2
2025-02-15 09:45:00,4737.3203,4727.661,winter,day2
2025-02-15 09:50:00,5548.783,4881.7393,winter,day2
2025-02-15 09:55:00,5322.1934,4949.734,winter,day2
2025-02-15 10:00:00,4632.359,4992.846,winter,day2
2025-02-15 10:05:00,5411.008,5034.7764,winter,day2
2025-02-15 10:10:00,6348.689,5021.9546,winter,day2
2025-02-15 10:15:00,5285.1143,4928.451,winter,day2
2025-02-15 10:20:00,4419.233,4889.089,winter,day2
2025-02-15 10:25:00,4396.9956,4861.3945,winter,day2
2025-02-15 10:30:00,4392.76,4797.125,winter,day2
2025-02-15 10:35:00,6185.994,4790.9434,winter,day2
2025-02-15 10:40:00,5201.365,4818.5483,winter,day2
2025-02-15 10:45:00,4983.325,4811.061,winter,day2
2025-02-15 10:50:00,6062.6006,4813.928,winter,day2
2025-02-15 10:55:00,4482.653,4789.909,winter,day2
2025-02-15 11:00:00,4369.5996,4810.0083,winter,day2
2025-02-15 11:05:00,4604.948,4781.8384,winter,day2
2025-02-15 11:10:00,4555.5,4784.0312,winter,day2
2025-02-15 11:15:00,5872.705,4805.186,winter,day2
2025-02-15 11:20:00,4895.986,4822.1094,winter,day2
2025-02-15 11:25:00,6677.3726,4826.677,winter,day2
2025-02-15 11:30:00,5196.293,4832.4707,winter,day2
2025-02-15 11:35:00,4449.2305,4819.63,winter,day2
2025-02-15 11:40:00,4519.835,4781.6484,winter,day2
2025-02-15 11:45:00,4362.052,4767.8936,winter,day2
2025-02-15 11:50:00,5688.996,4758.29,winter,day2
2025-02-15 11:55:00,6641.568,4720.422,winter,day2
2025-02-15 12:00:00,4780.4546,4681.137,winter,day2
2025-02-15 12:05:00,4838.2954,4651.6875,winter,day2
2025-02-15 12:10:00,6261.8604,4640.185,winter,day2
2025-02-15 12:15:00,4966.3066,4623.1333,winter,day2
2025-02-15 12:20:00,4915.3115,4600.609,winter,day2
2025-02-15 12:25:00,6678.21,4508.2144,winter,day2
2025-02-15 12:30:00,5226.5713,4485.85,winter,day2
2025-02-15 12:35:00,4141.104,4489.8423,winter,day2
2025-02-15 12:40:00,3603.401,4446.2153,winter,day2
2025-02-15 12:45:00,3644.2043,4410.6406,winter,day2
2025-02-15 12:50:00,2812.5913,4408.291,winter,day2
2025-02-15 12:55:00,2937.4548,4378.397,winter,day2
2025-02-15 13:00:00,3804.3948,4368.877,winter,day2
2025-02-15 13:05:00,2557.9824,4344.557,winter,day2
2025-02-15 13:10:00,3793.4617,4367.2124,winter,day2
2025-02-15 13:15:00,3430.7483,4334.5337,winter,day2
2025-02-15 13:20:00,3147.3372,4300.979,winter,day2
2025-02-15 13:25:00,2454.6096,4282.3345,winter,day2
2025-02-15 13:30:00,10347.385,4258.251,winter,day2
2025-02-15 13:35:00,12404.589,4212.3193,winter,day2
2025-02-15 13:40:00,11947.543,4206.38,winter,day2
2025-02-15 13:45:00,12035.585,4174.0127,winter,day2
2025-02-15 13:50:00,12659.388,4160.044,winter,day2
2025-02-15 13:55:00,12770.053,4195.354,winter,day2
2025-02-15 14:00:00,13642.865,4229.522,winter,day2
2025-02-15 14:05:00,5633.101,4154.182,winter,day2
2025-02-15 14:10:00,4914.023,4134.1426,winter,day2
2025-02-15 14:15:00,4696.906,4126.2983,winter,day2
2025-02-15 14:20:00,4501.578,4131.4395,winter,day2
2025-02-15 14:25:00,5893.415,4125.332,winter,day2
2025-02-15 14:30:00,7143.294,4157.607,winter,day2
2025-02-15 14:35:00,6570.251,4164.7686,winter,day2
2025-02-15 14:40:00,6067.091,4189.5117,winter,day2
2025-02-15 14:45:00,7256.6953,4290.21,winter,day2
2025-02-15 14:50:00,8559.5205,4215.619,winter,day2
2025-02-15 14:55:00,8953.059,4191.3154,winter,day2
2025-02-15 15:00:00,6538.944,4206.099,winter,day2
2025-02-15 15:05:00,4598.981,4212.7305,winter,day2
2025-02-15 15:10:00,5760.028,4269.726,winter,day2
2025-02-15 15:15:00,6697.3525,4313.128,winter,day2
2025-02-15 15:20:00,5173.757,4454.8345,winter,day2
2025-02-15 15:25:00,4370.591,4548.1787,winter,day2
2025-02-15 15:30:00,4713.481,4773.3574,winter,day2
2025-02-15 15:35:00,4968.647,5169.908,winter,day2
2025-02-15 15:40:00,7555.3354,5432.622,winter,day2
2025-02-15 15:45:00,7059.386,5494.312,winter,day2
2025-02-15 15:50:00,8549.582,5382.5156,winter,day2
2025-02-15 15:55:00,8541.67,5204.6885,winter,day2
2025-02-15 16:00:00,8092.133,5284.8076,winter,day2
2025-02-15 16:05:00,6996.906,5332.2773,winter,day2
2025-02-15 16:10:00,6957.2666,5359.669,winter,day2
2025-02-15 16:15:00,6731.3726,5394.622,winter,day2
2025-02-15 16:20:00,7061.801,5393.338,winter,day2
2025-02-15 16:25:00,7746.3457,5402.4424,winter,day2
2025-02-15 16:30:00,7681.7354,5431.3066,winter,day2
2025-02-15 16:35:00,7173.738,5456.8296,winter,day2
2025-02-15 16:40:00,6496.0093,5446.776,winter,day2
2025-02-15 16:45:00,5636.995,5422.9585,winter,day2
2025-02-15 16:50:00,5181.992,5421.3467,winter,day2
2025-02-15 16:55:00,5061.8447,5400.8965,winter,day2
2025-02-15 17:00:00,5736.47,5413.02,winter,day2
2025-02-15 17:05:00,5347.518,5436.207,winter,day2
2025-02-15 17:10:00,6278.237,5446.927,winter,day2
2025-02-15 17:15:00,7073.2153,5466.4893,winter,day2
2025-02-15 17:20:00,6359.315,5485.0195,winter,day2
2025-02-15 17:25:00,6632.803,5512.1216,winter,day2
2025-02-15 17:30:00,6291.611,5518.265,winter,day2
2025-02-15 17:35:00,6996.2603,5629.899,winter,day2
2025-02-15 17:40:00,6293.795,5715.462,winter,day2
2025-02-15 17:45:00,7691.7446,5798.188,winter,day2
2025-02-15 17:50:00,6314.8584,5938.4,winter,day2
2025-02-15 17:55:00,6229.6523,6033.8994,winter,day2
2025-02-15 18:00:00,6089.13,6229.701,winter,day2
2025-02-15 18:05:00,9879.4,6366.857,winter,day2
2025-02-15 18:10:00,11469.441,6451.6025,winter,day2
2025-02-15 18:15:00,11986.055,6342.9756,winter,day2
2025-02-15 18:20:00,7759.8926,6225.006,winter,day2
2025-02-15 18:25:00,7490.6772,6083.5576,winter,day2
2025-02-15 18:30:00,7945.158,6008.6006,winter,day2
2025-02-15 18:35:00,9408.124,5953.848,winter,day2
2025-02-15 18:40:00,7508.767,5856.92,winter,day2
2025-02-15 18:45:00,6825.6216,5809.475,winter,day2
2025-02-15 18:50:00,5278.8433,5744.4814,winter,day2
2025-02-15 18:55:00,4547.1074,5698.8423,winter,day2
2025-02-15 19:00:00,4536.4966,5613.6455,winter,day2
2025-02-15 19:05:00,4995.239,5527.6885,winter,day2
2025-02-15 19:10:00,7088.988,5444.9395,winter,day2
2025-02-15 19:15:00,5754.778,5352.501,winter,day2
2025-02-15 19:20:00,5796.762,5226.915,winter,day2
2025-02-15 19:25:00,4289.9414,5126.463,winter,day2
2025-02-15 19:30:00,4289.292,4972.7197,winter,day2
2025-02-15 19:35:00,4805.046,4843.536,winter,day2
2025-02-15 19:40:00,4305.5566,4746.281,winter,day2
2025-02-15 19:45:00,4204.6836,4602.8374,winter,day2
2025-02-15 19:50:00,4491.5137,4477.8022,winter,day2
2025-02-15 19:55:00,4038.1008,4342.0166,winter,day2
2025-02-15 20:00:00,4228.709,4149.706,winter,day2
2025-02-15 20:05:00,4548.522,4047.6213,winter,day2
2025-02-15 20:10:00,5616.1006,3946.8247,winter,day2
2025-02-15 20:15:00,5732.561,3831.7942,winter,day2
2025-02-15 20:20:00,3872.2488,3757.177,winter,day2
2025-02-15 20:25:00,3953.9893,3667.7214,winter,day2
2025-02-15 20:30:00,3924.7883,3613.0906,winter,day2
2025-02-15 20:35:00,4385.4023,3560.5752,winter,day2
2025-02-15 20:40:00,4002.912,3501.3865,winter,day2
2025-02-15 20:45:00,6012.9673,3444.1914,winter,day2
2025-02-15 20:50:00,5836.6646,3412.9973,winter,day2
2025-02-15 20:55:00,4751.302,3376.4111,winter,day2
2025-02-15 21:00:00,4026.8196,3339.1348,winter,day2
2025-02-15 21:05:00,3470.262,3308.3433,winter,day2
2025-02-15 21:10:00,3234.0613,3278.1355,winter,day2
2025-02-15 21:15:00,2808.1104,3236.5212,winter,day2
2025-02-15 21:20:00,2842.956,3267.7046,winter,day2
2025-02-15 21:25:00,2899.9248,3236.0027,winter,day2
2025-02-15 21:30:00,2940.126,3191.7126,winter,day2
2025-02-15 21:35:00,3015.5256,3160.219,winter,day2
2025-02-15 21:40:00,2942.934,3126.5488,winter,day2
2025-02-15 21:45:00,3243.2903,3089.687,winter,day2
2025-02-15 21:50:00,3078.7043,3076.689,winter,day2
2025-02-15 21:55:00,2939.5776,3056.1155,winter,day2
2025-02-15 22:00:00,2648.214,3017.0735,winter,day2
2025-02-15 22:05:00,2525.3545,2998.9211,winter,day2
2025-02-15 22:10:00,2470.1267,2983.9663,winter,day2
2025-02-15 22:15:00,2454.642,2965.1606,winter,day2
2025-02-15 22:20:00,3749.8032,2952.2725,winter,day2
2025-02-15 22:25:00,3233.868,2941.3726,winter,day2
2025-02-15 22:30:00,2614.3848,2930.7979,winter,day2
2025-02-15 22:35:00,2474.7625,2916.9963,winter,day2
2025-02-15 22:40:00,2493.3745,2884.1016,winter,day2
2025-02-15 22:45:00,2640.4104,2884.433,winter,day2
2025-02-15 22:50:00,2646.7583,2860.4636,winter,day2
2025-02-15 22:55:00,2626.6345,2865.609,winter,day2
2025-02-15 23:00:00,2640.1116,2853.0295,winter,day2
2025-02-15 23:05:00,2685.4055,2851.3032,winter,day2
2025-02-15 23:10:00,2946.2927,2845.1643,winter,day2
2025-02-15 23:15:00,2753.5403,2844.489,winter,day2
2025-02-15 23:20:00,2502.9817,2835.5679,winter,day2
2025-02-15 23:25:00,2548.027,2853.3604,winter,day2
2025-02-15 23:30:00,2540.394,2840.7114,winter,day2
2025-02-15 23:35:00,2539.1665,2845.0562,winter,day2
2025-02-15 23:40:00,2457.7031,2847.3237,winter,day2
2025-02-15 23:45:00,2438.4072,2843.1265,winter,day2
2025-02-15 23:50:00,2441.1,2851.038,winter,day2
2025-02-15 23:55:00,2596.3403,2866.7695,winter,day2
2025-12-02 00:00:00,2584.6765,2506.6792,winter,day3
2025-12-02 00:05:00,2585.208,2507.7158,winter,day3
2025-12-02 00:10:00,2589.12,2506.6748,winter,day3
2025-12-02 00:15:00,2559.282,2496.5103,winter,day3
2025-12-02 00:20:00,2531.1191,2503.462,winter,day3
2025-12-02 00:25:00,2496.389,2498.5378,winter,day3
2025-12-02 00:30:00,2486.328,2497.0193,winter,day3
2025-12-02 00:35:00,2690.994,2507.6274,winter,day3
2025-12-02 00:40:00,2574.9253,2511.0928,winter,day3
2025-12-02 00:45:00,2494.8108,2510.9534,winter,day3
2025-12-02 00:50:00,2455.4893,2519.7568,winter,day3
2025-12-02 00:55:00,2462.4517,2516.9941,winter,day3
2025-12-02 01:00:00,2447.6135,2513.25,winter,day3
2025-12-02 01:05:00,2474.5703,2517.817,winter,day3
2025-12-02 01:10:00,2497.134,2509.3245,winter,day3
2025-12-02 01:15:00,2529.6516,2509.0205,winter,day3
2025-12-02 01:20:00,2571.4692,2520.6963,winter,day3
2025-12-02 01:25:00,2593.9512,2508.9058,winter,day3
2025-12-02 01:30:00,2562.9575,2515.6304,winter,day3
2025-12-02 01:35:00,2498.9148,2515.5679,winter,day3
2025-12-02 01:40:00,2532.2593,2509.2578,winter,day3
2025-12-02 01:45:00,2671.7832,2509.8982,winter,day3
2025-12-02 01:50:00,2719.0872,2516.8271,winter,day3
2025-12-02 01:55:00,2499.786,2518.6694,winter,day3
2025-12-02 02:00:00,2475.366,2511.2812,winter,day3
2025-12-02 02:05:00,2435.1973,2514.3013,winter,day3
2025-12-02 02:10:00,2416.3513,2512.32,winter,day3
2025-12-02 02:15:00,2404.0715,2520.687,winter,day3
2025-12-02 02:20:00,2407.6465,2526.1995,winter,day3
2025-12-02 02:25:00,2513.455,2522.7407,winter,day3
2025-12-02 02:30:00,2573.7744,2516.3994,winter,day3
2025-12-02 02:35:00,2593.4412,2524.496,winter,day3
2025-12-02 02:40:00,2579.1265,2519.031,winter,day3
2025-12-02 02:45:00,2561.5332,2518.647,winter,day3
2025-12-02 02:50:00,2554.6704,2516.2756,winter,day3
2025-12-02 02:55:00,2680.9187,2517.8787,winter,day3
2025-12-02 03:00:00,2821.9285,2514.7588,winter,day3
2025-12-02 03:05:00,2529.4788,2515.811,winter,day3
2025-12-02 03:10:00,2450.1108,2514.249,winter,day3
2025-12-02 03:15:00,2541.431,2508.5938,winter,day3
2025-12-02 03:20:00,2563.3115,2515.2842,winter,day3
2025-12-02 03:25:00,2546.5825,2514.3748,winter,day3
2025-12-02 03:30:00,2570.7769,2508.3044,winter,day3
2025-12-02 03:35:00,2608.535,2517.908,winter,day3
2025-12-02 03:40:00,2459.814,2518.0913,winter,day3
2025-12-02 03:45:00,2487.6553,2524.5186,winter,day3
2025-12-02 03:50:00,2492.58,2533.028,winter,day3
2025-12-02 03:55:00,2491.2708,2532.205,winter,day3
2025-12-02 04:00:00,2595.0984,2522.2307,winter,day3
2025-12-02 04:05:00,2754.0708,2533.647,winter,day3
2025-12-02 04:10:00,2676.1643,2518.3398,winter,day3
2025-12-02 04:15:00,2469.6985,2528.8245,winter,day3
2025-12-02 04:20:00,2466.5413,2534.9597,winter,day3
2025-12-02 04:25:00,2462.928,2541.7002,winter,day3
2025-12-02 04:30:00,2440.3848,2537.1333,winter,day3
2025-12-02 04:35:00,2441.0293,2550.1516,winter,day3
2025-12-02 04:40:00,2483.6016,2551.2378,winter,day3
2025-12-02 04:45:00,2476.2864,2548.583,winter,day3
2025-12-02 04:50:00,2476.3127,2557.392,winter,day3
2025-12-02 04:55:00,2498.7888,2551.3481,winter,day3
2025-12-02 05:00:00,2523.366,2557.5566,winter,day3
2025-12-02 05:05:00,2492.9893,2573.626,winter,day3
2025-12-02 05:10:00,2602.776,2569.059,winter,day3
2025-12-02 05:15:00,2801.0388,2577.9731,winter,day3
2025-12-02 05:20:00,2673.4775,2566.734,winter,day3
2025-12-02 05:25:00,2574.0732,2581.995,winter,day3
2025-12-02 05:30:00,2596.265,2590.2136,winter,day3
2025-12-02 05:35:00,2568.6384,2584.5298,winter,day3
2025-12-02 05:40:00,2539.674,2615.104,winter,day3
2025-12-02 05:45:00,2670.9275,2645.7085,winter,day3
2025-12-02 05:50:00,2813.7349,2668.0337,winter,day3
2025-12-02 05:55:00,2841.3157,2745.1514,winter,day3
2025-12-02 06:00:00,2828.9053,2834.54,winter,day3
2025-12-02 06:05:00,3314.8008,2999.6345,winter,day3
2025-12-02 06:10:00,3381.696,3117.6804,winter,day3
2025-12-02 06:15:00,3469.902,3269.1028,winter,day3
2025-12-02 06:20:00,3127.2312,3404.5017,winter,day3
2025-12-02 06:25:00,3247.26,3389.3237,winter,day3
2025-12-02 06:30:00,3546.27,3364.5972,winter,day3
2025-12-02 06:35:00,3619.1963,3318.0417,winter,day3
2025-12-02 06:40:00,3879.7031,3323.733,winter,day3
2025-12-02 06:45:00,3268.986,3388.9146,winter,day3
2025-12-02 06:50:00,3886.7903,3500.9365,winter,day3
2025-12-02 06:55:00,3782.0352,3654.978,winter,day3
2025-12-02 07:00:00,3783.475,3743.6377,winter,day3
2025-12-02 07:05:00,3802.332,3977.489,winter,day3
2025-12-02 07:10:00,3549.6433,3921.8352,winter,day3
2025-12-02 07:15:00,4389.8184,4034.1636,winter,day3
2025-12-02 07:20:00,3724.4375,4208.2754,winter,day3
2025-12-02 07:25:00,3420.7776,4536.9253,winter,day3
2025-12-02 07:30:00,3205.579,5084.692,winter,day3
2025-12-02 07:35:00,10705.3955,5365.4766,winter,day3
2025-12-02 07:40:00,10067.283,5365.074,winter,day3
2025-12-02 07:45:00,7560.341,5510.2676,winter,day3
2025-12-02 07:50:00,4807.704,5239.4995,winter,day3
2025-12-02 07:55:00,4616.549,4844.954,winter,day3
2025-12-02 08:00:00,4571.339,4550.661,winter,day3
2025-12-02 08:05:00,4221.3384,4464.344,winter,day3
2025-12-02 08:10:00,4044.636,4341.739,winter,day3
2025-12-02 08:15:00,4346.2466,4343.9727,winter,day3
2025-12-02 08:20:00,4628.101,4261.3726,winter,day3
2025-12-02 08:25:00,3938.0112,4257.3965,winter,day3
2025-12-02 08:30:00,4449.6514,4243.3716,winter,day3
2025-12-02 08:35:00,4098.397,4197.6006,winter,day3
2025-12-02 08:40:00,4391.9014,4219.5312,winter,day3
2025-12-02 08:45:00,4145.362,4284.715,winter,day3
2025-12-02 08:50:00,4601.3774,4385.2285,winter,day3
2025-12-02 08:55:00,3736.4675,4506.643,winter,day3
2025-12-02 09:00:00,3649.4197,4602.2764,winter,day3
2025-12-02 09:05:00,3287.7876,4705.706,winter,day3
2025-12-02 09:10:00,3704.5728,4687.3726,winter,day3
2025-12-02 09:15:00,3636.1943,4596.9917,winter,day3
2025-12-02 09:20:00,3402.618,4517.4854,winter,day3
2025-12-02 09:25:00,3828.1453,4468.603,winter,day3
2025-12-02 09:30:00,4100.364,4445.074,winter,day3
2025-12-02 09:35:00,5915.7227,4329.423,winter,day3
2025-12-02 09:40:00,5611.8984,4318.403,winter,day3
2025-12-02 09:45:00,6284.7446,4332.522,winter,day3
2025-12-02 09:50:00,5128.0464,4329.0835,winter,day3
2025-12-02 09:55:00,3856.9597,4338.249,winter,day3
2025-12-02 10:00:00,3329.1685,4339.7617,winter,day3
2025-12-02 10:05:00,3522.4548,4427.0264,winter,day3
2025-12-02 10:10:00,4173.559,4556.3306,winter,day3
2025-12-02 10:15:00,3471.6611,4942.979,winter,day3
2025-12-02 10:20:00,3522.942,4836.557,winter,day3
2025-12-02 10:25:00,4584.635,4805.0386,winter,day3
2025-12-02 10:30:00,3909.492,4794.198,winter,day3
2025-12-02 10:35:00,3484.4917,4746.49,winter,day3
2025-12-02 10:40:00,3428.173,4712.88,winter,day3
2025-12-02 10:45:00,3359.4805,4647.1484,winter,day3
2025-12-02 10:50:00,3126.1104,4663.503,winter,day3
2025-12-02 10:55:00,3711.8604,4687.9136,winter,day3
2025-12-02 11:00:00,5273.2705,4673.678,winter,day3
2025-12-02 11:05:00,4952.9976,4660.999,winter,day3
2025-12-02 11:10:00,5216.586,4576.589,winter,day3
2025-12-02 11:15:00,3273.0156,4461.497,winter,day3
2025-12-02 11:20:00,3135.8533,4401.0312,winter,day3
2025-12-02 11:25:00,3062.5093,4400.836,winter,day3
2025-12-02 11:30:00,3240.69,4376.3604,winter,day3
2025-12-02 11:35:00,3230.982,4390.021,winter,day3
2025-12-02 11:40:00,3260.3904,4393.6553,winter,day3
2025-12-02 11:45:00,3225.2185,4351.598,winter,day3
2025-12-02 11:50:00,3921.918,4305.285,winter,day3
2025-12-02 11:55:00,3512.7205,4272.104,winter,day3
2025-12-02 12:00:00,4808.245,4295.0757,winter,day3
2025-12-02 12:05:00,3658.2395,4291.483,winter,day3
2025-12-02 12:10:00,2711.4744,4202.4634,winter,day3
2025-12-02 12:15:00,2604.3948,4121.5747,winter,day3
2025-12-02 12:20:00,2801.2212,4067.174,winter,day3
2025-12-02 12:25:00,2865.6013,4037.061,winter,day3
2025-12-02 12:30:00,2542.9548,4044.4888,winter,day3
2025-12-02 12:35:00,2481.0984,4061.6616,winter,day3
2025-12-02 12:40:00,2771.0076,4095.238,winter,day3
2025-12-02 12:45:00,2348.015,4135.5386,winter,day3
2025-12-02 12:50:00,2308.3547,4170.3706,winter,day3
2025-12-02 12:55:00,3027.4597,4182.616,winter,day3
2025-12-02 13:00:00,3510.294,4156.482,winter,day3
2025-12-02 13:05:00,2609.2751,4113.6426,winter,day3
2025-12-02 13:10:00,2433.036,4094.5105,winter,day3
2025-12-02 13:15:00,2345.9053,4039.186,winter,day3
2025-12-02 13:20:00,2655.876,3994.8562,winter,day3
2025-12-02 13:25:00,2783.5164,3996.8337,winter,day3
2025-12-02 13:30:00,2350.638,3947.7988,winter,day3
2025-12-02 13:35:00,2416.8804,3920.787,winter,day3
2025-12-02 13:40:00,2738.5032,3914.8345,winter,day3
2025-12-02 13:45:00,2698.3333,3919.315,winter,day3
2025-12-02 13:50:00,3171.6467,3932.256,winter,day3
2025-12-02 13:55:00,2537.556,3962.9077,winter,day3
2025-12-02 14:00:00,3734.082,4007.9,winter,day3
2025-12-02 14:05:00,3048.7908,4004.9985,winter,day3
2025-12-02 14:10:00,2487.312,3994.7927,winter,day3
2025-12-02 14:15:00,2934.007,3988.8381,winter,day3
2025-12-02 14:20:00,2624.287,3911.5754,winter,day3
2025-12-02 14:25:00,2740.02,3892.4575,winter,day3
2025-12-02 14:30:00,4219.794,3879.0435,winter,day3
2025-12-02 14:35:00,2654.328,3898.3274,winter,day3
2025-12-02 14:40:00,2405.3987,3928.183,winter,day3
2025-12-02 14:45:00,2550.5125,3977.9453,winter,day3
2025-12-02 14:50:00,2943.787,4074.6072,winter,day3
2025-12-02 14:55:00,3097.4543,4101.745,winter,day3
2025-12-02 15:00:00,3536.3184,4154.042,winter,day3
2025-12-02 15:05:00,3761.1816,4233.966,winter,day3
2025-12-02 15:10:00,5736.9146,4354.873,winter,day3
2025-12-02 15:15:00,3531.6685,4503.0845,winter,day3
2025-12-02 15:20:00,3434.837,4694.2896,winter,day3
2025-12-02 15:25:00,4197.577,4829.8384,winter,day3
2025-12-02 15:30:00,3837.726,4986.344,winter,day3
2025-12-02 15:35:00,3723.4392,5170.2,winter,day3
2025-12-02 15:40:00,4281.906,5157.282,winter,day3
2025-12-02 15:45:00,4808.879,5204.8003,winter,day3
2025-12-02 15:50:00,8003.0747,5166.6772,winter,day3
2025-12-02 15:55:00,10921.181,5213.054,winter,day3
2025-12-02 16:00:00,7045.951,5265.87,winter,day3
2025-12-02 16:05:00,5442.335,5374.157,winter,day3
2025-12-02 16:10:00,4902.643,5434.2285,winter,day3
2025-12-02 16:15:00,5564.142,5474.3184,winter,day3
2025-12-02 16:20:00,5172.03,5483.3013,winter,day3
2025-12-02 16:25:00,4569.3877,5496.4385,winter,day3
2025-12-02 16:30:00,6030.306,5518.4106,winter,day3
2025-12-02 16:35:00,4963.482,5517.923,winter,day3
2025-12-02 16:40:00,4907.358,5509.319,winter,day3
2025-12-02 16:45:00,4758.9277,5477.7383,winter,day3
2025-12-02 16:50:00,5014.998,5486.023,winter,day3
2025-12-02 16:55:00,4404.983,5473.8525,winter,day3
2025-12-02 17:00:00,4670.399,5508.6255,winter,day3
2025-12-02 17:05:00,5168.3315,5490.6714,winter,day3
2025-12-02 17:10:00,5390.096,5449.896,winter,day3
2025-12-02 17:15:00,6159.0215,5398.6387,winter,day3
2025-12-02 17:20:00,4260.824,5346.0083,winter,day3
2025-12-02 17:25:00,5884.426,5351.91,winter,day3
2025-12-02 17:30:00,4307.731,5358.675,winter,day3
2025-12-02 17:35:00,4909.277,5392.2373,winter,day3
2025-12-02 17:40:00,4737.6743,5415.3975,winter,day3
2025-12-02 17:45:00,4368.9683,5504.387,winter,day3
2025-12-02 17:50:00,4411.5156,5689.7666,winter,day3
2025-12-02 17:55:00,5227.368,5911.229,winter,day3
2025-12-02 18:00:00,5888.1816,6250.5986,winter,day3
2025-12-02 18:05:00,9812.764,6582.252,winter,day3
2025-12-02 18:10:00,11284.71,7117.0874,winter,day3
2025-12-02 18:15:00,11618.993,6988.218,winter,day3
2025-12-02 18:20:00,10094.826,6894.3794,winter,day3
2025-12-02 18:25:00,10502.113,6810.0283,winter,day3
2025-12-02 18:30:00,12101.612,6700.6777,winter,day3
2025-12-02 18:35:00,9531.998,6561.0566,winter,day3
2025-12-02 18:40:00,10680.182,6420.4443,winter,day3
2025-12-02 18:45:00,12144.138,6302.3906,winter,day3
2025-12-02 18:50:00,7109.724,6173.252,winter,day3
2025-12-02 18:55:00,7418.1973,6111.683,winter,day3
2025-12-02 19:00:00,7708.2646,6135.232,winter,day3
2025-12-02 19:05:00,9314.277,6087.6675,winter,day3
2025-12-02 19:10:00,9864.95,5909.679,winter,day3
2025-12-02 19:15:00,8999.859,5562.9985,winter,day3
2025-12-02 19:20:00,6535.734,5013.4053,winter,day3
2025-12-02 19:25:00,4100.412,4788.5,winter,day3
2025-12-02 19:30:00,4550.519,4597.9746,winter,day3
2025-12-02 19:35:00,4494.779,4468.3867,winter,day3
2025-12-02 19:40:00,3748.4795,4383.458,winter,day3
2025-12-02 19:45:00,5512.9873,4305.426,winter,day3
2025-12-02 19:50:00,3661.0933,4216.1934,winter,day3
2025-12-02 19:55:00,3563.4253,4138.6294,winter,day3
2025-12-02 20:00:00,3712.278,4031.871,winter,day3
2025-12-02 20:05:00,3904.3032,4018.4731,winter,day3
2025-12-02 20:10:00,4927.4795,3947.2852,winter,day3
2025-12-02 20:15:00,3493.1377,3842.0105,winter,day3
2025-12-02 20:20:00,3690.5063,3784.1902,winter,day3
2025-12-02 20:25:00,5000.07,3744.807,winter,day3
2025-12-02 20:30:00,3994.9392,3733.2666,winter,day3
2025-12-02 20:35:00,3530.514,3701.3176,winter,day3
2025-12-02 20:40:00,4586.4766,3661.053,winter,day3
2025-12-02 20:45:00,3391.0657,3596.7253,winter,day3
2025-12-02 20:50:00,3483.6697,3557.504,winter,day3
2025-12-02 20:55:00,3330.359,3517.489,winter,day3
2025-12-02 21:00:00,3306.4812,3463.0825,winter,day3
2025-12-02 21:05:00,3287.6267,3406.3503,winter,day3
2025-12-02 21:10:00,3172.2275,3314.3774,winter,day3
2025-12-02 21:15:00,3150.8545,3258.1987,winter,day3
2025-12-02 21:20:00,3292.859,3167.8257,winter,day3
2025-12-02 21:25:00,3413.5825,3094.136,winter,day3
2025-12-02 21:30:00,3162.7932,3041.9966,winter,day3
2025-12-02 21:35:00,2532.1033,2983.3794,winter,day3
2025-12-02 21:40:00,2470.866,2953.8066,winter,day3
2025-12-02 21:45:00,2432.8896,2927.318,winter,day3
2025-12-02 21:50:00,2435.016,2892.5261,winter,day3
2025-12-02 21:55:00,2388.636,2849.8914,winter,day3
2025-12-02 22:00:00,2384.8103,2822.8108,winter,day3
2025-12-02 22:05:00,2335.4087,2810.8987,winter,day3
2025-12-02 22:10:00,2418.3408,2802.6208,winter,day3
2025-12-02 22:15:00,2474.7097,2790.357,winter,day3
2025-12-02 22:20:00,2393.5464,2761.8452,winter,day3
2025-12-02 22:25:00,2419.8025,2733.17,winter,day3
2025-12-02 22:30:00,2450.4492,2700.6978,winter,day3
2025-12-02 22:35:00,2568.1416,2684.519,winter,day3
2025-12-02 22:40:00,2598.1284,2665.106,winter,day3
2025-12-02 22:45:00,2508.744,2658.2087,winter,day3
2025-12-02 22:50:00,2466.5652,2646.1897,winter,day3
2025-12-02 22:55:00,2458.7473,2641.3125,winter,day3
2025-12-02 23:00:00,2433.3816,2629.974,winter,day3
2025-12-02 23:05:00,2410.7075,2623.229,winter,day3
2025-12-02 23:10:00,2413.4473,2617.2222,winter,day3
2025-12-02 23:15:00,2412.631,2604.3442,winter,day3
2025-12-02 23:20:00,2454.2844,2602.664,winter,day3
2025-12-02 23:25:00,2464.9236,2599.7275,winter,day3
2025-12-02 23:30:00,2458.1592,2595.1711,winter,day3
2025-12-02 23:35:00,2471.8357,2594.0647,winter,day3
2025-12-02 23:40:00,2516.2944,2594.4175,winter,day3
2025-12-02 23:45:00,2607.6973,2585.8022,winter,day3
2025-12-02 23:50:00,2705.5237,2590.27,winter,day3
2025-12-02 23:55:00,2556.8328,2582.6338,winter,day3
2025-12-16 00:00:00,2537.6533,2475.874,winter,day4
2025-12-16 00:05:00,2463.0613,2485.7085,winter,day4
2025-12-16 00:10:00,2478.955,2478.396,winter,day4
2025-12-16 00:15:00,2475.5952,2484.4097,winter,day4
2025-12-16 00:20:00,2526.93,2471.6475,winter,day4
2025-12-16 00:25:00,2661.3804,2472.4343,winter,day4
2025-12-16 00:30:00,2497.9211,2468.9438,winter,day4
2025-12-16 00:35:00,2512.8108,2477.3179,winter,day4
2025-12-16 00:40:00,2480.7373,2477.186,winter,day4
2025-12-16 00:45:00,2447.2524,2478.0654,winter,day4
2025-12-16 00:50:00,2428.0188,2479.1587,winter,day4
2025-12-16 00:55:00,2469.3877,2484.7163,winter,day4
2025-12-16 01:00:00,2464.098,2485.9666,winter,day4
2025-12-16 01:05:00,2487.9097,2486.6914,winter,day4
2025-12-16 01:10:00,2482.6067,2483.0698,winter,day4
2025-12-16 01:15:00,2474.6245,2485.3115,winter,day4
2025-12-16 01:20:00,2426.1997,2478.5068,winter,day4
2025-12-16 01:25:00,2422.1484,2473.3364,winter,day4
2025-12-16 01:30:00,2423.5596,2475.3794,winter,day4
2025-12-16 01:35:00,2611.6067,2481.331,winter,day4
2025-12-16 01:40:00,2671.5757,2474.4531,winter,day4
2025-12-16 01:45:00,2519.8584,2477.7568,winter,day4
2025-12-16 01:50:00,2502.0,2475.004,winter,day4
2025-12-16 01:55:00,2512.4988,2490.2485,winter,day4
2025-12-16 02:00:00,2486.046,2484.942,winter,day4
2025-12-16 02:05:00,2490.7405,2489.539,winter,day4
2025-12-16 02:10:00,2474.5835,2495.152,winter,day4
2025-12-16 02:15:00,2457.4429,2502.4673,winter,day4
2025-12-16 02:20:00,2506.381,2491.3318,winter,day4
2025-12-16 02:25:00,2499.4668,2491.6682,winter,day4
2025-12-16 02:30:00,2483.6233,2488.9546,winter,day4
2025-12-16 02:35:00,2487.911,2494.221,winter,day4
2025-12-16 02:40:00,2523.3457,2492.4773,winter,day4
2025-12-16 02:45:00,2520.9155,2489.9434,winter,day4
2025-12-16 02:50:00,2706.6035,2482.9004,winter,day4
2025-12-16 02:55:00,2766.4248,2489.0918,winter,day4
2025-12-16 03:00:00,2290.1077,2487.2417,winter,day4
2025-12-16 03:05:00,2421.8496,2491.692,winter,day4
2025-12-16 03:10:00,2512.548,2490.1963,winter,day4
2025-12-16 03:15:00,2539.3103,2494.8203,winter,day4
2025-12-16 03:20:00,2553.546,2484.2031,winter,day4
2025-12-16 03:25:00,2564.2932,2485.9395,winter,day4
2025-12-16 03:30:00,2555.55,2480.2239,winter,day4
2025-12-16 03:35:00,2529.3684,2485.2163,winter,day4
2025-12-16 03:40:00,2524.3296,2484.3574,winter,day4
2025-12-16 03:45:00,2553.1775,2487.3818,winter,day4
2025-12-16 03:50:00,2598.0493,2491.9312,winter,day4
2025-12-16 03:55:00,2610.4033,2494.9722,winter,day4
2025-12-16 04:00:00,2672.9663,2490.42,winter,day4
2025-12-16 04:05:00,2769.1477,2496.6,winter,day4
2025-12-16 04:10:00,2510.9795,2491.3848,winter,day4
2025-12-16 04:15:00,2513.3496,2497.108,winter,day4
2025-12-16 04:20:00,2461.6572,2495.1926,winter,day4
2025-12-16 04:25:00,2454.2832,2502.4043,winter,day4
2025-12-16 04:30:00,2431.9417,2495.8774,winter,day4
2025-12-16 04:35:00,2428.5168,2504.4448,winter,day4
2025-12-16 04:40:00,2429.9412,2499.7236,winter,day4
2025-12-16 04:45:00,2432.2812,2495.354,winter,day4
2025-12-16 04:50:00,2449.4688,2502.275,winter,day4
2025-12-16 04:55:00,2473.9968,2504.6445,winter,day4
2025-12-16 05:00:00,2527.7063,2508.2249,winter,day4
2025-12-16 05:05:00,2551.5227,2520.3286,winter,day4
2025-12-16 05:10:00,2566.3547,2522.287,winter,day4
2025-12-16 05:15:00,2722.0715,2532.1484,winter,day4
2025-12-16 05:20:00,2673.99,2493.7183,winter,day4
2025-12-16 05:25:00,2507.898,2517.9497,winter,day4
2025-12-16 05:30:00,2523.1511,2523.4407,winter,day4
2025-12-16 05:35:00,2549.0676,2539.2815,winter,day4
2025-12-16 05:40:00,2525.4011,2552.9575,winter,day4
2025-12-16 05:45:00,2511.8567,2566.085,winter,day4
2025-12-16 05:50:00,2513.7456,2578.7368,winter,day4
2025-12-16 05:55:00,2576.892,2620.1562,winter,day4
2025-12-16 06:00:00,3618.0396,2670.418,winter,day4
2025-12-16 06:05:00,3193.9272,2751.8647,winter,day4
2025-12-16 06:10:00,3056.322,2892.3657,winter,day4
2025-12-16 06:15:00,3188.802,2978.416,winter,day4
2025-12-16 06:20:00,3320.8584,3038.644,winter,day4
2025-12-16 06:25:00,3678.6936,3104.9258,winter,day4
2025-12-16 06:30:00,3141.414,3182.584,winter,day4
2025-12-16 06:35:00,3588.9756,3232.1436,winter,day4
2025-12-16 06:40:00,3585.9937,3262.7263,winter,day4
2025-12-16 06:45:00,3242.9543,3287.914,winter,day4
2025-12-16 06:50:00,3911.3904,3319.218,winter,day4
2025-12-16 06:55:00,3752.6135,3369.975,winter,day4
2025-12-16 07:00:00,3536.4792,3428.1992,winter,day4
2025-12-16 07:05:00,3213.9744,3612.0496,winter,day4
2025-12-16 07:10:00,3840.2915,3699.4038,winter,day4
2025-12-16 07:15:00,3452.256,3917.8547,winter,day4
2025-12-16 07:20:00,4289.8574,4121.708,winter,day4
2025-12-16 07:25:00,3764.9387,4505.2773,winter,day4
2025-12-16 07:30:00,3594.4968,5760.4336,winter,day4
2025-12-16 07:35:00,8889.691,6789.375,winter,day4
2025-12-16 07:40:00,13350.668,5539.637,winter,day4
2025-12-16 07:45:00,8135.238,5396.4404,winter,day4
2025-12-16 07:50:00,7084.505,5127.1465,winter,day4
2025-12-16 07:55:00,7205.719,4710.8813,winter,day4
2025-12-16 08:00:00,5879.8066,4447.323,winter,day4
2025-12-16 08:05:00,4666.3066,4361.294,winter,day4
2025-12-16 08:10:00,4394.0806,4271.88,winter,day4
2025-12-16 08:15:00,5070.0396,4364.422,winter,day4
2025-12-16 08:20:00,5125.4233,4370.026,winter,day4
2025-12-16 08:25:00,4303.0654,4380.3057,winter,day4
2025-12-16 08:30:00,4704.1787,4408.372,winter,day4
2025-12-16 08:35:00,4075.7593,4387.661,winter,day4
2025-12-16 08:40:00,5405.31,4362.833,winter,day4
2025-12-16 08:45:00,4404.8975,4355.704,winter,day4
2025-12-16 08:50:00,4950.653,4326.9736,winter,day4
2025-12-16 08:55:00,6181.309,4342.187,winter,day4
2025-12-16 09:00:00,7122.306,4383.5723,winter,day4
2025-12-16 09:05:00,6685.9907,4429.939,winter,day4
2025-12-16 09:10:00,5233.7773,4421.8076,winter,day4
2025-12-16 09:15:00,4153.127,4403.6987,winter,day4
2025-12-16 09:20:00,4161.3145,4401.3125,winter,day4
2025-12-16 09:25:00,4026.3972,4424.1953,winter,day4
2025-12-16 09:30:00,5052.306,4494.0215,winter,day4
2025-12-16 09:35:00,4094.2668,4523.6963,winter,day4
2025-12-16 09:40:00,4127.8477,4628.4277,winter,day4
2025-12-16 09:45:00,4505.4204,4633.7456,winter,day4
2025-12-16 09:50:00,4041.7356,4627.4194,winter,day4
2025-12-16 09:55:00,4273.463,4628.4146,winter,day4
2025-12-16 10:00:00,4452.055,4625.534,winter,day4
2025-12-16 10:05:00,4339.7,4629.9844,winter,day4
2025-12-16 10:10:00,4576.8613,4644.9883,winter,day4
2025-12-16 10:15:00,4096.518,4670.6,winter,day4
2025-12-16 10:20:00,4990.0283,4654.8447,winter,day4
2025-12-16 10:25:00,4283.236,4638.3975,winter,day4
2025-12-16 10:30:00,4198.085,4639.8486,winter,day4
2025-12-16 10:35:00,4275.7666,4596.924,winter,day4
2025-12-16 10:40:00,4266.47,4636.9395,winter,day4
2025-12-16 10:45:00,4146.736,4589.4385,winter,day4
2025-12-16 10:50:00,4051.476,4595.1777,winter,day4
2025-12-16 10:55:00,4008.6924,4545.863,winter,day4
2025-12-16 11:00:00,3833.4636,4645.805,winter,day4
2025-12-16 11:05:00,3885.552,4660.8633,winter,day4
2025-12-16 11:10:00,4982.1914,4552.326,winter,day4
2025-12-16 11:15:00,4509.4526,4451.3667,winter,day4
2025-12-16 11:20:00,5283.576,4343.0493,winter,day4
2025-12-16 11:25:00,5901.5737,4283.321,winter,day4
2025-12-16 11:30:00,4369.2046,4277.5366,winter,day4
2025-12-16 11:35:00,3914.8235,4260.364,winter,day4
2025-12-16 11:40:00,3608.1084,4255.4937,winter,day4
2025-12-16 11:45:00,3877.2612,4277.839,winter,day4
2025-12-16 11:50:00,4029.27,4256.2217,winter,day4
2025-12-16 11:55:00,3742.668,4231.337,winter,day4
2025-12-16 12:00:00,6038.3545,4222.1294,winter,day4
2025-12-16 12:05:00,4067.7383,4203.382,winter,day4
2025-12-16 12:10:00,4482.7163,4213.08,winter,day4
2025-12-16 12:15:00,3729.8423,4178.669,winter,day4
2025-12-16 12:20:00,3680.1672,4149.1006,winter,day4
2025-12-16 12:25:00,3748.716,4108.7417,winter,day4
2025-12-16 12:30:00,4284.107,4108.0273,winter,day4
2025-12-16 12:35:00,3777.2725,4090.039,winter,day4
2025-12-16 12:40:00,4806.6084,4123.636,winter,day4
2025-12-16 12:45:00,4121.4263,4083.6726,winter,day4
2025-12-16 12:50:00,3663.7932,4086.5923,winter,day4
2025-12-16 12:55:00,3641.1804,4083.6042,winter,day4
2025-12-16 13:00:00,4079.0615,4125.5054,winter,day4
2025-12-16 13:05:00,5389.7446,4049.1897,winter,day4
2025-12-16 13:10:00,4180.53,3992.8171,winter,day4
2025-12-16 13:15:00,3867.5293,3927.549,winter,day4
2025-12-16 13:20:00,3947.0833,3912.0232,winter,day4
2025-12-16 13:25:00,4291.2085,3900.3442,winter,day4
2025-12-16 13:30:00,3750.8557,3900.9812,winter,day4
2025-12-16 13:35:00,3951.222,3905.0273,winter,day4
2025-12-16 13:40:00,3920.4023,3911.5872,winter,day4
2025-12-16 13:45:00,3324.2483,3925.254,winter,day4
2025-12-16 13:50:00,3828.1943,3940.9512,winter,day4
2025-12-16 13:55:00,3311.3137,3938.8738,winter,day4
2025-12-16 14:00:00,3627.4116,4060.3142,winter,day4
2025-12-16 14:05:00,3714.871,4062.362,winter,day4
2025-12-16 14:10:00,4166.52,4095.3647,winter,day4
2025-12-16 14:15:00,3917.3809,4180.917,winter,day4
2025-12-16 14:20:00,5278.9043,4118.6694,winter,day4
2025-12-16 14:25:00,3564.9253,4152.982,winter,day4
2025-12-16 14:30:00,3410.8896,4243.0854,winter,day4
2025-12-16 14:35:00,3794.142,4302.2563,winter,day4
2025-12-16 14:40:00,4064.076,4377.919,winter,day4
2025-12-16 14:45:00,4060.0188,4538.4,winter,day4
2025-12-16 14:50:00,5638.826,4637.093,winter,day4
2025-12-16 14:55:00,4045.8313,4719.935,winter,day4
2025-12-16 15:00:00,5577.5986,4834.335,winter,day4
2025-12-16 15:05:00,5338.7666,4906.9863,winter,day4
2025-12-16 15:10:00,4601.833,4967.95,winter,day4
2025-12-16 15:15:00,4514.3003,5091.7983,winter,day4
2025-12-16 15:20:00,4651.674,5186.0654,winter,day4
2025-12-16 15:25:00,4688.7803,5292.8906,winter,day4
2025-12-16 15:30:00,5018.646,5395.079,winter,day4
2025-12-16 15:35:00,4649.3125,5534.541,winter,day4
2025-12-16 15:40:00,5036.8955,5554.1206,winter,day4
2025-12-16 15:45:00,6101.222,5779.319,winter,day4
2025-12-16 15:50:00,5310.1343,5756.045,winter,day4
2025-12-16 15:55:00,5578.844,5745.7944,winter,day4
2025-12-16 16:00:00,6418.926,5885.0957,winter,day4
2025-12-16 16:05:00,6934.9873,6017.6094,winter,day4
2025-12-16 16:10:00,5723.408,6060.494,winter,day4
2025-12-16 16:15:00,6220.02,6129.362,winter,day4
2025-12-16 16:20:00,6189.9814,6047.7275,winter,day4
2025-12-16 16:25:00,8523.598,5995.8794,winter,day4
2025-12-16 16:30:00,6921.2134,5966.851,winter,day4
2025-12-16 16:35:00,6369.4175,5989.351,winter,day4
2025-12-16 16:40:00,5543.4937,5987.8853,winter,day4
2025-12-16 16:45:00,5541.312,5954.799,winter,day4
2025-12-16 16:50:00,6021.54,5941.848,winter,day4
2025-12-16 16:55:00,5594.221,5921.068,winter,day4
2025-12-16 17:00:00,5404.384,5960.8584,winter,day4
2025-12-16 17:05:00,5644.6045,5911.129,winter,day4
2025-12-16 17:10:00,5346.6396,5772.6265,winter,day4
2025-12-16 17:15:00,5382.9756,5640.673,winter,day4
2025-12-16 17:20:00,5437.4194,5429.35,winter,day4
2025-12-16 17:25:00,5168.364,5351.853,winter,day4
2025-12-16 17:30:00,4849.17,5326.8794,winter,day4
2025-12-16 17:35:00,4824.846,5365.9414,winter,day4
2025-12-16 17:40:00,4795.218,5384.037,winter,day4
2025-12-16 17:45:00,4838.4263,5458.845,winter,day4
2025-12-16 17:50:00,5375.195,5517.243,winter,day4
2025-12-16 17:55:00,6129.415,5664.6416,winter,day4
2025-12-16 18:00:00,7022.948,6104.35,winter,day4
2025-12-16 18:05:00,9322.599,6793.724,winter,day4
2025-12-16 18:10:00,12304.332,7701.908,winter,day4
2025-12-16 18:15:00,13883.989,7877.5615,winter,day4
2025-12-16 18:20:00,10606.918,7557.173,winter,day4
2025-12-16 18:25:00,11033.884,7226.2344,winter,day4
2025-12-16 18:30:00,10770.066,7131.535,winter,day4
2025-12-16 18:35:00,10817.266,6985.6577,winter,day4
2025-12-16 18:40:00,10768.573,6779.953,winter,day4
2025-12-16 18:45:00,11083.158,6687.703,winter,day4
2025-12-16 18:50:00,10502.316,6554.296,winter,day4
2025-12-16 18:55:00,11726.876,6522.0557,winter,day4
2025-12-16 19:00:00,9362.471,6524.949,winter,day4
2025-12-16 19:05:00,8939.401,6415.0127,winter,day4
2025-12-16 19:10:00,9068.529,6180.4043,winter,day4
2025-12-16 19:15:00,10369.383,5793.949,winter,day4
2025-12-16 19:20:00,4406.4277,5233.3154,winter,day4
2025-12-16 19:25:00,4186.998,4855.8496,winter,day4
2025-12-16 19:30:00,3759.4104,4730.7,winter,day4
2025-12-16 19:35:00,3591.498,4700.843,winter,day4
2025-12-16 19:40:00,3997.8433,4605.424,winter,day4
2025-12-16 19:45:00,4548.5254,4448.7515,winter,day4
2025-12-16 19:50:00,3994.7388,4311.5874,winter,day4
2025-12-16 19:55:00,3709.2588,4192.1255,winter,day4
2025-12-16 20:00:00,3851.6184,4085.2266,winter,day4
2025-12-16 20:05:00,3718.47,4041.4517,winter,day4
2025-12-16 20:10:00,3542.9485,3972.546,winter,day4
2025-12-16 20:15:00,3521.2993,3907.7385,winter,day4
2025-12-16 20:20:00,3372.99,3842.0457,winter,day4
2025-12-16 20:25:00,3389.2332,3790.1626,winter,day4
2025-12-16 20:30:00,3283.4329,3767.9172,winter,day4
2025-12-16 20:35:00,3479.412,3747.0352,winter,day4
2025-12-16 20:40:00,3745.8096,3658.4468,winter,day4
2025-12-16 20:45:00,3636.8257,3612.586,winter,day4
2025-12-16 20:50:00,3511.9475,3588.4749,winter,day4
2025-12-16 20:55:00,3160.83,3554.414,winter,day4
2025-12-16 21:00:00,2850.8545,3519.7058,winter,day4
2025-12-16 21:05:00,3042.5195,3498.823,winter,day4
2025-12-16 21:10:00,2641.8276,3431.3884,winter,day4
2025-12-16 21:15:00,2519.262,3364.0452,winter,day4
2025-12-16 21:20:00,2553.0745,3223.457,winter,day4
2025-12-16 21:25:00,2424.522,3150.0972,winter,day4
2025-12-16 21:30:00,2406.6228,3086.4473,winter,day4
2025-12-16 21:35:00,2408.4167,3045.5225,winter,day4
2025-12-16 21:40:00,2452.5396,3028.9133,winter,day4
2025-12-16 21:45:00,2527.0488,3000.6643,winter,day4
2025-12-16 21:50:00,2566.5408,2957.5703,winter,day4
2025-12-16 21:55:00,2691.1824,2926.0376,winter,day4
2025-12-16 22:00:00,2636.7324,2896.1387,winter,day4
2025-12-16 22:05:00,2519.8164,2890.1401,winter,day4
2025-12-16 22:10:00,2459.0063,2867.7263,winter,day4
2025-12-16 22:15:00,2469.444,2840.9033,winter,day4
2025-12-16 22:20:00,2629.8804,2833.2974,winter,day4
2025-12-16 22:25:00,2411.641,2823.796,winter,day4
2025-12-16 22:30:00,2404.7952,2806.8535,winter,day4
2025-12-16 22:35:00,2386.5227,2792.9624,winter,day4
2025-12-16 22:40:00,2356.6523,2773.1646,winter,day4
2025-12-16 22:45:00,2410.17,2754.9712,winter,day4
2025-12-16 22:50:00,2458.6309,2735.5342,winter,day4
2025-12-16 22:55:00,2457.559,2726.393,winter,day4
2025-12-16 23:00:00,2356.7483,2712.185,winter,day4
2025-12-16 23:05:00,2337.0996,2705.984,winter,day4
2025-12-16 23:10:00,2441.2512,2692.8438,winter,day4
2025-12-16 23:15:00,2482.1555,2675.2856,winter,day4
2025-12-16 23:20:00,2489.8967,2666.25,winter,day4
2025-12-16 23:25:00,2577.7007,2667.4058,winter,day4
2025-12-16 23:30:00,2728.6416,2660.546,winter,day4
2025-12-16 23:35:00,2683.764,2664.7588,winter,day4
2025-12-16 23:40:00,2471.9807,2652.8481,winter,day4
2025-12-16 23:45:00,2458.0583,2642.2588,winter,day4
2025-12-16 23:50:00,2508.2268,2640.3909,winter,day4
2025-12-16 23:55:00,2562.8735,2627.851,winter,day4
2025-12-31 00:00:00,3338.9136,3207.2266,winter,day5
2025-12-31 00:05:00,3319.3345,3211.1592,winter,day5
2025-12-31 00:10:00,2794.9272,3190.1187,winter,day5
2025-12-31 00:15:00,3241.1208,3205.4102,winter,day5
2025-12-31 00:20:00,2992.0703,3196.9536,winter,day5
2025-12-31 00:25:00,3351.4128,3186.8918,winter,day5
2025-12-31 00:30:00,3351.6443,3215.3103,winter,day5
2025-12-31 00:35:00,2985.12,3218.4346,winter,day5
2025-12-31 00:40:00,3308.274,3217.2168,winter,day5
2025-12-31 00:45:00,3283.6753,3229.268,winter,day5
2025-12-31 00:50:00,3266.0256,3218.962,winter,day5
2025-12-31 00:55:00,3306.7512,3225.7554,winter,day5
2025-12-31 01:00:00,2924.0676,3196.554,winter,day5
2025-12-31 01:05:00,3583.3645,3185.921,winter,day5
2025-12-31 01:10:00,3572.2007,3150.465,winter,day5
2025-12-31 01:15:00,3407.7563,3122.0862,winter,day5
2025-12-31 01:20:00,3333.2388,3037.206,winter,day5
2025-12-31 01:25:00,3103.6272,2978.0063,winter,day5
2025-12-31 01:30:00,3114.5017,2903.1997,winter,day5
2025-12-31 01:35:00,2717.7156,2824.733,winter,day5
2025-12-31 01:40:00,2677.3103,2781.8796,winter,day5
2025-12-31 01:45:00,2759.4504,2737.8755,winter,day5
2025-12-31 01:50:00,2732.4624,2721.5986,winter,day5
2025-12-31 01:55:00,2525.8247,2694.9521,winter,day5
2025-12-31 02:00:00,2513.3171,2683.0698,winter,day5
2025-12-31 02:05:00,2507.8452,2648.287,winter,day5
2025-12-31 02:10:00,2518.17,2635.7832,winter,day5
2025-12-31 02:15:00,2575.47,2635.1733,winter,day5
2025-12-31 02:20:00,2600.076,2616.2715,winter,day5
2025-12-31 02:25:00,2733.7607,2615.8083,winter,day5
2025-12-31 02:30:00,2878.1267,2600.9873,winter,day5
2025-12-31 02:35:00,2681.0557,2607.0022,winter,day5
2025-12-31 02:40:00,2654.16,2592.668,winter,day5
2025-12-31 02:45:00,2642.2285,2600.7478,winter,day5
2025-12-31 02:50:00,2643.522,2582.765,winter,day5
2025-12-31 02:55:00,2711.7407,2591.3398,winter,day5
2025-12-31 03:00:00,2456.0964,2584.5068,winter,day5
2025-12-31 03:05:00,2610.2783,2589.0747,winter,day5
2025-12-31 03:10:00,2780.85,2594.627,winter,day5
2025-12-31 03:15:00,2629.2456,2599.1182,winter,day5
2025-12-31 03:20:00,2558.4924,2598.6592,winter,day5
2025-12-31 03:25:00,2607.1165,2597.4583,winter,day5
2025-12-31 03:30:00,2624.0989,2611.316,winter,day5
2025-12-31 03:35:00,2653.4604,2592.8528,winter,day5
2025-12-31 03:40:00,2596.5337,2600.6694,winter,day5
2025-12-31 03:45:00,2587.92,2603.3667,winter,day5
2025-12-31 03:50:00,2564.3892,2604.3057,winter,day5
2025-12-31 03:55:00,2620.44,2606.1826,winter,day5
2025-12-31 04:00:00,2676.4895,2588.6714,winter,day5
2025-12-31 04:05:00,2725.3513,2598.1968,winter,day5
2025-12-31 04:10:00,2698.307,2583.3052,winter,day5
2025-12-31 04:15:00,2618.6077,2590.998,winter,day5
2025-12-31 04:20:00,2582.802,2577.2766,winter,day5
2025-12-31 04:25:00,2585.6233,2587.149,winter,day5
2025-12-31 04:30:00,2729.1277,2582.3032,winter,day5
2025-12-31 04:35:00,2707.944,2573.343,winter,day5
2025-12-31 04:40:00,2614.2036,2584.3083,winter,day5
2025-12-31 04:45:00,2609.3723,2579.435,winter,day5
2025-12-31 04:50:00,2532.6348,2591.624,winter,day5
2025-12-31 04:55:00,2524.2925,2598.0874,winter,day5
2025-12-31 05:00:00,2552.7192,2612.4045,winter,day5
2025-12-31 05:05:00,2590.962,2606.7446,winter,day5
2025-12-31 05:10:00,2662.661,2621.6235,winter,day5
2025-12-31 05:15:00,2660.9856,2611.235,winter,day5
2025-12-31 05:20:00,2644.1448,2602.5823,winter,day5
2025-12-31 05:25:00,2650.6716,2595.0793,winter,day5
2025-12-31 05:30:00,2610.084,2593.0498,winter,day5
2025-12-31 05:35:00,2720.0327,2575.2292,winter,day5
2025-12-31 05:40:00,2779.6992,2588.7393,winter,day5
2025-12-31 05:45:00,2879.2715,2591.3018,winter,day5
2025-12-31 05:50:00,2901.7117,2589.2312,winter,day5
2025-12-31 05:55:00,2602.9993,2596.3818,winter,day5
2025-12-31 06:00:00,2562.9983,2615.7183,winter,day5
2025-12-31 06:05:00,2562.6924,2614.4658,winter,day5
2025-12-31 06:10:00,2514.391,2630.2717,winter,day5
2025-12-31 06:15:00,2505.2195,2639.1655,winter,day5
2025-12-31 06:20:00,2627.9424,2651.335,winter,day5
2025-12-31 06:25:00,2631.9517,2684.905,winter,day5
2025-12-31 06:30:00,2570.6196,2725.5015,winter,day5
2025-12-31 06:35:00,2528.904,2748.572,winter,day5
2025-12-31 06:40:00,2597.9375,2821.4883,winter,day5
2025-12-31 06:45:00,3277.6716,2883.5403,winter,day5
2025-12-31 06:50:00,2724.342,2980.6763,winter,day5
2025-12-31 06:55:00,3794.3147,3113.0557,winter,day5
2025-12-31 07:00:00,3542.3413,3165.3442,winter,day5
2025-12-31 07:05:00,3736.728,3192.921,winter,day5
2025-12-31 07:10:00,3571.6477,3247.306,winter,day5
2025-12-31 07:15:00,3651.3528,3318.5315,winter,day5
2025-12-31 07:20:00,3699.6191,3451.8887,winter,day5
2025-12-31 07:25:00,3630.0996,3659.1455,winter,day5
2025-12-31 07:30:00,3662.142,3921.4197,winter,day5
2025-12-31 07:35:00,3685.212,4363.4385,winter,day5
2025-12-31 07:40:00,3743.3591,4116.0454,winter,day5
2025-12-31 07:45:00,3919.9873,4095.6567,winter,day5
2025-12-31 07:50:00,4016.8247,4072.573,winter,day5
2025-12-31 07:55:00,3773.514,4042.5376,winter,day5
2025-12-31 08:00:00,3514.1724,4000.5728,winter,day5
2025-12-31 08:05:00,3398.4924,3954.7563,winter,day5
2025-12-31 08:10:00,3332.1804,3922.948,winter,day5
2025-12-31 08:15:00,3295.9187,3943.5344,winter,day5
2025-12-31 08:20:00,3875.2344,3935.865,winter,day5
2025-12-31 08:25:00,4055.7505,3929.1936,winter,day5
2025-12-31 08:30:00,4329.833,3932.5747,winter,day5
2025-12-31 08:35:00,3847.4485,3886.0566,winter,day5
2025-12-31 08:40:00,3638.88,3870.706,winter,day5
2025-12-31 08:45:00,4250.6006,3855.984,winter,day5
2025-12-31 08:50:00,5217.9336,3833.728,winter,day5
2025-12-31 08:55:00,5401.421,3857.6633,winter,day5
2025-12-31 09:00:00,5468.371,3893.6802,winter,day5
2025-12-31 09:05:00,6148.494,3868.4297,winter,day5
2025-12-31 09:10:00,5363.1865,3864.4663,winter,day5
2025-12-31 09:15:00,5088.996,3814.4297,winter,day5
2025-12-31 09:20:00,4635.3804,3770.9744,winter,day5
2025-12-31 09:25:00,4231.6343,3743.024,winter,day5
2025-12-31 09:30:00,4401.9385,3705.5093,winter,day5
2025-12-31 09:35:00,4285.649,3670.3228,winter,day5
2025-12-31 09:40:00,4400.766,3666.7483,winter,day5
2025-12-31 09:45:00,10283.52,3655.9858,winter,day5
2025-12-31 09:50:00,9461.261,3679.6362,winter,day5
2025-12-31 09:55:00,6320.34,3670.3013,winter,day5
2025-12-31 10:00:00,5219.9546,3669.407,winter,day5
2025-12-31 10:05:00,6990.0684,3657.747,winter,day5
2025-12-31 10:10:00,7397.634,3653.896,winter,day5
2025-12-31 10:15:00,6904.891,3632.916,winter,day5
2025-12-31 10:20:00,7039.7,3612.8867,winter,day5
2025-12-31 10:25:00,5734.6787,3585.5188,winter,day5
2025-12-31 10:30:00,4595.826,3568.9563,winter,day5
2025-12-31 10:35:00,4877.771,3544.7961,winter,day5
2025-12-31 10:40:00,4928.214,3596.7803,winter,day5
2025-12-31 10:45:00,4913.7686,3602.1355,winter,day5
2025-12-31 10:50:00,4863.7944,3614.017,winter,day5
2025-12-31 10:55:00,4884.3574,3611.715,winter,day5
2025-12-31 11:00:00,6113.408,3608.8623,winter,day5
2025-12-31 11:05:00,6825.191,3611.0647,winter,day5
2025-12-31 11:10:00,4889.0425,3597.576,winter,day5
2025-12-31 11:15:00,4561.3237,3620.6196,winter,day5
2025-12-31 11:20:00,4379.1313,3625.986,winter,day5
2025-12-31 11:25:00,4388.6123,3629.6694,winter,day5
2025-12-31 11:30:00,4846.649,3641.1428,winter,day5
2025-12-31 11:35:00,4757.1406,3625.2158,winter,day5
2025-12-31 11:40:00,4462.3945,3620.2632,winter,day5
2025-12-31 11:45:00,4755.7466,3608.2874,winter,day5
2025-12-31 11:50:00,4390.89,3610.255,winter,day5
2025-12-31 11:55:00,4404.8413,3609.3582,winter,day5
2025-12-31 12:00:00,5794.156,3631.6602,winter,day5
2025-12-31 12:05:00,4418.346,3620.3057,winter,day5
2025-12-31 12:10:00,5056.236,3606.315,winter,day5
2025-12-31 12:15:00,5098.271,3586.7812,winter,day5
2025-12-31 12:20:00,4206.414,3564.7966,winter,day5
2025-12-31 12:25:00,3740.4792,3549.8003,winter,day5
2025-12-31 12:30:00,4270.369,3544.3777,winter,day5
2025-12-31 12:35:00,3738.846,3544.9548,winter,day5
2025-12-31 12:40:00,3676.3057,3552.1274,winter,day5
2025-12-31 12:45:00,3983.2188,3555.448,winter,day5
2025-12-31 12:50:00,4142.532,3548.662,winter,day5
2025-12-31 12:55:00,4682.7925,3565.05,winter,day5
2025-12-31 13:00:00,3651.547,3558.1096,winter,day5
2025-12-31 13:05:00,3380.8477,3550.253,winter,day5
2025-12-31 13:10:00,3235.3271,3560.233,winter,day5
2025-12-31 13:15:00,3393.5544,3565.5068,winter,day5
2025-12-31 13:20:00,3722.7456,3543.598,winter,day5
2025-12-31 13:25:00,3094.4917,3541.9104,winter,day5
2025-12-31 13:30:00,3354.0227,3518.2231,winter,day5
2025-12-31 13:35:00,3534.4463,3490.7874,winter,day5
2025-12-31 13:40:00,4910.742,3468.8726,winter,day5
2025-12-31 13:45:00,3182.765,3450.208,winter,day5
2025-12-31 13:50:00,3054.1943,3443.5452,winter,day5
2025-12-31 13:55:00,3002.3015,3430.6558,winter,day5
2025-12-31 14:00:00,2984.1697,3450.0522,winter,day5
2025-12-31 14:05:00,3174.005,3455.4824,winter,day5
2025-12-31 14:10:00,3060.2676,3442.5977,winter,day5
2025-12-31 14:15:00,3016.8,3440.6006,winter,day5
2025-12-31 14:20:00,3024.552,3437.5537,winter,day5
2025-12-31 14:25:00,3008.0017,3443.5015,winter,day5
2025-12-31 14:30:00,2977.5503,3448.0288,winter,day5
2025-12-31 14:35:00,2995.1868,3469.9336,winter,day5
2025-12-31 14:40:00,3277.644,3532.9392,winter,day5
2025-12-31 14:45:00,3150.348,3592.9824,winter,day5
2025-12-31 14:50:00,3066.4631,3625.7502,winter,day5
2025-12-31 14:55:00,3065.202,3660.5164,winter,day5
2025-12-31 15:00:00,3021.1885,3753.252,winter,day5
2025-12-31 15:05:00,2968.5,3801.514,winter,day5
2025-12-31 15:10:00,2935.4375,3807.4595,winter,day5
2025-12-31 15:15:00,3112.5913,3826.0237,winter,day5
2025-12-31 15:20:00,3107.9436,3901.1763,winter,day5
2025-12-31 15:25:00,2957.5237,4029.2598,winter,day5
2025-12-31 15:30:00,2978.1096,4266.9126,winter,day5
2025-12-31 15:35:00,2978.2393,4507.713,winter,day5
2025-12-31 15:40:00,2978.1611,4439.022,winter,day5
2025-12-31 15:45:00,2993.9675,4470.143,winter,day5
2025-12-31 15:50:00,3241.9055,4435.423,winter,day5
2025-12-31 15:55:00,3256.4268,4413.9033,winter,day5
2025-12-31 16:00:00,3148.1604,4488.3413,winter,day5
2025-12-31 16:05:00,3193.7231,4508.165,winter,day5
2025-12-31 16:10:00,3213.4631,4543.5757,winter,day5
2025-12-31 16:15:00,3326.7937,4557.8696,winter,day5
2025-12-31 16:20:00,3319.1497,4558.82,winter,day5
2025-12-31 16:25:00,3282.486,4524.628,winter,day5
2025-12-31 16:30:00,3423.804,4467.302,winter,day5
2025-12-31 16:35:00,3312.366,4434.99,winter,day5
2025-12-31 16:40:00,3215.3652,4422.617,winter,day5
2025-12-31 16:45:00,3342.4656,4446.584,winter,day5
2025-12-31 16:50:00,3411.024,4481.3677,winter,day5
2025-12-31 16:55:00,3581.5237,4498.8013,winter,day5
2025-12-31 17:00:00,3520.2288,4408.9346,winter,day5
2025-12-31 17:05:00,3353.9617,4319.501,winter,day5
2025-12-31 17:10:00,3362.9724,4258.0366,winter,day5
2025-12-31 17:15:00,3338.9353,4162.408,winter,day5
2025-12-31 17:20:00,3324.5735,4134.312,winter,day5
2025-12-31 17:25:00,3249.9817,4160.1514,winter,day5
2025-12-31 17:30:00,3212.58,4178.9937,winter,day5
2025-12-31 17:35:00,3211.5264,4201.5444,winter,day5
2025-12-31 17:40:00,3443.358,4206.166,winter,day5
2025-12-31 17:45:00,3471.162,4227.7256,winter,day5
2025-12-31 17:50:00,3254.922,4229.9224,winter,day5
2025-12-31 17:55:00,3212.4456,4295.9126,winter,day5
2025-12-31 18:00:00,3897.6492,4609.2236,winter,day5
2025-12-31 18:05:00,6079.2817,5142.486,winter,day5
2025-12-31 18:10:00,8732.07,5866.8037,winter,day5
2025-12-31 18:15:00,10121.234,5892.21,winter,day5
2025-12-31 18:20:00,10166.011,5824.72,winter,day5
2025-12-31 18:25:00,9286.32,5608.8037,winter,day5
2025-12-31 18:30:00,9876.836,5582.9087,winter,day5
2025-12-31 18:35:00,9728.758,5508.6655,winter,day5
2025-12-31 18:40:00,10754.265,5361.358,winter,day5
2025-12-31 18:45:00,9422.203,5382.098,winter,day5
2025-12-31 18:50:00,10060.223,5324.361,winter,day5
2025-12-31 18:55:00,9426.357,5285.8613,winter,day5
2025-12-31 19:00:00,10228.171,5274.505,winter,day5
2025-12-31 19:05:00,9329.582,5484.8926,winter,day5
2025-12-31 19:10:00,9846.739,5626.447,winter,day5
2025-12-31 19:15:00,9757.677,4955.9717,winter,day5
2025-12-31 19:20:00,3601.812,3934.0784,winter,day5
2025-12-31 19:25:00,2518.1064,3665.726,winter,day5
2025-12-31 19:30:00,2554.3333,3529.5642,winter,day5
2025-12-31 19:35:00,2569.9883,3462.1543,winter,day5
2025-12-31 19:40:00,2584.7195,3438.1267,winter,day5
2025-12-31 19:45:00,2544.3528,3391.2295,winter,day5
2025-12-31 19:50:00,2550.6443,3303.0398,winter,day5
2025-12-31 19:55:00,2509.4736,3264.3667,winter,day5
2025-12-31 20:00:00,2468.7517,3139.1865,winter,day5
2025-12-31 20:05:00,2578.404,3126.2786,winter,day5
2025-12-31 20:10:00,2585.016,3091.2898,winter,day5
2025-12-31 20:15:00,2491.5156,3036.9524,winter,day5
2025-12-31 20:20:00,2616.33,2988.0554,winter,day5
2025-12-31 20:25:00,2699.3508,2951.3904,winter,day5
2025-12-31 20:30:00,2727.7607,2937.3076,winter,day5
2025-12-31 20:35:00,2821.0835,2905.3047,winter,day5
2025-12-31 20:40:00,2587.2383,2871.4253,winter,day5
2025-12-31 20:45:00,2546.3855,2864.7847,winter,day5
2025-12-31 20:50:00,2522.6184,2870.5286,winter,day5
2025-12-31 20:55:00,2542.3464,2861.5076,winter,day5
2025-12-31 21:00:00,2529.996,2854.6365,winter,day5
2025-12-31 21:05:00,2506.7017,2820.2378,winter,day5
2025-12-31 21:10:00,2507.3232,2796.1958,winter,day5
2025-12-31 21:15:00,2447.28,2772.608,winter,day5
2025-12-31 21:20:00,2453.8835,2766.51,winter,day5
2025-12-31 21:25:00,2469.5327,2752.48,winter,day5
2025-12-31 21:30:00,2475.8928,2752.6396,winter,day5
2025-12-31 21:35:00,2655.1765,2738.3684,winter,day5
2025-12-31 21:40:00,2679.09,2744.9966,winter,day5
2025-12-31 21:45:00,2519.6687,2725.4985,winter,day5
2025-12-31 21:50:00,2522.1985,2732.1665,winter,day5
2025-12-31 21:55:00,2541.037,2729.6387,winter,day5
2025-12-31 22:00:00,2644.1533,2722.4282,winter,day5
2025-12-31 22:05:00,2618.184,2733.5015,winter,day5
2025-12-31 22:10:00,2623.7676,2722.6445,winter,day5
2025-12-31 22:15:00,2541.876,2729.0068,winter,day5
2025-12-31 22:20:00,2579.6711,2726.1245,winter,day5
2025-12-31 22:25:00,2563.074,2727.0964,winter,day5
2025-12-31 22:30:00,2559.7188,2729.435,winter,day5
2025-12-31 22:35:00,2531.4912,2722.6172,winter,day5
2025-12-31 22:40:00,2508.1008,2746.5024,winter,day5
2025-12-31 22:45:00,2500.602,2739.1694,winter,day5
2025-12-31 22:50:00,2753.952,2742.4287,winter,day5
2025-12-31 22:55:00,2793.0588,2747.1511,winter,day5
2025-12-31 23:00:00,2577.389,2747.8657,winter,day5
2025-12-31 23:05:00,2533.2312,2750.6099,winter,day5
2025-12-31 23:10:00,2484.7104,2758.7334,winter,day5
2025-12-31 23:15:00,2511.401,2766.4512,winter,day5
2025-12-31 23:20:00,2530.225,2776.1797,winter,day5
2025-12-31 23:25:00,2549.9353,2799.7822,winter,day5
2025-12-31 23:30:00,2534.6003,2810.508,winter,day5
2025-12-31 23:35:00,2584.8215,2835.908,winter,day5
2025-12-31 23:40:00,2595.6191,2860.9944,winter,day5
2025-12-31 23:45:00,2565.9673,2889.7888,winter,day5
2025-12-31 23:50:00,2620.8684,2933.7236,winter,day5
2025-12-31 23:55:00,2719.3667,2963.568,winter,day5
2025-06-01 00:00:00,2526.745,2455.5847,summer,day1
2025-06-01 00:05:00,2463.0613,2443.455,summer,day1
2025-06-01 00:10:00,2445.3623,2436.2437,summer,day1
2025-06-01 00:15:00,2434.8623,2439.2803,summer,day1
2025-06-01 00:20:00,2444.8835,2441.7585,summer,day1
2025-06-01 00:25:00,2443.6536,2449.1755,summer,day1
2025-06-01 00:30:00,2400.871,2462.3638,summer,day1
2025-06-01 00:35:00,2397.0864,2471.2236,summer,day1
2025-06-01 00:40:00,2408.7205,2481.8503,summer,day1
2025-06-01 00:45:00,2576.5237,2471.384,summer,day1
2025-06-01 00:50:00,2515.4268,2467.2212,summer,day1
2025-06-01 00:55:00,2153.4937,2465.4695,summer,day1
2025-06-01 01:00:00,2206.2683,2463.0024,summer,day1
2025-06-01 01:05:00,2483.8823,2472.6506,summer,day1
2025-06-01 01:10:00,2487.558,2467.4834,summer,day1
2025-06-01 01:15:00,2458.3416,2465.9006,summer,day1
2025-06-01 01:20:00,2445.9036,2453.9294,summer,day1
2025-06-01 01:25:00,2436.6743,2456.5942,summer,day1
2025-06-01 01:30:00,2437.7195,2449.8855,summer,day1
2025-06-01 01:35:00,2587.356,2467.427,summer,day1
2025-06-01 01:40:00,2479.992,2472.4053,summer,day1
2025-06-01 01:45:00,2388.192,2468.9685,summer,day1
2025-06-01 01:50:00,2394.2075,2469.1501,summer,day1
2025-06-01 01:55:00,2490.8303,2471.429,summer,day1
2025-06-01 02:00:00,2550.2844,2473.281,summer,day1
2025-06-01 02:05:00,2232.517,2477.6106,summer,day1
2025-06-01 02:10:00,2317.0957,2479.7375,summer,day1
2025-06-01 02:15:00,2408.6267,2485.8801,summer,day1
2025-06-01 02:20:00,2410.9224,2485.0237,summer,day1
2025-06-01 02:25:00,2668.9453,2477.012,summer,day1
2025-06-01 02:30:00,2585.2273,2478.067,summer,day1
2025-06-01 02:35:00,2479.11,2478.694,summer,day1
2025-06-01 02:40:00,2463.4187,2477.4688,summer,day1
2025-06-01 02:45:00,2463.426,2484.5347,summer,day1
2025-06-01 02:50:00,2449.2505,2482.695,summer,day1
2025-06-01 02:55:00,2430.3516,2480.0798,summer,day1
2025-06-01 03:00:00,2278.2048,2475.0789,summer,day1
2025-06-01 03:05:00,2049.5771,2467.9146,summer,day1
2025-06-01 03:10:00,2396.1804,2464.0947,summer,day1
2025-06-01 03:15:00,2571.4836,2458.999,summer,day1
2025-06-01 03:20:00,2472.3228,2459.641,summer,day1
2025-06-01 03:25:00,2364.7224,2467.3403,summer,day1
2025-06-01 03:30:00,2362.8804,2463.1934,summer,day1
2025-06-01 03:35:00,2403.0745,2461.2979,summer,day1
2025-06-01 03:40:00,2472.7285,2463.6157,summer,day1
2025-06-01 03:45:00,2457.0337,2455.4065,summer,day1
2025-06-01 03:50:00,2505.8809,2461.4475,summer,day1
2025-06-01 03:55:00,2628.3025,2463.9355,summer,day1
2025-06-01 04:00:00,2548.8804,2462.3062,summer,day1
2025-06-01 04:05:00,2958.8953,2462.5906,summer,day1
2025-06-01 04:10:00,2742.2664,2453.3616,summer,day1
2025-06-01 04:15:00,2707.5527,2449.458,summer,day1
2025-06-01 04:20:00,2519.6711,2441.3206,summer,day1
2025-06-01 04:25:00,2526.5076,2437.787,summer,day1
2025-06-01 04:30:00,2333.9604,2432.0479,summer,day1
2025-06-01 04:35:00,2619.3684,2440.5588,summer,day1
2025-06-01 04:40:00,2623.7063,2439.299,summer,day1
2025-06-01 04:45:00,2598.2363,2432.3696,summer,day1
2025-06-01 04:50:00,2679.3684,2431.4912,summer,day1
2025-06-01 04:55:00,2428.9248,2432.979,summer,day1
2025-06-01 05:00:00,2514.702,2432.8838,summer,day1
2025-06-01 05:05:00,2484.431,2444.4436,summer,day1
2025-06-01 05:10:00,2354.9424,2454.9316,summer,day1
2025-06-01 05:15:00,2305.1147,2467.3667,summer,day1
2025-06-01 05:20:00,2247.9636,2456.3918,summer,day1
2025-06-01 05:25:00,2213.567,2467.415,summer,day1
2025-06-01 05:30:00,2216.1145,2463.7393,summer,day1
2025-06-01 05:35:00,2200.464,2458.6152,summer,day1
2025-06-01 05:40:00,2392.1304,2452.817,summer,day1
2025-06-01 05:45:00,2271.996,2461.5034,summer,day1
2025-06-01 05:50:00,1770.0084,2462.165,summer,day1
2025-06-01 05:55:00,2016.8064,2476.7266,summer,day1
2025-06-01 06:00:00,2133.829,2483.074,summer,day1
2025-06-01 06:05:00,2130.492,2487.6987,summer,day1
2025-06-01 06:10:00,2230.986,2486.987,summer,day1
2025-06-01 06:15:00,2238.2808,2482.5818,summer,day1
2025-06-01 06:20:00,2225.3784,2488.781,summer,day1
2025-06-01 06:25:00,2329.7063,2509.1519,summer,day1
2025-06-01 06:30:00,2475.1597,2517.2712,summer,day1
2025-06-01 06:35:00,2459.2693,2522.0703,summer,day1
2025-06-01 06:40:00,2403.258,2540.1006,summer,day1
2025-06-01 06:45:00,2256.264,2538.2942,summer,day1
2025-06-01 06:50:00,1824.366,2540.274,summer,day1
2025-06-01 06:55:00,2134.1208,2557.4424,summer,day1
2025-06-01 07:00:00,2114.7612,2567.208,summer,day1
2025-06-01 07:05:00,2258.0137,2615.5444,summer,day1
2025-06-01 07:10:00,2336.9785,2646.4253,summer,day1
2025-06-01 07:15:00,2308.5889,2711.124,summer,day1
2025-06-01 07:20:00,2138.7805,2798.8672,summer,day1
2025-06-01 07:25:00,2185.3416,2982.5352,summer,day1
2025-06-01 07:30:00,2207.0725,3163.8127,summer,day1
2025-06-01 07:35:00,2170.8457,3813.8745,summer,day1
2025-06-01 07:40:00,2332.9175,3812.83,summer,day1
2025-06-01 07:45:00,2384.088,3924.226,summer,day1
2025-06-01 07:50:00,2123.6772,3702.0679,summer,day1
2025-06-01 07:55:00,1838.58,3604.3862,summer,day1
2025-06-01 08:00:00,2112.7273,3491.6587,summer,day1
2025-06-01 08:05:00,2153.328,3411.577,summer,day1
2025-06-01 08:10:00,2160.3684,3427.6592,summer,day1
2025-06-01 08:15:00,2475.5544,3505.7637,summer,day1
2025-06-01 08:20:00,2394.636,3538.468,summer,day1
2025-06-01 08:25:00,2184.186,3622.6953,summer,day1
2025-06-01 08:30:00,2254.5947,3723.1387,summer,day1
2025-06-01 08:35:00,2363.49,3763.8442,summer,day1
2025-06-01 08:40:00,2342.436,3804.2258,summer,day1
2025-06-01 08:45:00,2388.0107,3863.3706,summer,day1
2025-06-01 08:50:00,2300.2776,3938.6926,summer,day1
2025-06-01 08:55:00,2314.141,4013.7812,summer,day1
2025-06-01 09:00:00,2255.1216,4107.77,summer,day1
2025-06-01 09:05:00,2313.3948,4158.3516,summer,day1
2025-06-01 09:10:00,2415.1487,4151.4805,summer,day1
2025-06-01 09:15:00,2218.5576,4159.544,summer,day1
2025-06-01 09:20:00,2022.63,4173.127,summer,day1
2025-06-01 09:25:00,2324.4805,4265.2446,summer,day1
2025-06-01 09:30:00,2429.7349,4292.4766,summer,day1
2025-06-01 09:35:00,2425.4712,4355.6177,summer,day1
2025-06-01 09:40:00,2634.6985,4321.6436,summer,day1
2025-06-01 09:45:00,2589.936,4326.554,summer,day1
2025-06-01 09:50:00,2985.9504,4352.8813,summer,day1
2025-06-01 09:55:00,3118.758,4385.7407,summer,day1
2025-06-01 10:00:00,3145.3296,4398.882,summer,day1
2025-06-01 10:05:00,3000.0156,4397.7,summer,day1
2025-06-01 10:10:00,3243.4548,4404.8545,summer,day1
2025-06-01 10:15:00,3048.8723,4408.1133,summer,day1
2025-06-01 10:20:00,3718.5312,4409.384,summer,day1
2025-06-01 10:25:00,5525.8535,4438.5137,summer,day1
2025-06-01 10:30:00,5728.9067,4435.7734,summer,day1
2025-06-01 10:35:00,4920.804,4415.801,summer,day1
2025-06-01 10:40:00,4729.007,4452.7197,summer,day1
2025-06-01 10:45:00,3853.2576,4462.7173,summer,day1
2025-06-01 10:50:00,2675.8728,4455.5503,summer,day1
2025-06-01 10:55:00,2582.5896,4458.394,summer,day1
2025-06-01 11:00:00,2453.0532,4421.9365,summer,day1
2025-06-01 11:05:00,2372.7012,4425.9663,summer,day1
2025-06-01 11:10:00,2824.2048,4420.193,summer,day1
2025-06-01 11:15:00,2350.6643,4420.3477,summer,day1
2025-06-01 11:20:00,2357.4336,4402.4453,summer,day1
2025-06-01 11:25:00,2379.8389,4395.626,summer,day1
2025-06-01 11:30:00,2499.0503,4352.9507,summer,day1
2025-06-01 11:35:00,2567.2273,4321.845,summer,day1
2025-06-01 11:40:00,2478.8772,4322.071,summer,day1
2025-06-01 11:45:00,2295.354,4313.685,summer,day1
2025-06-01 11:50:00,3115.3416,4290.726,summer,day1
2025-06-01 11:55:00,3889.0332,4270.1865,summer,day1
2025-06-01 12:00:00,3719.8884,4269.5625,summer,day1
2025-06-01 12:05:00,3485.3303,4262.8965,summer,day1
2025-06-01 12:10:00,2500.02,4248.2837,summer,day1
2025-06-01 12:15:00,2617.29,4192.3145,summer,day1
2025-06-01 12:20:00,2718.5293,4193.5977,summer,day1
2025-06-01 12:25:00,2607.4475,4182.594,summer,day1
2025-06-01 12:30:00,2617.8552,4188.656,summer,day1
2025-06-01 12:35:00,2815.4243,4164.0596,summer,day1
2025-06-01 12:40:00,4412.138,4141.4375,summer,day1
2025-06-01 12:45:00,2853.0396,4098.82,summer,day1
2025-06-01 12:50:00,2855.496,4095.839,summer,day1
2025-06-01 12:55:00,2674.889,4054.5427,summer,day1
2025-06-01 13:00:00,2721.9348,4039.0999,summer,day1
2025-06-01 13:05:00,2948.1133,3988.652,summer,day1
2025-06-01 13:10:00,2809.6453,3984.5154,summer,day1
2025-06-01 13:15:00,2726.0027,4000.4663,summer,day1
2025-06-01 13:20:00,2850.1968,3997.9424,summer,day1
2025-06-01 13:25:00,3645.504,3957.037,summer,day1
2025-06-01 13:30:00,2543.5356,3954.823,summer,day1
2025-06-01 13:35:00,2949.6636,3905.335,summer,day1
2025-06-01 13:40:00,2862.3936,3881.9,summer,day1
2025-06-01 13:45:00,3786.277,3883.259,summer,day1
2025-06-01 13:50:00,3468.108,3857.882,summer,day1
2025-06-01 13:55:00,2655.426,3834.9739,summer,day1
2025-06-01 14:00:00,2680.296,3798.1667,summer,day1
2025-06-01 14:05:00,2841.252,3788.8198,summer,day1
2025-06-01 14:10:00,2700.8604,3785.3123,summer,day1
2025-06-01 14:15:00,2827.1533,3777.7373,summer,day1
2025-06-01 14:20:00,2387.9148,3755.7683,summer,day1
2025-06-01 14:25:00,2899.1929,3743.1582,summer,day1
2025-06-01 14:30:00,2663.765,3718.004,summer,day1
2025-06-01 14:35:00,2387.2249,3686.2336,summer,day1
2025-06-01 14:40:00,4273.9834,3653.0825,summer,day1
2025-06-01 14:45:00,2890.9272,3654.5957,summer,day1
2025-06-01 14:50:00,2668.7363,3629.982,summer,day1
2025-06-01 14:55:00,3903.713,3596.348,summer,day1
2025-06-01 15:00:00,2540.7793,3578.4397,summer,day1
2025-06-01 15:05:00,2755.254,3565.4756,summer,day1
2025-06-01 15:10:00,2635.0212,3573.508,summer,day1
2025-06-01 15:15:00,2438.809,3579.6614,summer,day1
2025-06-01 15:20:00,2891.064,3586.4258,summer,day1
2025-06-01 15:25:00,3213.5327,3584.5278,summer,day1
2025-06-01 15:30:00,3069.119,3567.427,summer,day1
2025-06-01 15:35:00,2916.8147,3564.3215,summer,day1
2025-06-01 15:40:00,2681.3484,3572.8005,summer,day1
2025-06-01 15:45:00,2591.9197,3585.4565,summer,day1
2025-06-01 15:50:00,2534.0413,3581.8003,summer,day1
2025-06-01 15:55:00,2495.9292,3583.8062,summer,day1
2025-06-01 16:00:00,2491.0933,3595.4275,summer,day1
2025-06-01 16:05:00,2664.2856,3592.154,summer,day1
2025-06-01 16:10:00,2811.6516,3598.3418,summer,day1
2025-06-01 16:15:00,3117.8591,3584.6013,summer,day1
2025-06-01 16:20:00,4169.6953,3601.6777,summer,day1
2025-06-01 16:25:00,2414.3125,3603.759,summer,day1
2025-06-01 16:30:00,2393.514,3600.9333,summer,day1
2025-06-01 16:35:00,2857.5095,3601.4011,summer,day1
2025-06-01 16:40:00,4026.078,3565.1877,summer,day1
2025-06-01 16:45:00,2541.4656,3584.444,summer,day1
2025-06-01 16:50:00,2174.7505,3600.1323,summer,day1
2025-06-01 16:55:00,2387.639,3589.0864,summer,day1
2025-06-01 17:00:00,2397.7715,3546.59,summer,day1
2025-06-01 17:05:00,2432.6843,3535.6448,summer,day1
2025-06-01 17:10:00,2457.018,3540.2988,summer,day1
2025-06-01 17:15:00,2702.742,3551.9275,summer,day1
2025-06-01 17:20:00,4379.1445,3503.0847,summer,day1
2025-06-01 17:25:00,3323.6052,3484.3176,summer,day1
2025-06-01 17:30:00,2690.2488,3492.6477,summer,day1
2025-06-01 17:35:00,2122.3416,3498.0105,summer,day1
2025-06-01 17:40:00,2711.0269,3541.013,summer,day1
2025-06-01 17:45:00,2545.4893,3525.5408,summer,day1
2025-06-01 17:50:00,2521.1123,3563.4739,summer,day1
2025-06-01 17:55:00,2543.04,3516.745,summer,day1
2025-06-01 18:00:00,2570.8884,3500.045,summer,day1
2025-06-01 18:05:00,2498.3953,3512.556,summer,day1
2025-06-01 18:10:00,2600.8848,3495.377,summer,day1
2025-06-01 18:15:00,2658.8953,3458.757,summer,day1
2025-06-01 18:20:00,2163.9036,3453.1357,summer,day1
2025-06-01 18:25:00,2102.6904,3439.591,summer,day1
2025-06-01 18:30:00,2507.7168,3443.1445,summer,day1
2025-06-01 18:35:00,3421.4592,3451.7,summer,day1
2025-06-01 18:40:00,2807.2883,3452.8325,summer,day1
2025-06-01 18:45:00,2499.4463,3471.0212,summer,day1
2025-06-01 18:50:00,2503.9453,3469.213,summer,day1
2025-06-01 18:55:00,2464.7424,3474.4568,summer,day1
2025-06-01 19:00:00,2600.79,3475.7188,summer,day1
2025-06-01 19:05:00,3695.5464,3478.9646,summer,day1
2025-06-01 19:10:00,2330.4817,3484.6958,summer,day1
2025-06-01 19:15:00,4419.7944,3482.8887,summer,day1
2025-06-01 19:20:00,3815.7085,3464.8064,summer,day1
2025-06-01 19:25:00,2421.7825,3463.5574,summer,day1
2025-06-01 19:30:00,2543.9724,3453.0186,summer,day1
2025-06-01 19:35:00,2655.983,3457.6897,summer,day1
2025-06-01 19:40:00,2640.4055,3453.098,summer,day1
2025-06-01 19:45:00,2566.278,3440.6572,summer,day1
2025-06-01 19:50:00,3982.7363,3420.9824,summer,day1
2025-06-01 19:55:00,2547.8171,3389.7732,summer,day1
2025-06-01 20:00:00,2575.1304,3379.1074,summer,day1
2025-06-01 20:05:00,2425.5815,3353.7004,summer,day1
2025-06-01 20:10:00,2405.0676,3347.3608,summer,day1
2025-06-01 20:15:00,2391.6887,3320.252,summer,day1
2025-06-01 20:20:00,2529.078,3323.422,summer,day1
2025-06-01 20:25:00,2718.7656,3307.842,summer,day1
2025-06-01 20:30:00,2516.5908,3315.4614,summer,day1
2025-06-01 20:35:00,2565.996,3302.1692,summer,day1
2025-06-01 20:40:00,2844.4092,3281.398,summer,day1
2025-06-01 20:45:00,2795.7275,3262.7832,summer,day1
2025-06-01 20:50:00,3136.416,3259.6982,summer,day1
2025-06-01 20:55:00,2801.3435,3240.4756,summer,day1
2025-06-01 21:00:00,3487.938,3222.7961,summer,day1
2025-06-01 21:05:00,5444.543,3204.3862,summer,day1
2025-06-01 21:10:00,2689.6333,3198.8142,summer,day1
2025-06-01 21:15:00,2623.1233,3178.6826,summer,day1
2025-06-01 21:20:00,2600.0005,3184.7488,summer,day1
2025-06-01 21:25:00,2670.3215,3179.0217,summer,day1
2025-06-01 21:30:00,2692.434,3179.0247,summer,day1
2025-06-01 21:35:00,2714.4373,3170.8062,summer,day1
2025-06-01 21:40:00,2700.276,3168.2493,summer,day1
2025-06-01 21:45:00,3052.0657,3163.824,summer,day1
2025-06-01 21:50:00,3078.2483,3161.054,summer,day1
2025-06-01 21:55:00,3035.1685,3156.5376,summer,day1
2025-06-01 22:00:00,2783.4648,3155.914,summer,day1
2025-06-01 22:05:00,2785.8816,3150.4983,summer,day1
2025-06-01 22:10:00,4259.868,3137.0122,summer,day1
2025-06-01 22:15:00,2610.007,3118.88,summer,day1
2025-06-01 22:20:00,2425.2205,3118.2473,summer,day1
2025-06-01 22:25:00,2425.6223,3108.2998,summer,day1
2025-06-01 22:30:00,2810.292,3101.3691,summer,day1
2025-06-01 22:35:00,2570.988,3100.023,summer,day1
2025-06-01 22:40:00,2472.0469,3090.9956,summer,day1
2025-06-01 22:45:00,2311.9932,3092.026,summer,day1
2025-06-01 22:50:00,2304.8508,3087.5947,summer,day1
2025-06-01 22:55:00,2339.7288,3083.602,summer,day1
2025-06-01 23:00:00,2386.2048,3078.4895,summer,day1
2025-06-01 23:05:00,2396.2595,3074.7454,summer,day1
2025-06-01 23:10:00,2407.5312,3052.6533,summer,day1
2025-06-01 23:15:00,2741.965,3028.3064,summer,day1
2025-06-01 23:20:00,2382.4175,3002.6587,summer,day1
2025-06-01 23:25:00,3181.968,2992.2156,summer,day1
2025-06-01 23:30:00,3738.246,2980.0002,summer,day1
2025-06-01 23:35:00,2528.7793,2971.2559,summer,day1
2025-06-01 23:40:00,2630.2607,2960.519,summer,day1
2025-06-01 23:45:00,2449.3127,2946.4917,summer,day1
2025-06-01 23:50:00,2401.141,2939.992,summer,day1
2025-06-01 23:55:00,2395.2373,2927.7646,summer,day1
2025-06-24 00:00:00,2356.5696,2458.333,summer,day2
2025-06-24 00:05:00,2411.358,2484.794,summer,day2
2025-06-24 00:10:00,2821.9272,2495.6372,summer,day2
2025-06-24 00:15:00,2831.8403,2486.7803,summer,day2
2025-06-24 00:20:00,2597.4587,2488.8438,summer,day2
2025-06-24 00:25:00,2563.5383,2478.9133,summer,day2
2025-06-24 00:30:00,3407.8909,2479.73,summer,day2
2025-06-24 00:35:00,2765.4792,2482.7402,summer,day2
2025-06-24 00:40:00,2452.8433,2488.3708,summer,day2
2025-06-24 00:45:00,2434.3848,2490.7148,summer,day2
2025-06-24 00:50:00,2451.7644,2486.969,summer,day2
2025-06-24 00:55:00,2130.21,2486.9824,summer,day2
2025-06-24 01:00:00,2233.194,2482.7742,summer,day2
2025-06-24 01:05:00,3605.784,2491.357,summer,day2
2025-06-24 01:10:00,2808.7476,2495.15,summer,day2
2025-06-24 01:15:00,2943.5293,2513.2922,summer,day2
2025-06-24 01:20:00,2578.9368,2540.4717,summer,day2
2025-06-24 01:25:00,2534.5583,2525.8452,summer,day2
2025-06-24 01:30:00,2113.9812,2506.7344,summer,day2
2025-06-24 01:35:00,2514.7837,2496.2046,summer,day2
2025-06-24 01:40:00,2447.681,2484.4282,summer,day2
2025-06-24 01:45:00,2441.129,2471.4067,summer,day2
2025-06-24 01:50:00,2577.3672,2474.9006,summer,day2
2025-06-24 01:55:00,2676.3347,2469.3894,summer,day2
2025-06-24 02:00:00,2500.8157,2467.1538,summer,day2
2025-06-24 02:05:00,2388.3792,2461.3064,summer,day2
2025-06-24 02:10:00,2485.8071,2455.1667,summer,day2
2025-06-24 02:15:00,2500.4004,2453.1338,summer,day2
2025-06-24 02:20:00,2470.71,2455.5693,summer,day2
2025-06-24 02:25:00,3962.8645,2452.1277,summer,day2
2025-06-24 02:30:00,2498.4768,2448.9746,summer,day2
2025-06-24 02:35:00,2558.0376,2450.6582,summer,day2
2025-06-24 02:40:00,2158.6177,2452.5327,summer,day2
2025-06-24 02:45:00,2369.4336,2464.0027,summer,day2
2025-06-24 02:50:00,2774.3916,2469.717,summer,day2
2025-06-24 02:55:00,2358.1404,2462.4893,summer,day2
2025-06-24 03:00:00,2350.6272,2459.0227,summer,day2
2025-06-24 03:05:00,2805.007,2444.561,summer,day2
2025-06-24 03:10:00,2867.67,2434.8884,summer,day2
2025-06-24 03:15:00,2564.4937,2425.4175,summer,day2
2025-06-24 03:20:00,2998.6511,2423.73,summer,day2
2025-06-24 03:25:00,2742.8677,2411.4414,summer,day2
2025-06-24 03:30:00,2620.1233,2405.5225,summer,day2
2025-06-24 03:35:00,2824.1855,2396.8838,summer,day2
2025-06-24 03:40:00,2424.433,2397.5884,summer,day2
2025-06-24 03:45:00,3818.706,2393.5156,summer,day2
2025-06-24 03:50:00,1940.8884,2398.6519,summer,day2
2025-06-24 03:55:00,2519.256,2406.7798,summer,day2
2025-06-24 04:00:00,2640.1248,2408.4272,summer,day2
2025-06-24 04:05:00,2472.1753,2416.6438,summer,day2
2025-06-24 04:10:00,2479.2708,2404.35,summer,day2
2025-06-24 04:15:00,2458.1255,2401.2441,summer,day2
2025-06-24 04:20:00,2945.9124,2394.734,summer,day2
2025-06-24 04:25:00,1830.9708,2391.0208,summer,day2
2025-06-24 04:30:00,2352.888,2381.7476,summer,day2
2025-06-24 04:35:00,2333.856,2380.6694,summer,day2
2025-06-24 04:40:00,2529.5676,2382.9539,summer,day2
2025-06-24 04:45:00,2345.9617,2372.0457,summer,day2
2025-06-24 04:50:00,2276.46,2377.543,summer,day2
2025-06-24 04:55:00,2291.118,2368.1243,summer,day2
2025-06-24 05:00:00,3367.95,2375.1948,summer,day2
2025-06-24 05:05:00,2908.398,2380.4805,summer,day2
2025-06-24 05:10:00,2540.8357,2393.0657,summer,day2
2025-06-24 05:15:00,2495.7576,2411.1338,summer,day2
2025-06-24 05:20:00,2464.889,2417.162,summer,day2
2025-06-24 05:25:00,2481.648,2408.2324,summer,day2
2025-06-24 05:30:00,2339.3904,2415.616,summer,day2
2025-06-24 05:35:00,1834.0225,2413.0981,summer,day2
2025-06-24 05:40:00,2187.312,2401.8777,summer,day2
2025-06-24 05:45:00,2216.6675,2391.1958,summer,day2
2025-06-24 05:50:00,2267.765,2428.1963,summer,day2
2025-06-24 05:55:00,2734.9883,2423.0461,summer,day2
2025-06-24 06:00:00,2195.4792,2418.3408,summer,day2
2025-06-24 06:05:00,2311.0452,2429.3547,summer,day2
2025-06-24 06:10:00,2231.256,2420.7676,summer,day2
2025-06-24 06:15:00,2256.5315,2408.6646,summer,day2
2025-06-24 06:20:00,3915.5833,2420.9304,summer,day2
2025-06-24 06:25:00,2262.4116,2418.7993,summer,day2
2025-06-24 06:30:00,2237.874,2431.4636,summer,day2
2025-06-24 06:35:00,2517.7056,2448.8772,summer,day2
2025-06-24 06:40:00,2973.66,2484.654,summer,day2
2025-06-24 06:45:00,2641.7375,2464.6157,summer,day2
2025-06-24 06:50:00,2818.2925,2495.1392,summer,day2
2025-06-24 06:55:00,3222.3313,2524.2778,summer,day2
2025-06-24 07:00:00,3169.374,2562.1152,summer,day2
2025-06-24 07:05:00,2716.782,2608.3882,summer,day2
2025-06-24 07:10:00,2466.1643,2646.4778,summer,day2
2025-06-24 07:15:00,2439.5088,2682.5435,summer,day2
2025-06-24 07:20:00,2492.7756,2749.7666,summer,day2
2025-06-24 07:25:00,2633.329,2844.6055,summer,day2
2025-06-24 07:30:00,3860.7888,3043.0044,summer,day2
2025-06-24 07:35:00,12758.351,3923.5808,summer,day2
2025-06-24 07:40:00,13033.778,6118.1064,summer,day2
2025-06-24 07:45:00,10706.01,7453.9385,summer,day2
2025-06-24 07:50:00,4031.3784,6058.0615,summer,day2
2025-06-24 07:55:00,4538.0664,4319.6084,summer,day2
2025-06-24 08:00:00,5770.607,4064.3333,summer,day2
2025-06-24 08:05:00,6086.153,3949.702,summer,day2
2025-06-24 08:10:00,4450.2886,3823.7986,summer,day2
2025-06-24 08:15:00,4173.3096,3810.667,summer,day2
2025-06-24 08:20:00,5067.804,3799.73,summer,day2
2025-06-24 08:25:00,4492.351,3827.9841,summer,day2
2025-06-24 08:30:00,4050.0383,3843.5981,summer,day2
2025-06-24 08:35:00,5833.98,3891.3171,summer,day2
2025-06-24 08:40:00,4507.8887,4069.3782,summer,day2
2025-06-24 08:45:00,4903.134,3998.5942,summer,day2
2025-06-24 08:50:00,5765.508,3953.999,summer,day2
2025-06-24 08:55:00,6054.8496,3914.7388,summer,day2
2025-06-24 09:00:00,6162.2617,3892.9211,summer,day2
2025-06-24 09:05:00,4468.8623,3862.3423,summer,day2
2025-06-24 09:10:00,4301.6387,3864.47,summer,day2
2025-06-24 09:15:00,5098.83,3891.729,summer,day2
2025-06-24 09:20:00,5291.563,3909.956,summer,day2
2025-06-24 09:25:00,4459.926,3946.9507,summer,day2
2025-06-24 09:30:00,4992.5063,3926.586,summer,day2
2025-06-24 09:35:00,4522.631,3918.907,summer,day2
2025-06-24 09:40:00,4221.275,3912.9194,summer,day2
2025-06-24 09:45:00,3979.6692,3881.1448,summer,day2
2025-06-24 09:50:00,4549.5923,3932.686,summer,day2
2025-06-24 09:55:00,4840.426,4033.6902,summer,day2
2025-06-24 10:00:00,5219.3794,4162.5303,summer,day2
2025-06-24 10:05:00,5934.624,4243.323,summer,day2
2025-06-24 10:10:00,4991.521,4206.511,summer,day2
2025-06-24 10:15:00,6135.7847,4117.575,summer,day2
2025-06-24 10:20:00,7249.9546,4021.7258,summer,day2
2025-06-24 10:25:00,6449.833,3962.3267,summer,day2
2025-06-24 10:30:00,5611.7065,3896.4102,summer,day2
2025-06-24 10:35:00,5147.017,3870.4531,summer,day2
2025-06-24 10:40:00,6022.6514,3957.5337,summer,day2
2025-06-24 10:45:00,2209.1147,3962.812,summer,day2
2025-06-24 10:50:00,0.0,3993.2473,summer,day2
2025-06-24 10:55:00,0.0,4028.4795,summer,day2
2025-06-24 11:00:00,0.0,4050.752,summer,day2
2025-06-24 11:05:00,0.0,4039.7046,summer,day2
2025-06-24 11:10:00,0.0,4045.1833,summer,day2
2025-06-24 11:15:00,0.0,4042.171,summer,day2
2025-06-24 11:20:00,0.0,4040.5842,summer,day2
2025-06-24 11:25:00,10374.148,4026.5537,summer,day2
2025-06-24 11:30:00,8077.9834,4007.124,summer,day2
2025-06-24 11:35:00,8140.603,3987.2268,summer,day2
2025-06-24 11:40:00,5274.2544,3981.6472,summer,day2
2025-06-24 11:45:00,4511.846,3988.934,summer,day2
2025-06-24 11:50:00,4432.8193,4000.6233,summer,day2
2025-06-24 11:55:00,4059.4175,3965.4873,summer,day2
2025-06-24 12:00:00,4351.03,3973.4722,summer,day2
2025-06-24 12:05:00,4626.988,3962.2385,summer,day2
2025-06-24 12:10:00,4543.6846,3957.0818,summer,day2
2025-06-24 12:15:00,4715.9556,3952.898,summer,day2
2025-06-24 12:20:00,5139.732,3970.0989,summer,day2
2025-06-24 12:25:00,4729.7075,3958.4712,summer,day2
2025-06-24 12:30:00,4742.939,3959.4111,summer,day2
2025-06-24 12:35:00,4532.0747,3964.936,summer,day2
2025-06-24 12:40:00,4787.046,3943.7617,summer,day2
2025-06-24 12:45:00,6061.9946,3915.3704,summer,day2
2025-06-24 12:50:00,4309.6465,3892.8357,summer,day2
2025-06-24 12:55:00,4927.769,3890.6262,summer,day2
2025-06-24 13:00:00,4759.4136,3866.2915,summer,day2
2025-06-24 13:05:00,4881.196,3859.9148,summer,day2
2025-06-24 13:10:00,5205.7607,3861.5886,summer,day2
2025-06-24 13:15:00,4842.158,3853.9124,summer,day2
2025-06-24 13:20:00,4565.3916,3861.993,summer,day2
2025-06-24 13:25:00,4868.202,3857.55,summer,day2
2025-06-24 13:30:00,5420.0674,3848.897,summer,day2
2025-06-24 13:35:00,4323.3936,3866.0654,summer,day2
2025-06-24 13:40:00,5516.91,3876.0352,summer,day2
2025-06-24 13:45:00,3799.548,3857.1504,summer,day2
2025-06-24 13:50:00,4270.597,3841.855,summer,day2
2025-06-24 13:55:00,4795.631,3821.261,summer,day2
2025-06-24 14:00:00,6366.437,3813.8792,summer,day2
2025-06-24 14:05:00,4284.882,3796.9749,summer,day2
2025-06-24 14:10:00,3199.1567,3777.3406,summer,day2
2025-06-24 14:15:00,3085.3103,3779.0195,summer,day2
2025-06-24 14:20:00,3536.8403,3781.9595,summer,day2
2025-06-24 14:25:00,3320.964,3779.3972,summer,day2
2025-06-24 14:30:00,3471.9648,3784.0366,summer,day2
2025-06-24 14:35:00,3321.666,3785.741,summer,day2
2025-06-24 14:40:00,3339.8076,3794.397,summer,day2
2025-06-24 14:45:00,3742.1616,3789.1938,summer,day2
2025-06-24 14:50:00,3813.8125,3767.0774,summer,day2
2025-06-24 14:55:00,3377.4336,3780.376,summer,day2
2025-06-24 15:00:00,3785.963,3792.9246,summer,day2
2025-06-24 15:05:00,3971.3557,3789.5513,summer,day2
2025-06-24 15:10:00,3921.0803,3809.6719,summer,day2
2025-06-24 15:15:00,3370.3032,3844.0156,summer,day2
2025-06-24 15:20:00,4189.9346,3855.9565,summer,day2
2025-06-24 15:25:00,2810.4336,3821.2832,summer,day2
2025-06-24 15:30:00,3074.682,3816.8616,summer,day2
2025-06-24 15:35:00,2481.8447,3811.049,summer,day2
2025-06-24 15:40:00,3805.3296,3794.8867,summer,day2
2025-06-24 15:45:00,3129.2507,3784.2822,summer,day2
2025-06-24 15:50:00,2580.4907,3764.8064,summer,day2
2025-06-24 15:55:00,2946.557,3752.4084,summer,day2
2025-06-24 16:00:00,3111.4717,3769.0847,summer,day2
2025-06-24 16:05:00,3135.0923,3768.544,summer,day2
2025-06-24 16:10:00,2783.453,3773.6868,summer,day2
2025-06-24 16:15:00,3239.4624,3774.298,summer,day2
2025-06-24 16:20:00,3294.3408,3776.7825,summer,day2
2025-06-24 16:25:00,4283.1323,3778.2766,summer,day2
2025-06-24 16:30:00,2500.4712,3774.6697,summer,day2
2025-06-24 16:35:00,3620.748,3780.4092,summer,day2
2025-06-24 16:40:00,3150.3083,3777.8645,summer,day2
2025-06-24 16:45:00,2960.8823,3774.35,summer,day2
2025-06-24 16:50:00,2897.2117,3786.476,summer,day2
2025-06-24 16:55:00,2918.454,3791.612,summer,day2
2025-06-24 17:00:00,4798.658,3796.347,summer,day2
2025-06-24 17:05:00,2999.7793,3790.341,summer,day2
2025-06-24 17:10:00,2923.0044,3799.31,summer,day2
2025-06-24 17:15:00,2641.3896,3801.0447,summer,day2
2025-06-24 17:20:00,2671.776,3812.4585,summer,day2
2025-06-24 17:25:00,2650.9717,3803.2642,summer,day2
2025-06-24 17:30:00,2825.0496,3808.1895,summer,day2
2025-06-24 17:35:00,2896.6572,3805.3057,summer,day2
2025-06-24 17:40:00,3510.953,3808.6245,summer,day2
2025-06-24 17:45:00,4574.4614,3814.3564,summer,day2
2025-06-24 17:50:00,2827.3464,3812.9182,summer,day2
2025-06-24 17:55:00,3183.7537,3811.9465,summer,day2
2025-06-24 18:00:00,6137.4146,3813.184,summer,day2
2025-06-24 18:05:00,13028.56,3808.1606,summer,day2
2025-06-24 18:10:00,12003.959,3806.643,summer,day2
2025-06-24 18:15:00,4283.9834,3809.587,summer,day2
2025-06-24 18:20:00,3900.2593,3827.4243,summer,day2
2025-06-24 18:25:00,3571.0476,3810.332,summer,day2
2025-06-24 18:30:00,4422.866,3813.577,summer,day2
2025-06-24 18:35:00,4603.4746,3814.521,summer,day2
2025-06-24 18:40:00,3922.421,3809.967,summer,day2
2025-06-24 18:45:00,5402.8667,3808.9248,summer,day2
2025-06-24 18:50:00,4105.824,3815.6785,summer,day2
2025-06-24 18:55:00,6040.26,3799.8625,summer,day2
2025-06-24 19:00:00,6760.8516,3815.619,summer,day2
2025-06-24 19:05:00,4314.479,3807.7522,summer,day2
2025-06-24 19:10:00,3982.2588,3809.8513,summer,day2
2025-06-24 19:15:00,5452.4473,3804.1826,summer,day2
2025-06-24 19:20:00,3731.5776,3811.1353,summer,day2
2025-06-24 19:25:00,2943.654,3811.6665,summer,day2
2025-06-24 19:30:00,3148.674,3807.8113,summer,day2
2025-06-24 19:35:00,2842.8445,3815.4482,summer,day2
2025-06-24 19:40:00,4424.762,3813.2383,summer,day2
2025-06-24 19:45:00,2855.567,3815.381,summer,day2
2025-06-24 19:50:00,2756.3257,3812.3706,summer,day2
2025-06-24 19:55:00,2818.3848,3806.5957,summer,day2
2025-06-24 20:00:00,3068.9736,3808.5017,summer,day2
2025-06-24 20:05:00,4017.7236,3806.7695,summer,day2
2025-06-24 20:10:00,3180.042,3805.8154,summer,day2
2025-06-24 20:15:00,2247.564,3774.8691,summer,day2
2025-06-24 20:20:00,2287.1533,3770.0618,summer,day2
2025-06-24 20:25:00,2420.639,3762.805,summer,day2
2025-06-24 20:30:00,4464.534,3768.1091,summer,day2
2025-06-24 20:35:00,3274.3547,3764.463,summer,day2
2025-06-24 20:40:00,1980.7788,3764.9456,summer,day2
2025-06-24 20:45:00,2157.738,3757.7664,summer,day2
2025-06-24 20:50:00,2306.8032,3753.2483,summer,day2
2025-06-24 20:55:00,2534.0747,3756.1626,summer,day2
2025-06-24 21:00:00,2524.3691,3746.473,summer,day2
2025-06-24 21:05:00,2142.9612,3751.7312,summer,day2
2025-06-24 21:10:00,2104.218,3744.0503,summer,day2
2025-06-24 21:15:00,3007.1592,3745.2432,summer,day2
2025-06-24 21:20:00,2693.538,3750.5532,summer,day2
2025-06-24 21:25:00,2847.2256,3748.8945,summer,day2
2025-06-24 21:30:00,2899.122,3753.6035,summer,day2
2025-06-24 21:35:00,2790.2483,3748.4753,summer,day2
2025-06-24 21:40:00,2656.9429,3751.6467,summer,day2
2025-06-24 21:45:00,2621.6328,3750.1785,summer,day2
2025-06-24 21:50:00,2624.322,3749.0085,summer,day2
2025-06-24 21:55:00,2582.082,3752.1692,summer,day2
2025-06-24 22:00:00,2492.7913,3755.284,summer,day2
2025-06-24 22:05:00,2343.1404,3750.9482,summer,day2
2025-06-24 22:10:00,2291.2307,3757.319,summer,day2
2025-06-24 22:15:00,2364.4236,3753.373,summer,day2
2025-06-24 22:20:00,2391.606,3758.4592,summer,day2
2025-06-24 22:25:00,2501.1685,3755.1338,summer,day2
2025-06-24 22:30:00,2982.7957,3757.6208,summer,day2
2025-06-24 22:35:00,2872.9128,3757.803,summer,day2
2025-06-24 22:40:00,2819.4685,3761.6914,summer,day2
2025-06-24 22:45:00,2847.5784,3751.0435,summer,day2
2025-06-24 22:50:00,2850.1812,3751.1323,summer,day2
2025-06-24 22:55:00,2677.2192,3743.6733,summer,day2
2025-06-24 23:00:00,2564.2595,3742.5593,summer,day2
2025-06-24 23:05:00,2354.1587,3729.3027,summer,day2
2025-06-24 23:10:00,2379.594,3724.3667,summer,day2
2025-06-24 23:15:00,2559.54,3719.9714,summer,day2
2025-06-24 23:20:00,2436.492,3704.9678,summer,day2
2025-06-24 23:25:00,2404.9175,3684.2139,summer,day2
2025-06-24 23:30:00,2388.7175,3678.116,summer,day2
2025-06-24 23:35:00,2431.6716,3674.0244,summer,day2
2025-06-24 23:40:00,2481.1355,3662.5806,summer,day2
2025-06-24 23:45:00,2668.3704,3650.785,summer,day2
2025-06-24 23:50:00,2523.8171,3641.5925,summer,day2
2025-06-24 23:55:00,2377.2336,3636.5098,summer,day2
2025-07-17 00:00:00,5246.0483,5514.672,summer,day3
2025-07-17 00:05:00,5356.5493,5470.982,summer,day3
2025-07-17 00:10:00,5203.0693,5441.936,summer,day3
2025-07-17 00:15:00,5114.843,5396.521,summer,day3
2025-07-17 00:20:00,5111.4,5369.1064,summer,day3
2025-07-17 00:25:00,4177.302,5345.07,summer,day3
2025-07-17 00:30:00,3789.2207,5299.338,summer,day3
2025-07-17 00:35:00,3766.1653,5251.924,summer,day3
2025-07-17 00:40:00,3981.3,5183.876,summer,day3
2025-07-17 00:45:00,3932.2393,5116.1963,summer,day3
2025-07-17 00:50:00,4200.815,5069.1523,summer,day3
2025-07-17 00:55:00,3925.5864,5005.7,summer,day3
2025-07-17 01:00:00,4000.392,4956.85,summer,day3
2025-07-17 01:05:00,3869.9773,4913.719,summer,day3
2025-07-17 01:10:00,3786.9983,4869.002,summer,day3
2025-07-17 01:15:00,3910.2769,4853.3555,summer,day3
2025-07-17 01:20:00,3882.366,4798.7915,summer,day3
2025-07-17 01:25:00,3814.8792,4745.1133,summer,day3
2025-07-17 01:30:00,3929.1023,4701.759,summer,day3
2025-07-17 01:35:00,3919.0188,4667.7866,summer,day3
2025-07-17 01:40:00,4097.3076,4595.4033,summer,day3
2025-07-17 01:45:00,4060.0032,4547.211,summer,day3
2025-07-17 01:50:00,4196.1265,4481.12,summer,day3
2025-07-17 01:55:00,4211.3125,4427.0947,summer,day3
2025-07-17 02:00:00,3966.1453,4367.846,summer,day3
2025-07-17 02:05:00,3856.932,4322.3267,summer,day3
2025-07-17 02:10:00,3851.5967,4267.284,summer,day3
2025-07-17 02:15:00,2869.535,4212.6543,summer,day3
2025-07-17 02:20:00,2371.6428,4165.5,summer,day3
2025-07-17 02:25:00,2450.4707,4115.383,summer,day3
2025-07-17 02:30:00,2315.2764,4083.2825,summer,day3
2025-07-17 02:35:00,2376.9648,4043.9565,summer,day3
2025-07-17 02:40:00,2425.7136,3995.7852,summer,day3
2025-07-17 02:45:00,2429.9353,3954.506,summer,day3
2025-07-17 02:50:00,2390.3855,3923.302,summer,day3
2025-07-17 02:55:00,2386.8552,3878.5195,summer,day3
2025-07-17 03:00:00,2431.0488,3838.0933,summer,day3
2025-07-17 03:05:00,2698.674,3797.2612,summer,day3
2025-07-17 03:10:00,2730.6624,3763.0747,summer,day3
2025-07-17 03:15:00,2747.6892,3748.148,summer,day3
2025-07-17 03:20:00,2523.4993,3707.7185,summer,day3
2025-07-17 03:25:00,2460.6455,3689.5503,summer,day3
2025-07-17 03:30:00,2440.014,3674.9202,summer,day3
2025-07-17 03:35:00,2432.599,3639.6072,summer,day3
2025-07-17 03:40:00,2599.3777,3621.6997,summer,day3
2025-07-17 03:45:00,2705.455,3579.3525,summer,day3
2025-07-17 03:50:00,2623.6235,3560.7473,summer,day3
2025-07-17 03:55:00,2478.0383,3529.4949,summer,day3
2025-07-17 04:00:00,2335.9368,3476.6902,summer,day3
2025-07-17 04:05:00,2251.9631,3457.3872,summer,day3
2025-07-17 04:10:00,2529.6985,3427.8726,summer,day3
2025-07-17 04:15:00,2788.8228,3400.4434,summer,day3
2025-07-17 04:20:00,2851.6333,3369.5088,summer,day3
2025-07-17 04:25:00,2461.8025,3354.1597,summer,day3
2025-07-17 04:30:00,2586.2185,3336.1057,summer,day3
2025-07-17 04:35:00,2548.9355,3312.1013,summer,day3
2025-07-17 04:40:00,2482.7676,3280.4553,summer,day3
2025-07-17 04:45:00,2635.4016,3267.3794,summer,day3
2025-07-17 04:50:00,2669.6448,3250.2158,summer,day3
2025-07-17 04:55:00,2490.3445,3235.5015,summer,day3
2025-07-17 05:00:00,2453.6316,3218.9478,summer,day3
2025-07-17 05:05:00,2496.9624,3218.6445,summer,day3
2025-07-17 05:10:00,2487.0913,3217.1765,summer,day3
2025-07-17 05:15:00,2354.129,3224.9736,summer,day3
2025-07-17 05:20:00,2367.9612,3208.9668,summer,day3
2025-07-17 05:25:00,2027.0748,3196.0933,summer,day3
2025-07-17 05:30:00,2033.0388,3197.3586,summer,day3
2025-07-17 05:35:00,2132.3435,3190.3203,summer,day3
2025-07-17 05:40:00,2186.538,3183.719,summer,day3
2025-07-17 05:45:00,2277.5208,3216.888,summer,day3
2025-07-17 05:50:00,2383.4531,3217.3206,summer,day3
2025-07-17 05:55:00,2263.3513,3205.6096,summer,day3
2025-07-17 06:00:00,2142.2964,3201.4316,summer,day3
2025-07-17 06:05:00,2132.5476,3203.3213,summer,day3
2025-07-17 06:10:00,2150.2957,3203.7922,summer,day3
2025-07-17 06:15:00,2239.2588,3194.3232,summer,day3
2025-07-17 06:20:00,2391.6611,3186.025,summer,day3
2025-07-17 06:25:00,2539.6873,3187.9756,summer,day3
2025-07-17 06:30:00,2463.282,3189.9863,summer,day3
2025-07-17 06:35:00,2265.4956,3158.5269,summer,day3
2025-07-17 06:40:00,2153.3052,3241.8503,summer,day3
2025-07-17 06:45:00,2090.0615,3242.1536,summer,day3
2025-07-17 06:50:00,2232.0251,3242.2925,summer,day3
2025-07-17 06:55:00,2288.1565,3203.7336,summer,day3
2025-07-17 07:00:00,2431.6992,3225.3708,summer,day3
2025-07-17 07:05:00,2459.5032,3241.061,summer,day3
2025-07-17 07:10:00,2412.8052,3271.6091,summer,day3
2025-07-17 07:15:00,2845.1147,3267.067,summer,day3
2025-07-17 07:20:00,3148.1328,3237.9685,summer,day3
2025-07-17 07:25:00,3165.2424,3224.2698,summer,day3
2025-07-17 07:30:00,3216.468,3203.6118,summer,day3
2025-07-17 07:35:00,3406.025,3210.9092,summer,day3
2025-07-17 07:40:00,3412.6345,3198.2322,summer,day3
2025-07-17 07:45:00,3796.7231,3154.52,summer,day3
2025-07-17 07:50:00,12464.648,3170.537,summer,day3
2025-07-17 07:55:00,11088.114,3204.4946,summer,day3
2025-07-17 08:00:00,6102.2026,3264.408,summer,day3
2025-07-17 08:05:00,6575.9243,3282.5288,summer,day3
2025-07-17 08:10:00,6474.072,3297.1338,summer,day3
2025-07-17 08:15:00,7917.368,3286.9707,summer,day3
2025-07-17 08:20:00,5783.8345,3308.161,summer,day3
2025-07-17 08:25:00,4748.483,3340.7817,summer,day3
2025-07-17 08:30:00,4604.423,3346.5796,summer,day3
2025-07-17 08:35:00,4767.498,3362.099,summer,day3
2025-07-17 08:40:00,4559.273,3363.056,summer,day3
2025-07-17 08:45:00,4849.681,3385.9482,summer,day3
2025-07-17 08:50:00,5948.52,3396.5132,summer,day3
2025-07-17 08:55:00,6792.8066,3413.2249,summer,day3
2025-07-17 09:00:00,6504.9673,3421.8242,summer,day3
2025-07-17 09:05:00,5775.317,3421.2769,summer,day3
2025-07-17 09:10:00,4880.711,3408.328,summer,day3
2025-07-17 09:15:00,5552.7036,3388.4368,summer,day3
2025-07-17 09:20:00,6530.762,3378.531,summer,day3
2025-07-17 09:25:00,5388.5664,3375.9097,summer,day3
2025-07-17 09:30:00,5798.623,3372.6116,summer,day3
2025-07-17 09:35:00,5717.1274,3349.2014,summer,day3
2025-07-17 09:40:00,5498.971,3354.1628,summer,day3
2025-07-17 09:45:00,4674.516,3364.704,summer,day3
2025-07-17 09:50:00,5567.778,3385.2107,summer,day3
2025-07-17 09:55:00,5435.2246,3386.7717,summer,day3
2025-07-17 10:00:00,4890.4346,3384.3848,summer,day3
2025-07-17 10:05:00,4255.0513,3385.9194,summer,day3
2025-07-17 10:10:00,4441.3286,3376.2993,summer,day3
2025-07-17 10:15:00,4890.2974,3369.2065,summer,day3
2025-07-17 10:20:00,4805.6196,3360.8003,summer,day3
2025-07-17 10:25:00,6851.9233,3360.0708,summer,day3
2025-07-17 10:30:00,5099.004,3330.5515,summer,day3
2025-07-17 10:35:00,4659.8506,3322.4604,summer,day3
2025-07-17 10:40:00,6122.6846,3314.391,summer,day3
2025-07-17 10:45:00,4203.48,3331.9712,summer,day3
2025-07-17 10:50:00,4802.1577,3327.8916,summer,day3
2025-07-17 10:55:00,4432.924,3335.8406,summer,day3
2025-07-17 11:00:00,4953.2534,3346.1267,summer,day3
2025-07-17 11:05:00,5866.8574,3343.0916,summer,day3
2025-07-17 11:10:00,5520.3013,3347.2358,summer,day3
2025-07-17 11:15:00,5037.625,3352.544,summer,day3
2025-07-17 11:20:00,4809.15,3356.2666,summer,day3
2025-07-17 11:25:00,5365.188,3379.9246,summer,day3
2025-07-17 11:30:00,4426.388,3382.7217,summer,day3
2025-07-17 11:35:00,4918.7593,3379.735,summer,day3
2025-07-17 11:40:00,5263.7256,3380.1133,summer,day3
2025-07-17 11:45:00,4268.603,3409.437,summer,day3
2025-07-17 11:50:00,4858.2036,3406.3325,summer,day3
2025-07-17 11:55:00,5438.0903,3402.1616,summer,day3
2025-07-17 12:00:00,4499.245,3421.5857,summer,day3
2025-07-17 12:05:00,4930.4688,3416.7864,summer,day3
2025-07-17 12:10:00,4484.1,3438.9385,summer,day3
2025-07-17 12:15:00,5279.3545,3516.5813,summer,day3
2025-07-17 12:20:00,5635.421,3480.2666,summer,day3
2025-07-17 12:25:00,7468.26,3435.4602,summer,day3
2025-07-17 12:30:00,5192.6436,3448.1719,summer,day3
2025-07-17 12:35:00,4543.9487,3442.1135,summer,day3
2025-07-17 12:40:00,6092.501,3443.9736,summer,day3
2025-07-17 12:45:00,7782.559,3447.034,summer,day3
2025-07-17 12:50:00,6412.6094,3443.95,summer,day3
2025-07-17 12:55:00,6379.0586,3442.215,summer,day3
2025-07-17 13:00:00,4599.3877,3440.579,summer,day3
2025-07-17 13:05:00,4737.0215,3441.6204,summer,day3
2025-07-17 13:10:00,6574.3066,3436.5032,summer,day3
2025-07-17 13:15:00,5047.723,3442.7124,summer,day3
2025-07-17 13:20:00,6563.8066,3450.7988,summer,day3
2025-07-17 13:25:00,7114.499,3420.455,summer,day3
2025-07-17 13:30:00,5494.794,3397.4429,summer,day3
2025-07-17 13:35:00,4849.7354,3387.9731,summer,day3
2025-07-17 13:40:00,5346.7046,3396.5244,summer,day3
2025-07-17 13:45:00,4955.202,3431.8428,summer,day3
2025-07-17 13:50:00,5024.3364,3455.4263,summer,day3
2025-07-17 13:55:00,4966.8853,3455.775,summer,day3
2025-07-17 14:00:00,4621.818,3431.184,summer,day3
2025-07-17 14:05:00,5243.911,3409.971,summer,day3
2025-07-17 14:10:00,6409.063,3393.9468,summer,day3
2025-07-17 14:15:00,4819.956,3398.5103,summer,day3
2025-07-17 14:20:00,4747.3906,3399.7773,summer,day3
2025-07-17 14:25:00,6238.9307,3399.5757,summer,day3
2025-07-17 14:30:00,5582.022,3410.7217,summer,day3
2025-07-17 14:35:00,4787.9087,3419.3743,summer,day3
2025-07-17 14:40:00,4944.138,3427.105,summer,day3
2025-07-17 14:45:00,5074.722,3457.618,summer,day3
2025-07-17 14:50:00,5499.2354,3463.5623,summer,day3
2025-07-17 14:55:00,4968.638,3408.2717,summer,day3
2025-07-17 15:00:00,5770.7617,3421.8298,summer,day3
2025-07-17 15:05:00,5905.2466,3416.7114,summer,day3
2025-07-17 15:10:00,5332.975,3395.3062,summer,day3
2025-07-17 15:15:00,4588.5576,3371.3276,summer,day3
2025-07-17 15:20:00,4382.6665,3344.6792,summer,day3
2025-07-17 15:25:00,4640.8213,3343.2407,summer,day3
2025-07-17 15:30:00,4833.764,3340.4463,summer,day3
2025-07-17 15:35:00,4735.32,3339.83,summer,day3
2025-07-17 15:40:00,5593.9956,3339.4326,summer,day3
2025-07-17 15:45:00,6699.9204,3339.4912,summer,day3
2025-07-17 15:50:00,5349.5303,3339.0146,summer,day3
2025-07-17 15:55:00,4272.5474,3343.347,summer,day3
2025-07-17 16:00:00,5156.5693,3345.4368,summer,day3
2025-07-17 16:05:00,3829.3247,3348.443,summer,day3
2025-07-17 16:10:00,3904.7964,3355.857,summer,day3
2025-07-17 16:15:00,3894.5557,3354.589,summer,day3
2025-07-17 16:20:00,3870.8376,3358.8428,summer,day3
2025-07-17 16:25:00,4002.0527,3358.5618,summer,day3
2025-07-17 16:30:00,3569.1553,3360.0366,summer,day3
2025-07-17 16:35:00,3827.4167,3362.4558,summer,day3
2025-07-17 16:40:00,4213.966,3369.3906,summer,day3
2025-07-17 16:45:00,3695.3867,3366.9236,summer,day3
2025-07-17 16:50:00,3703.0847,3372.6147,summer,day3
2025-07-17 16:55:00,5570.166,3369.2388,summer,day3
2025-07-17 17:00:00,4633.262,3377.8013,summer,day3
2025-07-17 17:05:00,6476.478,3372.53,summer,day3
2025-07-17 17:10:00,5138.442,3375.12,summer,day3
2025-07-17 17:15:00,5058.0503,3340.464,summer,day3
2025-07-17 17:20:00,5018.335,3352.5305,summer,day3
2025-07-17 17:25:00,4594.0596,3355.3735,summer,day3
2025-07-17 17:30:00,3719.3545,3346.4072,summer,day3
2025-07-17 17:35:00,3734.544,3331.6423,summer,day3
2025-07-17 17:40:00,3975.9673,3329.5315,summer,day3
2025-07-17 17:45:00,4450.22,3327.64,summer,day3
2025-07-17 17:50:00,4235.413,3336.6848,summer,day3
2025-07-17 17:55:00,3930.0625,3330.8438,summer,day3
2025-07-17 18:00:00,5268.5293,3336.1252,summer,day3
2025-07-17 18:05:00,5162.6533,3342.41,summer,day3
2025-07-17 18:10:00,4423.034,3333.0786,summer,day3
2025-07-17 18:15:00,5258.8057,3341.4902,summer,day3
2025-07-17 18:20:00,4014.7344,3342.342,summer,day3
2025-07-17 18:25:00,3932.466,3332.0127,summer,day3
2025-07-17 18:30:00,3727.0728,3330.1326,summer,day3
2025-07-17 18:35:00,3610.1975,3324.542,summer,day3
2025-07-17 18:40:00,3780.9443,3323.2712,summer,day3
2025-07-17 18:45:00,3828.2173,3303.1016,summer,day3
2025-07-17 18:50:00,3959.01,3278.8076,summer,day3
2025-07-17 18:55:00,4518.923,3228.5132,summer,day3
2025-07-17 19:00:00,3927.3635,3220.1145,summer,day3
2025-07-17 19:05:00,3844.92,3201.1086,summer,day3
2025-07-17 19:10:00,4531.116,3175.471,summer,day3
2025-07-17 19:15:00,6519.481,3159.0593,summer,day3
2025-07-17 19:20:00,5548.7666,3158.999,summer,day3
2025-07-17 19:25:00,4800.112,3154.509,summer,day3
2025-07-17 19:30:00,3718.775,3161.8347,summer,day3
2025-07-17 19:35:00,4131.6143,3159.857,summer,day3
2025-07-17 19:40:00,3456.3071,3167.781,summer,day3
2025-07-17 19:45:00,3640.973,3140.5256,summer,day3
2025-07-17 19:50:00,3621.396,3112.449,summer,day3
2025-07-17 19:55:00,3452.7012,3119.706,summer,day3
2025-07-17 20:00:00,3340.0344,3119.253,summer,day3
2025-07-17 20:05:00,3938.4468,3112.7385,summer,day3
2025-07-17 20:10:00,5138.5522,3122.3042,summer,day3
2025-07-17 20:15:00,4519.9536,3105.793,summer,day3
2025-07-17 20:20:00,3926.7612,3104.8972,summer,day3
2025-07-17 20:25:00,3740.0208,3104.7266,summer,day3
2025-07-17 20:30:00,4663.9526,3110.7197,summer,day3
2025-07-17 20:35:00,4187.022,3098.8562,summer,day3
2025-07-17 20:40:00,3741.7537,3097.089,summer,day3
2025-07-17 20:45:00,4081.4485,3096.3489,summer,day3
2025-07-17 20:50:00,4111.025,3083.4702,summer,day3
2025-07-17 20:55:00,4040.1853,3090.4082,summer,day3
2025-07-17 21:00:00,4022.5295,3100.4795,summer,day3
2025-07-17 21:05:00,5074.1914,3106.4648,summer,day3
2025-07-17 21:10:00,5019.6865,3078.0154,summer,day3
2025-07-17 21:15:00,5235.1055,3057.7136,summer,day3
2025-07-17 21:20:00,5198.7275,3072.6565,summer,day3
2025-07-17 21:25:00,5041.897,3071.6099,summer,day3
2025-07-17 21:30:00,4947.7573,3080.8062,summer,day3
2025-07-17 21:35:00,4845.9985,3077.4336,summer,day3
2025-07-17 21:40:00,4915.156,3077.9543,summer,day3
2025-07-17 21:45:00,4995.611,3077.567,summer,day3
2025-07-17 21:50:00,5145.024,3077.452,summer,day3
2025-07-17 21:55:00,4821.9385,3074.436,summer,day3
2025-07-17 22:00:00,5224.206,3077.7913,summer,day3
2025-07-17 22:05:00,5409.0493,3078.6543,summer,day3
2025-07-17 22:10:00,7144.2827,3054.9976,summer,day3
2025-07-17 22:15:00,7163.3364,3052.8862,summer,day3
2025-07-17 22:20:00,5021.166,3058.3418,summer,day3
2025-07-17 22:25:00,5094.3086,3051.206,summer,day3
2025-07-17 22:30:00,5358.468,3049.5786,summer,day3
2025-07-17 22:35:00,5151.7656,3049.2356,summer,day3
2025-07-17 22:40:00,5313.6587,3027.908,summer,day3
2025-07-17 22:45:00,5620.0273,3009.9324,summer,day3
2025-07-17 22:50:00,5626.4497,2996.4253,summer,day3
2025-07-17 22:55:00,5536.8804,3002.0183,summer,day3
2025-07-17 23:00:00,5400.34,2959.8806,summer,day3
2025-07-17 23:05:00,5470.47,2945.9211,summer,day3
2025-07-17 23:10:00,5739.824,2948.3237,summer,day3
2025-07-17 23:15:00,5787.3994,2946.1624,summer,day3
2025-07-17 23:20:00,5927.4814,2942.6116,summer,day3
2025-07-17 23:25:00,5834.0903,2939.4773,summer,day3
2025-07-17 23:30:00,5615.3125,2917.9146,summer,day3
2025-07-17 23:35:00,5421.51,2919.5417,summer,day3
2025-07-17 23:40:00,5291.3438,2915.9546,summer,day3
2025-07-17 23:45:00,6521.7793,2916.881,summer,day3
2025-07-17 23:50:00,5161.5503,2916.1597,summer,day3
2025-07-17 23:55:00,4628.9604,2912.5828,summer,day3
2025-08-08 00:00:00,2905.4832,3797.8643,summer,day4
2025-08-08 00:05:00,2841.84,3712.223,summer,day4
2025-08-08 00:10:00,3052.6943,3667.4658,summer,day4
2025-08-08 00:15:00,3142.6729,3562.0432,summer,day4
2025-08-08 00:20:00,2870.1985,3497.4885,summer,day4
2025-08-08 00:25:00,2817.829,3450.1104,summer,day4
2025-08-08 00:30:00,2915.057,3394.005,summer,day4
2025-08-08 00:35:00,2962.2383,3352.8406,summer,day4
2025-08-08 00:40:00,2623.6165,3325.317,summer,day4
2025-08-08 00:45:00,2690.5608,3299.258,summer,day4
2025-08-08 00:50:00,2906.832,3293.8848,summer,day4
2025-08-08 00:55:00,2565.0205,3278.2449,summer,day4
2025-08-08 01:00:00,2503.4617,3264.6946,summer,day4
2025-08-08 01:05:00,2474.418,3244.9873,summer,day4
2025-08-08 01:10:00,2648.3604,3228.6497,summer,day4
2025-08-08 01:15:00,2786.8572,3200.1724,summer,day4
2025-08-08 01:20:00,2711.532,3186.1333,summer,day4
2025-08-08 01:25:00,2803.4473,3164.5225,summer,day4
2025-08-08 01:30:00,2854.181,3133.5417,summer,day4
2025-08-08 01:35:00,2967.666,3118.985,summer,day4
2025-08-08 01:40:00,2924.532,3099.7332,summer,day4
2025-08-08 01:45:00,2853.433,3079.2075,summer,day4
2025-08-08 01:50:00,2575.896,3070.8086,summer,day4
2025-08-08 01:55:00,2489.8164,3071.3945,summer,day4
2025-08-08 02:00:00,2426.1985,3058.8938,summer,day4
2025-08-08 02:05:00,2760.079,3055.8232,summer,day4
2025-08-08 02:10:00,3409.6787,3041.8174,summer,day4
2025-08-08 02:15:00,3478.7292,3021.7869,summer,day4
2025-08-08 02:20:00,3429.4033,3012.2922,summer,day4
2025-08-08 02:25:00,3368.4685,2998.1387,summer,day4
2025-08-08 02:30:00,3050.1252,2982.6003,summer,day4
2025-08-08 02:35:00,2940.1956,2977.9622,summer,day4
2025-08-08 02:40:00,3120.0227,2957.5571,summer,day4
2025-08-08 02:45:00,4267.158,2953.6316,summer,day4
2025-08-08 02:50:00,4474.5156,2953.3047,summer,day4
2025-08-08 02:55:00,3739.8083,2953.661,summer,day4
2025-08-08 03:00:00,5022.6143,2953.1545,summer,day4
2025-08-08 03:05:00,4454.8906,2948.423,summer,day4
2025-08-08 03:10:00,2717.2368,2942.0083,summer,day4
2025-08-08 03:15:00,3616.4353,2928.1924,summer,day4
2025-08-08 03:20:00,5155.7544,2912.6375,summer,day4
2025-08-08 03:25:00,3559.5,2903.68,summer,day4
2025-08-08 03:30:00,2605.1423,2890.5994,summer,day4
2025-08-08 03:35:00,2508.5833,2876.8667,summer,day4
2025-08-08 03:40:00,2695.859,2863.9282,summer,day4
2025-08-08 03:45:00,2457.4272,2850.921,summer,day4
2025-08-08 03:50:00,2337.6577,2856.296,summer,day4
2025-08-08 03:55:00,2346.7883,2860.0442,summer,day4
2025-08-08 04:00:00,2334.5664,2842.9824,summer,day4
2025-08-08 04:05:00,2381.97,2842.6938,summer,day4
2025-08-08 04:10:00,2430.6504,2828.2964,summer,day4
2025-08-08 04:15:00,2522.2812,2814.0554,summer,day4
2025-08-08 04:20:00,2233.764,2814.6467,summer,day4
2025-08-08 04:25:00,2555.6353,2807.55,summer,day4
2025-08-08 04:30:00,2582.2488,2802.1177,summer,day4
2025-08-08 04:35:00,3999.4116,2796.1172,summer,day4
2025-08-08 04:40:00,2532.3635,2790.1191,summer,day4
2025-08-08 04:45:00,2868.2605,2780.4968,summer,day4
2025-08-08 04:50:00,3039.5508,2785.9033,summer,day4
2025-08-08 04:55:00,2912.1145,2784.0894,summer,day4
2025-08-08 05:00:00,2723.4707,2781.4077,summer,day4
2025-08-08 05:05:00,2702.4924,2775.482,summer,day4
2025-08-08 05:10:00,2537.01,2766.2017,summer,day4
2025-08-08 05:15:00,2216.7769,2763.6511,summer,day4
2025-08-08 05:20:00,2429.4575,2756.2954,summer,day4
2025-08-08 05:25:00,2355.9863,2751.3223,summer,day4
2025-08-08 05:30:00,2164.7627,2766.8289,summer,day4
2025-08-08 05:35:00,2109.3347,2760.1074,summer,day4
2025-08-08 05:40:00,2062.8457,2772.1338,summer,day4
2025-08-08 05:45:00,2216.46,2776.316,summer,day4
2025-08-08 05:50:00,2434.5024,2770.6746,summer,day4
2025-08-08 05:55:00,2256.9624,2781.974,summer,day4
2025-08-08 06:00:00,2086.1077,2774.1694,summer,day4
2025-08-08 06:05:00,2038.908,2777.4045,summer,day4
2025-08-08 06:10:00,2045.874,2793.0176,summer,day4
2025-08-08 06:15:00,2038.7653,2779.1536,summer,day4
2025-08-08 06:20:00,2295.6875,2773.6858,summer,day4
2025-08-08 06:25:00,2334.8376,2773.0112,summer,day4
2025-08-08 06:30:00,2314.3345,2791.8953,summer,day4
2025-08-08 06:35:00,2259.6409,2777.186,summer,day4
2025-08-08 06:40:00,2163.012,2817.3042,summer,day4
2025-08-08 06:45:00,2305.9932,2821.3389,summer,day4
2025-08-08 06:50:00,2580.3733,2879.1274,summer,day4
2025-08-08 06:55:00,2479.3308,2881.9138,summer,day4
2025-08-08 07:00:00,2469.1235,2900.0137,summer,day4
2025-08-08 07:05:00,2567.5295,2923.922,summer,day4
2025-08-08 07:10:00,2516.7913,2963.8252,summer,day4
2025-08-08 07:15:00,2933.8489,3024.7012,summer,day4
2025-08-08 07:20:00,4157.5884,3146.9526,summer,day4
2025-08-08 07:25:00,3769.9463,3223.4082,summer,day4
2025-08-08 07:30:00,3520.6008,3291.816,summer,day4
2025-08-08 07:35:00,3993.84,3339.7463,summer,day4
2025-08-08 07:40:00,3469.446,3332.4512,summer,day4
2025-08-08 07:45:00,3332.5608,3316.2441,summer,day4
2025-08-08 07:50:00,4370.982,3338.315,summer,day4
2025-08-08 07:55:00,5928.4634,3338.4683,summer,day4
2025-08-08 08:00:00,6051.9214,3345.3215,summer,day4
2025-08-08 08:05:00,7442.574,3327.8665,summer,day4
2025-08-08 08:10:00,6914.742,3346.3845,summer,day4
2025-08-08 08:15:00,4370.237,3363.8083,summer,day4
2025-08-08 08:20:00,3859.41,3385.8914,summer,day4
2025-08-08 08:25:00,3873.5615,3353.8142,summer,day4
2025-08-08 08:30:00,3982.896,3382.1577,summer,day4
2025-08-08 08:35:00,4137.089,3377.3489,summer,day4
2025-08-08 08:40:00,4582.818,3405.432,summer,day4
2025-08-08 08:45:00,4052.8572,3511.3584,summer,day4
2025-08-08 08:50:00,3729.6875,3494.8179,summer,day4
2025-08-08 08:55:00,3790.861,3494.0173,summer,day4
2025-08-08 09:00:00,3798.4463,3482.3699,summer,day4
2025-08-08 09:05:00,5274.7427,3448.297,summer,day4
2025-08-08 09:10:00,4159.0454,3441.4663,summer,day4
2025-08-08 09:15:00,4181.574,3447.2292,summer,day4
2025-08-08 09:20:00,5541.3994,3438.412,summer,day4
2025-08-08 09:25:00,4343.9497,3458.6277,summer,day4
2025-08-08 09:30:00,5387.1406,3448.1162,summer,day4
2025-08-08 09:35:00,4316.719,3445.3313,summer,day4
2025-08-08 09:40:00,4500.07,3443.1724,summer,day4
2025-08-08 09:45:00,4473.2915,3409.4783,summer,day4
2025-08-08 09:50:00,6840.2065,3410.8796,summer,day4
2025-08-08 09:55:00,5347.7734,3414.5222,summer,day4
2025-08-08 10:00:00,4514.2573,3433.1606,summer,day4
2025-08-08 10:05:00,5084.012,3469.7654,summer,day4
2025-08-08 10:10:00,5008.09,3472.1453,summer,day4
2025-08-08 10:15:00,4081.65,3445.9087,summer,day4
2025-08-08 10:20:00,4155.34,3427.4172,summer,day4
2025-08-08 10:25:00,4868.2476,3426.541,summer,day4
2025-08-08 10:30:00,5180.2524,3418.7014,summer,day4
2025-08-08 10:35:00,4211.556,3391.1318,summer,day4
2025-08-08 10:40:00,4728.605,3392.3289,summer,day4
2025-08-08 10:45:00,4576.313,3398.7566,summer,day4
2025-08-08 10:50:00,4665.671,3409.6506,summer,day4
2025-08-08 10:55:00,3503.478,3409.6653,summer,day4
2025-08-08 11:00:00,3574.104,3414.1733,summer,day4
2025-08-08 11:05:00,3782.2295,3407.7327,summer,day4
2025-08-08 11:10:00,5051.9434,3411.9128,summer,day4
2025-08-08 11:15:00,4720.2925,3406.2734,summer,day4
2025-08-08 11:20:00,5171.43,3406.6494,summer,day4
2025-08-08 11:25:00,5189.833,3406.8784,summer,day4
2025-08-08 11:30:00,6781.4365,3409.248,summer,day4
2025-08-08 11:35:00,5262.778,3399.4497,summer,day4
2025-08-08 11:40:00,5481.5483,3403.744,summer,day4
2025-08-08 11:45:00,4569.409,3401.532,summer,day4
2025-08-08 11:50:00,2638.8289,3398.863,summer,day4
2025-08-08 11:55:00,2600.8296,3391.532,summer,day4
2025-08-08 12:00:00,2749.062,3378.3887,summer,day4
2025-08-08 12:05:00,3770.9473,3390.462,summer,day4
2025-08-08 12:10:00,4299.811,3393.8801,summer,day4
2025-08-08 12:15:00,4665.415,3363.3943,summer,day4
2025-08-08 12:20:00,2908.5613,3362.826,summer,day4
2025-08-08 12:25:00,2706.7356,3366.0935,summer,day4
2025-08-08 12:30:00,2959.0415,3368.8313,summer,day4
2025-08-08 12:35:00,2706.6167,3368.1958,summer,day4
2025-08-08 12:40:00,2692.866,3395.0376,summer,day4
2025-08-08 12:45:00,2798.797,3395.945,summer,day4
2025-08-08 12:50:00,2721.077,3396.19,summer,day4
2025-08-08 12:55:00,3447.0325,3393.0776,summer,day4
2025-08-08 13:00:00,3030.2988,3390.61,summer,day4
2025-08-08 13:05:00,3751.1797,3365.8533,summer,day4
2025-08-08 13:10:00,4783.099,3363.323,summer,day4
2025-08-08 13:15:00,7185.756,3357.5364,summer,day4
2025-08-08 13:20:00,5689.822,3355.4856,summer,day4
2025-08-08 13:25:00,5006.1313,3352.039,summer,day4
2025-08-08 13:30:00,3681.2317,3346.6453,summer,day4
2025-08-08 13:35:00,3398.9497,3317.0251,summer,day4
2025-08-08 13:40:00,4802.8213,3316.2458,summer,day4
2025-08-08 13:45:00,3532.0813,3309.234,summer,day4
2025-08-08 13:50:00,5046.8926,3311.0176,summer,day4
2025-08-08 13:55:00,3782.6592,3311.9248,summer,day4
2025-08-08 14:00:00,5003.035,3333.9604,summer,day4
2025-08-08 14:05:00,4340.454,3338.3381,summer,day4
2025-08-08 14:10:00,4120.729,3334.9773,summer,day4
2025-08-08 14:15:00,3413.1553,3327.8706,summer,day4
2025-08-08 14:20:00,3355.8696,3333.1833,summer,day4
2025-08-08 14:25:00,3638.723,3331.6465,summer,day4
2025-08-08 14:30:00,4723.7114,3332.1892,summer,day4
2025-08-08 14:35:00,5800.7075,3331.7383,summer,day4
2025-08-08 14:40:00,4699.681,3318.4336,summer,day4
2025-08-08 14:45:00,4796.1577,3307.9463,summer,day4
2025-08-08 14:50:00,4215.8184,3297.4724,summer,day4
2025-08-08 14:55:00,3505.9067,3280.782,summer,day4
2025-08-08 15:00:00,3366.9397,3267.5737,summer,day4
2025-08-08 15:05:00,2607.7944,3278.1555,summer,day4
2025-08-08 15:10:00,2683.9067,3272.3413,summer,day4
2025-08-08 15:15:00,3289.518,3272.3767,summer,day4
2025-08-08 15:20:00,3239.2764,3284.848,summer,day4
2025-08-08 15:25:00,3709.536,3287.4644,summer,day4
2025-08-08 15:30:00,3970.7556,3292.0396,summer,day4
2025-08-08 15:35:00,3985.5864,3285.6182,summer,day4
2025-08-08 15:40:00,4568.6797,3291.0952,summer,day4
2025-08-08 15:45:00,3415.3489,3296.609,summer,day4
2025-08-08 15:50:00,4920.368,3300.284,summer,day4
2025-08-08 15:55:00,3361.908,3299.3599,summer,day4
2025-08-08 16:00:00,3421.9585,3305.9116,summer,day4
2025-08-08 16:05:00,3696.834,3305.8267,summer,day4
2025-08-08 16:10:00,4050.3457,3307.929,summer,day4
2025-08-08 16:15:00,4786.476,3308.8489,summer,day4
2025-08-08 16:20:00,5060.3364,3304.5022,summer,day4
2025-08-08 16:25:00,3897.1177,3305.073,summer,day4
2025-08-08 16:30:00,4117.4126,3303.0713,summer,day4
2025-08-08 16:35:00,3502.3225,3303.5771,summer,day4
2025-08-08 16:40:00,3515.2405,3307.584,summer,day4
2025-08-08 16:45:00,4857.1787,3301.454,summer,day4
2025-08-08 16:50:00,4484.335,3306.2583,summer,day4
2025-08-08 16:55:00,3655.2156,3301.6084,summer,day4
2025-08-08 17:00:00,3561.2087,3305.1445,summer,day4
2025-08-08 17:05:00,3523.176,3299.443,summer,day4
2025-08-08 17:10:00,3922.7532,3305.1719,summer,day4
2025-08-08 17:15:00,4652.664,3298.496,summer,day4
2025-08-08 17:20:00,4405.826,3299.3726,summer,day4
2025-08-08 17:25:00,4178.492,3299.5667,summer,day4
2025-08-08 17:30:00,5473.3823,3302.4917,summer,day4
2025-08-08 17:35:00,3859.8457,3301.0215,summer,day4
2025-08-08 17:40:00,3788.3196,3303.861,summer,day4
2025-08-08 17:45:00,4298.959,3302.1113,summer,day4
2025-08-08 17:50:00,3523.536,3304.617,summer,day4
2025-08-08 17:55:00,3408.1704,3302.5493,summer,day4
2025-08-08 18:00:00,3892.5996,3302.0515,summer,day4
2025-08-08 18:05:00,5197.6045,3303.6255,summer,day4
2025-08-08 18:10:00,4862.987,3299.9304,summer,day4
2025-08-08 18:15:00,3944.046,3302.7534,summer,day4
2025-08-08 18:20:00,3285.3457,3305.914,summer,day4
2025-08-08 18:25:00,2748.4849,3301.2512,summer,day4
2025-08-08 18:30:00,2445.9863,3303.48,summer,day4
2025-08-08 18:35:00,2176.9585,3300.0974,summer,day4
2025-08-08 18:40:00,2878.4148,3299.956,summer,day4
2025-08-08 18:45:00,2829.4812,3302.7656,summer,day4
2025-08-08 18:50:00,2444.1924,3302.7705,summer,day4
2025-08-08 18:55:00,2611.938,3299.2288,summer,day4
2025-08-08 19:00:00,3374.5513,3297.9182,summer,day4
2025-08-08 19:05:00,2960.0088,3295.9292,summer,day4
2025-08-08 19:10:00,4092.1416,3299.2002,summer,day4
2025-08-08 19:15:00,4772.053,3297.931,summer,day4
2025-08-08 19:20:00,2430.786,3300.5103,summer,day4
2025-08-08 19:25:00,2479.8047,3298.3242,summer,day4
2025-08-08 19:30:00,2630.2751,3298.0125,summer,day4
2025-08-08 19:35:00,2845.0608,3302.2654,summer,day4
2025-08-08 19:40:00,2938.339,3304.1545,summer,day4
2025-08-08 19:45:00,2988.6755,3304.0493,summer,day4
2025-08-08 19:50:00,4017.8328,3304.3518,summer,day4
2025-08-08 19:55:00,2619.2712,3303.1353,summer,day4
2025-08-08 20:00:00,2265.0193,3302.9944,summer,day4
2025-08-08 20:05:00,2141.1265,3302.103,summer,day4
2025-08-08 20:10:00,2102.7913,3305.8801,summer,day4
2025-08-08 20:15:00,2098.248,3298.3462,summer,day4
2025-08-08 20:20:00,2046.3192,3303.69,summer,day4
2025-08-08 20:25:00,2141.1875,3303.8247,summer,day4
2025-08-08 20:30:00,2322.7776,3305.8958,summer,day4
2025-08-08 20:35:00,2007.8604,3304.019,summer,day4
2025-08-08 20:40:00,2347.452,3307.8596,summer,day4
2025-08-08 20:45:00,2397.0984,3303.412,summer,day4
2025-08-08 20:50:00,2293.8132,3307.032,summer,day4
2025-08-08 20:55:00,2290.6296,3308.1135,summer,day4
2025-08-08 21:00:00,2288.046,3305.1565,summer,day4
2025-08-08 21:05:00,2324.6963,3306.375,summer,day4
2025-08-08 21:10:00,2523.294,3302.6218,summer,day4
2025-08-08 21:15:00,2329.0007,3304.455,summer,day4
2025-08-08 21:20:00,2381.2512,3310.7432,summer,day4
2025-08-08 21:25:00,2403.864,3312.2678,summer,day4
2025-08-08 21:30:00,2394.0803,3314.8643,summer,day4
2025-08-08 21:35:00,2208.762,3315.1355,summer,day4
2025-08-08 21:40:00,2059.0596,3313.3667,summer,day4
2025-08-08 21:45:00,2403.7249,3314.6821,summer,day4
2025-08-08 21:50:00,2643.1367,3311.5127,summer,day4
2025-08-08 21:55:00,2519.4636,3311.7297,summer,day4
2025-08-08 22:00:00,2748.9155,3315.7896,summer,day4
2025-08-08 22:05:00,2819.173,3309.0627,summer,day4
2025-08-08 22:10:00,2797.379,3311.6213,summer,day4
2025-08-08 22:15:00,2728.8215,3309.7427,summer,day4
2025-08-08 22:20:00,2633.6316,3311.1863,summer,day4
2025-08-08 22:25:00,2613.8088,3308.3271,summer,day4
2025-08-08 22:30:00,2962.7927,3311.6729,summer,day4
2025-08-08 22:35:00,2505.8232,3308.707,summer,day4
2025-08-08 22:40:00,2656.6367,3305.7393,summer,day4
2025-08-08 22:45:00,2846.6797,3309.4636,summer,day4
2025-08-08 22:50:00,2746.4292,3309.1526,summer,day4
2025-08-08 22:55:00,2563.2732,3310.138,summer,day4
2025-08-08 23:00:00,2549.2188,3308.7158,summer,day4
2025-08-08 23:05:00,2521.6367,3307.838,summer,day4
2025-08-08 23:10:00,2702.8176,3308.6157,summer,day4
2025-08-08 23:15:00,2504.3064,3309.1514,summer,day4
2025-08-08 23:20:00,2510.2595,3310.9775,summer,day4
2025-08-08 23:25:00,2516.4468,3310.7688,summer,day4
2025-08-08 23:30:00,2216.4097,3308.5146,summer,day4
2025-08-08 23:35:00,2404.775,3308.895,summer,day4
2025-08-08 23:40:00,2587.326,3311.3215,summer,day4
2025-08-08 23:45:00,2509.535,3311.1414,summer,day4
2025-08-08 23:50:00,2691.5496,3309.1255,summer,day4
2025-08-08 23:55:00,2451.072,3309.1902,summer,day4
2025-08-31 00:00:00,2182.025,2335.7007,summer,day5
2025-08-31 00:05:00,2171.3015,2349.4194,summer,day5
2025-08-31 00:10:00,2179.698,2353.1196,summer,day5
2025-08-31 00:15:00,2367.0264,2353.8335,summer,day5
2025-08-31 00:20:00,2488.933,2349.0767,summer,day5
2025-08-31 00:25:00,2413.3188,2355.412,summer,day5
2025-08-31 00:30:00,2379.0276,2348.5808,summer,day5
2025-08-31 00:35:00,2326.3428,2356.4143,summer,day5
2025-08-31 00:40:00,2281.1736,2353.812,summer,day5
2025-08-31 00:45:00,2240.9832,2357.094,summer,day5
2025-08-31 00:50:00,2339.43,2356.883,summer,day5
2025-08-31 00:55:00,2428.9248,2355.5847,summer,day5
2025-08-31 01:00:00,2334.294,2355.043,summer,day5
2025-08-31 01:05:00,2190.9312,2354.8962,summer,day5
2025-08-31 01:10:00,2169.1597,2357.1724,summer,day5
2025-08-31 01:15:00,2111.255,2358.5435,summer,day5
2025-08-31 01:20:00,2149.638,2360.6995,summer,day5
2025-08-31 01:25:00,2269.2131,2359.202,summer,day5
2025-08-31 01:30:00,2388.144,2356.7463,summer,day5
2025-08-31 01:35:00,2309.5525,2367.588,summer,day5
2025-08-31 01:40:00,2106.84,2367.982,summer,day5
2025-08-31 01:45:00,2144.9197,2376.4058,summer,day5
2025-08-31 01:50:00,2150.5369,2368.1333,summer,day5
2025-08-31 01:55:00,2092.83,2375.733,summer,day5
2025-08-31 02:00:00,2155.7449,2372.938,summer,day5
2025-08-31 02:05:00,2274.1345,2379.8423,summer,day5
2025-08-31 02:10:00,2262.8508,2378.2732,summer,day5
2025-08-31 02:15:00,2125.1785,2383.3386,summer,day5
2025-08-31 02:20:00,2130.1404,2379.3765,summer,day5
2025-08-31 02:25:00,2179.1448,2379.7417,summer,day5
2025-08-31 02:30:00,2169.3564,2382.185,summer,day5
2025-08-31 02:35:00,2281.506,2386.527,summer,day5
2025-08-31 02:40:00,2460.4585,2395.9775,summer,day5
2025-08-31 02:45:00,2300.6772,2397.7473,summer,day5
2025-08-31 02:50:00,2135.4097,2403.3838,summer,day5
2025-08-31 02:55:00,2109.5293,2403.206,summer,day5
2025-08-31 03:00:00,2105.1396,2407.4019,summer,day5
2025-08-31 03:05:00,2159.7383,2407.3901,summer,day5
2025-08-31 03:10:00,2250.6013,2405.4988,summer,day5
2025-08-31 03:15:00,2335.619,2408.2617,summer,day5
2025-08-31 03:20:00,2230.9849,2405.031,summer,day5
2025-08-31 03:25:00,2123.4685,2413.3708,summer,day5
2025-08-31 03:30:00,2129.9424,2410.1157,summer,day5
2025-08-31 03:35:00,2201.3147,2415.4907,summer,day5
2025-08-31 03:40:00,2191.3213,2411.0007,summer,day5
2025-08-31 03:45:00,2239.4387,2403.1033,summer,day5
2025-08-31 03:50:00,2352.6924,2390.276,summer,day5
2025-08-31 03:55:00,2211.0935,2379.2346,summer,day5
2025-08-31 04:00:00,2164.307,2369.0415,summer,day5
2025-08-31 04:05:00,2287.62,2365.9565,summer,day5
2025-08-31 04:10:00,2700.0996,2359.5854,summer,day5
2025-08-31 04:15:00,2477.742,2355.7778,summer,day5
2025-08-31 04:20:00,2596.2275,2350.6895,summer,day5
2025-08-31 04:25:00,2646.3096,2345.4512,summer,day5
2025-08-31 04:30:00,2636.988,2344.7373,summer,day5
2025-08-31 04:35:00,2435.2727,2344.4106,summer,day5
2025-08-31 04:40:00,2260.74,2341.0193,summer,day5
2025-08-31 04:45:00,2271.9949,2333.517,summer,day5
2025-08-31 04:50:00,2605.2827,2317.7876,summer,day5
2025-08-31 04:55:00,2715.6155,2321.9165,summer,day5
2025-08-31 05:00:00,2876.3772,2315.6274,summer,day5
2025-08-31 05:05:00,2702.5813,2320.6528,summer,day5
2025-08-31 05:10:00,2473.926,2315.533,summer,day5
2025-08-31 05:15:00,2450.0244,2317.2627,summer,day5
2025-08-31 05:20:00,2296.337,2303.5928,summer,day5
2025-08-31 05:25:00,2158.2192,2312.3235,summer,day5
2025-08-31 05:30:00,2101.218,2294.4329,summer,day5
2025-08-31 05:35:00,2207.765,2292.9695,summer,day5
2025-08-31 05:40:00,2161.4617,2292.9443,summer,day5
2025-08-31 05:45:00,2376.87,2293.1382,summer,day5
2025-08-31 05:50:00,2385.6743,2299.928,summer,day5
2025-08-31 05:55:00,2232.6072,2309.3982,summer,day5
2025-08-31 06:00:00,2064.4417,2294.0132,summer,day5
2025-08-31 06:05:00,2381.2632,2285.2542,summer,day5
2025-08-31 06:10:00,2458.8037,2285.497,summer,day5
2025-08-31 06:15:00,2302.2168,2280.3071,summer,day5
2025-08-31 06:20:00,2281.3416,2282.542,summer,day5
2025-08-31 06:25:00,2290.0896,2288.4712,summer,day5
2025-08-31 06:30:00,2123.9893,2282.5857,summer,day5
2025-08-31 06:35:00,2123.946,2289.6138,summer,day5
2025-08-31 06:40:00,2096.8225,2293.9407,summer,day5
2025-08-31 06:45:00,1990.8756,2282.394,summer,day5
2025-08-31 06:50:00,1907.2992,2288.5654,summer,day5
2025-08-31 06:55:00,1924.4784,2312.8481,summer,day5
2025-08-31 07:00:00,1899.3,2321.41,summer,day5
2025-08-31 07:05:00,1934.532,2358.7603,summer,day5
2025-08-31 07:10:00,2058.1404,2383.8823,summer,day5
2025-08-31 07:15:00,2033.2908,2465.897,summer,day5
2025-08-31 07:20:00,1949.8044,2574.5405,summer,day5
2025-08-31 07:25:00,1825.3044,2601.646,summer,day5
2025-08-31 07:30:00,1910.9268,2607.0073,summer,day5
2025-08-31 07:35:00,2020.998,2662.1738,summer,day5
2025-08-31 07:40:00,2011.0392,2709.7705,summer,day5
2025-08-31 07:45:00,2001.1488,2783.4092,summer,day5
2025-08-31 07:50:00,2134.5996,2799.8975,summer,day5
2025-08-31 07:55:00,2044.752,2747.2908,summer,day5
2025-08-31 08:00:00,1855.0717,2715.7734,summer,day5
2025-08-31 08:05:00,1842.3108,2699.9785,summer,day5
2025-08-31 08:10:00,1864.1748,2701.18,summer,day5
2025-08-31 08:15:00,1817.79,2716.397,summer,day5
2025-08-31 08:20:00,1829.7252,2729.648,summer,day5
2025-08-31 08:25:00,2058.3816,2749.3423,summer,day5
2025-08-31 08:30:00,2041.7628,2762.8918,summer,day5
2025-08-31 08:35:00,1887.4584,2775.2427,summer,day5
2025-08-31 08:40:00,1857.786,2787.6934,summer,day5
2025-08-31 08:45:00,1862.8728,2819.6377,summer,day5
2025-08-31 08:50:00,1895.7408,2839.146,summer,day5
2025-08-31 08:55:00,1874.7972,2896.7078,summer,day5
2025-08-31 09:00:00,2894.61,2960.246,summer,day5
2025-08-31 09:05:00,4606.033,2996.9011,summer,day5
2025-08-31 09:10:00,4738.561,2978.8594,summer,day5
2025-08-31 09:15:00,4384.8335,2958.1328,summer,day5
2025-08-31 09:20:00,2424.528,2952.9583,summer,day5
2025-08-31 09:25:00,2227.5625,2977.9827,summer,day5
2025-08-31 09:30:00,2263.337,2958.304,summer,day5
2025-08-31 09:35:00,2350.8503,2958.9312,summer,day5
2025-08-31 09:40:00,2626.5012,2935.4084,summer,day5
2025-08-31 09:45:00,1964.9772,2922.7432,summer,day5
2025-08-31 09:50:00,1971.7043,2921.322,summer,day5
2025-08-31 09:55:00,2005.4257,2926.335,summer,day5
2025-08-31 10:00:00,2067.1572,2931.215,summer,day5
2025-08-31 10:05:00,2244.852,2937.81,summer,day5
2025-08-31 10:10:00,3416.1023,2940.0383,summer,day5
2025-08-31 10:15:00,3862.4363,2939.1428,summer,day5
2025-08-31 10:20:00,3836.4937,2949.435,summer,day5
2025-08-31 10:25:00,3223.632,2961.904,summer,day5
2025-08-31 10:30:00,2984.226,2963.125,summer,day5
2025-08-31 10:35:00,2255.4673,2979.3467,summer,day5
2025-08-31 10:40:00,3035.508,2956.1711,summer,day5
2025-08-31 10:45:00,3573.0193,2964.5286,summer,day5
2025-08-31 10:50:00,3498.6191,2969.357,summer,day5
2025-08-31 10:55:00,2997.8003,2971.821,summer,day5
2025-08-31 11:00:00,2643.792,2974.058,summer,day5
2025-08-31 11:05:00,3442.1772,2976.422,summer,day5
2025-08-31 11:10:00,2188.5803,2974.8193,summer,day5
2025-08-31 11:15:00,2405.3496,2971.693,summer,day5
2025-08-31 11:20:00,2584.698,2982.965,summer,day5
2025-08-31 11:25:00,2462.01,2983.1255,summer,day5
2025-08-31 11:30:00,2161.662,2987.6375,summer,day5
2025-08-31 11:35:00,2140.29,2981.4053,summer,day5
2025-08-31 11:40:00,2179.4292,2980.6448,summer,day5
2025-08-31 11:45:00,2256.743,2970.5356,summer,day5
2025-08-31 11:50:00,2426.5632,2968.4844,summer,day5
2025-08-31 11:55:00,2053.9788,2958.569,summer,day5
2025-08-31 12:00:00,2084.1985,2954.165,summer,day5
2025-08-31 12:05:00,2074.7231,2941.8855,summer,day5
2025-08-31 12:10:00,2848.9849,2944.2275,summer,day5
2025-08-31 12:15:00,3339.7188,2936.021,summer,day5
2025-08-31 12:20:00,2250.983,2945.375,summer,day5
2025-08-31 12:25:00,2207.862,2952.3652,summer,day5
2025-08-31 12:30:00,2535.6792,2964.6938,summer,day5
2025-08-31 12:35:00,2224.3765,2965.574,summer,day5
2025-08-31 12:40:00,2402.472,2958.9692,summer,day5
2025-08-31 12:45:00,2056.6992,2962.4429,summer,day5
2025-08-31 12:50:00,1929.1284,2951.0547,summer,day5
2025-08-31 12:55:00,2071.3872,2942.9973,summer,day5
2025-08-31 13:00:00,2795.3723,2927.5388,summer,day5
2025-08-31 13:05:00,3846.1284,2923.0767,summer,day5
2025-08-31 13:10:00,5238.2124,2917.3098,summer,day5
2025-08-31 13:15:00,4509.7524,2934.3032,summer,day5
2025-08-31 13:20:00,4622.245,2931.0715,summer,day5
2025-08-31 13:25:00,4373.3184,2928.1829,summer,day5
2025-08-31 13:30:00,4350.6973,2924.206,summer,day5
2025-08-31 13:35:00,5883.78,2921.7039,summer,day5
2025-08-31 13:40:00,4219.4556,2919.8772,summer,day5
2025-08-31 13:45:00,4279.343,2920.2095,summer,day5
2025-08-31 13:50:00,4733.3726,2925.5916,summer,day5
2025-08-31 13:55:00,4474.859,2928.417,summer,day5
2025-08-31 14:00:00,4857.1777,2926.4692,summer,day5
2025-08-31 14:05:00,4142.4326,2921.311,summer,day5
2025-08-31 14:10:00,5776.699,2903.2896,summer,day5
2025-08-31 14:15:00,4289.492,2903.367,summer,day5
2025-08-31 14:20:00,4750.2925,2897.585,summer,day5
2025-08-31 14:25:00,4333.698,2899.3152,summer,day5
2025-08-31 14:30:00,4190.059,2900.1711,summer,day5
2025-08-31 14:35:00,5073.8843,2902.0522,summer,day5
2025-08-31 14:40:00,4693.2373,2897.2488,summer,day5
2025-08-31 14:45:00,5723.7505,2900.7522,summer,day5
2025-08-31 14:50:00,6133.338,2901.7588,summer,day5
2025-08-31 14:55:00,4434.3193,2897.6975,summer,day5
2025-08-31 15:00:00,4249.2935,2905.3655,summer,day5
2025-08-31 15:05:00,4138.8613,2906.7454,summer,day5
2025-08-31 15:10:00,5869.584,2909.7012,summer,day5
2025-08-31 15:15:00,4105.486,2915.1067,summer,day5
2025-08-31 15:20:00,4772.3135,2922.6633,summer,day5
2025-08-31 15:25:00,7226.844,2926.9434,summer,day5
2025-08-31 15:30:00,4697.1396,2933.591,summer,day5
2025-08-31 15:35:00,4431.941,2931.7107,summer,day5
2025-08-31 15:40:00,4453.84,2935.6445,summer,day5
2025-08-31 15:45:00,4339.2373,2944.3525,summer,day5
2025-08-31 15:50:00,4215.6875,2944.2227,summer,day5
2025-08-31 15:55:00,4487.05,2951.7783,summer,day5
2025-08-31 16:00:00,4655.004,2943.495,summer,day5
2025-08-31 16:05:00,6531.1426,2940.753,summer,day5
2025-08-31 16:10:00,5223.395,2941.9937,summer,day5
2025-08-31 16:15:00,5174.808,2943.1538,summer,day5
2025-08-31 16:20:00,5001.606,2941.4766,summer,day5
2025-08-31 16:25:00,8077.435,2941.977,summer,day5
2025-08-31 16:30:00,7781.759,2944.227,summer,day5
2025-08-31 16:35:00,6015.5845,2945.585,summer,day5
2025-08-31 16:40:00,5052.6924,2947.57,summer,day5
2025-08-31 16:45:00,4952.0977,2945.5796,summer,day5
2025-08-31 16:50:00,5160.82,2947.3833,summer,day5
2025-08-31 16:55:00,6077.4326,2944.3203,summer,day5
2025-08-31 17:00:00,8012.6353,2949.3909,summer,day5
2025-08-31 17:05:00,6954.955,2946.1401,summer,day5
2025-08-31 17:10:00,6484.3823,2945.8765,summer,day5
2025-08-31 17:15:00,6229.974,2943.5469,summer,day5
2025-08-31 17:20:00,6230.101,2942.1895,summer,day5
2025-08-31 17:25:00,6915.2246,2941.0566,summer,day5
2025-08-31 17:30:00,6302.778,2947.0913,summer,day5
2025-08-31 17:35:00,6173.4146,2942.4346,summer,day5
2025-08-31 17:40:00,6153.0215,2946.983,summer,day5
2025-08-31 17:45:00,6950.795,2950.456,summer,day5
2025-08-31 17:50:00,7280.1577,2953.9055,summer,day5
2025-08-31 17:55:00,6939.3755,2948.168,summer,day5
2025-08-31 18:00:00,6380.1323,2951.0356,summer,day5
2025-08-31 18:05:00,6515.6426,2948.5046,summer,day5
2025-08-31 18:10:00,4805.926,2948.8599,summer,day5
2025-08-31 18:15:00,4628.286,2949.9368,summer,day5
2025-08-31 18:20:00,4889.2944,2953.291,summer,day5
2025-08-31 18:25:00,4872.7705,2940.5728,summer,day5
2025-08-31 18:30:00,3872.9749,2940.732,summer,day5
2025-08-31 18:35:00,3762.5664,2937.8015,summer,day5
2025-08-31 18:40:00,3813.8604,2944.1294,summer,day5
2025-08-31 18:45:00,3833.7263,2940.0635,summer,day5
2025-08-31 18:50:00,3909.7285,2940.5764,summer,day5
2025-08-31 18:55:00,3944.4888,2937.646,summer,day5
2025-08-31 19:00:00,5147.4614,2933.8083,summer,day5
2025-08-31 19:05:00,4844.4624,2937.7927,summer,day5
2025-08-31 19:10:00,4242.972,2937.9778,summer,day5
2025-08-31 19:15:00,3783.0205,2936.159,summer,day5
2025-08-31 19:20:00,3764.4768,2931.3042,summer,day5
2025-08-31 19:25:00,3732.852,2936.567,summer,day5
2025-08-31 19:30:00,3727.3704,2932.019,summer,day5
2025-08-31 19:35:00,3835.848,2935.7434,summer,day5
2025-08-31 19:40:00,4004.9688,2936.4983,summer,day5
2025-08-31 19:45:00,3859.8516,2933.813,summer,day5
2025-08-31 19:50:00,4215.406,2933.2468,summer,day5
2025-08-31 19:55:00,4371.5674,2931.686,summer,day5
2025-08-31 20:00:00,4049.5752,2932.9375,summer,day5
2025-08-31 20:05:00,4192.674,2945.5986,summer,day5
2025-08-31 20:10:00,4126.7603,2939.545,summer,day5
2025-08-31 20:15:00,4924.6694,2937.3425,summer,day5
2025-08-31 20:20:00,4501.0967,2935.684,summer,day5
2025-08-31 20:25:00,4050.282,2932.2368,summer,day5
2025-08-31 20:30:00,3954.6611,2937.9565,summer,day5
2025-08-31 20:35:00,5177.9834,2935.0515,summer,day5
2025-08-31 20:40:00,6023.2246,2936.107,summer,day5
2025-08-31 20:45:00,4444.4688,2933.6848,summer,day5
2025-08-31 20:50:00,4218.8926,2931.9197,summer,day5
2025-08-31 20:55:00,5574.2134,2933.8843,summer,day5
2025-08-31 21:00:00,4219.7783,2933.189,summer,day5
2025-08-31 21:05:00,3663.756,2932.8164,summer,day5
2025-08-31 21:10:00,3199.6355,2926.899,summer,day5
2025-08-31 21:15:00,3130.2432,2931.0657,summer,day5
2025-08-31 21:20:00,3049.0476,2926.9575,summer,day5
2025-08-31 21:25:00,3273.9695,2926.47,summer,day5
2025-08-31 21:30:00,3364.703,2928.741,summer,day5
2025-08-31 21:35:00,3176.8271,2925.4763,summer,day5
2025-08-31 21:40:00,3206.7576,2924.5444,summer,day5
2025-08-31 21:45:00,3216.1848,2923.8057,summer,day5
2025-08-31 21:50:00,3184.5828,2924.0535,summer,day5
2025-08-31 21:55:00,3230.1228,2923.0757,summer,day5
2025-08-31 22:00:00,3364.3284,2925.5264,summer,day5
2025-08-31 22:05:00,3308.3315,2922.4849,summer,day5
2025-08-31 22:10:00,3490.901,2921.3867,summer,day5
2025-08-31 22:15:00,3602.454,2918.477,summer,day5
2025-08-31 22:20:00,3511.1316,2923.6309,summer,day5
2025-08-31 22:25:00,3519.972,2915.788,summer,day5
2025-08-31 22:30:00,3696.5627,2918.3936,summer,day5
2025-08-31 22:35:00,3609.7224,2917.334,summer,day5
2025-08-31 22:40:00,3199.338,2915.635,summer,day5
2025-08-31 22:45:00,2989.5996,2914.7014,summer,day5
2025-08-31 22:50:00,3265.2073,2916.948,summer,day5
2025-08-31 22:55:00,3382.1028,2912.156,summer,day5
2025-08-31 23:00:00,3412.0393,2914.3037,summer,day5
2025-08-31 23:05:00,3385.3645,2914.3772,summer,day5
2025-08-31 23:10:00,3303.9275,2916.9968,summer,day5
2025-08-31 23:15:00,3277.4028,2914.5364,summer,day5
2025-08-31 23:20:00,3480.042,2911.661,summer,day5
2025-08-31 23:25:00,3273.5627,2909.542,summer,day5
2025-08-31 23:30:00,3248.9136,2907.0098,summer,day5
2025-08-31 23:35:00,3623.5369,2908.197,summer,day5
2025-08-31 23:40:00,3674.1804,2910.371,summer,day5
2025-08-31 23:45:00,3651.9275,2906.8525,summer,day5
2025-08-31 23:50:00,3458.1587,2907.5505,summer,day5
2025-08-31 23:55:00,3396.2532,2905.5083,summer,day5
