timestamp,actual,prediction,season,day,n_selected_features
2025-01-31 00:00:00,2419.7136,2453.1562,winter,day1,30
2025-01-31 00:05:00,2421.2076,2448.4248,winter,day1,30
2025-01-31 00:10:00,2406.2376,2450.1494,winter,day1,30
2025-01-31 00:15:00,2448.138,2447.0017,winter,day1,30
2025-01-31 00:20:00,2446.1592,2435.911,winter,day1,30
2025-01-31 00:25:00,2429.3184,2452.2783,winter,day1,30
2025-01-31 00:30:00,2415.4271999999996,2454.874,winter,day1,30
2025-01-31 00:35:00,2436.0756,2446.7117,winter,day1,30
2025-01-31 00:40:00,2442.5879999999997,2447.0369,winter,day1,30
2025-01-31 00:45:00,2489.8392,2460.058,winter,day1,30
2025-01-31 00:50:00,2574.8892000000005,2459.4539,winter,day1,30
2025-01-31 00:55:00,2494.1771999999996,2466.0928,winter,day1,30
2025-01-31 01:00:00,2460.7032,2468.362,winter,day1,30
2025-01-31 01:05:00,2478.7308000000003,2477.636,winter,day1,30
2025-01-31 01:10:00,2655.1824,2469.5513,winter,day1,30
2025-01-31 01:15:00,2623.8792000000003,2481.3198,winter,day1,30
2025-01-31 01:20:00,2643.6804,2510.4539,winter,day1,30
2025-01-31 01:25:00,2677.7496,2529.3118,winter,day1,30
2025-01-31 01:30:00,2612.2164000000002,2559.5098,winter,day1,30
2025-01-31 01:35:00,2576.718,2573.9858,winter,day1,30
2025-01-31 01:40:00,2567.16,2568.3042,winter,day1,30
2025-01-31 01:45:00,2857.2072,2597.2524,winter,day1,30
2025-01-31 01:50:00,3233.2403999999997,2631.7837,winter,day1,30
2025-01-31 01:55:00,2634.7596,2625.7998,winter,day1,30
2025-01-31 02:00:00,3291.1416,2642.9487,winter,day1,30
2025-01-31 02:05:00,2764.3464,2670.6072,winter,day1,30
2025-01-31 02:10:00,3136.0596,2671.4346,winter,day1,30
2025-01-31 02:15:00,3107.1648,2697.5735,winter,day1,30
2025-01-31 02:20:00,2950.0908,2709.517,winter,day1,30
2025-01-31 02:25:00,3388.2504,2702.531,winter,day1,30
2025-01-31 02:30:00,2792.6447999999996,2701.934,winter,day1,30
2025-01-31 02:35:00,3416.9544,2697.0276,winter,day1,30
2025-01-31 02:40:00,3290.1672,2751.4248,winter,day1,30
2025-01-31 02:45:00,3310.4148,2761.6345,winter,day1,30
2025-01-31 02:50:00,3021.81,2756.4087,winter,day1,30
2025-01-31 02:55:00,3089.8908,2764.3396,winter,day1,30
2025-01-31 03:00:00,3474.132,2769.9253,winter,day1,30
2025-01-31 03:05:00,3120.5652,2774.4873,winter,day1,30
2025-01-31 03:10:00,2604.7464,2752.4497,winter,day1,30
2025-01-31 03:15:00,3252.3288000000002,2717.6777,winter,day1,30
2025-01-31 03:20:00,3162.252,2678.3948,winter,day1,30
2025-01-31 03:25:00,2431.2168,2611.7942,winter,day1,30
2025-01-31 03:30:00,2432.5091999999995,2563.4019,winter,day1,30
2025-01-31 03:35:00,2455.344,2555.5388,winter,day1,30
2025-01-31 03:40:00,2557.572,2560.088,winter,day1,30
2025-01-31 03:45:00,2469.3948,2554.9756,winter,day1,30
2025-01-31 03:50:00,2462.4528,2535.9365,winter,day1,30
2025-01-31 03:55:00,2547.384,2538.2764,winter,day1,30
2025-01-31 04:00:00,2612.8884,2553.608,winter,day1,30
2025-01-31 04:05:00,2651.478,2547.0425,winter,day1,30
2025-01-31 04:10:00,2652.9564,2545.7144,winter,day1,30
2025-01-31 04:15:00,2611.4268,2540.209,winter,day1,30
2025-01-31 04:20:00,2538.81,2523.4253,winter,day1,30
2025-01-31 04:25:00,2501.904,2538.7976,winter,day1,30
2025-01-31 04:30:00,2600.8464,2542.1611,winter,day1,30
2025-01-31 04:35:00,2704.0416,2532.38,winter,day1,30
2025-01-31 04:40:00,2662.4568,2531.677,winter,day1,30
2025-01-31 04:45:00,2502.9612,2552.183,winter,day1,30
2025-01-31 04:50:00,2486.8968,2542.821,winter,day1,30
2025-01-31 04:55:00,2481.2088,2549.843,winter,day1,30
2025-01-31 05:00:00,2460.0216,2549.7856,winter,day1,30
2025-01-31 05:05:00,2467.8156,2552.1455,winter,day1,30
2025-01-31 05:10:00,2625.0348,2541.6953,winter,day1,30
2025-01-31 05:15:00,2701.698,2554.8855,winter,day1,30
2025-01-31 05:20:00,2665.6584,2554.7505,winter,day1,30
2025-01-31 05:25:00,2646.3732,2548.4512,winter,day1,30
2025-01-31 05:30:00,2630.1696,2546.5913,winter,day1,30
2025-01-31 05:35:00,2554.8923999999997,2535.0117,winter,day1,30
2025-01-31 05:40:00,2540.9676,2513.3643,winter,day1,30
2025-01-31 05:45:00,2553.3516,2522.1958,winter,day1,30
2025-01-31 05:50:00,2523.4356,2525.1626,winter,day1,30
2025-01-31 05:55:00,2493.5436,2508.0354,winter,day1,30
2025-01-31 06:00:00,2469.4991999999997,2496.287,winter,day1,30
2025-01-31 06:05:00,2479.0164,2524.8447,winter,day1,30
2025-01-31 06:10:00,2474.82,2506.3247,winter,day1,30
2025-01-31 06:15:00,2475.942,2518.6807,winter,day1,30
2025-01-31 06:20:00,2560.44,2525.686,winter,day1,30
2025-01-31 06:25:00,2689.5407999999998,2534.9304,winter,day1,30
2025-01-31 06:30:00,2691.576,2530.4756,winter,day1,30
2025-01-31 06:35:00,2586.3576000000003,2553.321,winter,day1,30
2025-01-31 06:40:00,2574.9108,2604.3594,winter,day1,30
2025-01-31 06:45:00,2593.9031999999997,2602.6677,winter,day1,30
2025-01-31 06:50:00,2597.6484,2603.8416,winter,day1,30
2025-01-31 06:55:00,2657.052,2599.416,winter,day1,30
2025-01-31 07:00:00,2503.29,2605.9443,winter,day1,30
2025-01-31 07:05:00,2399.8536,2715.1191,winter,day1,30
2025-01-31 07:10:00,2796.7475999999997,2833.1926,winter,day1,30
2025-01-31 07:15:00,3094.368,2998.829,winter,day1,30
2025-01-31 07:20:00,1062.0948,3069.042,winter,day1,30
2025-01-31 07:25:00,0.0,3371.6118,winter,day1,30
2025-01-31 07:30:00,329.8464,3847.267,winter,day1,30
2025-01-31 07:35:00,4469.830800000001,5354.548,winter,day1,30
2025-01-31 07:40:00,3195.8712,6458.578,winter,day1,30
2025-01-31 07:45:00,3173.7912,6418.94,winter,day1,30
2025-01-31 07:50:00,3154.2168,6030.3945,winter,day1,30
2025-01-31 07:55:00,3164.3784,5975.428,winter,day1,30
2025-01-31 08:00:00,3110.9256,5812.1963,winter,day1,30
2025-01-31 08:05:00,3053.4204,5704.079,winter,day1,30
2025-01-31 08:10:00,2941.5024000000003,5584.8184,winter,day1,30
2025-01-31 08:15:00,2826.8436,5400.0225,winter,day1,30
2025-01-31 08:20:00,2778.8831999999998,5187.0967,winter,day1,30
2025-01-31 08:25:00,2879.9292,5069.8926,winter,day1,30
2025-01-31 08:30:00,2893.1904,4996.3833,winter,day1,30
2025-01-31 08:35:00,2838.2712,4930.1343,winter,day1,30
2025-01-31 08:40:00,2864.5692,4884.584,winter,day1,30
2025-01-31 08:45:00,3146.5944,4845.397,winter,day1,30
2025-01-31 08:50:00,3818.0771999999997,4813.902,winter,day1,30
2025-01-31 08:55:00,2896.1760000000004,4720.175,winter,day1,30
2025-01-31 09:00:00,3146.4948,4694.5854,winter,day1,30
2025-01-31 09:05:00,3097.1639999999998,4630.021,winter,day1,30
2025-01-31 09:10:00,2852.1804,4574.0015,winter,day1,30
2025-01-31 09:15:00,2902.47,4521.4478,winter,day1,30
2025-01-31 09:20:00,2858.8464,4368.411,winter,day1,30
2025-01-31 09:25:00,2969.58,4402.157,winter,day1,30
2025-01-31 09:30:00,3069.2843999999996,4497.658,winter,day1,30
2025-01-31 09:35:00,2776.5600000000004,4605.191,winter,day1,30
2025-01-31 09:40:00,2763.0828,4743.54,winter,day1,30
2025-01-31 09:45:00,2781.0827999999997,4852.4204,winter,day1,30
2025-01-31 09:50:00,2815.8372000000004,4886.6943,winter,day1,30
2025-01-31 09:55:00,2843.6519999999996,4939.637,winter,day1,30
2025-01-31 10:00:00,3068.1444,4994.626,winter,day1,30
2025-01-31 10:05:00,3093.9936000000002,5010.3657,winter,day1,30
2025-01-31 10:10:00,2814.2316,5035.995,winter,day1,30
2025-01-31 10:15:00,2781.3828,5020.8125,winter,day1,30
2025-01-31 10:20:00,2811.6984,4941.951,winter,day1,30
2025-01-31 10:25:00,2800.0080000000003,4825.657,winter,day1,30
2025-01-31 10:30:00,2792.0843999999997,4823.772,winter,day1,30
2025-01-31 10:35:00,2786.0892,4778.4297,winter,day1,30
2025-01-31 10:40:00,3025.9536,4581.4565,winter,day1,30
2025-01-31 10:45:00,3129.0924,4552.2285,winter,day1,30
2025-01-31 10:50:00,11905.8276,4523.984,winter,day1,30
2025-01-31 10:55:00,7211.2044,4524.0146,winter,day1,30
2025-01-31 11:00:00,5106.3192,4549.5444,winter,day1,30
2025-01-31 11:05:00,5155.3848,4536.8037,winter,day1,30
2025-01-31 11:10:00,4274.8716,4487.1753,winter,day1,30
2025-01-31 11:15:00,2854.3284,4430.9863,winter,day1,30
2025-01-31 11:20:00,2956.7388,4404.8926,winter,day1,30
2025-01-31 11:25:00,3654.8784,4339.2524,winter,day1,30
2025-01-31 11:30:00,2839.4579999999996,4288.2456,winter,day1,30
2025-01-31 11:35:00,2797.7952,4225.1,winter,day1,30
2025-01-31 11:40:00,2320.0860000000002,4218.8457,winter,day1,30
2025-01-31 11:45:00,3245.9795999999997,4168.782,winter,day1,30
2025-01-31 11:50:00,1997.8655999999999,4112.32,winter,day1,30
2025-01-31 11:55:00,1985.4227999999998,4065.637,winter,day1,30
2025-01-31 12:00:00,2112.2736,4071.692,winter,day1,30
2025-01-31 12:05:00,2531.1336,4062.6436,winter,day1,30
2025-01-31 12:10:00,2235.1668,4039.3381,winter,day1,30
2025-01-31 12:15:00,2350.9752,3989.7332,winter,day1,30
2025-01-31 12:20:00,2110.1243999999997,3965.3276,winter,day1,30
2025-01-31 12:25:00,2110.1736,3952.2852,winter,day1,30
2025-01-31 12:30:00,2318.832,3936.9705,winter,day1,30
2025-01-31 12:35:00,2952.972,3927.4148,winter,day1,30
2025-01-31 12:40:00,2047.9656,3914.6223,winter,day1,30
2025-01-31 12:45:00,2041.5672,3910.9697,winter,day1,30
2025-01-31 12:50:00,2436.7619999999997,3912.6758,winter,day1,30
2025-01-31 12:55:00,2047.6128,3879.2683,winter,day1,30
2025-01-31 13:00:00,2608.8540000000003,3862.996,winter,day1,30
2025-01-31 13:05:00,3095.1996,3842.2834,winter,day1,30
2025-01-31 13:10:00,2278.9164,3826.1558,winter,day1,30
2025-01-31 13:15:00,2230.1351999999997,3791.9177,winter,day1,30
2025-01-31 13:20:00,3371.2248,3809.3716,winter,day1,30
2025-01-31 13:25:00,2222.0628,3800.7397,winter,day1,30
2025-01-31 13:30:00,3055.6488,3789.3833,winter,day1,30
2025-01-31 13:35:00,2325.1392,3783.042,winter,day1,30
2025-01-31 13:40:00,2361.2112,3765.8252,winter,day1,30
2025-01-31 13:45:00,2338.8456,3775.0044,winter,day1,30
2025-01-31 13:50:00,2381.0556,3768.6055,winter,day1,30
2025-01-31 13:55:00,2489.7996,3768.2805,winter,day1,30
2025-01-31 14:00:00,2614.1279999999997,3739.8457,winter,day1,30
2025-01-31 14:05:00,4218.2844,3721.8647,winter,day1,30
2025-01-31 14:10:00,3829.068,3727.3096,winter,day1,30
2025-01-31 14:15:00,2993.958,3745.588,winter,day1,30
2025-01-31 14:20:00,2935.1256000000003,3745.829,winter,day1,30
2025-01-31 14:25:00,3198.9996,3762.8687,winter,day1,30
2025-01-31 14:30:00,3069.672,3762.8667,winter,day1,30
2025-01-31 14:35:00,3663.1524000000004,3768.4087,winter,day1,30
2025-01-31 14:40:00,3035.2788,3812.8547,winter,day1,30
2025-01-31 14:45:00,2981.6124,3816.1223,winter,day1,30
2025-01-31 14:50:00,3319.7892,3849.1536,winter,day1,30
2025-01-31 14:55:00,4121.4744,3895.2563,winter,day1,30
2025-01-31 15:00:00,3289.0932000000003,3965.3833,winter,day1,30
2025-01-31 15:05:00,3411.0696,4007.5671,winter,day1,30
2025-01-31 15:10:00,3320.6339999999996,4083.1348,winter,day1,30
2025-01-31 15:15:00,3538.6992,4174.5,winter,day1,30
2025-01-31 15:20:00,3681.6839999999997,4242.4336,winter,day1,30
2025-01-31 15:25:00,3798.6876,4336.209,winter,day1,30
2025-01-31 15:30:00,6839.639999999999,4498.166,winter,day1,30
2025-01-31 15:35:00,5204.9928,4690.581,winter,day1,30
2025-01-31 15:40:00,4172.244000000001,4952.995,winter,day1,30
2025-01-31 15:45:00,3777.9048000000003,5153.4297,winter,day1,30
2025-01-31 15:50:00,3975.4968,5234.8325,winter,day1,30
2025-01-31 15:55:00,3809.7635999999998,5359.94,winter,day1,30
2025-01-31 16:00:00,4072.4808000000003,5675.4014,winter,day1,30
2025-01-31 16:05:00,5101.509599999999,5694.501,winter,day1,30
2025-01-31 16:10:00,5849.4348,5741.9697,winter,day1,30
2025-01-31 16:15:00,4265.634,5715.3193,winter,day1,30
2025-01-31 16:20:00,6059.244000000001,5697.806,winter,day1,30
2025-01-31 16:25:00,6108.861599999999,5706.502,winter,day1,30
2025-01-31 16:30:00,3822.9264000000003,5705.0625,winter,day1,30
2025-01-31 16:35:00,4368.2699999999995,5724.2495,winter,day1,30
2025-01-31 16:40:00,5444.748,5754.346,winter,day1,30
2025-01-31 16:45:00,5331.2519999999995,5788.6704,winter,day1,30
2025-01-31 16:50:00,4275.2411999999995,5801.237,winter,day1,30
2025-01-31 16:55:00,4357.412399999999,5827.0703,winter,day1,30
2025-01-31 17:00:00,4463.323200000001,5814.0654,winter,day1,30
2025-01-31 17:05:00,4956.6804,5800.0205,winter,day1,30
2025-01-31 17:10:00,7434.4644,5759.506,winter,day1,30
2025-01-31 17:15:00,5788.616400000001,5743.584,winter,day1,30
2025-01-31 17:20:00,4697.286,5748.987,winter,day1,30
2025-01-31 17:25:00,4403.4888,5724.937,winter,day1,30
2025-01-31 17:30:00,4285.9548,5842.8555,winter,day1,30
2025-01-31 17:35:00,5213.6352,5878.118,winter,day1,30
2025-01-31 17:40:00,6172.1292,5925.8276,winter,day1,30
2025-01-31 17:45:00,4718.4672,5997.899,winter,day1,30
2025-01-31 17:50:00,5186.240400000001,6038.685,winter,day1,30
2025-01-31 17:55:00,4587.0491999999995,5998.6045,winter,day1,30
2025-01-31 18:00:00,5823.6876,6270.6543,winter,day1,30
2025-01-31 18:05:00,8507.269199999999,8527.861,winter,day1,30
2025-01-31 18:10:00,11902.4772,10420.769,winter,day1,30
2025-01-31 18:15:00,11655.633600000001,10483.422,winter,day1,30
2025-01-31 18:20:00,5160.3396,6189.65,winter,day1,30
2025-01-31 18:25:00,3717.7248,5489.9,winter,day1,30
2025-01-31 18:30:00,5269.1724,5315.204,winter,day1,30
2025-01-31 18:35:00,4856.976000000001,5219.3604,winter,day1,30
2025-01-31 18:40:00,4008.9468,5013.604,winter,day1,30
2025-01-31 18:45:00,4800.2136,4975.1743,winter,day1,30
2025-01-31 18:50:00,3721.53,4927.409,winter,day1,30
2025-01-31 18:55:00,3683.9592,4881.8867,winter,day1,30
2025-01-31 19:00:00,3895.4376,4875.8833,winter,day1,30
2025-01-31 19:05:00,3802.4256,4840.1553,winter,day1,30
2025-01-31 19:10:00,3494.0424,4729.985,winter,day1,30
2025-01-31 19:15:00,3520.9271999999996,4636.4116,winter,day1,30
2025-01-31 19:20:00,3634.2239999999997,4543.8735,winter,day1,30
2025-01-31 19:25:00,3646.3836,4387.891,winter,day1,30
2025-01-31 19:30:00,3716.0195999999996,4245.2466,winter,day1,30
2025-01-31 19:35:00,3563.6051999999995,4146.2095,winter,day1,30
2025-01-31 19:40:00,3467.5968000000003,4098.254,winter,day1,30
2025-01-31 19:45:00,3381.3479999999995,4062.72,winter,day1,30
2025-01-31 19:50:00,3352.4472,3997.7122,winter,day1,30
2025-01-31 19:55:00,3341.6771999999996,3929.6191,winter,day1,30
2025-01-31 20:00:00,3418.7784,3712.9382,winter,day1,30
2025-01-31 20:05:00,3528.0816,3635.1443,winter,day1,30
2025-01-31 20:10:00,3441.972,3566.646,winter,day1,30
2025-01-31 20:15:00,3466.8540000000003,3481.226,winter,day1,30
2025-01-31 20:20:00,3511.7148,3391.617,winter,day1,30
2025-01-31 20:25:00,3541.2408000000005,3341.4739,winter,day1,30
2025-01-31 20:30:00,3458.8896,3302.3623,winter,day1,30
2025-01-31 20:35:00,3527.4875999999995,3276.181,winter,day1,30
2025-01-31 20:40:00,3652.4676,3239.6284,winter,day1,30
2025-01-31 20:45:00,3501.528,3202.769,winter,day1,30
2025-01-31 20:50:00,3391.0944000000004,3155.0881,winter,day1,30
2025-01-31 20:55:00,3383.6675999999998,3118.32,winter,day1,30
2025-01-31 21:00:00,3351.6288,3089.0208,winter,day1,30
2025-01-31 21:05:00,3343.6224,3056.6533,winter,day1,30
2025-01-31 21:10:00,3418.3812000000007,3020.892,winter,day1,30
2025-01-31 21:15:00,3300.8892,3015.461,winter,day1,30
2025-01-31 21:20:00,3487.3992,2951.7407,winter,day1,30
2025-01-31 21:25:00,3316.2119999999995,2939.8228,winter,day1,30
2025-01-31 21:30:00,2800.2096,2925.4526,winter,day1,30
2025-01-31 21:35:00,2635.6800000000003,2927.8599,winter,day1,30
2025-01-31 21:40:00,2649.3432000000003,2871.0818,winter,day1,30
2025-01-31 21:45:00,2659.1639999999998,2842.723,winter,day1,30
2025-01-31 21:50:00,2892.5184,2809.4478,winter,day1,30
2025-01-31 21:55:00,2654.2968,2723.7651,winter,day1,30
2025-01-31 22:00:00,2338.524,2613.8994,winter,day1,30
2025-01-31 22:05:00,2304.9372,2582.235,winter,day1,30
2025-01-31 22:10:00,2355.42,2549.1458,winter,day1,30
2025-01-31 22:15:00,2420.1408,2556.5393,winter,day1,30
2025-01-31 22:20:00,2454.942,2546.6694,winter,day1,30
2025-01-31 22:25:00,2469.5027999999998,2539.0005,winter,day1,30
2025-01-31 22:30:00,2496.9192,2530.7192,winter,day1,30
2025-01-31 22:35:00,2502.054,2526.4172,winter,day1,30
2025-01-31 22:40:00,2451.114,2474.0354,winter,day1,30
2025-01-31 22:45:00,2420.7167999999997,2469.5876,winter,day1,30
2025-01-31 22:50:00,2386.6548,2476.1396,winter,day1,30
2025-01-31 22:55:00,2656.3896,2483.5396,winter,day1,30
2025-01-31 23:00:00,2482.7052,2460.44,winter,day1,30
2025-01-31 23:05:00,2367.366,2476.6167,winter,day1,30
2025-01-31 23:10:00,2323.6728,2487.0486,winter,day1,30
2025-01-31 23:15:00,2325.3540000000003,2475.7856,winter,day1,30
2025-01-31 23:20:00,2334.3468000000003,2473.4736,winter,day1,30
2025-01-31 23:25:00,2387.064,2499.9985,winter,day1,30
2025-01-31 23:30:00,2426.784,2487.3853,winter,day1,30
2025-01-31 23:35:00,2455.0416,2494.495,winter,day1,30
2025-01-31 23:40:00,2426.13,2495.3384,winter,day1,30
2025-01-31 23:45:00,2358.9696,2496.3926,winter,day1,30
2025-01-31 23:50:00,2372.2799999999997,2481.3455,winter,day1,30
2025-01-31 23:55:00,2386.9379999999996,2489.2278,winter,day1,30
2025-02-15 00:00:00,2488.5384,2612.4038,winter,day2,28
2025-02-15 00:05:00,2497.0703999999996,2628.064,winter,day2,28
2025-02-15 00:10:00,2762.6688,2644.148,winter,day2,28
2025-02-15 00:15:00,2761.0692,2637.882,winter,day2,28
2025-02-15 00:20:00,2593.7484,2613.332,winter,day2,28
2025-02-15 00:25:00,2635.5971999999997,2611.6108,winter,day2,28
2025-02-15 00:30:00,2626.2876,2602.0854,winter,day2,28
2025-02-15 00:35:00,2579.4564,2583.955,winter,day2,28
2025-02-15 00:40:00,2572.9091999999996,2568.5522,winter,day2,28
2025-02-15 00:45:00,2528.3172,2591.3135,winter,day2,28
2025-02-15 00:50:00,2526.468,2573.9111,winter,day2,28
2025-02-15 00:55:00,2652.132,2585.2617,winter,day2,28
2025-02-15 01:00:00,2831.778,2597.6797,winter,day2,28
2025-02-15 01:05:00,2576.6052,2615.33,winter,day2,28
2025-02-15 01:10:00,2568.846,2623.9153,winter,day2,28
2025-02-15 01:15:00,2563.6367999999998,2651.234,winter,day2,28
2025-02-15 01:20:00,2620.032,2663.2437,winter,day2,28
2025-02-15 01:25:00,2629.7076,2672.8723,winter,day2,28
2025-02-15 01:30:00,2632.2468,2701.7124,winter,day2,28
2025-02-15 01:35:00,2596.05,2725.2751,winter,day2,28
2025-02-15 01:40:00,2657.7996,2729.829,winter,day2,28
2025-02-15 01:45:00,2699.7708,2762.7168,winter,day2,28
2025-02-15 01:50:00,3088.3104,2806.1682,winter,day2,28
2025-02-15 01:55:00,2952.6648,2851.6338,winter,day2,28
2025-02-15 02:00:00,3365.6771999999996,2893.3892,winter,day2,28
2025-02-15 02:05:00,2748.9912,2934.7498,winter,day2,28
2025-02-15 02:10:00,3425.2812,2994.3853,winter,day2,28
2025-02-15 02:15:00,3386.4096,3047.3472,winter,day2,28
2025-02-15 02:20:00,2955.0828,3080.0522,winter,day2,28
2025-02-15 02:25:00,3455.4984000000004,3135.3062,winter,day2,28
2025-02-15 02:30:00,3340.5888,3179.0703,winter,day2,28
2025-02-15 02:35:00,3299.0520000000006,3198.5603,winter,day2,28
2025-02-15 02:40:00,3295.6968,3228.1562,winter,day2,28
2025-02-15 02:45:00,3496.2048000000004,3280.3525,winter,day2,28
2025-02-15 02:50:00,3678.81,3315.4526,winter,day2,28
2025-02-15 02:55:00,3431.8212,3336.838,winter,day2,28
2025-02-15 03:00:00,2997.8568,3291.0906,winter,day2,28
2025-02-15 03:05:00,3494.8248,3295.9712,winter,day2,28
2025-02-15 03:10:00,3501.9,3317.0447,winter,day2,28
2025-02-15 03:15:00,3167.2776,3313.2805,winter,day2,28
2025-02-15 03:20:00,3507.2136,3268.1692,winter,day2,28
2025-02-15 03:25:00,3349.2144,3252.8672,winter,day2,28
2025-02-15 03:30:00,3250.1916,3263.6494,winter,day2,28
2025-02-15 03:35:00,3390.924,3290.6418,winter,day2,28
2025-02-15 03:40:00,2922.5028,3038.4316,winter,day2,28
2025-02-15 03:45:00,2559.2904000000003,2721.1948,winter,day2,28
2025-02-15 03:50:00,2797.6764,2725.2915,winter,day2,28
2025-02-15 03:55:00,2562.6192,2727.6426,winter,day2,28
2025-02-15 04:00:00,2540.7732,2688.9055,winter,day2,28
2025-02-15 04:05:00,2542.0536,2684.7534,winter,day2,28
2025-02-15 04:10:00,2665.9128,2683.0688,winter,day2,28
2025-02-15 04:15:00,2718.2088,2671.5366,winter,day2,28
2025-02-15 04:20:00,2717.5116,2654.3018,winter,day2,28
2025-02-15 04:25:00,2653.6296,2658.2412,winter,day2,28
2025-02-15 04:30:00,2697.8544,2657.607,winter,day2,28
2025-02-15 04:35:00,2711.3399999999997,2646.8638,winter,day2,28
2025-02-15 04:40:00,2700.6528,2645.847,winter,day2,28
2025-02-15 04:45:00,2799.0384000000004,2673.1155,winter,day2,28
2025-02-15 04:50:00,2976.3599999999997,2659.6763,winter,day2,28
2025-02-15 04:55:00,2617.7652000000003,2676.5884,winter,day2,28
2025-02-15 05:00:00,2624.0424,2687.161,winter,day2,28
2025-02-15 05:05:00,2733.1187999999997,2702.1355,winter,day2,28
2025-02-15 05:10:00,2724.3563999999997,2708.1318,winter,day2,28
2025-02-15 05:15:00,2746.314,2728.9736,winter,day2,28
2025-02-15 05:20:00,2761.5456,2717.5698,winter,day2,28
2025-02-15 05:25:00,2770.9211999999998,2719.3699,winter,day2,28
2025-02-15 05:30:00,2778.6492,2721.4714,winter,day2,28
2025-02-15 05:35:00,2719.5144,2712.499,winter,day2,28
2025-02-15 05:40:00,2715.99,2689.4868,winter,day2,28
2025-02-15 05:45:00,2973.078,2685.4368,winter,day2,28
2025-02-15 05:50:00,2825.2788,2683.5618,winter,day2,28
2025-02-15 05:55:00,2689.6044,2661.028,winter,day2,28
2025-02-15 06:00:00,2615.4156000000003,2649.8525,winter,day2,28
2025-02-15 06:05:00,2624.5080000000003,2666.3005,winter,day2,28
2025-02-15 06:10:00,2611.782,2645.4287,winter,day2,28
2025-02-15 06:15:00,2592.9468,2652.2039,winter,day2,28
2025-02-15 06:20:00,2628.9048000000003,2655.7607,winter,day2,28
2025-02-15 06:25:00,2613.1932,2656.503,winter,day2,28
2025-02-15 06:30:00,2612.5775999999996,2652.915,winter,day2,28
2025-02-15 06:35:00,2545.6056,2665.0225,winter,day2,28
2025-02-15 06:40:00,2487.6396,2735.853,winter,day2,28
2025-02-15 06:45:00,2432.4816,2748.5688,winter,day2,28
2025-02-15 06:50:00,2675.988,2723.8394,winter,day2,28
2025-02-15 06:55:00,2424.3216,2713.1157,winter,day2,28
2025-02-15 07:00:00,2442.4272,2731.3208,winter,day2,28
2025-02-15 07:05:00,2382.3648000000003,2814.3228,winter,day2,28
2025-02-15 07:10:00,2677.4316,2855.0537,winter,day2,28
2025-02-15 07:15:00,3024.7824,3078.8057,winter,day2,28
2025-02-15 07:20:00,3020.04,3201.2126,winter,day2,28
2025-02-15 07:25:00,3081.3347999999996,3314.95,winter,day2,28
2025-02-15 07:30:00,4056.6732,3481.3452,winter,day2,28
2025-02-15 07:35:00,11292.3996,4186.003,winter,day2,28
2025-02-15 07:40:00,11048.544,7851.8286,winter,day2,28
2025-02-15 07:45:00,5957.1264,8173.8467,winter,day2,28
2025-02-15 07:50:00,4076.0915999999997,6457.8574,winter,day2,28
2025-02-15 07:55:00,3772.0080000000003,4844.9243,winter,day2,28
2025-02-15 08:00:00,3840.4620000000004,5038.502,winter,day2,28
2025-02-15 08:05:00,5717.4936,5089.016,winter,day2,28
2025-02-15 08:10:00,7114.7555999999995,5095.1426,winter,day2,28
2025-02-15 08:15:00,6988.9128,5002.721,winter,day2,28
2025-02-15 08:20:00,6578.6772,4967.9224,winter,day2,28
2025-02-15 08:25:00,4691.0856,4957.868,winter,day2,28
2025-02-15 08:30:00,4353.1416,4966.53,winter,day2,28
2025-02-15 08:35:00,4543.8528,5005.139,winter,day2,28
2025-02-15 08:40:00,4814.4108,5047.386,winter,day2,28
2025-02-15 08:45:00,4399.854,5057.9683,winter,day2,28
2025-02-15 08:50:00,4330.0428,5053.7446,winter,day2,28
2025-02-15 08:55:00,5953.8024,5063.3267,winter,day2,28
2025-02-15 09:00:00,5415.3864,5055.63,winter,day2,28
2025-02-15 09:05:00,5265.3576,5081.602,winter,day2,28
2025-02-15 09:10:00,4289.6376,5091.7607,winter,day2,28
2025-02-15 09:15:00,4193.6844,5111.857,winter,day2,28
2025-02-15 09:20:00,4645.1424,5218.164,winter,day2,28
2025-02-15 09:25:00,4191.9552,5220.373,winter,day2,28
2025-02-15 09:30:00,4246.309200000001,5292.105,winter,day2,28
2025-02-15 09:35:00,4949.8524,5339.2725,winter,day2,28
2025-02-15 09:40:00,4334.73,5373.507,winter,day2,28
2025-02-15 09:45:00,4737.3204,5382.286,winter,day2,28
2025-02-15 09:50:00,5548.7832,5393.813,winter,day2,28
2025-02-15 09:55:00,5322.1932,5418.717,winter,day2,28
2025-02-15 10:00:00,4632.3588,5468.686,winter,day2,28
2025-02-15 10:05:00,5411.0076,5495.7896,winter,day2,28
2025-02-15 10:10:00,6348.6888,5539.6763,winter,day2,28
2025-02-15 10:15:00,5285.1144,5518.415,winter,day2,28
2025-02-15 10:20:00,4419.2328,5498.979,winter,day2,28
2025-02-15 10:25:00,4396.9956,5495.4927,winter,day2,28
2025-02-15 10:30:00,4392.759599999999,5497.6514,winter,day2,28
2025-02-15 10:35:00,6185.994000000001,5498.6294,winter,day2,28
2025-02-15 10:40:00,5201.3652,5400.552,winter,day2,28
2025-02-15 10:45:00,4983.3252,5421.7373,winter,day2,28
2025-02-15 10:50:00,6062.6004,5415.4346,winter,day2,28
2025-02-15 10:55:00,4482.6528,5416.661,winter,day2,28
2025-02-15 11:00:00,4369.5996,5404.4214,winter,day2,28
2025-02-15 11:05:00,4604.948399999999,5384.407,winter,day2,28
2025-02-15 11:10:00,4555.5,5376.7197,winter,day2,28
2025-02-15 11:15:00,5872.7052,5341.2856,winter,day2,28
2025-02-15 11:20:00,4895.9856,5314.014,winter,day2,28
2025-02-15 11:25:00,6677.3724,5294.5913,winter,day2,28
2025-02-15 11:30:00,5196.2928,5271.46,winter,day2,28
2025-02-15 11:35:00,4449.2304,5228.585,winter,day2,28
2025-02-15 11:40:00,4519.8348,5183.893,winter,day2,28
2025-02-15 11:45:00,4362.051600000001,5144.2466,winter,day2,28
2025-02-15 11:50:00,5688.996,5091.7383,winter,day2,28
2025-02-15 11:55:00,6641.567999999999,5052.36,winter,day2,28
2025-02-15 12:00:00,4780.4544000000005,5000.2466,winter,day2,28
2025-02-15 12:05:00,4838.2955999999995,5035.6523,winter,day2,28
2025-02-15 12:10:00,6261.8604,5014.058,winter,day2,28
2025-02-15 12:15:00,4966.3068,4972.6406,winter,day2,28
2025-02-15 12:20:00,4915.3116,4947.4717,winter,day2,28
2025-02-15 12:25:00,6678.210000000001,4893.1235,winter,day2,28
2025-02-15 12:30:00,5226.5712,4852.1387,winter,day2,28
2025-02-15 12:35:00,4141.104,4821.6616,winter,day2,28
2025-02-15 12:40:00,3603.4008000000003,4795.715,winter,day2,28
2025-02-15 12:45:00,3644.2043999999996,4780.6943,winter,day2,28
2025-02-15 12:50:00,2812.5912,4747.499,winter,day2,28
2025-02-15 12:55:00,2937.4548000000004,4739.9565,winter,day2,28
2025-02-15 13:00:00,3804.3947999999996,4731.467,winter,day2,28
2025-02-15 13:05:00,2557.9824,4737.071,winter,day2,28
2025-02-15 13:10:00,3793.4616,4724.606,winter,day2,28
2025-02-15 13:15:00,3430.7484000000004,4718.053,winter,day2,28
2025-02-15 13:20:00,3147.3372,4542.482,winter,day2,28
2025-02-15 13:25:00,2454.6096000000002,4544.7676,winter,day2,28
2025-02-15 13:30:00,10347.3852,4555.5107,winter,day2,28
2025-02-15 13:35:00,12404.5884,4536.6797,winter,day2,28
2025-02-15 13:40:00,11947.5432,4515.09,winter,day2,28
2025-02-15 13:45:00,12035.5848,4479.4326,winter,day2,28
2025-02-15 13:50:00,12659.388,4474.993,winter,day2,28
2025-02-15 13:55:00,12770.053199999998,4454.533,winter,day2,28
2025-02-15 14:00:00,13642.8648,4448.544,winter,day2,28
2025-02-15 14:05:00,5633.1012,4471.7266,winter,day2,28
2025-02-15 14:10:00,4914.022800000001,4488.853,winter,day2,28
2025-02-15 14:15:00,4696.9056,4486.663,winter,day2,28
2025-02-15 14:20:00,4501.5779999999995,4538.756,winter,day2,28
2025-02-15 14:25:00,5893.4148,4556.8896,winter,day2,28
2025-02-15 14:30:00,7143.294,4564.767,winter,day2,28
2025-02-15 14:35:00,6570.2508,4585.841,winter,day2,28
2025-02-15 14:40:00,6067.0908,4638.526,winter,day2,28
2025-02-15 14:45:00,7256.6952,4678.679,winter,day2,28
2025-02-15 14:50:00,8559.5208,4760.431,winter,day2,28
2025-02-15 14:55:00,8953.0584,4806.927,winter,day2,28
2025-02-15 15:00:00,6538.944,4858.395,winter,day2,28
2025-02-15 15:05:00,4598.980799999999,4888.2188,winter,day2,28
2025-02-15 15:10:00,5760.027599999999,4965.651,winter,day2,28
2025-02-15 15:15:00,6697.352400000001,4988.0273,winter,day2,28
2025-02-15 15:20:00,5173.7568,5045.947,winter,day2,28
2025-02-15 15:25:00,4370.5908,5155.88,winter,day2,28
2025-02-15 15:30:00,4713.4812,5190.678,winter,day2,28
2025-02-15 15:35:00,4968.6468,5277.504,winter,day2,28
2025-02-15 15:40:00,7555.3356,5317.2476,winter,day2,28
2025-02-15 15:45:00,7059.3864,5405.6533,winter,day2,28
2025-02-15 15:50:00,8549.5824,5411.113,winter,day2,28
2025-02-15 15:55:00,8541.6696,5460.8467,winter,day2,28
2025-02-15 16:00:00,8092.132799999999,5724.393,winter,day2,28
2025-02-15 16:05:00,6996.906,5811.5674,winter,day2,28
2025-02-15 16:10:00,6957.266399999999,5843.019,winter,day2,28
2025-02-15 16:15:00,6731.3724,5825.2026,winter,day2,28
2025-02-15 16:20:00,7061.8008,5830.677,winter,day2,28
2025-02-15 16:25:00,7746.345600000001,5829.9116,winter,day2,28
2025-02-15 16:30:00,7681.7352,5867.9893,winter,day2,28
2025-02-15 16:35:00,7173.738,5878.2744,winter,day2,28
2025-02-15 16:40:00,6496.0092,5903.459,winter,day2,28
2025-02-15 16:45:00,5636.995199999999,5914.4497,winter,day2,28
2025-02-15 16:50:00,5181.9924,5947.1,winter,day2,28
2025-02-15 16:55:00,5061.844800000001,5946.3477,winter,day2,28
2025-02-15 17:00:00,5736.4704,5973.4424,winter,day2,28
2025-02-15 17:05:00,5347.518,6004.603,winter,day2,28
2025-02-15 17:10:00,6278.236800000001,6017.9062,winter,day2,28
2025-02-15 17:15:00,7073.215200000001,6053.966,winter,day2,28
2025-02-15 17:20:00,6359.3148,6018.6367,winter,day2,28
2025-02-15 17:25:00,6632.8032,6193.819,winter,day2,28
2025-02-15 17:30:00,6291.6108,6206.2007,winter,day2,28
2025-02-15 17:35:00,6996.260399999999,6134.058,winter,day2,28
2025-02-15 17:40:00,6293.794800000001,6171.2886,winter,day2,28
2025-02-15 17:45:00,7691.7444000000005,6151.8535,winter,day2,28
2025-02-15 17:50:00,6314.8584,6262.0254,winter,day2,28
2025-02-15 17:55:00,6229.6524,6263.0415,winter,day2,28
2025-02-15 18:00:00,6089.13,6744.8584,winter,day2,28
2025-02-15 18:05:00,9879.4008,8481.646,winter,day2,28
2025-02-15 18:10:00,11469.4416,9369.188,winter,day2,28
2025-02-15 18:15:00,11986.0548,9143.467,winter,day2,28
2025-02-15 18:20:00,7759.8924,6976.6963,winter,day2,28
2025-02-15 18:25:00,7490.6772,6217.148,winter,day2,28
2025-02-15 18:30:00,7945.158,6200.7666,winter,day2,28
2025-02-15 18:35:00,9408.1236,6059.6455,winter,day2,28
2025-02-15 18:40:00,7508.767199999999,6108.036,winter,day2,28
2025-02-15 18:45:00,6825.6216,6045.872,winter,day2,28
2025-02-15 18:50:00,5278.8432,5991.0303,winter,day2,28
2025-02-15 18:55:00,4547.1072,5919.2666,winter,day2,28
2025-02-15 19:00:00,4536.4968,5856.687,winter,day2,28
2025-02-15 19:05:00,4995.2388,5767.717,winter,day2,28
2025-02-15 19:10:00,7088.988,5720.2124,winter,day2,28
2025-02-15 19:15:00,5754.777599999999,5640.664,winter,day2,28
2025-02-15 19:20:00,5796.762000000001,5545.884,winter,day2,28
2025-02-15 19:25:00,4289.941199999999,5468.8047,winter,day2,28
2025-02-15 19:30:00,4289.2919999999995,5373.8223,winter,day2,28
2025-02-15 19:35:00,4805.046,5286.1836,winter,day2,28
2025-02-15 19:40:00,4305.5568,5178.982,winter,day2,28
2025-02-15 19:45:00,4204.6836,5067.5654,winter,day2,28
2025-02-15 19:50:00,4491.5136,4938.7466,winter,day2,28
2025-02-15 19:55:00,4038.1008,4867.0938,winter,day2,28
2025-02-15 20:00:00,4228.7088,4706.938,winter,day2,28
2025-02-15 20:05:00,4548.522,4656.36,winter,day2,28
2025-02-15 20:10:00,5616.1008,4595.2183,winter,day2,28
2025-02-15 20:15:00,5732.5608,4496.189,winter,day2,28
2025-02-15 20:20:00,3872.2488,4395.2407,winter,day2,28
2025-02-15 20:25:00,3953.9892,4274.4165,winter,day2,28
2025-02-15 20:30:00,3924.7884,4167.262,winter,day2,28
2025-02-15 20:35:00,4385.402400000001,4073.0066,winter,day2,28
2025-02-15 20:40:00,4002.9119999999994,3995.546,winter,day2,28
2025-02-15 20:45:00,6012.9672,3927.7058,winter,day2,28
2025-02-15 20:50:00,5836.6644,3873.4517,winter,day2,28
2025-02-15 20:55:00,4751.3016,3800.5723,winter,day2,28
2025-02-15 21:00:00,4026.8196,3763.5312,winter,day2,28
2025-02-15 21:05:00,3470.2619999999997,3718.93,winter,day2,28
2025-02-15 21:10:00,3234.0612,3669.1748,winter,day2,28
2025-02-15 21:15:00,2808.1104,3582.8618,winter,day2,28
2025-02-15 21:20:00,2842.9559999999997,3354.789,winter,day2,28
2025-02-15 21:25:00,2899.9248,3275.111,winter,day2,28
2025-02-15 21:30:00,2940.126,3238.585,winter,day2,28
2025-02-15 21:35:00,3015.5256,3184.0688,winter,day2,28
2025-02-15 21:40:00,2942.934,3108.0054,winter,day2,28
2025-02-15 21:45:00,3243.2904,3059.5906,winter,day2,28
2025-02-15 21:50:00,3078.7044,3006.413,winter,day2,28
2025-02-15 21:55:00,2939.5775999999996,2951.4722,winter,day2,28
2025-02-15 22:00:00,2648.214,2879.7915,winter,day2,28
2025-02-15 22:05:00,2525.3544,2821.9253,winter,day2,28
2025-02-15 22:10:00,2470.1268,2770.1504,winter,day2,28
2025-02-15 22:15:00,2454.642,2755.876,winter,day2,28
2025-02-15 22:20:00,3749.8032,2732.318,winter,day2,28
2025-02-15 22:25:00,3233.868,2715.9858,winter,day2,28
2025-02-15 22:30:00,2614.3848,2705.8223,winter,day2,28
2025-02-15 22:35:00,2474.7624,2699.332,winter,day2,28
2025-02-15 22:40:00,2493.3743999999997,2652.662,winter,day2,28
2025-02-15 22:45:00,2640.4103999999998,2648.2817,winter,day2,28
2025-02-15 22:50:00,2646.7583999999997,2647.6577,winter,day2,28
2025-02-15 22:55:00,2626.6344,2648.9092,winter,day2,28
2025-02-15 23:00:00,2640.1115999999997,2628.5068,winter,day2,28
2025-02-15 23:05:00,2685.4056,2631.4883,winter,day2,28
2025-02-15 23:10:00,2946.2928,2639.124,winter,day2,28
2025-02-15 23:15:00,2753.5404000000003,2637.561,winter,day2,28
2025-02-15 23:20:00,2502.9816,2624.5415,winter,day2,28
2025-02-15 23:25:00,2548.0272,2649.859,winter,day2,28
2025-02-15 23:30:00,2540.3940000000002,2629.6162,winter,day2,28
2025-02-15 23:35:00,2539.1664,2640.4878,winter,day2,28
2025-02-15 23:40:00,2457.7032,2641.227,winter,day2,28
2025-02-15 23:45:00,2438.4072,2641.1758,winter,day2,28
2025-02-15 23:50:00,2441.1,2633.2104,winter,day2,28
2025-02-15 23:55:00,2596.3404,2641.7202,winter,day2,28
2025-12-02 00:00:00,2584.6764,2579.5015,winter,day3,33
2025-12-02 00:05:00,2585.208,2577.4583,winter,day3,33
2025-12-02 00:10:00,2589.12,2579.2817,winter,day3,33
2025-12-02 00:15:00,2559.282,2572.9194,winter,day3,33
2025-12-02 00:20:00,2531.1192,2563.3455,winter,day3,33
2025-12-02 00:25:00,2496.3887999999997,2571.9546,winter,day3,33
2025-12-02 00:30:00,2486.3280000000004,2574.4211,winter,day3,33
2025-12-02 00:35:00,2690.9939999999997,2563.107,winter,day3,33
2025-12-02 00:40:00,2574.9252,2559.4248,winter,day3,33
2025-12-02 00:45:00,2494.8108,2576.3916,winter,day3,33
2025-12-02 00:50:00,2455.4892,2565.2732,winter,day3,33
2025-12-02 00:55:00,2462.4516,2569.1091,winter,day3,33
2025-12-02 01:00:00,2447.6135999999997,2570.0796,winter,day3,33
2025-12-02 01:05:00,2474.5703999999996,2569.8833,winter,day3,33
2025-12-02 01:10:00,2497.134,2557.492,winter,day3,33
2025-12-02 01:15:00,2529.6516,2561.1113,winter,day3,33
2025-12-02 01:20:00,2571.4692000000005,2559.491,winter,day3,33
2025-12-02 01:25:00,2593.9512,2557.8032,winter,day3,33
2025-12-02 01:30:00,2562.9576,2563.4092,winter,day3,33
2025-12-02 01:35:00,2498.9148,2565.1611,winter,day3,33
2025-12-02 01:40:00,2532.2592,2552.141,winter,day3,33
2025-12-02 01:45:00,2671.7832,2566.9253,winter,day3,33
2025-12-02 01:50:00,2719.0872,2572.81,winter,day3,33
2025-12-02 01:55:00,2499.786,2568.333,winter,day3,33
2025-12-02 02:00:00,2475.3660000000004,2568.3018,winter,day3,33
2025-12-02 02:05:00,2435.1972,2586.072,winter,day3,33
2025-12-02 02:10:00,2416.3512,2575.876,winter,day3,33
2025-12-02 02:15:00,2404.0716,2580.8398,winter,day3,33
2025-12-02 02:20:00,2407.6464,2581.3254,winter,day3,33
2025-12-02 02:25:00,2513.4552,2581.878,winter,day3,33
2025-12-02 02:30:00,2573.7744,2571.38,winter,day3,33
2025-12-02 02:35:00,2593.4412,2579.9026,winter,day3,33
2025-12-02 02:40:00,2579.1264,2578.4844,winter,day3,33
2025-12-02 02:45:00,2561.5332000000003,2579.8193,winter,day3,33
2025-12-02 02:50:00,2554.6704,2589.6216,winter,day3,33
2025-12-02 02:55:00,2680.9188000000004,2591.4539,winter,day3,33
2025-12-02 03:00:00,2821.9284,2583.4092,winter,day3,33
2025-12-02 03:05:00,2529.4788,2593.3816,winter,day3,33
2025-12-02 03:10:00,2450.1108,2600.3022,winter,day3,33
2025-12-02 03:15:00,2541.4308,2595.2908,winter,day3,33
2025-12-02 03:20:00,2563.3116,2594.2598,winter,day3,33
2025-12-02 03:25:00,2546.5824000000002,2608.3914,winter,day3,33
2025-12-02 03:30:00,2570.7768,2602.3477,winter,day3,33
2025-12-02 03:35:00,2608.5348,2607.8372,winter,day3,33
2025-12-02 03:40:00,2459.814,2604.5122,winter,day3,33
2025-12-02 03:45:00,2487.6552,2606.9238,winter,day3,33
2025-12-02 03:50:00,2492.58,2599.5862,winter,day3,33
2025-12-02 03:55:00,2491.2708,2609.337,winter,day3,33
2025-12-02 04:00:00,2595.0984,2613.2388,winter,day3,33
2025-12-02 04:05:00,2754.0708,2607.466,winter,day3,33
2025-12-02 04:10:00,2676.1644,2611.3447,winter,day3,33
2025-12-02 04:15:00,2469.6984,2616.6355,winter,day3,33
2025-12-02 04:20:00,2466.5412,2599.3164,winter,day3,33
2025-12-02 04:25:00,2462.928,2614.8093,winter,day3,33
2025-12-02 04:30:00,2440.3848000000003,2625.3967,winter,day3,33
2025-12-02 04:35:00,2441.0292,2621.6353,winter,day3,33
2025-12-02 04:40:00,2483.6016,2621.3352,winter,day3,33
2025-12-02 04:45:00,2476.2864,2642.275,winter,day3,33
2025-12-02 04:50:00,2476.3128,2628.4934,winter,day3,33
2025-12-02 04:55:00,2498.7888,2637.7537,winter,day3,33
2025-12-02 05:00:00,2523.3660000000004,2638.7178,winter,day3,33
2025-12-02 05:05:00,2492.9892,2637.9092,winter,day3,33
2025-12-02 05:10:00,2602.7760000000003,2626.894,winter,day3,33
2025-12-02 05:15:00,2801.0388,2634.0767,winter,day3,33
2025-12-02 05:20:00,2673.4776,2658.017,winter,day3,33
2025-12-02 05:25:00,2574.0732,2644.495,winter,day3,33
2025-12-02 05:30:00,2596.2648,2634.5647,winter,day3,33
2025-12-02 05:35:00,2568.6384,2668.727,winter,day3,33
2025-12-02 05:40:00,2539.674,2670.4697,winter,day3,33
2025-12-02 05:45:00,2670.9276,2699.9233,winter,day3,33
2025-12-02 05:50:00,2813.7347999999997,2749.1636,winter,day3,33
2025-12-02 05:55:00,2841.3156,2830.685,winter,day3,33
2025-12-02 06:00:00,2828.9052,2995.9072,winter,day3,33
2025-12-02 06:05:00,3314.8008,3234.1719,winter,day3,33
2025-12-02 06:10:00,3381.696,3381.9565,winter,day3,33
2025-12-02 06:15:00,3469.9020000000005,3465.6836,winter,day3,33
2025-12-02 06:20:00,3127.2312,3485.212,winter,day3,33
2025-12-02 06:25:00,3247.2599999999998,3440.6423,winter,day3,33
2025-12-02 06:30:00,3546.2699999999995,3461.628,winter,day3,33
2025-12-02 06:35:00,3619.1964,3515.238,winter,day3,33
2025-12-02 06:40:00,3879.7032,3595.3423,winter,day3,33
2025-12-02 06:45:00,3268.986,3671.856,winter,day3,33
2025-12-02 06:50:00,3886.7904000000003,3742.6414,winter,day3,33
2025-12-02 06:55:00,3782.0352,3801.0918,winter,day3,33
2025-12-02 07:00:00,3783.4752,3916.0278,winter,day3,33
2025-12-02 07:05:00,3802.332,3909.0269,winter,day3,33
2025-12-02 07:10:00,3549.6432,3958.0117,winter,day3,33
2025-12-02 07:15:00,4389.8184,4019.942,winter,day3,33
2025-12-02 07:20:00,3724.4375999999997,4422.2305,winter,day3,33
2025-12-02 07:25:00,3420.7776,4665.6006,winter,day3,33
2025-12-02 07:30:00,3205.5792,5328.066,winter,day3,33
2025-12-02 07:35:00,10705.3956,5918.9644,winter,day3,33
2025-12-02 07:40:00,10067.283599999999,7755.4014,winter,day3,33
2025-12-02 07:45:00,7560.3408,7219.6777,winter,day3,33
2025-12-02 07:50:00,4807.704,6316.042,winter,day3,33
2025-12-02 07:55:00,4616.5488,5663.3594,winter,day3,33
2025-12-02 08:00:00,4571.3387999999995,5387.3237,winter,day3,33
2025-12-02 08:05:00,4221.3384,5349.287,winter,day3,33
2025-12-02 08:10:00,4044.636,5313.1035,winter,day3,33
2025-12-02 08:15:00,4346.2464,5326.794,winter,day3,33
2025-12-02 08:20:00,4628.1012,5283.269,winter,day3,33
2025-12-02 08:25:00,3938.0112,5259.996,winter,day3,33
2025-12-02 08:30:00,4449.6516,5243.826,winter,day3,33
2025-12-02 08:35:00,4098.3972,5220.791,winter,day3,33
2025-12-02 08:40:00,4391.9016,5245.203,winter,day3,33
2025-12-02 08:45:00,4145.3616,5229.202,winter,day3,33
2025-12-02 08:50:00,4601.3772,5216.787,winter,day3,33
2025-12-02 08:55:00,3736.4676,5180.527,winter,day3,33
2025-12-02 09:00:00,3649.4195999999997,5182.834,winter,day3,33
2025-12-02 09:05:00,3287.7876000000006,5187.6216,winter,day3,33
2025-12-02 09:10:00,3704.5728000000004,5190.1504,winter,day3,33
2025-12-02 09:15:00,3636.1944000000003,5183.3623,winter,day3,33
2025-12-02 09:20:00,3402.618,5049.358,winter,day3,33
2025-12-02 09:25:00,3828.1452,5007.2793,winter,day3,33
2025-12-02 09:30:00,4100.364,5000.28,winter,day3,33
2025-12-02 09:35:00,5915.7228000000005,4973.5107,winter,day3,33
2025-12-02 09:40:00,5611.8984,4962.5195,winter,day3,33
2025-12-02 09:45:00,6284.7444000000005,4962.503,winter,day3,33
2025-12-02 09:50:00,5128.0464,4967.8384,winter,day3,33
2025-12-02 09:55:00,3856.9595999999997,4998.045,winter,day3,33
2025-12-02 10:00:00,3329.1684,5059.4062,winter,day3,33
2025-12-02 10:05:00,3522.4547999999995,5118.2764,winter,day3,33
2025-12-02 10:10:00,4173.559200000001,5140.8027,winter,day3,33
2025-12-02 10:15:00,3471.6612,5130.426,winter,day3,33
2025-12-02 10:20:00,3522.942,5109.009,winter,day3,33
2025-12-02 10:25:00,4584.6348,5088.6733,winter,day3,33
2025-12-02 10:30:00,3909.4919999999997,5039.1626,winter,day3,33
2025-12-02 10:35:00,3484.4916,5026.186,winter,day3,33
2025-12-02 10:40:00,3428.1732,4970.912,winter,day3,33
2025-12-02 10:45:00,3359.4804000000004,4968.87,winter,day3,33
2025-12-02 10:50:00,3126.1104,4993.3345,winter,day3,33
2025-12-02 10:55:00,3711.8604,5002.132,winter,day3,33
2025-12-02 11:00:00,5273.270399999999,4973.7534,winter,day3,33
2025-12-02 11:05:00,4952.9976,4933.355,winter,day3,33
2025-12-02 11:10:00,5216.586,4899.2754,winter,day3,33
2025-12-02 11:15:00,3273.0155999999997,4869.5415,winter,day3,33
2025-12-02 11:20:00,3135.8532,4831.1436,winter,day3,33
2025-12-02 11:25:00,3062.5092,4781.4053,winter,day3,33
2025-12-02 11:30:00,3240.69,4727.1196,winter,day3,33
2025-12-02 11:35:00,3230.982,4697.929,winter,day3,33
2025-12-02 11:40:00,3260.3904,4705.6323,winter,day3,33
2025-12-02 11:45:00,3225.2184,4683.511,winter,day3,33
2025-12-02 11:50:00,3921.918,4641.0645,winter,day3,33
2025-12-02 11:55:00,3512.7203999999997,4656.513,winter,day3,33
2025-12-02 12:00:00,4808.245199999999,4560.7173,winter,day3,33
2025-12-02 12:05:00,3658.2396,4525.138,winter,day3,33
2025-12-02 12:10:00,2711.4744,4509.597,winter,day3,33
2025-12-02 12:15:00,2604.3948,4493.797,winter,day3,33
2025-12-02 12:20:00,2801.2212,4478.6914,winter,day3,33
2025-12-02 12:25:00,2865.6012,4445.023,winter,day3,33
2025-12-02 12:30:00,2542.9548000000004,4416.969,winter,day3,33
2025-12-02 12:35:00,2481.0984,4438.8486,winter,day3,33
2025-12-02 12:40:00,2771.0076,4429.581,winter,day3,33
2025-12-02 12:45:00,2348.0148,4418.5127,winter,day3,33
2025-12-02 12:50:00,2308.3548,4385.4146,winter,day3,33
2025-12-02 12:55:00,3027.4595999999997,4371.44,winter,day3,33
2025-12-02 13:00:00,3510.2940000000003,4354.668,winter,day3,33
2025-12-02 13:05:00,2609.2752,4326.571,winter,day3,33
2025-12-02 13:10:00,2433.036,4287.778,winter,day3,33
2025-12-02 13:15:00,2345.9052,4267.751,winter,day3,33
2025-12-02 13:20:00,2655.876,4148.2563,winter,day3,33
2025-12-02 13:25:00,2783.5164,4088.6848,winter,day3,33
2025-12-02 13:30:00,2350.638,4056.5918,winter,day3,33
2025-12-02 13:35:00,2416.8804,4017.0725,winter,day3,33
2025-12-02 13:40:00,2738.5032,4007.5215,winter,day3,33
2025-12-02 13:45:00,2698.3332,4007.8203,winter,day3,33
2025-12-02 13:50:00,3171.6468,4037.1284,winter,day3,33
2025-12-02 13:55:00,2537.556,4061.2087,winter,day3,33
2025-12-02 14:00:00,3734.082,4095.9216,winter,day3,33
2025-12-02 14:05:00,3048.7907999999998,4141.625,winter,day3,33
2025-12-02 14:10:00,2487.3120000000004,4128.157,winter,day3,33
2025-12-02 14:15:00,2934.0072,4117.501,winter,day3,33
2025-12-02 14:20:00,2624.2871999999998,4112.291,winter,day3,33
2025-12-02 14:25:00,2740.02,4074.8018,winter,day3,33
2025-12-02 14:30:00,4219.794,4054.0242,winter,day3,33
2025-12-02 14:35:00,2654.328,4071.1035,winter,day3,33
2025-12-02 14:40:00,2405.3988,4196.832,winter,day3,33
2025-12-02 14:45:00,2550.5124,4336.9683,winter,day3,33
2025-12-02 14:50:00,2943.7871999999998,4447.455,winter,day3,33
2025-12-02 14:55:00,3097.4543999999996,4526.2046,winter,day3,33
2025-12-02 15:00:00,3536.3184,4619.7207,winter,day3,33
2025-12-02 15:05:00,3761.1816,4652.6387,winter,day3,33
2025-12-02 15:10:00,5736.9144,4722.2188,winter,day3,33
2025-12-02 15:15:00,3531.6684,4801.13,winter,day3,33
2025-12-02 15:20:00,3434.8368,4865.298,winter,day3,33
2025-12-02 15:25:00,4197.5772,4956.329,winter,day3,33
2025-12-02 15:30:00,3837.726,4976.805,winter,day3,33
2025-12-02 15:35:00,3723.4392,5045.4463,winter,day3,33
2025-12-02 15:40:00,4281.906,5109.5015,winter,day3,33
2025-12-02 15:45:00,4808.8788,5138.6914,winter,day3,33
2025-12-02 15:50:00,8003.0748,5159.231,winter,day3,33
2025-12-02 15:55:00,10921.180799999998,5226.6733,winter,day3,33
2025-12-02 16:00:00,7045.9512,5453.257,winter,day3,33
2025-12-02 16:05:00,5442.3348,5493.384,winter,day3,33
2025-12-02 16:10:00,4902.6432,5531.95,winter,day3,33
2025-12-02 16:15:00,5564.142,5579.924,winter,day3,33
2025-12-02 16:20:00,5172.030000000001,5565.7817,winter,day3,33
2025-12-02 16:25:00,4569.3876,5584.8633,winter,day3,33
2025-12-02 16:30:00,6030.306,5599.59,winter,day3,33
2025-12-02 16:35:00,4963.482,5592.2734,winter,day3,33
2025-12-02 16:40:00,4907.358,5651.344,winter,day3,33
2025-12-02 16:45:00,4758.9276,5642.132,winter,day3,33
2025-12-02 16:50:00,5014.9980000000005,5642.301,winter,day3,33
2025-12-02 16:55:00,4404.9828,5640.5107,winter,day3,33
2025-12-02 17:00:00,4670.3988,5663.433,winter,day3,33
2025-12-02 17:05:00,5168.3315999999995,5666.0205,winter,day3,33
2025-12-02 17:10:00,5390.0964,5673.931,winter,day3,33
2025-12-02 17:15:00,6159.0216,5634.584,winter,day3,33
2025-12-02 17:20:00,4260.8243999999995,5780.48,winter,day3,33
2025-12-02 17:25:00,5884.4256000000005,5763.669,winter,day3,33
2025-12-02 17:30:00,4307.7312,5791.123,winter,day3,33
2025-12-02 17:35:00,4909.2768,5728.742,winter,day3,33
2025-12-02 17:40:00,4737.6744,5790.6304,winter,day3,33
2025-12-02 17:45:00,4368.9684,5796.6885,winter,day3,33
2025-12-02 17:50:00,4411.5156,5783.8506,winter,day3,33
2025-12-02 17:55:00,5227.368,6016.351,winter,day3,33
2025-12-02 18:00:00,5888.1816,6618.666,winter,day3,33
2025-12-02 18:05:00,9812.7636,7648.101,winter,day3,33
2025-12-02 18:10:00,11284.710000000001,8794.02,winter,day3,33
2025-12-02 18:15:00,11618.9928,9181.135,winter,day3,33
2025-12-02 18:20:00,10094.826,8874.551,winter,day3,33
2025-12-02 18:25:00,10502.1132,8186.954,winter,day3,33
2025-12-02 18:30:00,12101.6124,8040.89,winter,day3,33
2025-12-02 18:35:00,9531.9984,7802.243,winter,day3,33
2025-12-02 18:40:00,10680.1812,8023.49,winter,day3,33
2025-12-02 18:45:00,12144.138,7683.867,winter,day3,33
2025-12-02 18:50:00,7109.723999999999,7570.092,winter,day3,33
2025-12-02 18:55:00,7418.1972000000005,7694.9863,winter,day3,33
2025-12-02 19:00:00,7708.2648,7674.83,winter,day3,33
2025-12-02 19:05:00,9314.2776,7509.613,winter,day3,33
2025-12-02 19:10:00,9864.9504,7467.999,winter,day3,33
2025-12-02 19:15:00,8999.8596,6972.955,winter,day3,33
2025-12-02 19:20:00,6535.7339999999995,5330.0986,winter,day3,33
2025-12-02 19:25:00,4100.412,4684.4404,winter,day3,33
2025-12-02 19:30:00,4550.5188,4394.5835,winter,day3,33
2025-12-02 19:35:00,4494.7788,4233.2373,winter,day3,33
2025-12-02 19:40:00,3748.4796,4163.0376,winter,day3,33
2025-12-02 19:45:00,5512.9872000000005,4142.3677,winter,day3,33
2025-12-02 19:50:00,3661.0932000000003,4116.7646,winter,day3,33
2025-12-02 19:55:00,3563.4252,4052.6145,winter,day3,33
2025-12-02 20:00:00,3712.278,4020.5596,winter,day3,33
2025-12-02 20:05:00,3904.3032,3958.7778,winter,day3,33
2025-12-02 20:10:00,4927.479600000001,3918.1868,winter,day3,33
2025-12-02 20:15:00,3493.1376000000005,3875.9807,winter,day3,33
2025-12-02 20:20:00,3690.5063999999998,3814.2524,winter,day3,33
2025-12-02 20:25:00,5000.07,3756.2268,winter,day3,33
2025-12-02 20:30:00,3994.9392,3714.0366,winter,day3,33
2025-12-02 20:35:00,3530.514,3679.8538,winter,day3,33
2025-12-02 20:40:00,4586.4767999999995,3643.378,winter,day3,33
2025-12-02 20:45:00,3391.0656000000004,3596.2542,winter,day3,33
2025-12-02 20:50:00,3483.6696,3518.144,winter,day3,33
2025-12-02 20:55:00,3330.3588000000004,3459.5984,winter,day3,33
2025-12-02 21:00:00,3306.4811999999997,3377.9006,winter,day3,33
2025-12-02 21:05:00,3287.6268000000005,3313.7703,winter,day3,33
2025-12-02 21:10:00,3172.2275999999997,3247.4531,winter,day3,33
2025-12-02 21:15:00,3150.8544,3156.7168,winter,day3,33
2025-12-02 21:20:00,3292.8588000000004,2865.3516,winter,day3,33
2025-12-02 21:25:00,3413.5824000000002,2779.4287,winter,day3,33
2025-12-02 21:30:00,3162.7932,2688.7983,winter,day3,33
2025-12-02 21:35:00,2532.1032,2643.4453,winter,day3,33
2025-12-02 21:40:00,2470.866,2590.6987,winter,day3,33
2025-12-02 21:45:00,2432.8896,2584.0217,winter,day3,33
2025-12-02 21:50:00,2435.016,2571.9937,winter,day3,33
2025-12-02 21:55:00,2388.636,2573.6577,winter,day3,33
2025-12-02 22:00:00,2384.8104,2584.474,winter,day3,33
2025-12-02 22:05:00,2335.4088,2588.4338,winter,day3,33
2025-12-02 22:10:00,2418.3408,2579.7998,winter,day3,33
2025-12-02 22:15:00,2474.7095999999997,2580.77,winter,day3,33
2025-12-02 22:20:00,2393.5464,2569.3296,winter,day3,33
2025-12-02 22:25:00,2419.8024,2569.0723,winter,day3,33
2025-12-02 22:30:00,2450.4492,2565.4526,winter,day3,33
2025-12-02 22:35:00,2568.1416,2548.453,winter,day3,33
2025-12-02 22:40:00,2598.1284,2533.9846,winter,day3,33
2025-12-02 22:45:00,2508.744,2529.6611,winter,day3,33
2025-12-02 22:50:00,2466.5652,2539.729,winter,day3,33
2025-12-02 22:55:00,2458.7472,2550.6553,winter,day3,33
2025-12-02 23:00:00,2433.3815999999997,2531.1396,winter,day3,33
2025-12-02 23:05:00,2410.7076,2540.7217,winter,day3,33
2025-12-02 23:10:00,2413.4472,2549.9402,winter,day3,33
2025-12-02 23:15:00,2412.6312000000003,2551.673,winter,day3,33
2025-12-02 23:20:00,2454.2844,2544.4182,winter,day3,33
2025-12-02 23:25:00,2464.9236,2575.5952,winter,day3,33
2025-12-02 23:30:00,2458.1592,2564.9294,winter,day3,33
2025-12-02 23:35:00,2471.8356,2582.587,winter,day3,33
2025-12-02 23:40:00,2516.2943999999998,2584.9624,winter,day3,33
2025-12-02 23:45:00,2607.6972,2590.0234,winter,day3,33
2025-12-02 23:50:00,2705.5236,2583.1826,winter,day3,33
2025-12-02 23:55:00,2556.8328,2598.191,winter,day3,33
2025-12-16 00:00:00,2537.6531999999997,2474.4062,winter,day4,30
2025-12-16 00:05:00,2463.0612,2478.1243,winter,day4,30
2025-12-16 00:10:00,2478.9552,2487.6113,winter,day4,30
2025-12-16 00:15:00,2475.5952,2491.0894,winter,day4,30
2025-12-16 00:20:00,2526.93,2487.8022,winter,day4,30
2025-12-16 00:25:00,2661.3804,2501.8538,winter,day4,30
2025-12-16 00:30:00,2497.9211999999998,2507.8804,winter,day4,30
2025-12-16 00:35:00,2512.8108,2505.865,winter,day4,30
2025-12-16 00:40:00,2480.7372,2504.1216,winter,day4,30
2025-12-16 00:45:00,2447.2524,2516.8765,winter,day4,30
2025-12-16 00:50:00,2428.0188000000003,2509.4678,winter,day4,30
2025-12-16 00:55:00,2469.3876,2511.2002,winter,day4,30
2025-12-16 01:00:00,2464.098,2505.2715,winter,day4,30
2025-12-16 01:05:00,2487.9096,2503.9133,winter,day4,30
2025-12-16 01:10:00,2482.6068,2494.0244,winter,day4,30
2025-12-16 01:15:00,2474.6244,2499.3003,winter,day4,30
2025-12-16 01:20:00,2426.1996,2492.5776,winter,day4,30
2025-12-16 01:25:00,2422.1484,2493.8667,winter,day4,30
2025-12-16 01:30:00,2423.5595999999996,2502.0498,winter,day4,30
2025-12-16 01:35:00,2611.6068000000005,2504.5022,winter,day4,30
2025-12-16 01:40:00,2671.5756,2496.2441,winter,day4,30
2025-12-16 01:45:00,2519.8584,2507.4424,winter,day4,30
2025-12-16 01:50:00,2502.0,2510.2502,winter,day4,30
2025-12-16 01:55:00,2512.4988,2501.4878,winter,day4,30
2025-12-16 02:00:00,2486.046,2493.2324,winter,day4,30
2025-12-16 02:05:00,2490.7403999999997,2503.4458,winter,day4,30
2025-12-16 02:10:00,2474.5836,2492.2554,winter,day4,30
2025-12-16 02:15:00,2457.4428,2498.0576,winter,day4,30
2025-12-16 02:20:00,2506.3812,2498.2383,winter,day4,30
2025-12-16 02:25:00,2499.4668,2504.6414,winter,day4,30
2025-12-16 02:30:00,2483.6232,2500.1963,winter,day4,30
2025-12-16 02:35:00,2487.9108,2509.8887,winter,day4,30
2025-12-16 02:40:00,2523.3455999999996,2497.8994,winter,day4,30
2025-12-16 02:45:00,2520.9156000000003,2500.4653,winter,day4,30
2025-12-16 02:50:00,2706.6036,2507.2212,winter,day4,30
2025-12-16 02:55:00,2766.4248,2505.98,winter,day4,30
2025-12-16 03:00:00,2290.1076000000003,2491.7827,winter,day4,30
2025-12-16 03:05:00,2421.8496,2504.1763,winter,day4,30
2025-12-16 03:10:00,2512.548,2508.0156,winter,day4,30
2025-12-16 03:15:00,2539.3104,2501.018,winter,day4,30
2025-12-16 03:20:00,2553.546,2499.5208,winter,day4,30
2025-12-16 03:25:00,2564.2932,2515.9888,winter,day4,30
2025-12-16 03:30:00,2555.55,2508.553,winter,day4,30
2025-12-16 03:35:00,2529.3684000000003,2516.0576,winter,day4,30
2025-12-16 03:40:00,2524.3296,2515.5747,winter,day4,30
2025-12-16 03:45:00,2553.1776,2521.3628,winter,day4,30
2025-12-16 03:50:00,2598.0492,2514.6667,winter,day4,30
2025-12-16 03:55:00,2610.4031999999997,2522.4116,winter,day4,30
2025-12-16 04:00:00,2672.9664000000002,2528.7395,winter,day4,30
2025-12-16 04:05:00,2769.1476,2525.1184,winter,day4,30
2025-12-16 04:10:00,2510.9796,2525.8843,winter,day4,30
2025-12-16 04:15:00,2513.3496,2524.182,winter,day4,30
2025-12-16 04:20:00,2461.6572,2505.524,winter,day4,30
2025-12-16 04:25:00,2454.2832000000003,2516.9087,winter,day4,30
2025-12-16 04:30:00,2431.9415999999997,2523.5981,winter,day4,30
2025-12-16 04:35:00,2428.5168000000003,2519.9463,winter,day4,30
2025-12-16 04:40:00,2429.9412,2517.9673,winter,day4,30
2025-12-16 04:45:00,2432.2812,2538.0615,winter,day4,30
2025-12-16 04:50:00,2449.4688,2529.8662,winter,day4,30
2025-12-16 04:55:00,2473.9968,2540.039,winter,day4,30
2025-12-16 05:00:00,2527.7064,2541.9333,winter,day4,30
2025-12-16 05:05:00,2551.5227999999997,2543.186,winter,day4,30
2025-12-16 05:10:00,2566.3548,2534.02,winter,day4,30
2025-12-16 05:15:00,2722.0716,2547.4546,winter,day4,30
2025-12-16 05:20:00,2673.9900000000002,2552.79,winter,day4,30
2025-12-16 05:25:00,2507.898,2541.5198,winter,day4,30
2025-12-16 05:30:00,2523.1512000000002,2551.368,winter,day4,30
2025-12-16 05:35:00,2549.0676,2568.8855,winter,day4,30
2025-12-16 05:40:00,2525.4012,2569.9275,winter,day4,30
2025-12-16 05:45:00,2511.8568,2597.3967,winter,day4,30
2025-12-16 05:50:00,2513.7456,2633.9763,winter,day4,30
2025-12-16 05:55:00,2576.892,2681.4568,winter,day4,30
2025-12-16 06:00:00,3618.0396,2770.6396,winter,day4,30
2025-12-16 06:05:00,3193.9272,2895.2363,winter,day4,30
2025-12-16 06:10:00,3056.322,2958.8237,winter,day4,30
2025-12-16 06:15:00,3188.802,3004.363,winter,day4,30
2025-12-16 06:20:00,3320.8584,3070.9849,winter,day4,30
2025-12-16 06:25:00,3678.6936,3083.7402,winter,day4,30
2025-12-16 06:30:00,3141.4139999999998,3112.0913,winter,day4,30
2025-12-16 06:35:00,3588.9756,3152.391,winter,day4,30
2025-12-16 06:40:00,3585.9936000000002,3268.7988,winter,day4,30
2025-12-16 06:45:00,3242.9543999999996,3244.614,winter,day4,30
2025-12-16 06:50:00,3911.3903999999993,3225.3948,winter,day4,30
2025-12-16 06:55:00,3752.6135999999997,3237.0645,winter,day4,30
2025-12-16 07:00:00,3536.4792,3263.5237,winter,day4,30
2025-12-16 07:05:00,3213.9744,3391.2158,winter,day4,30
2025-12-16 07:10:00,3840.2915999999996,3507.8403,winter,day4,30
2025-12-16 07:15:00,3452.256,3672.6704,winter,day4,30
2025-12-16 07:20:00,4289.8572,3939.865,winter,day4,30
2025-12-16 07:25:00,3764.9388,4156.3164,winter,day4,30
2025-12-16 07:30:00,3594.4968,4674.525,winter,day4,30
2025-12-16 07:35:00,8889.6912,6016.5,winter,day4,30
2025-12-16 07:40:00,13350.6684,6412.2954,winter,day4,30
2025-12-16 07:45:00,8135.238,5922.3486,winter,day4,30
2025-12-16 07:50:00,7084.504800000001,5478.4023,winter,day4,30
2025-12-16 07:55:00,7205.719200000001,5238.9185,winter,day4,30
2025-12-16 08:00:00,5879.8068,4978.176,winter,day4,30
2025-12-16 08:05:00,4666.3068,4842.921,winter,day4,30
2025-12-16 08:10:00,4394.0808,4794.9526,winter,day4,30
2025-12-16 08:15:00,5070.0396,4788.5645,winter,day4,30
2025-12-16 08:20:00,5125.4232,4767.044,winter,day4,30
2025-12-16 08:25:00,4303.0656,4753.62,winter,day4,30
2025-12-16 08:30:00,4704.1788,4757.921,winter,day4,30
2025-12-16 08:35:00,4075.7591999999995,4748.645,winter,day4,30
2025-12-16 08:40:00,5405.31,4745.81,winter,day4,30
2025-12-16 08:45:00,4404.897599999999,4749.658,winter,day4,30
2025-12-16 08:50:00,4950.6528,4735.463,winter,day4,30
2025-12-16 08:55:00,6181.3092,4736.679,winter,day4,30
2025-12-16 09:00:00,7122.306,4758.1147,winter,day4,30
2025-12-16 09:05:00,6685.9908,4749.3726,winter,day4,30
2025-12-16 09:10:00,5233.7771999999995,4725.162,winter,day4,30
2025-12-16 09:15:00,4153.1268,4732.974,winter,day4,30
2025-12-16 09:20:00,4161.3144,4733.2837,winter,day4,30
2025-12-16 09:25:00,4026.3971999999994,4701.7227,winter,day4,30
2025-12-16 09:30:00,5052.306,4725.955,winter,day4,30
2025-12-16 09:35:00,4094.2668,4723.3794,winter,day4,30
2025-12-16 09:40:00,4127.8476,4714.8354,winter,day4,30
2025-12-16 09:45:00,4505.4204,4739.492,winter,day4,30
2025-12-16 09:50:00,4041.7356,4735.746,winter,day4,30
2025-12-16 09:55:00,4273.462799999999,4720.0674,winter,day4,30
2025-12-16 10:00:00,4452.0552,4719.1973,winter,day4,30
2025-12-16 10:05:00,4339.7004,4725.3506,winter,day4,30
2025-12-16 10:10:00,4576.8612,4725.6987,winter,day4,30
2025-12-16 10:15:00,4096.518,4689.839,winter,day4,30
2025-12-16 10:20:00,4990.0284,4682.3574,winter,day4,30
2025-12-16 10:25:00,4283.2356,4678.727,winter,day4,30
2025-12-16 10:30:00,4198.0848,4670.6304,winter,day4,30
2025-12-16 10:35:00,4275.766799999999,4645.1924,winter,day4,30
2025-12-16 10:40:00,4266.4704,4607.008,winter,day4,30
2025-12-16 10:45:00,4146.7356,4595.866,winter,day4,30
2025-12-16 10:50:00,4051.476,4579.01,winter,day4,30
2025-12-16 10:55:00,4008.6924,4563.99,winter,day4,30
2025-12-16 11:00:00,3833.4636,4529.1484,winter,day4,30
2025-12-16 11:05:00,3885.5519999999997,4510.2666,winter,day4,30
2025-12-16 11:10:00,4982.191199999999,4460.003,winter,day4,30
2025-12-16 11:15:00,4509.4524,4434.9043,winter,day4,30
2025-12-16 11:20:00,5283.576,4380.816,winter,day4,30
2025-12-16 11:25:00,5901.5736,4335.8296,winter,day4,30
2025-12-16 11:30:00,4369.2048,4295.2476,winter,day4,30
2025-12-16 11:35:00,3914.8235999999997,4270.463,winter,day4,30
2025-12-16 11:40:00,3608.1084,4275.8066,winter,day4,30
2025-12-16 11:45:00,3877.2612,4272.5254,winter,day4,30
2025-12-16 11:50:00,4029.2700000000004,4244.837,winter,day4,30
2025-12-16 11:55:00,3742.668,4253.6587,winter,day4,30
2025-12-16 12:00:00,6038.3544,4195.0337,winter,day4,30
2025-12-16 12:05:00,4067.7383999999997,4214.1836,winter,day4,30
2025-12-16 12:10:00,4482.716399999999,4205.5854,winter,day4,30
2025-12-16 12:15:00,3729.8424,4163.2476,winter,day4,30
2025-12-16 12:20:00,3680.1672,4155.1,winter,day4,30
2025-12-16 12:25:00,3748.7160000000003,4134.76,winter,day4,30
2025-12-16 12:30:00,4284.1068,4097.126,winter,day4,30
2025-12-16 12:35:00,3777.2724000000003,4082.6975,winter,day4,30
2025-12-16 12:40:00,4806.6084,4069.3958,winter,day4,30
2025-12-16 12:45:00,4121.4264,4042.9465,winter,day4,30
2025-12-16 12:50:00,3663.7932,4027.2295,winter,day4,30
2025-12-16 12:55:00,3641.1803999999997,4012.5713,winter,day4,30
2025-12-16 13:00:00,4079.0616,4000.6238,winter,day4,30
2025-12-16 13:05:00,5389.7448,3971.572,winter,day4,30
2025-12-16 13:10:00,4180.530000000001,3950.1047,winter,day4,30
2025-12-16 13:15:00,3867.5292,3919.1436,winter,day4,30
2025-12-16 13:20:00,3947.0832,3861.493,winter,day4,30
2025-12-16 13:25:00,4291.2084,3840.7324,winter,day4,30
2025-12-16 13:30:00,3750.8556,3851.6758,winter,day4,30
2025-12-16 13:35:00,3951.222,3846.9092,winter,day4,30
2025-12-16 13:40:00,3920.4024,3864.6426,winter,day4,30
2025-12-16 13:45:00,3324.2484000000004,3886.9146,winter,day4,30
2025-12-16 13:50:00,3828.1944000000003,3925.5942,winter,day4,30
2025-12-16 13:55:00,3311.3136,3976.174,winter,day4,30
2025-12-16 14:00:00,3627.4115999999995,4036.7612,winter,day4,30
2025-12-16 14:05:00,3714.8712,4084.233,winter,day4,30
2025-12-16 14:10:00,4166.5199999999995,4130.2925,winter,day4,30
2025-12-16 14:15:00,3917.3808000000004,4166.1045,winter,day4,30
2025-12-16 14:20:00,5278.9044,4185.5747,winter,day4,30
2025-12-16 14:25:00,3564.9252,4204.3965,winter,day4,30
2025-12-16 14:30:00,3410.8896,4221.4897,winter,day4,30
2025-12-16 14:35:00,3794.142,4275.6484,winter,day4,30
2025-12-16 14:40:00,4064.0759999999996,4375.589,winter,day4,30
2025-12-16 14:45:00,4060.0187999999994,4456.9893,winter,day4,30
2025-12-16 14:50:00,5638.8264,4531.417,winter,day4,30
2025-12-16 14:55:00,4045.8311999999996,4612.1304,winter,day4,30
2025-12-16 15:00:00,5577.5988,4704.3228,winter,day4,30
2025-12-16 15:05:00,5338.7663999999995,4801.523,winter,day4,30
2025-12-16 15:10:00,4601.8332,4877.1416,winter,day4,30
2025-12-16 15:15:00,4514.3004,4961.1426,winter,day4,30
2025-12-16 15:20:00,4651.674000000001,5012.85,winter,day4,30
2025-12-16 15:25:00,4688.780400000001,5086.174,winter,day4,30
2025-12-16 15:30:00,5018.646,5134.326,winter,day4,30
2025-12-16 15:35:00,4649.3124,5202.9663,winter,day4,30
2025-12-16 15:40:00,5036.8956,5312.3066,winter,day4,30
2025-12-16 15:45:00,6101.222400000001,5418.7334,winter,day4,30
2025-12-16 15:50:00,5310.1344,5470.958,winter,day4,30
2025-12-16 15:55:00,5578.8444,5505.3877,winter,day4,30
2025-12-16 16:00:00,6418.926,5764.032,winter,day4,30
2025-12-16 16:05:00,6934.9872000000005,5834.276,winter,day4,30
2025-12-16 16:10:00,5723.4084,5904.2188,winter,day4,30
2025-12-16 16:15:00,6220.02,5920.951,winter,day4,30
2025-12-16 16:20:00,6189.9816,5894.7705,winter,day4,30
2025-12-16 16:25:00,8523.5976,5909.241,winter,day4,30
2025-12-16 16:30:00,6921.2136,5899.919,winter,day4,30
2025-12-16 16:35:00,6369.4176,5910.725,winter,day4,30
2025-12-16 16:40:00,5543.4936,5974.574,winter,day4,30
2025-12-16 16:45:00,5541.312,5956.6216,winter,day4,30
2025-12-16 16:50:00,6021.54,5969.2095,winter,day4,30
2025-12-16 16:55:00,5594.2212,5952.83,winter,day4,30
2025-12-16 17:00:00,5404.383599999999,5975.432,winter,day4,30
2025-12-16 17:05:00,5644.6044,5979.6494,winter,day4,30
2025-12-16 17:10:00,5346.6396,5961.8853,winter,day4,30
2025-12-16 17:15:00,5382.9756,5906.4277,winter,day4,30
2025-12-16 17:20:00,5437.419599999999,5610.167,winter,day4,30
2025-12-16 17:25:00,5168.364,5463.51,winter,day4,30
2025-12-16 17:30:00,4849.17,5555.4517,winter,day4,30
2025-12-16 17:35:00,4824.846,5416.748,winter,day4,30
2025-12-16 17:40:00,4795.218,5461.6445,winter,day4,30
2025-12-16 17:45:00,4838.4264,5500.4316,winter,day4,30
2025-12-16 17:50:00,5375.1948,5797.8384,winter,day4,30
2025-12-16 17:55:00,6129.4152,5900.959,winter,day4,30
2025-12-16 18:00:00,7022.948399999999,6400.3936,winter,day4,30
2025-12-16 18:05:00,9322.598399999999,8435.449,winter,day4,30
2025-12-16 18:10:00,12304.332,10201.79,winter,day4,30
2025-12-16 18:15:00,13883.9892,10469.949,winter,day4,30
2025-12-16 18:20:00,10606.9176,9988.754,winter,day4,30
2025-12-16 18:25:00,11033.883600000001,9772.45,winter,day4,30
2025-12-16 18:30:00,10770.066,9784.959,winter,day4,30
2025-12-16 18:35:00,10817.2656,9553.227,winter,day4,30
2025-12-16 18:40:00,10768.5732,9473.166,winter,day4,30
2025-12-16 18:45:00,11083.158,8886.387,winter,day4,30
2025-12-16 18:50:00,10502.316,8468.238,winter,day4,30
2025-12-16 18:55:00,11726.8764,8789.966,winter,day4,30
2025-12-16 19:00:00,9362.4708,9093.947,winter,day4,30
2025-12-16 19:05:00,8939.4012,8856.809,winter,day4,30
2025-12-16 19:10:00,9068.5296,8548.559,winter,day4,30
2025-12-16 19:15:00,10369.382399999999,8697.052,winter,day4,30
2025-12-16 19:20:00,4406.4276,5296.4214,winter,day4,30
2025-12-16 19:25:00,4186.9980000000005,4485.525,winter,day4,30
2025-12-16 19:30:00,3759.4103999999998,4479.075,winter,day4,30
2025-12-16 19:35:00,3591.4980000000005,4417.3555,winter,day4,30
2025-12-16 19:40:00,3997.8432000000003,4305.0854,winter,day4,30
2025-12-16 19:45:00,4548.5256,4318.7837,winter,day4,30
2025-12-16 19:50:00,3994.7388,4252.875,winter,day4,30
2025-12-16 19:55:00,3709.2588000000005,4198.796,winter,day4,30
2025-12-16 20:00:00,3851.6184000000003,4043.3672,winter,day4,30
2025-12-16 20:05:00,3718.47,4026.553,winter,day4,30
2025-12-16 20:10:00,3542.9483999999998,4000.4038,winter,day4,30
2025-12-16 20:15:00,3521.2992,3906.7705,winter,day4,30
2025-12-16 20:20:00,3372.9900000000002,3833.397,winter,day4,30
2025-12-16 20:25:00,3389.2332,3759.5598,winter,day4,30
2025-12-16 20:30:00,3283.4328,3660.0825,winter,day4,30
2025-12-16 20:35:00,3479.4120000000003,3591.5703,winter,day4,30
2025-12-16 20:40:00,3745.8095999999996,3527.6716,winter,day4,30
2025-12-16 20:45:00,3636.8256,3434.7957,winter,day4,30
2025-12-16 20:50:00,3511.9475999999995,3333.3132,winter,day4,30
2025-12-16 20:55:00,3160.8300000000004,3250.049,winter,day4,30
2025-12-16 21:00:00,2850.8544,3157.971,winter,day4,30
2025-12-16 21:05:00,3042.5196,3063.7124,winter,day4,30
2025-12-16 21:10:00,2641.8276,3000.8867,winter,day4,30
2025-12-16 21:15:00,2519.262,2928.206,winter,day4,30
2025-12-16 21:20:00,2553.0744,2608.6057,winter,day4,30
2025-12-16 21:25:00,2424.522,2548.1562,winter,day4,30
2025-12-16 21:30:00,2406.6228,2524.8872,winter,day4,30
2025-12-16 21:35:00,2408.4168,2516.905,winter,day4,30
2025-12-16 21:40:00,2452.5396,2501.1997,winter,day4,30
2025-12-16 21:45:00,2527.0487999999996,2503.3594,winter,day4,30
2025-12-16 21:50:00,2566.5407999999998,2498.8691,winter,day4,30
2025-12-16 21:55:00,2691.1824,2499.7803,winter,day4,30
2025-12-16 22:00:00,2636.7324,2504.8894,winter,day4,30
2025-12-16 22:05:00,2519.8163999999997,2522.9424,winter,day4,30
2025-12-16 22:10:00,2459.0063999999998,2509.6143,winter,day4,30
2025-12-16 22:15:00,2469.444,2522.3843,winter,day4,30
2025-12-16 22:20:00,2629.8804,2522.708,winter,day4,30
2025-12-16 22:25:00,2411.6412,2521.4424,winter,day4,30
2025-12-16 22:30:00,2404.7952,2519.8782,winter,day4,30
2025-12-16 22:35:00,2386.5227999999997,2518.5554,winter,day4,30
2025-12-16 22:40:00,2356.6524,2493.499,winter,day4,30
2025-12-16 22:45:00,2410.1699999999996,2490.7546,winter,day4,30
2025-12-16 22:50:00,2458.6308,2493.092,winter,day4,30
2025-12-16 22:55:00,2457.5592,2498.9746,winter,day4,30
2025-12-16 23:00:00,2356.7484,2487.77,winter,day4,30
2025-12-16 23:05:00,2337.0996,2495.8896,winter,day4,30
2025-12-16 23:10:00,2441.2511999999997,2504.4443,winter,day4,30
2025-12-16 23:15:00,2482.1556,2497.914,winter,day4,30
2025-12-16 23:20:00,2489.8968,2495.0168,winter,day4,30
2025-12-16 23:25:00,2577.7008,2515.4282,winter,day4,30
2025-12-16 23:30:00,2728.6416,2505.3438,winter,day4,30
2025-12-16 23:35:00,2683.764,2511.9087,winter,day4,30
2025-12-16 23:40:00,2471.9808000000003,2512.9136,winter,day4,30
2025-12-16 23:45:00,2458.0584,2514.441,winter,day4,30
2025-12-16 23:50:00,2508.2268,2506.4897,winter,day4,30
2025-12-16 23:55:00,2562.8736,2515.188,winter,day4,30
2025-12-31 00:00:00,3338.9136,3269.5151,winter,day5,34
2025-12-31 00:05:00,3319.3343999999997,3271.8843,winter,day5,34
2025-12-31 00:10:00,2794.9272,3306.6155,winter,day5,34
2025-12-31 00:15:00,3241.1208,3332.7842,winter,day5,34
2025-12-31 00:20:00,2992.0703999999996,3338.481,winter,day5,34
2025-12-31 00:25:00,3351.4127999999996,3368.2085,winter,day5,34
2025-12-31 00:30:00,3351.6444,3387.4324,winter,day5,34
2025-12-31 00:35:00,2985.12,3404.9468,winter,day5,34
2025-12-31 00:40:00,3308.274,3424.8948,winter,day5,34
2025-12-31 00:45:00,3283.6752,3413.02,winter,day5,34
2025-12-31 00:50:00,3266.0256,3431.7993,winter,day5,34
2025-12-31 00:55:00,3306.7512,3448.2012,winter,day5,34
2025-12-31 01:00:00,2924.0676,3441.6072,winter,day5,34
2025-12-31 01:05:00,3583.3644,3390.0234,winter,day5,34
2025-12-31 01:10:00,3572.2008,3366.8833,winter,day5,34
2025-12-31 01:15:00,3407.7563999999998,3330.913,winter,day5,34
2025-12-31 01:20:00,3333.2388,3068.3403,winter,day5,34
2025-12-31 01:25:00,3103.6272,3022.8665,winter,day5,34
2025-12-31 01:30:00,3114.5016,2938.7227,winter,day5,34
2025-12-31 01:35:00,2717.7156,2824.9888,winter,day5,34
2025-12-31 01:40:00,2677.3104,2755.3474,winter,day5,34
2025-12-31 01:45:00,2759.4504,2711.3628,winter,day5,34
2025-12-31 01:50:00,2732.4624,2696.3857,winter,day5,34
2025-12-31 01:55:00,2525.8248,2671.417,winter,day5,34
2025-12-31 02:00:00,2513.3172,2646.5234,winter,day5,34
2025-12-31 02:05:00,2507.8452,2650.9797,winter,day5,34
2025-12-31 02:10:00,2518.17,2623.858,winter,day5,34
2025-12-31 02:15:00,2575.4700000000003,2612.9548,winter,day5,34
2025-12-31 02:20:00,2600.076,2597.336,winter,day5,34
2025-12-31 02:25:00,2733.7608,2597.1562,winter,day5,34
2025-12-31 02:30:00,2878.1268,2606.7588,winter,day5,34
2025-12-31 02:35:00,2681.0556,2622.872,winter,day5,34
2025-12-31 02:40:00,2654.16,2648.6646,winter,day5,34
2025-12-31 02:45:00,2642.2284,2646.6396,winter,day5,34
2025-12-31 02:50:00,2643.522,2662.5535,winter,day5,34
2025-12-31 02:55:00,2711.7408000000005,2656.417,winter,day5,34
2025-12-31 03:00:00,2456.0964,2641.024,winter,day5,34
2025-12-31 03:05:00,2610.2784,2654.0166,winter,day5,34
2025-12-31 03:10:00,2780.85,2664.3174,winter,day5,34
2025-12-31 03:15:00,2629.2455999999997,2667.4258,winter,day5,34
2025-12-31 03:20:00,2558.4924,2668.7266,winter,day5,34
2025-12-31 03:25:00,2607.1164,2694.4348,winter,day5,34
2025-12-31 03:30:00,2624.0988,2688.6968,winter,day5,34
2025-12-31 03:35:00,2653.4604,2698.014,winter,day5,34
2025-12-31 03:40:00,2596.5335999999998,2691.9956,winter,day5,34
2025-12-31 03:45:00,2587.9199999999996,2687.4673,winter,day5,34
2025-12-31 03:50:00,2564.3892,2671.471,winter,day5,34
2025-12-31 03:55:00,2620.44,2676.2322,winter,day5,34
2025-12-31 04:00:00,2676.4896,2665.0269,winter,day5,34
2025-12-31 04:05:00,2725.3512,2659.4277,winter,day5,34
2025-12-31 04:10:00,2698.3068,2659.6987,winter,day5,34
2025-12-31 04:15:00,2618.6076000000003,2653.2422,winter,day5,34
2025-12-31 04:20:00,2582.802,2635.4546,winter,day5,34
2025-12-31 04:25:00,2585.6232,2647.6387,winter,day5,34
2025-12-31 04:30:00,2729.1276,2657.2632,winter,day5,34
2025-12-31 04:35:00,2707.9440000000004,2645.1345,winter,day5,34
2025-12-31 04:40:00,2614.2036,2645.7502,winter,day5,34
2025-12-31 04:45:00,2609.3724,2665.4087,winter,day5,34
2025-12-31 04:50:00,2532.6348,2654.5537,winter,day5,34
2025-12-31 04:55:00,2524.2924,2662.615,winter,day5,34
2025-12-31 05:00:00,2552.7192,2665.4895,winter,day5,34
2025-12-31 05:05:00,2590.962,2666.1921,winter,day5,34
2025-12-31 05:10:00,2662.6608,2659.2954,winter,day5,34
2025-12-31 05:15:00,2660.9856,2672.8345,winter,day5,34
2025-12-31 05:20:00,2644.1448,2649.0283,winter,day5,34
2025-12-31 05:25:00,2650.6716,2642.871,winter,day5,34
2025-12-31 05:30:00,2610.084,2648.8047,winter,day5,34
2025-12-31 05:35:00,2720.0328,2657.1802,winter,day5,34
2025-12-31 05:40:00,2779.6992,2641.4827,winter,day5,34
2025-12-31 05:45:00,2879.2716,2667.1284,winter,day5,34
2025-12-31 05:50:00,2901.7116,2683.125,winter,day5,34
2025-12-31 05:55:00,2602.9991999999997,2689.5361,winter,day5,34
2025-12-31 06:00:00,2562.9984,2692.1565,winter,day5,34
2025-12-31 06:05:00,2562.6924,2721.3945,winter,day5,34
2025-12-31 06:10:00,2514.3912,2716.6875,winter,day5,34
2025-12-31 06:15:00,2505.2196,2739.3413,winter,day5,34
2025-12-31 06:20:00,2627.9424,2755.7097,winter,day5,34
2025-12-31 06:25:00,2631.9516,2767.7036,winter,day5,34
2025-12-31 06:30:00,2570.6196,2791.4517,winter,day5,34
2025-12-31 06:35:00,2528.904,2824.8896,winter,day5,34
2025-12-31 06:40:00,2597.9376,2956.3262,winter,day5,34
2025-12-31 06:45:00,3277.6716,2982.8044,winter,day5,34
2025-12-31 06:50:00,2724.3419999999996,3112.731,winter,day5,34
2025-12-31 06:55:00,3794.3148,3255.151,winter,day5,34
2025-12-31 07:00:00,3542.3412,3343.0918,winter,day5,34
2025-12-31 07:05:00,3736.728,3389.1104,winter,day5,34
2025-12-31 07:10:00,3571.6476000000002,3416.853,winter,day5,34
2025-12-31 07:15:00,3651.3527999999997,3562.1287,winter,day5,34
2025-12-31 07:20:00,3699.6192,3900.2332,winter,day5,34
2025-12-31 07:25:00,3630.0996,4355.091,winter,day5,34
2025-12-31 07:30:00,3662.142,4699.508,winter,day5,34
2025-12-31 07:35:00,3685.2119999999995,4865.159,winter,day5,34
2025-12-31 07:40:00,3743.3592,5031.527,winter,day5,34
2025-12-31 07:45:00,3919.9871999999996,4902.15,winter,day5,34
2025-12-31 07:50:00,4016.8248,4867.8076,winter,day5,34
2025-12-31 07:55:00,3773.514,4900.117,winter,day5,34
2025-12-31 08:00:00,3514.1724000000004,4898.581,winter,day5,34
2025-12-31 08:05:00,3398.4924,4914.199,winter,day5,34
2025-12-31 08:10:00,3332.1804,4911.0894,winter,day5,34
2025-12-31 08:15:00,3295.9188000000004,4922.742,winter,day5,34
2025-12-31 08:20:00,3875.2344,4927.065,winter,day5,34
2025-12-31 08:25:00,4055.7504,4925.2065,winter,day5,34
2025-12-31 08:30:00,4329.8328,4907.8145,winter,day5,34
2025-12-31 08:35:00,3847.4483999999998,4923.049,winter,day5,34
2025-12-31 08:40:00,3638.88,4928.1396,winter,day5,34
2025-12-31 08:45:00,4250.6004,4937.9985,winter,day5,34
2025-12-31 08:50:00,5217.933599999999,4951.1387,winter,day5,34
2025-12-31 08:55:00,5401.4208,4933.511,winter,day5,34
2025-12-31 09:00:00,5468.3712,4968.2734,winter,day5,34
2025-12-31 09:05:00,6148.494000000001,4973.2983,winter,day5,34
2025-12-31 09:10:00,5363.1864000000005,4942.2354,winter,day5,34
2025-12-31 09:15:00,5088.996,4925.1816,winter,day5,34
2025-12-31 09:20:00,4635.3804,4697.008,winter,day5,34
2025-12-31 09:25:00,4231.6344,4683.3887,winter,day5,34
2025-12-31 09:30:00,4401.9384,4690.795,winter,day5,34
2025-12-31 09:35:00,4285.6488,4690.8374,winter,day5,34
2025-12-31 09:40:00,4400.7660000000005,4712.141,winter,day5,34
2025-12-31 09:45:00,10283.52,4707.9614,winter,day5,34
2025-12-31 09:50:00,9461.2608,4663.832,winter,day5,34
2025-12-31 09:55:00,6320.339999999999,4687.763,winter,day5,34
2025-12-31 10:00:00,5219.9544000000005,4690.028,winter,day5,34
2025-12-31 10:05:00,6990.068399999999,4703.422,winter,day5,34
2025-12-31 10:10:00,7397.634000000001,4699.349,winter,day5,34
2025-12-31 10:15:00,6904.8912,4696.5996,winter,day5,34
2025-12-31 10:20:00,7039.7004,4716.3237,winter,day5,34
2025-12-31 10:25:00,5734.6788,4719.501,winter,day5,34
2025-12-31 10:30:00,4595.825999999999,4702.8555,winter,day5,34
2025-12-31 10:35:00,4877.7708,4714.164,winter,day5,34
2025-12-31 10:40:00,4928.214,4719.291,winter,day5,34
2025-12-31 10:45:00,4913.7684,4744.218,winter,day5,34
2025-12-31 10:50:00,4863.794400000001,4757.382,winter,day5,34
2025-12-31 10:55:00,4884.3576,4772.29,winter,day5,34
2025-12-31 11:00:00,6113.4084,4785.3228,winter,day5,34
2025-12-31 11:05:00,6825.190799999999,4769.078,winter,day5,34
2025-12-31 11:10:00,4889.0424,4721.608,winter,day5,34
2025-12-31 11:15:00,4561.323600000001,4710.601,winter,day5,34
2025-12-31 11:20:00,4379.131200000001,4682.8003,winter,day5,34
2025-12-31 11:25:00,4388.6124,4674.281,winter,day5,34
2025-12-31 11:30:00,4846.6488,4642.1323,winter,day5,34
2025-12-31 11:35:00,4757.1408,4649.409,winter,day5,34
2025-12-31 11:40:00,4462.3944,4642.27,winter,day5,34
2025-12-31 11:45:00,4755.7464,4639.7974,winter,day5,34
2025-12-31 11:50:00,4390.89,4594.059,winter,day5,34
2025-12-31 11:55:00,4404.8412,4599.489,winter,day5,34
2025-12-31 12:00:00,5794.1556,4556.4316,winter,day5,34
2025-12-31 12:05:00,4418.346,4557.0566,winter,day5,34
2025-12-31 12:10:00,5056.236,4542.331,winter,day5,34
2025-12-31 12:15:00,5098.2708,4522.3955,winter,day5,34
2025-12-31 12:20:00,4206.414,4508.0034,winter,day5,34
2025-12-31 12:25:00,3740.4792,4466.933,winter,day5,34
2025-12-31 12:30:00,4270.369199999999,4418.8643,winter,day5,34
2025-12-31 12:35:00,3738.846,4437.0005,winter,day5,34
2025-12-31 12:40:00,3676.3055999999997,4417.6396,winter,day5,34
2025-12-31 12:45:00,3983.2188,4407.5127,winter,day5,34
2025-12-31 12:50:00,4142.532,4378.021,winter,day5,34
2025-12-31 12:55:00,4682.7924,4398.2573,winter,day5,34
2025-12-31 13:00:00,3651.5472,4379.714,winter,day5,34
2025-12-31 13:05:00,3380.8475999999996,4358.8545,winter,day5,34
2025-12-31 13:10:00,3235.3272,4303.266,winter,day5,34
2025-12-31 13:15:00,3393.5544,4278.9033,winter,day5,34
2025-12-31 13:20:00,3722.7455999999997,4208.482,winter,day5,34
2025-12-31 13:25:00,3094.4916,4153.754,winter,day5,34
2025-12-31 13:30:00,3354.0228,4147.015,winter,day5,34
2025-12-31 13:35:00,3534.4464,4160.6357,winter,day5,34
2025-12-31 13:40:00,4910.742,4165.31,winter,day5,34
2025-12-31 13:45:00,3182.7648,4142.157,winter,day5,34
2025-12-31 13:50:00,3054.1944,4117.5835,winter,day5,34
2025-12-31 13:55:00,3002.3016000000002,4156.857,winter,day5,34
2025-12-31 14:00:00,2984.1696,4155.545,winter,day5,34
2025-12-31 14:05:00,3174.0047999999997,4156.021,winter,day5,34
2025-12-31 14:10:00,3060.2676,4157.4473,winter,day5,34
2025-12-31 14:15:00,3016.8,4182.3193,winter,day5,34
2025-12-31 14:20:00,3024.552,4195.5723,winter,day5,34
2025-12-31 14:25:00,3008.0016,4197.937,winter,day5,34
2025-12-31 14:30:00,2977.5504,4192.632,winter,day5,34
2025-12-31 14:35:00,2995.1868,4240.7266,winter,day5,34
2025-12-31 14:40:00,3277.6440000000002,4418.535,winter,day5,34
2025-12-31 14:45:00,3150.348,4455.76,winter,day5,34
2025-12-31 14:50:00,3066.4632,4511.945,winter,day5,34
2025-12-31 14:55:00,3065.202,4584.5195,winter,day5,34
2025-12-31 15:00:00,3021.1884,4631.0815,winter,day5,34
2025-12-31 15:05:00,2968.5,4645.5796,winter,day5,34
2025-12-31 15:10:00,2935.4376,4656.1514,winter,day5,34
2025-12-31 15:15:00,3112.5912,4720.566,winter,day5,34
2025-12-31 15:20:00,3107.9436,4779.896,winter,day5,34
2025-12-31 15:25:00,2957.5236,4836.477,winter,day5,34
2025-12-31 15:30:00,2978.1096,4892.533,winter,day5,34
2025-12-31 15:35:00,2978.2392,4928.0103,winter,day5,34
2025-12-31 15:40:00,2978.1612,5019.2812,winter,day5,34
2025-12-31 15:45:00,2993.9676,5064.6294,winter,day5,34
2025-12-31 15:50:00,3241.9056,5089.888,winter,day5,34
2025-12-31 15:55:00,3256.4268,5141.2036,winter,day5,34
2025-12-31 16:00:00,3148.1603999999998,5391.7773,winter,day5,34
2025-12-31 16:05:00,3193.7232,5411.146,winter,day5,34
2025-12-31 16:10:00,3213.4632,5439.133,winter,day5,34
2025-12-31 16:15:00,3326.7936,5446.697,winter,day5,34
2025-12-31 16:20:00,3319.1495999999997,5452.661,winter,day5,34
2025-12-31 16:25:00,3282.486,5462.6035,winter,day5,34
2025-12-31 16:30:00,3423.804,5461.6597,winter,day5,34
2025-12-31 16:35:00,3312.3659999999995,5494.3745,winter,day5,34
2025-12-31 16:40:00,3215.3652,5531.686,winter,day5,34
2025-12-31 16:45:00,3342.4656000000004,5532.419,winter,day5,34
2025-12-31 16:50:00,3411.024,5563.1665,winter,day5,34
2025-12-31 16:55:00,3581.5235999999995,5544.2334,winter,day5,34
2025-12-31 17:00:00,3520.2288,5592.1304,winter,day5,34
2025-12-31 17:05:00,3353.9616,5588.4175,winter,day5,34
2025-12-31 17:10:00,3362.9724,5547.4487,winter,day5,34
2025-12-31 17:15:00,3338.9352,5490.3486,winter,day5,34
2025-12-31 17:20:00,3324.5736000000006,5367.7695,winter,day5,34
2025-12-31 17:25:00,3249.9816,5219.132,winter,day5,34
2025-12-31 17:30:00,3212.5800000000004,5177.693,winter,day5,34
2025-12-31 17:35:00,3211.5263999999997,5097.3804,winter,day5,34
2025-12-31 17:40:00,3443.358,5187.4736,winter,day5,34
2025-12-31 17:45:00,3471.1619999999994,5131.0547,winter,day5,34
2025-12-31 17:50:00,3254.922,5157.321,winter,day5,34
2025-12-31 17:55:00,3212.4456,5241.087,winter,day5,34
2025-12-31 18:00:00,3897.6492,5730.404,winter,day5,34
2025-12-31 18:05:00,6079.2816,8635.84,winter,day5,34
2025-12-31 18:10:00,8732.07,10459.822,winter,day5,34
2025-12-31 18:15:00,10121.2344,10626.049,winter,day5,34
2025-12-31 18:20:00,10166.0112,10216.316,winter,day5,34
2025-12-31 18:25:00,9286.32,10005.752,winter,day5,34
2025-12-31 18:30:00,9876.8364,9951.976,winter,day5,34
2025-12-31 18:35:00,9728.7576,9908.932,winter,day5,34
2025-12-31 18:40:00,10754.2644,10004.311,winter,day5,34
2025-12-31 18:45:00,9422.2032,9842.029,winter,day5,34
2025-12-31 18:50:00,10060.2228,9556.943,winter,day5,34
2025-12-31 18:55:00,9426.3576,9662.426,winter,day5,34
2025-12-31 19:00:00,10228.1712,9734.15,winter,day5,34
2025-12-31 19:05:00,9329.5824,9728.754,winter,day5,34
2025-12-31 19:10:00,9846.7392,9642.117,winter,day5,34
2025-12-31 19:15:00,9757.6764,9201.374,winter,day5,34
2025-12-31 19:20:00,3601.8120000000004,5103.334,winter,day5,34
2025-12-31 19:25:00,2518.1063999999997,4253.0425,winter,day5,34
2025-12-31 19:30:00,2554.3332,4091.0168,winter,day5,34
2025-12-31 19:35:00,2569.9883999999997,3917.84,winter,day5,34
2025-12-31 19:40:00,2584.7196,3879.2559,winter,day5,34
2025-12-31 19:45:00,2544.3527999999997,3940.3555,winter,day5,34
2025-12-31 19:50:00,2550.6443999999997,3861.501,winter,day5,34
2025-12-31 19:55:00,2509.4736000000003,3702.674,winter,day5,34
2025-12-31 20:00:00,2468.7516,3469.1353,winter,day5,34
2025-12-31 20:05:00,2578.404,3287.8525,winter,day5,34
2025-12-31 20:10:00,2585.016,3110.454,winter,day5,34
2025-12-31 20:15:00,2491.5156,2990.2815,winter,day5,34
2025-12-31 20:20:00,2616.33,2869.7441,winter,day5,34
2025-12-31 20:25:00,2699.3508,2789.0781,winter,day5,34
2025-12-31 20:30:00,2727.7608,2733.0417,winter,day5,34
2025-12-31 20:35:00,2821.0836000000004,2707.4863,winter,day5,34
2025-12-31 20:40:00,2587.2383999999997,2713.2432,winter,day5,34
2025-12-31 20:45:00,2546.3856,2703.6182,winter,day5,34
2025-12-31 20:50:00,2522.6184000000003,2670.5334,winter,day5,34
2025-12-31 20:55:00,2542.3464,2664.2466,winter,day5,34
2025-12-31 21:00:00,2529.996,2650.3047,winter,day5,34
2025-12-31 21:05:00,2506.7016,2632.315,winter,day5,34
2025-12-31 21:10:00,2507.3232,2632.4146,winter,day5,34
2025-12-31 21:15:00,2447.2799999999997,2612.2808,winter,day5,34
2025-12-31 21:20:00,2453.8836,2607.673,winter,day5,34
2025-12-31 21:25:00,2469.5328,2607.5208,winter,day5,34
2025-12-31 21:30:00,2475.8928,2608.1475,winter,day5,34
2025-12-31 21:35:00,2655.1764,2607.5833,winter,day5,34
2025-12-31 21:40:00,2679.09,2592.377,winter,day5,34
2025-12-31 21:45:00,2519.6688000000004,2601.4263,winter,day5,34
2025-12-31 21:50:00,2522.1984,2609.576,winter,day5,34
2025-12-31 21:55:00,2541.0371999999998,2597.9382,winter,day5,34
2025-12-31 22:00:00,2644.1531999999997,2595.5967,winter,day5,34
2025-12-31 22:05:00,2618.184,2609.8723,winter,day5,34
2025-12-31 22:10:00,2623.7676,2598.789,winter,day5,34
2025-12-31 22:15:00,2541.876,2605.4705,winter,day5,34
2025-12-31 22:20:00,2579.6711999999998,2606.0225,winter,day5,34
2025-12-31 22:25:00,2563.0739999999996,2607.3662,winter,day5,34
2025-12-31 22:30:00,2559.7188,2598.5781,winter,day5,34
2025-12-31 22:35:00,2531.4911999999995,2614.483,winter,day5,34
2025-12-31 22:40:00,2508.1008,2606.6138,winter,day5,34
2025-12-31 22:45:00,2500.602,2602.101,winter,day5,34
2025-12-31 22:50:00,2753.952,2614.9043,winter,day5,34
2025-12-31 22:55:00,2793.0588,2626.6196,winter,day5,34
2025-12-31 23:00:00,2577.3888,2615.939,winter,day5,34
2025-12-31 23:05:00,2533.2312,2630.483,winter,day5,34
2025-12-31 23:10:00,2484.7104,2644.232,winter,day5,34
2025-12-31 23:15:00,2511.4008000000003,2655.4043,winter,day5,34
2025-12-31 23:20:00,2530.2252,2651.1191,winter,day5,34
2025-12-31 23:25:00,2549.9352,2696.6094,winter,day5,34
2025-12-31 23:30:00,2534.6004000000003,2695.167,winter,day5,34
2025-12-31 23:35:00,2584.8216,2723.7944,winter,day5,34
2025-12-31 23:40:00,2595.6192,2754.8833,winter,day5,34
2025-12-31 23:45:00,2565.9672,2777.912,winter,day5,34
2025-12-31 23:50:00,2620.8684000000003,2808.7822,winter,day5,34
2025-12-31 23:55:00,2719.3668000000002,2858.3958,winter,day5,34
2025-06-01 00:00:00,2526.7452000000003,2508.6016,summer,day1,32
2025-06-01 00:05:00,2463.0612,2501.1082,summer,day1,32
2025-06-01 00:10:00,2445.3624,2498.4211,summer,day1,32
2025-06-01 00:15:00,2434.8624,2492.0007,summer,day1,32
2025-06-01 00:20:00,2444.8836,2481.872,summer,day1,32
2025-06-01 00:25:00,2443.6536,2490.983,summer,day1,32
2025-06-01 00:30:00,2400.8712,2502.0183,summer,day1,32
2025-06-01 00:35:00,2397.0864,2500.707,summer,day1,32
2025-06-01 00:40:00,2408.7204,2508.4834,summer,day1,32
2025-06-01 00:45:00,2576.5236,2525.6802,summer,day1,32
2025-06-01 00:50:00,2515.4268,2525.1582,summer,day1,32
2025-06-01 00:55:00,2153.4936000000002,2528.7778,summer,day1,32
2025-06-01 01:00:00,2206.2684,2533.004,summer,day1,32
2025-06-01 01:05:00,2483.8824,2529.3284,summer,day1,32
2025-06-01 01:10:00,2487.558,2516.3027,summer,day1,32
2025-06-01 01:15:00,2458.3416,2512.4492,summer,day1,32
2025-06-01 01:20:00,2445.9036,2493.8643,summer,day1,32
2025-06-01 01:25:00,2436.6744,2495.879,summer,day1,32
2025-06-01 01:30:00,2437.7196,2499.6191,summer,day1,32
2025-06-01 01:35:00,2587.3559999999998,2500.0586,summer,day1,32
2025-06-01 01:40:00,2479.992,2493.3745,summer,day1,32
2025-06-01 01:45:00,2388.192,2501.5264,summer,day1,32
2025-06-01 01:50:00,2394.2076,2509.9358,summer,day1,32
2025-06-01 01:55:00,2490.8304,2509.542,summer,day1,32
2025-06-01 02:00:00,2550.2843999999996,2507.2422,summer,day1,32
2025-06-01 02:05:00,2232.5172,2516.9927,summer,day1,32
2025-06-01 02:10:00,2317.0955999999996,2509.1328,summer,day1,32
2025-06-01 02:15:00,2408.6268,2511.008,summer,day1,32
2025-06-01 02:20:00,2410.9224,2510.5254,summer,day1,32
2025-06-01 02:25:00,2668.9451999999997,2509.5112,summer,day1,32
2025-06-01 02:30:00,2585.2272000000003,2506.3384,summer,day1,32
2025-06-01 02:35:00,2479.1099999999997,2511.9668,summer,day1,32
2025-06-01 02:40:00,2463.4188,2504.729,summer,day1,32
2025-06-01 02:45:00,2463.426,2506.384,summer,day1,32
2025-06-01 02:50:00,2449.2504,2505.3987,summer,day1,32
2025-06-01 02:55:00,2430.3516,2500.955,summer,day1,32
2025-06-01 03:00:00,2278.2048,2493.5918,summer,day1,32
2025-06-01 03:05:00,2049.5772,2497.1133,summer,day1,32
2025-06-01 03:10:00,2396.1804,2496.3867,summer,day1,32
2025-06-01 03:15:00,2571.4836,2487.8315,summer,day1,32
2025-06-01 03:20:00,2472.3228,2485.737,summer,day1,32
2025-06-01 03:25:00,2364.7223999999997,2496.0654,summer,day1,32
2025-06-01 03:30:00,2362.8804,2487.0146,summer,day1,32
2025-06-01 03:35:00,2403.0744,2490.4468,summer,day1,32
2025-06-01 03:40:00,2472.7284,2491.3481,summer,day1,32
2025-06-01 03:45:00,2457.0335999999998,2491.186,summer,day1,32
2025-06-01 03:50:00,2505.8808,2486.1426,summer,day1,32
2025-06-01 03:55:00,2628.3024,2491.3525,summer,day1,32
2025-06-01 04:00:00,2548.8804,2493.829,summer,day1,32
2025-06-01 04:05:00,2958.8952,2494.707,summer,day1,32
2025-06-01 04:10:00,2742.2664,2492.0835,summer,day1,32
2025-06-01 04:15:00,2707.5528,2487.226,summer,day1,32
2025-06-01 04:20:00,2519.6711999999998,2480.288,summer,day1,32
2025-06-01 04:25:00,2526.5076,2484.4343,summer,day1,32
2025-06-01 04:30:00,2333.9604,2482.359,summer,day1,32
2025-06-01 04:35:00,2619.3684000000003,2471.9666,summer,day1,32
2025-06-01 04:40:00,2623.7064,2465.317,summer,day1,32
2025-06-01 04:45:00,2598.2364000000002,2475.8413,summer,day1,32
2025-06-01 04:50:00,2679.3684000000003,2456.6064,summer,day1,32
2025-06-01 04:55:00,2428.9248,2460.7278,summer,day1,32
2025-06-01 05:00:00,2514.702,2461.1904,summer,day1,32
2025-06-01 05:05:00,2484.4308,2456.1646,summer,day1,32
2025-06-01 05:10:00,2354.9424,2448.6255,summer,day1,32
2025-06-01 05:15:00,2305.1148000000003,2453.5942,summer,day1,32
2025-06-01 05:20:00,2247.9636,2444.295,summer,day1,32
2025-06-01 05:25:00,2213.5667999999996,2436.801,summer,day1,32
2025-06-01 05:30:00,2216.1144,2430.0693,summer,day1,32
2025-06-01 05:35:00,2200.464,2424.851,summer,day1,32
2025-06-01 05:40:00,2392.1304,2410.7993,summer,day1,32
2025-06-01 05:45:00,2271.996,2413.4438,summer,day1,32
2025-06-01 05:50:00,1770.0084,2414.4395,summer,day1,32
2025-06-01 05:55:00,2016.8064,2410.7673,summer,day1,32
2025-06-01 06:00:00,2133.8292,2408.9617,summer,day1,32
2025-06-01 06:05:00,2130.4919999999997,2419.0095,summer,day1,32
2025-06-01 06:10:00,2230.986,2404.5967,summer,day1,32
2025-06-01 06:15:00,2238.2808,2427.0708,summer,day1,32
2025-06-01 06:20:00,2225.3784,2443.6035,summer,day1,32
2025-06-01 06:25:00,2329.7064,2461.9817,summer,day1,32
2025-06-01 06:30:00,2475.1596,2485.8184,summer,day1,32
2025-06-01 06:35:00,2459.2691999999997,2509.1455,summer,day1,32
2025-06-01 06:40:00,2403.2580000000003,2609.1602,summer,day1,32
2025-06-01 06:45:00,2256.264,2590.4663,summer,day1,32
2025-06-01 06:50:00,1824.366,2591.7449,summer,day1,32
2025-06-01 06:55:00,2134.1207999999997,2599.229,summer,day1,32
2025-06-01 07:00:00,2114.7612,2587.053,summer,day1,32
2025-06-01 07:05:00,2258.0135999999998,2630.4429,summer,day1,32
2025-06-01 07:10:00,2336.9784,2680.8022,summer,day1,32
2025-06-01 07:15:00,2308.5888,2784.692,summer,day1,32
2025-06-01 07:20:00,2138.7804,2871.0132,summer,day1,32
2025-06-01 07:25:00,2185.3416,2944.3135,summer,day1,32
2025-06-01 07:30:00,2207.0724,3096.3574,summer,day1,32
2025-06-01 07:35:00,2170.8455999999996,3288.5005,summer,day1,32
2025-06-01 07:40:00,2332.9175999999998,3445.455,summer,day1,32
2025-06-01 07:45:00,2384.088,3521.748,summer,day1,32
2025-06-01 07:50:00,2123.6772,3531.3408,summer,day1,32
2025-06-01 07:55:00,1838.58,3467.6277,summer,day1,32
2025-06-01 08:00:00,2112.7272000000003,3584.347,summer,day1,32
2025-06-01 08:05:00,2153.328,3591.2095,summer,day1,32
2025-06-01 08:10:00,2160.3684000000003,3592.5764,summer,day1,32
2025-06-01 08:15:00,2475.5544,3666.417,summer,day1,32
2025-06-01 08:20:00,2394.636,3693.9048,summer,day1,32
2025-06-01 08:25:00,2184.186,3728.0989,summer,day1,32
2025-06-01 08:30:00,2254.5948,3765.6167,summer,day1,32
2025-06-01 08:35:00,2363.4900000000002,3816.3574,summer,day1,32
2025-06-01 08:40:00,2342.436,3843.185,summer,day1,32
2025-06-01 08:45:00,2388.0108,3878.7595,summer,day1,32
2025-06-01 08:50:00,2300.2776000000003,3883.8535,summer,day1,32
2025-06-01 08:55:00,2314.1412,3924.4363,summer,day1,32
2025-06-01 09:00:00,2255.1216,3962.9104,summer,day1,32
2025-06-01 09:05:00,2313.3948,3966.3823,summer,day1,32
2025-06-01 09:10:00,2415.1488,3988.9639,summer,day1,32
2025-06-01 09:15:00,2218.5576,4011.7295,summer,day1,32
2025-06-01 09:20:00,2022.6299999999999,3953.751,summer,day1,32
2025-06-01 09:25:00,2324.4804,4017.5222,summer,day1,32
2025-06-01 09:30:00,2429.7347999999997,4043.0415,summer,day1,32
2025-06-01 09:35:00,2425.4712,4056.517,summer,day1,32
2025-06-01 09:40:00,2634.6984,4091.9443,summer,day1,32
2025-06-01 09:45:00,2589.936,4110.8037,summer,day1,32
2025-06-01 09:50:00,2985.9504,4117.636,summer,day1,32
2025-06-01 09:55:00,3118.7580000000003,4163.694,summer,day1,32
2025-06-01 10:00:00,3145.3296,4188.139,summer,day1,32
2025-06-01 10:05:00,3000.0155999999997,4197.083,summer,day1,32
2025-06-01 10:10:00,3243.4548000000004,4198.051,summer,day1,32
2025-06-01 10:15:00,3048.8723999999997,4221.703,summer,day1,32
2025-06-01 10:20:00,3718.5312,4235.179,summer,day1,32
2025-06-01 10:25:00,5525.8536,4208.077,summer,day1,32
2025-06-01 10:30:00,5728.9068,4229.3975,summer,day1,32
2025-06-01 10:35:00,4920.803999999999,4222.1167,summer,day1,32
2025-06-01 10:40:00,4729.0068,4156.8896,summer,day1,32
2025-06-01 10:45:00,3853.2576,4179.3906,summer,day1,32
2025-06-01 10:50:00,2675.8728,4167.2607,summer,day1,32
2025-06-01 10:55:00,2582.5896,4137.444,summer,day1,32
2025-06-01 11:00:00,2453.0532,4144.3926,summer,day1,32
2025-06-01 11:05:00,2372.7012,4113.0337,summer,day1,32
2025-06-01 11:10:00,2824.2048,4083.7854,summer,day1,32
2025-06-01 11:15:00,2350.6644,4084.1072,summer,day1,32
2025-06-01 11:20:00,2357.4336,4082.5369,summer,day1,32
2025-06-01 11:25:00,2379.8388,4069.377,summer,day1,32
2025-06-01 11:30:00,2499.0504,4050.7832,summer,day1,32
2025-06-01 11:35:00,2567.2272000000003,4044.1384,summer,day1,32
2025-06-01 11:40:00,2478.8772,4036.8428,summer,day1,32
2025-06-01 11:45:00,2295.3540000000003,4001.2827,summer,day1,32
2025-06-01 11:50:00,3115.3415999999997,3985.6016,summer,day1,32
2025-06-01 11:55:00,3889.0332000000003,3972.0366,summer,day1,32
2025-06-01 12:00:00,3719.8884,3928.844,summer,day1,32
2025-06-01 12:05:00,3485.3304000000003,3928.5347,summer,day1,32
2025-06-01 12:10:00,2500.02,3902.6104,summer,day1,32
2025-06-01 12:15:00,2617.29,3869.3408,summer,day1,32
2025-06-01 12:20:00,2718.5292,3872.2295,summer,day1,32
2025-06-01 12:25:00,2607.4476,3860.3936,summer,day1,32
2025-06-01 12:30:00,2617.8552,3843.9558,summer,day1,32
2025-06-01 12:35:00,2815.4244,3839.8206,summer,day1,32
2025-06-01 12:40:00,4412.1384,3827.2268,summer,day1,32
2025-06-01 12:45:00,2853.0396,3814.2588,summer,day1,32
2025-06-01 12:50:00,2855.496,3783.6821,summer,day1,32
2025-06-01 12:55:00,2674.8887999999997,3775.467,summer,day1,32
2025-06-01 13:00:00,2721.9348,3747.4792,summer,day1,32
2025-06-01 13:05:00,2948.1132,3737.098,summer,day1,32
2025-06-01 13:10:00,2809.6452,3711.0923,summer,day1,32
2025-06-01 13:15:00,2726.0027999999998,3670.3193,summer,day1,32
2025-06-01 13:20:00,2850.1968,3671.2405,summer,day1,32
2025-06-01 13:25:00,3645.504,3660.0862,summer,day1,32
2025-06-01 13:30:00,2543.5356,3635.8567,summer,day1,32
2025-06-01 13:35:00,2949.6636000000003,3620.914,summer,day1,32
2025-06-01 13:40:00,2862.3936000000003,3595.3713,summer,day1,32
2025-06-01 13:45:00,3786.2771999999995,3568.264,summer,day1,32
2025-06-01 13:50:00,3468.108,3541.8364,summer,day1,32
2025-06-01 13:55:00,2655.426,3541.84,summer,day1,32
2025-06-01 14:00:00,2680.296,3495.224,summer,day1,32
2025-06-01 14:05:00,2841.2519999999995,3474.3767,summer,day1,32
2025-06-01 14:10:00,2700.8604,3453.7764,summer,day1,32
2025-06-01 14:15:00,2827.1531999999997,3442.9463,summer,day1,32
2025-06-01 14:20:00,2387.9148,3435.202,summer,day1,32
2025-06-01 14:25:00,2899.1928,3412.3372,summer,day1,32
2025-06-01 14:30:00,2663.7648,3417.9282,summer,day1,32
2025-06-01 14:35:00,2387.2248,3424.7898,summer,day1,32
2025-06-01 14:40:00,4273.9836000000005,3420.3293,summer,day1,32
2025-06-01 14:45:00,2890.9271999999996,3417.747,summer,day1,32
2025-06-01 14:50:00,2668.7364000000002,3397.729,summer,day1,32
2025-06-01 14:55:00,3903.7128,3390.2053,summer,day1,32
2025-06-01 15:00:00,2540.7792,3385.7947,summer,day1,32
2025-06-01 15:05:00,2755.254,3393.2388,summer,day1,32
2025-06-01 15:10:00,2635.0212,3405.2073,summer,day1,32
2025-06-01 15:15:00,2438.8092,3421.4407,summer,day1,32
2025-06-01 15:20:00,2891.064,3408.8545,summer,day1,32
2025-06-01 15:25:00,3213.5328,3442.4521,summer,day1,32
2025-06-01 15:30:00,3069.1188,3436.8623,summer,day1,32
2025-06-01 15:35:00,2916.8148,3450.5337,summer,day1,32
2025-06-01 15:40:00,2681.3484,3475.398,summer,day1,32
2025-06-01 15:45:00,2591.9196,3473.7668,summer,day1,32
2025-06-01 15:50:00,2534.0412,3494.1887,summer,day1,32
2025-06-01 15:55:00,2495.9292,3512.4954,summer,day1,32
2025-06-01 16:00:00,2491.0932000000003,3482.0376,summer,day1,32
2025-06-01 16:05:00,2664.2856,3482.323,summer,day1,32
2025-06-01 16:10:00,2811.6516,3480.3657,summer,day1,32
2025-06-01 16:15:00,3117.8592,3502.246,summer,day1,32
2025-06-01 16:20:00,4169.6952,3514.6636,summer,day1,32
2025-06-01 16:25:00,2414.3124,3531.5688,summer,day1,32
2025-06-01 16:30:00,2393.514,3560.408,summer,day1,32
2025-06-01 16:35:00,2857.5096000000003,3589.5435,summer,day1,32
2025-06-01 16:40:00,4026.078,3578.2124,summer,day1,32
2025-06-01 16:45:00,2541.4656000000004,3605.1062,summer,day1,32
2025-06-01 16:50:00,2174.7504,3599.0986,summer,day1,32
2025-06-01 16:55:00,2387.6387999999997,3617.2544,summer,day1,32
2025-06-01 17:00:00,2397.7716,3635.2158,summer,day1,32
2025-06-01 17:05:00,2432.6843999999996,3642.1685,summer,day1,32
2025-06-01 17:10:00,2457.018,3646.5452,summer,day1,32
2025-06-01 17:15:00,2702.7419999999997,3638.8948,summer,day1,32
2025-06-01 17:20:00,4379.1444,3654.7175,summer,day1,32
2025-06-01 17:25:00,3323.6051999999995,3669.0337,summer,day1,32
2025-06-01 17:30:00,2690.2488,3664.2566,summer,day1,32
2025-06-01 17:35:00,2122.3416,3704.834,summer,day1,32
2025-06-01 17:40:00,2711.0268,3706.423,summer,day1,32
2025-06-01 17:45:00,2545.4892,3719.2231,summer,day1,32
2025-06-01 17:50:00,2521.1124,3730.748,summer,day1,32
2025-06-01 17:55:00,2543.04,3746.3003,summer,day1,32
2025-06-01 18:00:00,2570.8884000000003,3726.6672,summer,day1,32
2025-06-01 18:05:00,2498.3952,3737.9185,summer,day1,32
2025-06-01 18:10:00,2600.8848,3713.806,summer,day1,32
2025-06-01 18:15:00,2658.8952,3720.411,summer,day1,32
2025-06-01 18:20:00,2163.9036,3713.8977,summer,day1,32
2025-06-01 18:25:00,2102.6904,3718.92,summer,day1,32
2025-06-01 18:30:00,2507.7168,3704.8586,summer,day1,32
2025-06-01 18:35:00,3421.4592000000002,3688.9375,summer,day1,32
2025-06-01 18:40:00,2807.2884,3637.5876,summer,day1,32
2025-06-01 18:45:00,2499.4464,3636.7988,summer,day1,32
2025-06-01 18:50:00,2503.9452,3593.4863,summer,day1,32
2025-06-01 18:55:00,2464.7424,3583.6694,summer,day1,32
2025-06-01 19:00:00,2600.79,3535.8914,summer,day1,32
2025-06-01 19:05:00,3695.5464,3494.2446,summer,day1,32
2025-06-01 19:10:00,2330.4816,3453.3804,summer,day1,32
2025-06-01 19:15:00,4419.794400000001,3437.4902,summer,day1,32
2025-06-01 19:20:00,3815.7084000000004,3405.1106,summer,day1,32
2025-06-01 19:25:00,2421.7824,3397.6824,summer,day1,32
2025-06-01 19:30:00,2543.9724,3356.1533,summer,day1,32
2025-06-01 19:35:00,2655.9828,3326.4993,summer,day1,32
2025-06-01 19:40:00,2640.4056,3315.2957,summer,day1,32
2025-06-01 19:45:00,2566.278,3280.0188,summer,day1,32
2025-06-01 19:50:00,3982.7364000000002,3258.3044,summer,day1,32
2025-06-01 19:55:00,2547.8172,3238.6416,summer,day1,32
2025-06-01 20:00:00,2575.1304,3107.9258,summer,day1,32
2025-06-01 20:05:00,2425.5816,3097.2834,summer,day1,32
2025-06-01 20:10:00,2405.0676,3066.3848,summer,day1,32
2025-06-01 20:15:00,2391.6888,3034.8318,summer,day1,32
2025-06-01 20:20:00,2529.078,3013.1292,summer,day1,32
2025-06-01 20:25:00,2718.7656,3011.956,summer,day1,32
2025-06-01 20:30:00,2516.5908,2999.7332,summer,day1,32
2025-06-01 20:35:00,2565.996,2999.1526,summer,day1,32
2025-06-01 20:40:00,2844.4092,2990.42,summer,day1,32
2025-06-01 20:45:00,2795.7275999999997,2972.358,summer,day1,32
2025-06-01 20:50:00,3136.416,2966.4326,summer,day1,32
2025-06-01 20:55:00,2801.3436,2973.5913,summer,day1,32
2025-06-01 21:00:00,3487.9380000000006,2960.728,summer,day1,32
2025-06-01 21:05:00,5444.5428,2952.354,summer,day1,32
2025-06-01 21:10:00,2689.6331999999998,2938.4487,summer,day1,32
2025-06-01 21:15:00,2623.1232,2918.9167,summer,day1,32
2025-06-01 21:20:00,2600.0004,2838.9453,summer,day1,32
2025-06-01 21:25:00,2670.3216,2819.3838,summer,day1,32
2025-06-01 21:30:00,2692.434,2803.0078,summer,day1,32
2025-06-01 21:35:00,2714.4372,2778.6304,summer,day1,32
2025-06-01 21:40:00,2700.2760000000003,2745.6252,summer,day1,32
2025-06-01 21:45:00,3052.0656,2728.0706,summer,day1,32
2025-06-01 21:50:00,3078.2484,2689.7854,summer,day1,32
2025-06-01 21:55:00,3035.1684,2645.0793,summer,day1,32
2025-06-01 22:00:00,2783.4648,2594.6577,summer,day1,32
2025-06-01 22:05:00,2785.8815999999997,2573.7874,summer,day1,32
2025-06-01 22:10:00,4259.868,2539.0894,summer,day1,32
2025-06-01 22:15:00,2610.0072,2543.903,summer,day1,32
2025-06-01 22:20:00,2425.2203999999997,2543.808,summer,day1,32
2025-06-01 22:25:00,2425.6223999999997,2541.2764,summer,day1,32
2025-06-01 22:30:00,2810.292,2532.2969,summer,day1,32
2025-06-01 22:35:00,2570.988,2545.0696,summer,day1,32
2025-06-01 22:40:00,2472.0468,2522.0432,summer,day1,32
2025-06-01 22:45:00,2311.9932,2526.2332,summer,day1,32
2025-06-01 22:50:00,2304.8507999999997,2522.558,summer,day1,32
2025-06-01 22:55:00,2339.7288,2517.1099,summer,day1,32
2025-06-01 23:00:00,2386.2048,2513.5583,summer,day1,32
2025-06-01 23:05:00,2396.2596000000003,2514.5024,summer,day1,32
2025-06-01 23:10:00,2407.5312,2514.377,summer,day1,32
2025-06-01 23:15:00,2741.9652,2499.0872,summer,day1,32
2025-06-01 23:20:00,2382.4175999999998,2495.0288,summer,day1,32
2025-06-01 23:25:00,3181.968,2511.4326,summer,day1,32
2025-06-01 23:30:00,3738.246,2497.7705,summer,day1,32
2025-06-01 23:35:00,2528.7792,2505.7544,summer,day1,32
2025-06-01 23:40:00,2630.2608,2512.885,summer,day1,32
2025-06-01 23:45:00,2449.3128,2513.6096,summer,day1,32
2025-06-01 23:50:00,2401.1412,2503.2964,summer,day1,32
2025-06-01 23:55:00,2395.2372,2512.2078,summer,day1,32
2025-06-24 00:00:00,2356.5696,2474.8787,summer,day2,34
2025-06-24 00:05:00,2411.358,2479.224,summer,day2,34
2025-06-24 00:10:00,2821.9272,2481.2095,summer,day2,34
2025-06-24 00:15:00,2831.8404,2470.1365,summer,day2,34
2025-06-24 00:20:00,2597.4588,2464.4316,summer,day2,34
2025-06-24 00:25:00,2563.5384000000004,2454.6675,summer,day2,34
2025-06-24 00:30:00,3407.8908,2456.3262,summer,day2,34
2025-06-24 00:35:00,2765.4792,2439.957,summer,day2,34
2025-06-24 00:40:00,2452.8432000000003,2437.5684,summer,day2,34
2025-06-24 00:45:00,2434.3848000000003,2450.8735,summer,day2,34
2025-06-24 00:50:00,2451.7644,2436.7375,summer,day2,34
2025-06-24 00:55:00,2130.21,2447.6333,summer,day2,34
2025-06-24 01:00:00,2233.194,2448.982,summer,day2,34
2025-06-24 01:05:00,3605.7839999999997,2446.7983,summer,day2,34
2025-06-24 01:10:00,2808.7475999999997,2444.6995,summer,day2,34
2025-06-24 01:15:00,2943.5292,2455.22,summer,day2,34
2025-06-24 01:20:00,2578.9368,2465.378,summer,day2,34
2025-06-24 01:25:00,2534.5584,2469.7212,summer,day2,34
2025-06-24 01:30:00,2113.9812,2466.0085,summer,day2,34
2025-06-24 01:35:00,2514.7836,2457.9434,summer,day2,34
2025-06-24 01:40:00,2447.6808,2455.1377,summer,day2,34
2025-06-24 01:45:00,2441.1288,2461.0146,summer,day2,34
2025-06-24 01:50:00,2577.3671999999997,2468.6587,summer,day2,34
2025-06-24 01:55:00,2676.3347999999996,2457.082,summer,day2,34
2025-06-24 02:00:00,2500.8156000000004,2457.6106,summer,day2,34
2025-06-24 02:05:00,2388.3792000000003,2476.438,summer,day2,34
2025-06-24 02:10:00,2485.8072,2461.6812,summer,day2,34
2025-06-24 02:15:00,2500.4004,2469.4985,summer,day2,34
2025-06-24 02:20:00,2470.71,2475.913,summer,day2,34
2025-06-24 02:25:00,3962.8644,2472.5508,summer,day2,34
2025-06-24 02:30:00,2498.4768,2459.5225,summer,day2,34
2025-06-24 02:35:00,2558.0376,2462.5513,summer,day2,34
2025-06-24 02:40:00,2158.6176,2482.7656,summer,day2,34
2025-06-24 02:45:00,2369.4336,2490.874,summer,day2,34
2025-06-24 02:50:00,2774.3916,2495.0117,summer,day2,34
2025-06-24 02:55:00,2358.1403999999998,2494.9834,summer,day2,34
2025-06-24 03:00:00,2350.6272,2490.8428,summer,day2,34
2025-06-24 03:05:00,2805.0072,2495.088,summer,day2,34
2025-06-24 03:10:00,2867.67,2493.358,summer,day2,34
2025-06-24 03:15:00,2564.4936000000002,2480.2866,summer,day2,34
2025-06-24 03:20:00,2998.6512,2475.3643,summer,day2,34
2025-06-24 03:25:00,2742.8676,2489.484,summer,day2,34
2025-06-24 03:30:00,2620.1232,2475.5906,summer,day2,34
2025-06-24 03:35:00,2824.1856,2490.23,summer,day2,34
2025-06-24 03:40:00,2424.4332000000004,2495.055,summer,day2,34
2025-06-24 03:45:00,3818.7059999999997,2497.2056,summer,day2,34
2025-06-24 03:50:00,1940.8883999999998,2489.0325,summer,day2,34
2025-06-24 03:55:00,2519.2560000000003,2490.6826,summer,day2,34
2025-06-24 04:00:00,2640.1248,2491.1565,summer,day2,34
2025-06-24 04:05:00,2472.1752,2484.9363,summer,day2,34
2025-06-24 04:10:00,2479.2708,2470.0884,summer,day2,34
2025-06-24 04:15:00,2458.1256000000003,2450.2144,summer,day2,34
2025-06-24 04:20:00,2945.9124,2412.475,summer,day2,34
2025-06-24 04:25:00,1830.9707999999998,2379.4456,summer,day2,34
2025-06-24 04:30:00,2352.888,2360.418,summer,day2,34
2025-06-24 04:35:00,2333.8559999999998,2327.3513,summer,day2,34
2025-06-24 04:40:00,2529.5676,2316.5059,summer,day2,34
2025-06-24 04:45:00,2345.9615999999996,2323.604,summer,day2,34
2025-06-24 04:50:00,2276.46,2302.6409,summer,day2,34
2025-06-24 04:55:00,2291.118,2316.158,summer,day2,34
2025-06-24 05:00:00,3367.95,2324.1562,summer,day2,34
2025-06-24 05:05:00,2908.398,2325.4573,summer,day2,34
2025-06-24 05:10:00,2540.8356,2319.2998,summer,day2,34
2025-06-24 05:15:00,2495.7576,2339.0095,summer,day2,34
2025-06-24 05:20:00,2464.8887999999997,2328.2947,summer,day2,34
2025-06-24 05:25:00,2481.648,2331.4634,summer,day2,34
2025-06-24 05:30:00,2339.3903999999998,2334.1604,summer,day2,34
2025-06-24 05:35:00,1834.0224000000003,2336.3296,summer,day2,34
2025-06-24 05:40:00,2187.312,2333.7834,summer,day2,34
2025-06-24 05:45:00,2216.6675999999998,2338.6875,summer,day2,34
2025-06-24 05:50:00,2267.7648,2352.9668,summer,day2,34
2025-06-24 05:55:00,2734.9883999999997,2348.5122,summer,day2,34
2025-06-24 06:00:00,2195.4792,2361.2534,summer,day2,34
2025-06-24 06:05:00,2311.0451999999996,2384.9497,summer,day2,34
2025-06-24 06:10:00,2231.256,2375.0403,summer,day2,34
2025-06-24 06:15:00,2256.5316,2394.7646,summer,day2,34
2025-06-24 06:20:00,3915.5832,2405.6768,summer,day2,34
2025-06-24 06:25:00,2262.4116000000004,2409.0264,summer,day2,34
2025-06-24 06:30:00,2237.8740000000003,2409.8594,summer,day2,34
2025-06-24 06:35:00,2517.7056000000002,2415.8516,summer,day2,34
2025-06-24 06:40:00,2973.66,2519.9067,summer,day2,34
2025-06-24 06:45:00,2641.7376,2537.837,summer,day2,34
2025-06-24 06:50:00,2818.2924,2525.4468,summer,day2,34
2025-06-24 06:55:00,3222.3311999999996,2547.726,summer,day2,34
2025-06-24 07:00:00,3169.374,2547.1003,summer,day2,34
2025-06-24 07:05:00,2716.782,2552.9385,summer,day2,34
2025-06-24 07:10:00,2466.1644,2583.526,summer,day2,34
2025-06-24 07:15:00,2439.5088,2707.7437,summer,day2,34
2025-06-24 07:20:00,2492.7756,2802.733,summer,day2,34
2025-06-24 07:25:00,2633.3292,2913.33,summer,day2,34
2025-06-24 07:30:00,3860.7888,3161.725,summer,day2,34
2025-06-24 07:35:00,12758.3508,3866.461,summer,day2,34
2025-06-24 07:40:00,13033.7784,6251.004,summer,day2,34
2025-06-24 07:45:00,10706.01,6126.6675,summer,day2,34
2025-06-24 07:50:00,4031.3784,4589.4185,summer,day2,34
2025-06-24 07:55:00,4538.0664,4012.843,summer,day2,34
2025-06-24 08:00:00,5770.6068,4160.658,summer,day2,34
2025-06-24 08:05:00,6086.1528,4116.865,summer,day2,34
2025-06-24 08:10:00,4450.2888,4125.096,summer,day2,34
2025-06-24 08:15:00,4173.3096,4122.13,summer,day2,34
2025-06-24 08:20:00,5067.804,4136.5566,summer,day2,34
2025-06-24 08:25:00,4492.3512,4144.002,summer,day2,34
2025-06-24 08:30:00,4050.0384,4152.169,summer,day2,34
2025-06-24 08:35:00,5833.9800000000005,4181.111,summer,day2,34
2025-06-24 08:40:00,4507.8888,4225.916,summer,day2,34
2025-06-24 08:45:00,4903.134,4244.0605,summer,day2,34
2025-06-24 08:50:00,5765.508,4245.8066,summer,day2,34
2025-06-24 08:55:00,6054.8496,4262.7554,summer,day2,34
2025-06-24 09:00:00,6162.2616,4274.4644,summer,day2,34
2025-06-24 09:05:00,4468.8624,4258.672,summer,day2,34
2025-06-24 09:10:00,4301.638800000001,4272.4946,summer,day2,34
2025-06-24 09:15:00,5098.83,4327.045,summer,day2,34
2025-06-24 09:20:00,5291.5632,4249.9185,summer,day2,34
2025-06-24 09:25:00,4459.9259999999995,4245.785,summer,day2,34
2025-06-24 09:30:00,4992.5064,4245.699,summer,day2,34
2025-06-24 09:35:00,4522.630800000001,4242.068,summer,day2,34
2025-06-24 09:40:00,4221.2748,4235.554,summer,day2,34
2025-06-24 09:45:00,3979.6692000000003,4214.8633,summer,day2,34
2025-06-24 09:50:00,4549.5923999999995,4215.5957,summer,day2,34
2025-06-24 09:55:00,4840.4256000000005,4243.183,summer,day2,34
2025-06-24 10:00:00,5219.3796,4269.064,summer,day2,34
2025-06-24 10:05:00,5934.624,4283.0757,summer,day2,34
2025-06-24 10:10:00,4991.5212,4262.2046,summer,day2,34
2025-06-24 10:15:00,6135.784799999999,4286.031,summer,day2,34
2025-06-24 10:20:00,7249.9547999999995,4281.2856,summer,day2,34
2025-06-24 10:25:00,6449.8332,4259.841,summer,day2,34
2025-06-24 10:30:00,5611.7064,4233.85,summer,day2,34
2025-06-24 10:35:00,5147.0172,4238.4883,summer,day2,34
2025-06-24 10:40:00,6022.651199999999,4254.4414,summer,day2,34
2025-06-24 10:45:00,2209.1148000000003,4237.1377,summer,day2,34
2025-06-24 10:50:00,0.0,4240.0996,summer,day2,34
2025-06-24 10:55:00,0.0,4237.5547,summer,day2,34
2025-06-24 11:00:00,0.0,4240.6777,summer,day2,34
2025-06-24 11:05:00,0.0,4213.608,summer,day2,34
2025-06-24 11:10:00,0.0,4205.6934,summer,day2,34
2025-06-24 11:15:00,0.0,4211.3115,summer,day2,34
2025-06-24 11:20:00,0.0,4222.0264,summer,day2,34
2025-06-24 11:25:00,10374.148799999999,4217.627,summer,day2,34
2025-06-24 11:30:00,8077.9836,4184.584,summer,day2,34
2025-06-24 11:35:00,8140.6032000000005,4201.9893,summer,day2,34
2025-06-24 11:40:00,5274.2544,4187.0767,summer,day2,34
2025-06-24 11:45:00,4511.8464,4169.8477,summer,day2,34
2025-06-24 11:50:00,4432.8192,4128.0127,summer,day2,34
2025-06-24 11:55:00,4059.4175999999998,4121.7515,summer,day2,34
2025-06-24 12:00:00,4351.0296,4162.214,summer,day2,34
2025-06-24 12:05:00,4626.9876,4139.478,summer,day2,34
2025-06-24 12:10:00,4543.6848,4136.113,summer,day2,34
2025-06-24 12:15:00,4715.955599999999,4114.6265,summer,day2,34
2025-06-24 12:20:00,5139.732,4119.169,summer,day2,34
2025-06-24 12:25:00,4729.7076,4082.674,summer,day2,34
2025-06-24 12:30:00,4742.9388,4044.257,summer,day2,34
2025-06-24 12:35:00,4532.0748,4026.888,summer,day2,34
2025-06-24 12:40:00,4787.046,4026.899,summer,day2,34
2025-06-24 12:45:00,6061.9944000000005,4022.5215,summer,day2,34
2025-06-24 12:50:00,4309.6464,3985.6404,summer,day2,34
2025-06-24 12:55:00,4927.7688,3992.282,summer,day2,34
2025-06-24 13:00:00,4759.4136,3983.733,summer,day2,34
2025-06-24 13:05:00,4881.195600000001,3969.3213,summer,day2,34
2025-06-24 13:10:00,5205.7608,3951.526,summer,day2,34
2025-06-24 13:15:00,4842.1584,3967.4822,summer,day2,34
2025-06-24 13:20:00,4565.3916,4039.928,summer,day2,34
2025-06-24 13:25:00,4868.202,4037.7812,summer,day2,34
2025-06-24 13:30:00,5420.0676,4038.069,summer,day2,34
2025-06-24 13:35:00,4323.3936,4014.4102,summer,day2,34
2025-06-24 13:40:00,5516.91,3993.4106,summer,day2,34
2025-06-24 13:45:00,3799.548,3949.5967,summer,day2,34
2025-06-24 13:50:00,4270.5972,3930.2004,summer,day2,34
2025-06-24 13:55:00,4795.6308,3925.002,summer,day2,34
2025-06-24 14:00:00,6366.4368,3923.109,summer,day2,34
2025-06-24 14:05:00,4284.882,3916.0278,summer,day2,34
2025-06-24 14:10:00,3199.1567999999997,3884.3865,summer,day2,34
2025-06-24 14:15:00,3085.3104,3893.1262,summer,day2,34
2025-06-24 14:20:00,3536.8404,3886.9602,summer,day2,34
2025-06-24 14:25:00,3320.964,3870.1697,summer,day2,34
2025-06-24 14:30:00,3471.9648,3847.3225,summer,day2,34
2025-06-24 14:35:00,3321.666,3857.063,summer,day2,34
2025-06-24 14:40:00,3339.8076,3905.8997,summer,day2,34
2025-06-24 14:45:00,3742.1616000000004,3892.8193,summer,day2,34
2025-06-24 14:50:00,3813.8124,3877.0115,summer,day2,34
2025-06-24 14:55:00,3377.4335999999994,3878.9888,summer,day2,34
2025-06-24 15:00:00,3785.9628,3880.8162,summer,day2,34
2025-06-24 15:05:00,3971.3556,3854.1445,summer,day2,34
2025-06-24 15:10:00,3921.0804,3851.311,summer,day2,34
2025-06-24 15:15:00,3370.3032,3862.8013,summer,day2,34
2025-06-24 15:20:00,4189.9344,3875.111,summer,day2,34
2025-06-24 15:25:00,2810.4336,3873.1147,summer,day2,34
2025-06-24 15:30:00,3074.682,3847.6113,summer,day2,34
2025-06-24 15:35:00,2481.8448,3861.0881,summer,day2,34
2025-06-24 15:40:00,3805.3296,3866.6755,summer,day2,34
2025-06-24 15:45:00,3129.2508000000003,3862.5671,summer,day2,34
2025-06-24 15:50:00,2580.4908,3837.1199,summer,day2,34
2025-06-24 15:55:00,2946.5568,3849.3792,summer,day2,34
2025-06-24 16:00:00,3111.4716,3879.6248,summer,day2,34
2025-06-24 16:05:00,3135.0924,3865.6309,summer,day2,34
2025-06-24 16:10:00,2783.4528,3857.0728,summer,day2,34
2025-06-24 16:15:00,3239.4624,3857.728,summer,day2,34
2025-06-24 16:20:00,3294.3407999999995,3868.1877,summer,day2,34
2025-06-24 16:25:00,4283.1324,3852.5693,summer,day2,34
2025-06-24 16:30:00,2500.4712,3836.6487,summer,day2,34
2025-06-24 16:35:00,3620.7479999999996,3834.2722,summer,day2,34
2025-06-24 16:40:00,3150.3084,3840.7715,summer,day2,34
2025-06-24 16:45:00,2960.8824,3840.7922,summer,day2,34
2025-06-24 16:50:00,2897.2116,3819.2212,summer,day2,34
2025-06-24 16:55:00,2918.454,3815.865,summer,day2,34
2025-06-24 17:00:00,4798.6584,3822.4402,summer,day2,34
2025-06-24 17:05:00,2999.7792,3807.6729,summer,day2,34
2025-06-24 17:10:00,2923.0044,3788.2893,summer,day2,34
2025-06-24 17:15:00,2641.3896,3798.609,summer,day2,34
2025-06-24 17:20:00,2671.7760000000003,3810.545,summer,day2,34
2025-06-24 17:25:00,2650.9716,3794.8486,summer,day2,34
2025-06-24 17:30:00,2825.0496,3784.252,summer,day2,34
2025-06-24 17:35:00,2896.6572,3779.766,summer,day2,34
2025-06-24 17:40:00,3510.9528,3777.808,summer,day2,34
2025-06-24 17:45:00,4574.4612,3753.0657,summer,day2,34
2025-06-24 17:50:00,2827.3464,3734.574,summer,day2,34
2025-06-24 17:55:00,3183.7536,3744.4265,summer,day2,34
2025-06-24 18:00:00,6137.4144,3749.2798,summer,day2,34
2025-06-24 18:05:00,13028.5596,3747.7695,summer,day2,34
2025-06-24 18:10:00,12003.9588,3712.8652,summer,day2,34
2025-06-24 18:15:00,4283.983200000001,3701.7866,summer,day2,34
2025-06-24 18:20:00,3900.2591999999995,3710.7532,summer,day2,34
2025-06-24 18:25:00,3571.0476000000003,3682.8381,summer,day2,34
2025-06-24 18:30:00,4422.8664,3653.9336,summer,day2,34
2025-06-24 18:35:00,4603.4748,3649.3992,summer,day2,34
2025-06-24 18:40:00,3922.4208,3561.1306,summer,day2,34
2025-06-24 18:45:00,5402.8668,3528.3345,summer,day2,34
2025-06-24 18:50:00,4105.824,3502.5715,summer,day2,34
2025-06-24 18:55:00,6040.26,3475.1045,summer,day2,34
2025-06-24 19:00:00,6760.8516,3460.6301,summer,day2,34
2025-06-24 19:05:00,4314.4788,3421.751,summer,day2,34
2025-06-24 19:10:00,3982.2588000000005,3398.1611,summer,day2,34
2025-06-24 19:15:00,5452.4472000000005,3378.618,summer,day2,34
2025-06-24 19:20:00,3731.5775999999996,3362.3054,summer,day2,34
2025-06-24 19:25:00,2943.654,3342.5186,summer,day2,34
2025-06-24 19:30:00,3148.674,3299.0125,summer,day2,34
2025-06-24 19:35:00,2842.8444,3290.4563,summer,day2,34
2025-06-24 19:40:00,4424.7624,3279.4485,summer,day2,34
2025-06-24 19:45:00,2855.5667999999996,3263.5308,summer,day2,34
2025-06-24 19:50:00,2756.3256,3230.7834,summer,day2,34
2025-06-24 19:55:00,2818.3848000000003,3205.4556,summer,day2,34
2025-06-24 20:00:00,3068.9736000000003,3106.555,summer,day2,34
2025-06-24 20:05:00,4017.7236,3079.7158,summer,day2,34
2025-06-24 20:10:00,3180.042,3064.364,summer,day2,34
2025-06-24 20:15:00,2247.564,3034.6833,summer,day2,34
2025-06-24 20:20:00,2287.1531999999997,2987.2302,summer,day2,34
2025-06-24 20:25:00,2420.6387999999997,2962.6646,summer,day2,34
2025-06-24 20:30:00,4464.534,2920.3591,summer,day2,34
2025-06-24 20:35:00,3274.3548,2897.232,summer,day2,34
2025-06-24 20:40:00,1980.7788,2873.5076,summer,day2,34
2025-06-24 20:45:00,2157.738,2846.7979,summer,day2,34
2025-06-24 20:50:00,2306.8032,2838.863,summer,day2,34
2025-06-24 20:55:00,2534.0748,2843.541,summer,day2,34
2025-06-24 21:00:00,2524.3692,2847.3257,summer,day2,34
2025-06-24 21:05:00,2142.9612,2842.8057,summer,day2,34
2025-06-24 21:10:00,2104.218,2849.734,summer,day2,34
2025-06-24 21:15:00,3007.1592,2851.6047,summer,day2,34
2025-06-24 21:20:00,2693.538,2886.571,summer,day2,34
2025-06-24 21:25:00,2847.2256,2909.1714,summer,day2,34
2025-06-24 21:30:00,2899.1220000000003,2932.0105,summer,day2,34
2025-06-24 21:35:00,2790.2484,2928.5059,summer,day2,34
2025-06-24 21:40:00,2656.9428,2880.596,summer,day2,34
2025-06-24 21:45:00,2621.6328000000003,2835.6482,summer,day2,34
2025-06-24 21:50:00,2624.322,2799.3594,summer,day2,34
2025-06-24 21:55:00,2582.082,2744.5332,summer,day2,34
2025-06-24 22:00:00,2492.7912,2681.854,summer,day2,34
2025-06-24 22:05:00,2343.1403999999998,2652.2917,summer,day2,34
2025-06-24 22:10:00,2291.2308000000003,2642.2183,summer,day2,34
2025-06-24 22:15:00,2364.4236,2655.936,summer,day2,34
2025-06-24 22:20:00,2391.6059999999998,2668.5576,summer,day2,34
2025-06-24 22:25:00,2501.1684,2638.8042,summer,day2,34
2025-06-24 22:30:00,2982.7956,2616.3052,summer,day2,34
2025-06-24 22:35:00,2872.9128,2596.2617,summer,day2,34
2025-06-24 22:40:00,2819.4684,2582.8267,summer,day2,34
2025-06-24 22:45:00,2847.5784,2579.0566,summer,day2,34
2025-06-24 22:50:00,2850.1812,2577.5688,summer,day2,34
2025-06-24 22:55:00,2677.2192,2591.146,summer,day2,34
2025-06-24 23:00:00,2564.2596,2583.6519,summer,day2,34
2025-06-24 23:05:00,2354.1588,2578.1333,summer,day2,34
2025-06-24 23:10:00,2379.594,2579.7104,summer,day2,34
2025-06-24 23:15:00,2559.54,2587.9404,summer,day2,34
2025-06-24 23:20:00,2436.492,2590.7285,summer,day2,34
2025-06-24 23:25:00,2404.9175999999998,2596.5815,summer,day2,34
2025-06-24 23:30:00,2388.7176,2581.9375,summer,day2,34
2025-06-24 23:35:00,2431.6716,2584.584,summer,day2,34
2025-06-24 23:40:00,2481.1356,2590.2341,summer,day2,34
2025-06-24 23:45:00,2668.3704,2582.1,summer,day2,34
2025-06-24 23:50:00,2523.8172000000004,2587.1746,summer,day2,34
2025-06-24 23:55:00,2377.2336,2594.9028,summer,day2,34
2025-07-17 00:00:00,5246.0484,5511.248,summer,day3,37
2025-07-17 00:05:00,5356.5491999999995,5315.1143,summer,day3,37
2025-07-17 00:10:00,5203.0692,5216.361,summer,day3,37
2025-07-17 00:15:00,5114.8428,5085.41,summer,day3,37
2025-07-17 00:20:00,5111.4,4986.1787,summer,day3,37
2025-07-17 00:25:00,4177.302000000001,4847.999,summer,day3,37
2025-07-17 00:30:00,3789.2208,4759.46,summer,day3,37
2025-07-17 00:35:00,3766.1652000000004,4652.2144,summer,day3,37
2025-07-17 00:40:00,3981.3,4573.652,summer,day3,37
2025-07-17 00:45:00,3932.2392,4485.524,summer,day3,37
2025-07-17 00:50:00,4200.8148,4379.0063,summer,day3,37
2025-07-17 00:55:00,3925.5864,4291.322,summer,day3,37
2025-07-17 01:00:00,4000.392,4228.5117,summer,day3,37
2025-07-17 01:05:00,3869.9772000000003,4158.3896,summer,day3,37
2025-07-17 01:10:00,3786.9983999999995,4116.0576,summer,day3,37
2025-07-17 01:15:00,3910.2767999999996,4076.7515,summer,day3,37
2025-07-17 01:20:00,3882.3659999999995,4101.2153,summer,day3,37
2025-07-17 01:25:00,3814.8792000000003,4047.084,summer,day3,37
2025-07-17 01:30:00,3929.1024000000007,4030.6287,summer,day3,37
2025-07-17 01:35:00,3919.0188000000003,4001.4844,summer,day3,37
2025-07-17 01:40:00,4097.3076,3980.1257,summer,day3,37
2025-07-17 01:45:00,4060.0032,3956.989,summer,day3,37
2025-07-17 01:50:00,4196.1264,3949.3857,summer,day3,37
2025-07-17 01:55:00,4211.3124,3929.775,summer,day3,37
2025-07-17 02:00:00,3966.1452,3907.3264,summer,day3,37
2025-07-17 02:05:00,3856.932,3863.1208,summer,day3,37
2025-07-17 02:10:00,3851.5968000000003,3860.5789,summer,day3,37
2025-07-17 02:15:00,2869.5348,3838.0823,summer,day3,37
2025-07-17 02:20:00,2371.6428,3824.0356,summer,day3,37
2025-07-17 02:25:00,2450.4708,3799.9553,summer,day3,37
2025-07-17 02:30:00,2315.2763999999997,3789.2048,summer,day3,37
2025-07-17 02:35:00,2376.9648,3790.9666,summer,day3,37
2025-07-17 02:40:00,2425.7136,3708.6394,summer,day3,37
2025-07-17 02:45:00,2429.9352,3699.8154,summer,day3,37
2025-07-17 02:50:00,2390.3856,3699.2163,summer,day3,37
2025-07-17 02:55:00,2386.8552,3679.5977,summer,day3,37
2025-07-17 03:00:00,2431.0488,3675.9556,summer,day3,37
2025-07-17 03:05:00,2698.674,3654.2139,summer,day3,37
2025-07-17 03:10:00,2730.6624,3648.7944,summer,day3,37
2025-07-17 03:15:00,2747.6892,3639.6028,summer,day3,37
2025-07-17 03:20:00,2523.4991999999997,3648.1685,summer,day3,37
2025-07-17 03:25:00,2460.6456,3619.6382,summer,day3,37
2025-07-17 03:30:00,2440.014,3619.891,summer,day3,37
2025-07-17 03:35:00,2432.5992,3617.5583,summer,day3,37
2025-07-17 03:40:00,2599.3776,3610.7654,summer,day3,37
2025-07-17 03:45:00,2705.4552,3595.6812,summer,day3,37
2025-07-17 03:50:00,2623.6236,3588.695,summer,day3,37
2025-07-17 03:55:00,2478.0384000000004,3591.438,summer,day3,37
2025-07-17 04:00:00,2335.9368000000004,3629.2007,summer,day3,37
2025-07-17 04:05:00,2251.9632,3595.823,summer,day3,37
2025-07-17 04:10:00,2529.6984,3591.1091,summer,day3,37
2025-07-17 04:15:00,2788.8228,3566.1987,summer,day3,37
2025-07-17 04:20:00,2851.6332,3554.9956,summer,day3,37
2025-07-17 04:25:00,2461.8024,3537.664,summer,day3,37
2025-07-17 04:30:00,2586.2183999999997,3532.407,summer,day3,37
2025-07-17 04:35:00,2548.9356,3506.048,summer,day3,37
2025-07-17 04:40:00,2482.7676,3508.8694,summer,day3,37
2025-07-17 04:45:00,2635.4016,3470.109,summer,day3,37
2025-07-17 04:50:00,2669.6448,3452.826,summer,day3,37
2025-07-17 04:55:00,2490.3444,3418.884,summer,day3,37
2025-07-17 05:00:00,2453.6315999999997,3414.2563,summer,day3,37
2025-07-17 05:05:00,2496.9624,3381.8066,summer,day3,37
2025-07-17 05:10:00,2487.0912,3385.942,summer,day3,37
2025-07-17 05:15:00,2354.1288,3402.037,summer,day3,37
2025-07-17 05:20:00,2367.9612,3350.92,summer,day3,37
2025-07-17 05:25:00,2027.0747999999999,3322.8108,summer,day3,37
2025-07-17 05:30:00,2033.0387999999998,3329.9954,summer,day3,37
2025-07-17 05:35:00,2132.3436,3324.5842,summer,day3,37
2025-07-17 05:40:00,2186.538,3319.0166,summer,day3,37
2025-07-17 05:45:00,2277.5208,3326.7307,summer,day3,37
2025-07-17 05:50:00,2383.4532,3340.5425,summer,day3,37
2025-07-17 05:55:00,2263.3512,3326.3052,summer,day3,37
2025-07-17 06:00:00,2142.2964,3290.8494,summer,day3,37
2025-07-17 06:05:00,2132.5476,3272.3657,summer,day3,37
2025-07-17 06:10:00,2150.2956,3251.2852,summer,day3,37
2025-07-17 06:15:00,2239.2588,3250.2246,summer,day3,37
2025-07-17 06:20:00,2391.6612,3270.0571,summer,day3,37
2025-07-17 06:25:00,2539.6872000000003,3273.4458,summer,day3,37
2025-07-17 06:30:00,2463.282,3308.6772,summer,day3,37
2025-07-17 06:35:00,2265.4955999999997,3379.2673,summer,day3,37
2025-07-17 06:40:00,2153.3052,3216.89,summer,day3,37
2025-07-17 06:45:00,2090.0616,3256.2612,summer,day3,37
2025-07-17 06:50:00,2232.0252,3301.1182,summer,day3,37
2025-07-17 06:55:00,2288.1564,3326.0981,summer,day3,37
2025-07-17 07:00:00,2431.6992,3349.1023,summer,day3,37
2025-07-17 07:05:00,2459.5032,3410.6484,summer,day3,37
2025-07-17 07:10:00,2412.8052,3477.8235,summer,day3,37
2025-07-17 07:15:00,2845.1148000000003,3510.2358,summer,day3,37
2025-07-17 07:20:00,3148.1328000000003,3566.5244,summer,day3,37
2025-07-17 07:25:00,3165.2424,3636.8584,summer,day3,37
2025-07-17 07:30:00,3216.468,3705.753,summer,day3,37
2025-07-17 07:35:00,3406.0248,3817.2139,summer,day3,37
2025-07-17 07:40:00,3412.6344,3935.963,summer,day3,37
2025-07-17 07:45:00,3796.7232000000004,4042.686,summer,day3,37
2025-07-17 07:50:00,12464.6484,4157.755,summer,day3,37
2025-07-17 07:55:00,11088.114,4215.83,summer,day3,37
2025-07-17 08:00:00,6102.2028,4137.6235,summer,day3,37
2025-07-17 08:05:00,6575.924400000001,4128.2393,summer,day3,37
2025-07-17 08:10:00,6474.072,4195.8325,summer,day3,37
2025-07-17 08:15:00,7917.368400000001,4237.079,summer,day3,37
2025-07-17 08:20:00,5783.8344,4259.1216,summer,day3,37
2025-07-17 08:25:00,4748.4828,4288.9316,summer,day3,37
2025-07-17 08:30:00,4604.4228,4343.717,summer,day3,37
2025-07-17 08:35:00,4767.498,4348.5703,summer,day3,37
2025-07-17 08:40:00,4559.272800000001,4404.4487,summer,day3,37
2025-07-17 08:45:00,4849.681200000001,4393.678,summer,day3,37
2025-07-17 08:50:00,5948.52,4406.2305,summer,day3,37
2025-07-17 08:55:00,6792.8063999999995,4420.1113,summer,day3,37
2025-07-17 09:00:00,6504.967200000001,4432.581,summer,day3,37
2025-07-17 09:05:00,5775.3168000000005,4455.144,summer,day3,37
2025-07-17 09:10:00,4880.7108,4475.628,summer,day3,37
2025-07-17 09:15:00,5552.7036,4497.1494,summer,day3,37
2025-07-17 09:20:00,6530.7624000000005,4643.861,summer,day3,37
2025-07-17 09:25:00,5388.566400000001,4661.624,summer,day3,37
2025-07-17 09:30:00,5798.6232,4706.4014,summer,day3,37
2025-07-17 09:35:00,5717.1276,4731.6504,summer,day3,37
2025-07-17 09:40:00,5498.9712,4761.4414,summer,day3,37
2025-07-17 09:45:00,4674.5160000000005,4762.206,summer,day3,37
2025-07-17 09:50:00,5567.778,4750.767,summer,day3,37
2025-07-17 09:55:00,5435.2248,4749.5977,summer,day3,37
2025-07-17 10:00:00,4890.4344,4754.741,summer,day3,37
2025-07-17 10:05:00,4255.0512,4706.605,summer,day3,37
2025-07-17 10:10:00,4441.3284,4688.096,summer,day3,37
2025-07-17 10:15:00,4890.2976,4679.071,summer,day3,37
2025-07-17 10:20:00,4805.6196,4668.315,summer,day3,37
2025-07-17 10:25:00,6851.9232,4667.835,summer,day3,37
2025-07-17 10:30:00,5099.004,4677.7666,summer,day3,37
2025-07-17 10:35:00,4659.8508,4675.624,summer,day3,37
2025-07-17 10:40:00,6122.6844,4793.8857,summer,day3,37
2025-07-17 10:45:00,4203.4800000000005,4822.901,summer,day3,37
2025-07-17 10:50:00,4802.1576000000005,4842.8467,summer,day3,37
2025-07-17 10:55:00,4432.9236,4821.0244,summer,day3,37
2025-07-17 11:00:00,4953.2532,4842.8804,summer,day3,37
2025-07-17 11:05:00,5866.8576,4828.6636,summer,day3,37
2025-07-17 11:10:00,5520.3012,4808.56,summer,day3,37
2025-07-17 11:15:00,5037.6252,4831.704,summer,day3,37
2025-07-17 11:20:00,4809.15,4848.023,summer,day3,37
2025-07-17 11:25:00,5365.188,4823.7627,summer,day3,37
2025-07-17 11:30:00,4426.3884,4832.8184,summer,day3,37
2025-07-17 11:35:00,4918.7592,4836.7876,summer,day3,37
2025-07-17 11:40:00,5263.7256,4851.2827,summer,day3,37
2025-07-17 11:45:00,4268.602800000001,4840.138,summer,day3,37
2025-07-17 11:50:00,4858.2036,4843.2314,summer,day3,37
2025-07-17 11:55:00,5438.0904,4854.8423,summer,day3,37
2025-07-17 12:00:00,4499.245199999999,4705.87,summer,day3,37
2025-07-17 12:05:00,4930.468800000001,4736.7324,summer,day3,37
2025-07-17 12:10:00,4484.1,4751.1445,summer,day3,37
2025-07-17 12:15:00,5279.354399999999,4721.4536,summer,day3,37
2025-07-17 12:20:00,5635.4208,4740.6445,summer,day3,37
2025-07-17 12:25:00,7468.26,4725.921,summer,day3,37
2025-07-17 12:30:00,5192.6436,4705.4736,summer,day3,37
2025-07-17 12:35:00,4543.9488,4707.8647,summer,day3,37
2025-07-17 12:40:00,6092.5008,4723.09,summer,day3,37
2025-07-17 12:45:00,7782.559200000001,4690.038,summer,day3,37
2025-07-17 12:50:00,6412.6092,4667.997,summer,day3,37
2025-07-17 12:55:00,6379.0584,4646.3086,summer,day3,37
2025-07-17 13:00:00,4599.3876,4649.6045,summer,day3,37
2025-07-17 13:05:00,4737.0216,4641.7544,summer,day3,37
2025-07-17 13:10:00,6574.3068,4642.535,summer,day3,37
2025-07-17 13:15:00,5047.7232,4651.372,summer,day3,37
2025-07-17 13:20:00,6563.8068,4691.6045,summer,day3,37
2025-07-17 13:25:00,7114.498799999999,4731.079,summer,day3,37
2025-07-17 13:30:00,5494.794,4747.925,summer,day3,37
2025-07-17 13:35:00,4849.7352,4720.294,summer,day3,37
2025-07-17 13:40:00,5346.7044000000005,4740.3765,summer,day3,37
2025-07-17 13:45:00,4955.202,4719.4634,summer,day3,37
2025-07-17 13:50:00,5024.3364,4683.9424,summer,day3,37
2025-07-17 13:55:00,4966.8852,4666.921,summer,day3,37
2025-07-17 14:00:00,4621.818,4647.1475,summer,day3,37
2025-07-17 14:05:00,5243.9112000000005,4604.5913,summer,day3,37
2025-07-17 14:10:00,6409.0632,4572.865,summer,day3,37
2025-07-17 14:15:00,4819.956,4555.8223,summer,day3,37
2025-07-17 14:20:00,4747.390799999999,4547.054,summer,day3,37
2025-07-17 14:25:00,6238.9308,4545.6787,summer,day3,37
2025-07-17 14:30:00,5582.022,4536.308,summer,day3,37
2025-07-17 14:35:00,4787.9088,4535.054,summer,day3,37
2025-07-17 14:40:00,4944.138,4591.552,summer,day3,37
2025-07-17 14:45:00,5074.722,4628.627,summer,day3,37
2025-07-17 14:50:00,5499.2352,4616.6406,summer,day3,37
2025-07-17 14:55:00,4968.6384,4557.914,summer,day3,37
2025-07-17 15:00:00,5770.7616,4576.643,summer,day3,37
2025-07-17 15:05:00,5905.2468,4555.989,summer,day3,37
2025-07-17 15:10:00,5332.9752,4557.2793,summer,day3,37
2025-07-17 15:15:00,4588.5576,4553.221,summer,day3,37
2025-07-17 15:20:00,4382.6664,4592.791,summer,day3,37
2025-07-17 15:25:00,4640.8212,4573.063,summer,day3,37
2025-07-17 15:30:00,4833.7644,4557.043,summer,day3,37
2025-07-17 15:35:00,4735.32,4554.7397,summer,day3,37
2025-07-17 15:40:00,5593.9956,4543.167,summer,day3,37
2025-07-17 15:45:00,6699.9204,4573.075,summer,day3,37
2025-07-17 15:50:00,5349.530400000001,4568.5273,summer,day3,37
2025-07-17 15:55:00,4272.5472,4549.6953,summer,day3,37
2025-07-17 16:00:00,5156.5692,4533.8096,summer,day3,37
2025-07-17 16:05:00,3829.3248,4541.211,summer,day3,37
2025-07-17 16:10:00,3904.7964,4546.582,summer,day3,37
2025-07-17 16:15:00,3894.5555999999997,4511.2446,summer,day3,37
2025-07-17 16:20:00,3870.8376000000003,4536.3057,summer,day3,37
2025-07-17 16:25:00,4002.0528,4511.4956,summer,day3,37
2025-07-17 16:30:00,3569.1551999999997,4513.2617,summer,day3,37
2025-07-17 16:35:00,3827.4168,4498.5176,summer,day3,37
2025-07-17 16:40:00,4213.9656,4543.219,summer,day3,37
2025-07-17 16:45:00,3695.3868,4511.704,summer,day3,37
2025-07-17 16:50:00,3703.0847999999996,4481.6074,summer,day3,37
2025-07-17 16:55:00,5570.166,4464.0493,summer,day3,37
2025-07-17 17:00:00,4633.2624,4450.4062,summer,day3,37
2025-07-17 17:05:00,6476.478,4462.0728,summer,day3,37
2025-07-17 17:10:00,5138.442,4455.3276,summer,day3,37
2025-07-17 17:15:00,5058.0504,4457.5405,summer,day3,37
2025-07-17 17:20:00,5018.3351999999995,4501.9233,summer,day3,37
2025-07-17 17:25:00,4594.0596000000005,4515.0625,summer,day3,37
2025-07-17 17:30:00,3719.3544,4512.7207,summer,day3,37
2025-07-17 17:35:00,3734.5440000000003,4490.817,summer,day3,37
2025-07-17 17:40:00,3975.9672,4516.409,summer,day3,37
2025-07-17 17:45:00,4450.2204,4484.2705,summer,day3,37
2025-07-17 17:50:00,4235.4132,4464.8457,summer,day3,37
2025-07-17 17:55:00,3930.0624,4446.986,summer,day3,37
2025-07-17 18:00:00,5268.5292,4452.2124,summer,day3,37
2025-07-17 18:05:00,5162.6532,4425.1685,summer,day3,37
2025-07-17 18:10:00,4423.0344,4393.038,summer,day3,37
2025-07-17 18:15:00,5258.8056,4382.518,summer,day3,37
2025-07-17 18:20:00,4014.7344,4362.6377,summer,day3,37
2025-07-17 18:25:00,3932.4660000000003,4363.0835,summer,day3,37
2025-07-17 18:30:00,3727.0728000000004,4346.6187,summer,day3,37
2025-07-17 18:35:00,3610.1976000000004,4355.1377,summer,day3,37
2025-07-17 18:40:00,3780.9444000000003,4393.187,summer,day3,37
2025-07-17 18:45:00,3828.2172000000005,4418.8613,summer,day3,37
2025-07-17 18:50:00,3959.0099999999998,4396.7515,summer,day3,37
2025-07-17 18:55:00,4518.9228,4360.4604,summer,day3,37
2025-07-17 19:00:00,3927.3635999999997,4371.707,summer,day3,37
2025-07-17 19:05:00,3844.9199999999996,4338.5405,summer,day3,37
2025-07-17 19:10:00,4531.116,4330.5605,summer,day3,37
2025-07-17 19:15:00,6519.4812,4303.4014,summer,day3,37
2025-07-17 19:20:00,5548.7663999999995,4344.0615,summer,day3,37
2025-07-17 19:25:00,4800.1116,4339.4688,summer,day3,37
2025-07-17 19:30:00,3718.7748,4322.9688,summer,day3,37
2025-07-17 19:35:00,4131.6144,4325.56,summer,day3,37
2025-07-17 19:40:00,3456.3072,4308.545,summer,day3,37
2025-07-17 19:45:00,3640.9728000000005,4324.629,summer,day3,37
2025-07-17 19:50:00,3621.3959999999997,4309.046,summer,day3,37
2025-07-17 19:55:00,3452.7012000000004,4298.871,summer,day3,37
2025-07-17 20:00:00,3340.0343999999996,4174.1494,summer,day3,37
2025-07-17 20:05:00,3938.4468,4153.1396,summer,day3,37
2025-07-17 20:10:00,5138.5524,4158.184,summer,day3,37
2025-07-17 20:15:00,4519.9536,4114.429,summer,day3,37
2025-07-17 20:20:00,3926.7612,4119.9585,summer,day3,37
2025-07-17 20:25:00,3740.0208,4098.57,summer,day3,37
2025-07-17 20:30:00,4663.9524,4093.3496,summer,day3,37
2025-07-17 20:35:00,4187.022,4041.7908,summer,day3,37
2025-07-17 20:40:00,3741.7536,4073.2922,summer,day3,37
2025-07-17 20:45:00,4081.4483999999998,4053.455,summer,day3,37
2025-07-17 20:50:00,4111.0248,4018.398,summer,day3,37
2025-07-17 20:55:00,4040.1852,3997.2158,summer,day3,37
2025-07-17 21:00:00,4022.5296000000003,3983.521,summer,day3,37
2025-07-17 21:05:00,5074.1916,3987.1365,summer,day3,37
2025-07-17 21:10:00,5019.6864000000005,3971.1086,summer,day3,37
2025-07-17 21:15:00,5235.1056,3968.062,summer,day3,37
2025-07-17 21:20:00,5198.7276,4132.58,summer,day3,37
2025-07-17 21:25:00,5041.8972,4112.8477,summer,day3,37
2025-07-17 21:30:00,4947.7572,4122.7183,summer,day3,37
2025-07-17 21:35:00,4845.9983999999995,4102.634,summer,day3,37
2025-07-17 21:40:00,4915.1556,4078.1824,summer,day3,37
2025-07-17 21:45:00,4995.6108,4051.4731,summer,day3,37
2025-07-17 21:50:00,5145.023999999999,4012.4417,summer,day3,37
2025-07-17 21:55:00,4821.938400000001,3773.4766,summer,day3,37
2025-07-17 22:00:00,5224.206,3478.9219,summer,day3,37
2025-07-17 22:05:00,5409.0491999999995,3369.558,summer,day3,37
2025-07-17 22:10:00,7144.282800000001,3364.995,summer,day3,37
2025-07-17 22:15:00,7163.3364,3334.0752,summer,day3,37
2025-07-17 22:20:00,5021.166,3318.1,summer,day3,37
2025-07-17 22:25:00,5094.3084,3290.0657,summer,day3,37
2025-07-17 22:30:00,5358.468,3279.4883,summer,day3,37
2025-07-17 22:35:00,5151.765600000001,3265.948,summer,day3,37
2025-07-17 22:40:00,5313.6588,3362.6028,summer,day3,37
2025-07-17 22:45:00,5620.0271999999995,3332.025,summer,day3,37
2025-07-17 22:50:00,5626.4496,3348.5684,summer,day3,37
2025-07-17 22:55:00,5536.8804,3319.325,summer,day3,37
2025-07-17 23:00:00,5400.3396,3283.635,summer,day3,37
2025-07-17 23:05:00,5470.469999999999,3287.2947,summer,day3,37
2025-07-17 23:10:00,5739.8243999999995,3286.9465,summer,day3,37
2025-07-17 23:15:00,5787.3996,3280.849,summer,day3,37
2025-07-17 23:20:00,5927.4816,3282.4868,summer,day3,37
2025-07-17 23:25:00,5834.090399999999,3266.358,summer,day3,37
2025-07-17 23:30:00,5615.3124,3260.2373,summer,day3,37
2025-07-17 23:35:00,5421.51,3271.3381,summer,day3,37
2025-07-17 23:40:00,5291.3436,3268.0723,summer,day3,37
2025-07-17 23:45:00,6521.7792,3287.6846,summer,day3,37
2025-07-17 23:50:00,5161.5504,3277.939,summer,day3,37
2025-07-17 23:55:00,4628.9604,3230.479,summer,day3,37
2025-08-08 00:00:00,2905.4832,3861.101,summer,day4,33
2025-08-08 00:05:00,2841.84,3686.9016,summer,day4,33
2025-08-08 00:10:00,3052.6944,3530.5732,summer,day4,33
2025-08-08 00:15:00,3142.6728,3407.0942,summer,day4,33
2025-08-08 00:20:00,2870.1984,3336.6826,summer,day4,33
2025-08-08 00:25:00,2817.8292,3272.612,summer,day4,33
2025-08-08 00:30:00,2915.0568,3236.0815,summer,day4,33
2025-08-08 00:35:00,2962.2383999999997,3189.8262,summer,day4,33
2025-08-08 00:40:00,2623.6164,3160.5476,summer,day4,33
2025-08-08 00:45:00,2690.5608,3114.0073,summer,day4,33
2025-08-08 00:50:00,2906.832,3098.733,summer,day4,33
2025-08-08 00:55:00,2565.0204,3094.4167,summer,day4,33
2025-08-08 01:00:00,2503.4616,3080.463,summer,day4,33
2025-08-08 01:05:00,2474.418,3078.7449,summer,day4,33
2025-08-08 01:10:00,2648.3604,3060.6187,summer,day4,33
2025-08-08 01:15:00,2786.8572,3014.7808,summer,day4,33
2025-08-08 01:20:00,2711.532,2920.5845,summer,day4,33
2025-08-08 01:25:00,2803.4472,2890.9521,summer,day4,33
2025-08-08 01:30:00,2854.1808,2864.9006,summer,day4,33
2025-08-08 01:35:00,2967.666,2853.2053,summer,day4,33
2025-08-08 01:40:00,2924.532,2846.8896,summer,day4,33
2025-08-08 01:45:00,2853.4332,2829.9763,summer,day4,33
2025-08-08 01:50:00,2575.8959999999997,2830.6167,summer,day4,33
2025-08-08 01:55:00,2489.8164,2837.5288,summer,day4,33
2025-08-08 02:00:00,2426.1984,2836.5618,summer,day4,33
2025-08-08 02:05:00,2760.0792,2832.3206,summer,day4,33
2025-08-08 02:10:00,3409.6788,2821.5454,summer,day4,33
2025-08-08 02:15:00,3478.7292,2803.1519,summer,day4,33
2025-08-08 02:20:00,3429.4031999999997,2801.2817,summer,day4,33
2025-08-08 02:25:00,3368.4684,2784.2705,summer,day4,33
2025-08-08 02:30:00,3050.1252,2783.396,summer,day4,33
2025-08-08 02:35:00,2940.1956,2781.0178,summer,day4,33
2025-08-08 02:40:00,3120.0227999999997,2723.887,summer,day4,33
2025-08-08 02:45:00,4267.158,2717.9048,summer,day4,33
2025-08-08 02:50:00,4474.515600000001,2719.5256,summer,day4,33
2025-08-08 02:55:00,3739.8084000000003,2708.9888,summer,day4,33
2025-08-08 03:00:00,5022.6144,2726.7065,summer,day4,33
2025-08-08 03:05:00,4454.8908,2718.5283,summer,day4,33
2025-08-08 03:10:00,2717.2367999999997,2711.8425,summer,day4,33
2025-08-08 03:15:00,3616.4352,2708.4736,summer,day4,33
2025-08-08 03:20:00,5155.7544,2709.5598,summer,day4,33
2025-08-08 03:25:00,3559.5,2719.3794,summer,day4,33
2025-08-08 03:30:00,2605.1423999999997,2701.1094,summer,day4,33
2025-08-08 03:35:00,2508.5832,2694.0938,summer,day4,33
2025-08-08 03:40:00,2695.8588000000004,2700.3972,summer,day4,33
2025-08-08 03:45:00,2457.4272,2694.1702,summer,day4,33
2025-08-08 03:50:00,2337.6576,2692.509,summer,day4,33
2025-08-08 03:55:00,2346.7884,2699.041,summer,day4,33
2025-08-08 04:00:00,2334.5664,2673.7273,summer,day4,33
2025-08-08 04:05:00,2381.9700000000003,2674.8928,summer,day4,33
2025-08-08 04:10:00,2430.6504,2668.036,summer,day4,33
2025-08-08 04:15:00,2522.2812,2649.829,summer,day4,33
2025-08-08 04:20:00,2233.764,2644.9148,summer,day4,33
2025-08-08 04:25:00,2555.6351999999997,2632.7593,summer,day4,33
2025-08-08 04:30:00,2582.2488000000003,2638.8208,summer,day4,33
2025-08-08 04:35:00,3999.4116000000004,2624.0066,summer,day4,33
2025-08-08 04:40:00,2532.3635999999997,2626.3384,summer,day4,33
2025-08-08 04:45:00,2868.2604,2632.6924,summer,day4,33
2025-08-08 04:50:00,3039.5508,2609.193,summer,day4,33
2025-08-08 04:55:00,2912.1144,2614.0479,summer,day4,33
2025-08-08 05:00:00,2723.4708,2620.9536,summer,day4,33
2025-08-08 05:05:00,2702.4924,2619.8489,summer,day4,33
2025-08-08 05:10:00,2537.0099999999998,2604.221,summer,day4,33
2025-08-08 05:15:00,2216.7768,2587.6323,summer,day4,33
2025-08-08 05:20:00,2429.4576,2447.6987,summer,day4,33
2025-08-08 05:25:00,2355.9864000000002,2420.0176,summer,day4,33
2025-08-08 05:30:00,2164.7628,2389.4492,summer,day4,33
2025-08-08 05:35:00,2109.3347999999996,2365.503,summer,day4,33
2025-08-08 05:40:00,2062.8455999999996,2352.0845,summer,day4,33
2025-08-08 05:45:00,2216.46,2342.6665,summer,day4,33
2025-08-08 05:50:00,2434.5024,2340.096,summer,day4,33
2025-08-08 05:55:00,2256.9624,2349.294,summer,day4,33
2025-08-08 06:00:00,2086.1076000000003,2368.336,summer,day4,33
2025-08-08 06:05:00,2038.9080000000001,2374.6165,summer,day4,33
2025-08-08 06:10:00,2045.8739999999998,2359.5864,summer,day4,33
2025-08-08 06:15:00,2038.7652000000003,2373.2336,summer,day4,33
2025-08-08 06:20:00,2295.6876,2384.9688,summer,day4,33
2025-08-08 06:25:00,2334.8376,2410.1191,summer,day4,33
2025-08-08 06:30:00,2314.3343999999997,2415.8198,summer,day4,33
2025-08-08 06:35:00,2259.6408,2449.121,summer,day4,33
2025-08-08 06:40:00,2163.0119999999997,2607.8706,summer,day4,33
2025-08-08 06:45:00,2305.9932,2659.4956,summer,day4,33
2025-08-08 06:50:00,2580.3732,2702.0288,summer,day4,33
2025-08-08 06:55:00,2479.3308,2738.6309,summer,day4,33
2025-08-08 07:00:00,2469.1236,2759.332,summer,day4,33
2025-08-08 07:05:00,2567.5296,2806.3677,summer,day4,33
2025-08-08 07:10:00,2516.7912,2836.339,summer,day4,33
2025-08-08 07:15:00,2933.8487999999998,2883.832,summer,day4,33
2025-08-08 07:20:00,4157.588400000001,2946.8357,summer,day4,33
2025-08-08 07:25:00,3769.9464,3014.5767,summer,day4,33
2025-08-08 07:30:00,3520.6008,3088.797,summer,day4,33
2025-08-08 07:35:00,3993.84,3160.544,summer,day4,33
2025-08-08 07:40:00,3469.446,3245.818,summer,day4,33
2025-08-08 07:45:00,3332.5608,3312.2014,summer,day4,33
2025-08-08 07:50:00,4370.982,3367.6462,summer,day4,33
2025-08-08 07:55:00,5928.4632,3447.209,summer,day4,33
2025-08-08 08:00:00,6051.9216,3471.739,summer,day4,33
2025-08-08 08:05:00,7442.5740000000005,3517.819,summer,day4,33
2025-08-08 08:10:00,6914.742,3545.0505,summer,day4,33
2025-08-08 08:15:00,4370.236800000001,3581.8984,summer,day4,33
2025-08-08 08:20:00,3859.41,3602.0232,summer,day4,33
2025-08-08 08:25:00,3873.5616,3637.5703,summer,day4,33
2025-08-08 08:30:00,3982.8959999999997,3661.6355,summer,day4,33
2025-08-08 08:35:00,4137.0887999999995,3706.372,summer,day4,33
2025-08-08 08:40:00,4582.818,3749.528,summer,day4,33
2025-08-08 08:45:00,4052.8572,3790.5513,summer,day4,33
2025-08-08 08:50:00,3729.6876,3807.681,summer,day4,33
2025-08-08 08:55:00,3790.8612000000003,3845.276,summer,day4,33
2025-08-08 09:00:00,3798.4464,3854.7192,summer,day4,33
2025-08-08 09:05:00,5274.7428,3885.6138,summer,day4,33
2025-08-08 09:10:00,4159.0452000000005,3919.6794,summer,day4,33
2025-08-08 09:15:00,4181.5740000000005,3934.9426,summer,day4,33
2025-08-08 09:20:00,5541.3996,3969.868,summer,day4,33
2025-08-08 09:25:00,4343.9496,3987.089,summer,day4,33
2025-08-08 09:30:00,5387.140799999999,4004.918,summer,day4,33
2025-08-08 09:35:00,4316.7192,3993.6873,summer,day4,33
2025-08-08 09:40:00,4500.069600000001,4002.734,summer,day4,33
2025-08-08 09:45:00,4473.2916,4018.3225,summer,day4,33
2025-08-08 09:50:00,6840.2064,4012.2065,summer,day4,33
2025-08-08 09:55:00,5347.7736,4018.4912,summer,day4,33
2025-08-08 10:00:00,4514.2572,4032.038,summer,day4,33
2025-08-08 10:05:00,5084.0124,4038.363,summer,day4,33
2025-08-08 10:10:00,5008.0896,4039.6948,summer,day4,33
2025-08-08 10:15:00,4081.65,4038.9731,summer,day4,33
2025-08-08 10:20:00,4155.3396,4028.2314,summer,day4,33
2025-08-08 10:25:00,4868.2476,4036.9856,summer,day4,33
2025-08-08 10:30:00,5180.252399999999,4042.6162,summer,day4,33
2025-08-08 10:35:00,4211.556,4042.9778,summer,day4,33
2025-08-08 10:40:00,4728.6048,4090.8818,summer,day4,33
2025-08-08 10:45:00,4576.3128,4115.244,summer,day4,33
2025-08-08 10:50:00,4665.6708,4106.785,summer,day4,33
2025-08-08 10:55:00,3503.478,4091.3188,summer,day4,33
2025-08-08 11:00:00,3574.1040000000003,4099.5977,summer,day4,33
2025-08-08 11:05:00,3782.2296,4108.5186,summer,day4,33
2025-08-08 11:10:00,5051.9436000000005,4097.944,summer,day4,33
2025-08-08 11:15:00,4720.2924,4084.0737,summer,day4,33
2025-08-08 11:20:00,5171.43,4083.8665,summer,day4,33
2025-08-08 11:25:00,5189.8332,4082.0386,summer,day4,33
2025-08-08 11:30:00,6781.4364000000005,4069.955,summer,day4,33
2025-08-08 11:35:00,5262.777599999999,4070.9531,summer,day4,33
2025-08-08 11:40:00,5481.5484,4069.5159,summer,day4,33
2025-08-08 11:45:00,4569.4092,4082.1785,summer,day4,33
2025-08-08 11:50:00,2638.8288000000002,4074.9878,summer,day4,33
2025-08-08 11:55:00,2600.8296,4075.266,summer,day4,33
2025-08-08 12:00:00,2749.0620000000004,4149.161,summer,day4,33
2025-08-08 12:05:00,3770.9472,4165.901,summer,day4,33
2025-08-08 12:10:00,4299.8112,4146.189,summer,day4,33
2025-08-08 12:15:00,4665.4152,4122.2983,summer,day4,33
2025-08-08 12:20:00,2908.5612,4128.876,summer,day4,33
2025-08-08 12:25:00,2706.7356,4116.9062,summer,day4,33
2025-08-08 12:30:00,2959.0415999999996,4113.221,summer,day4,33
2025-08-08 12:35:00,2706.6168000000002,4098.479,summer,day4,33
2025-08-08 12:40:00,2692.866,4109.159,summer,day4,33
2025-08-08 12:45:00,2798.7972,4118.0947,summer,day4,33
2025-08-08 12:50:00,2721.0768,4113.545,summer,day4,33
2025-08-08 12:55:00,3447.0324,4119.16,summer,day4,33
2025-08-08 13:00:00,3030.2988,4118.8315,summer,day4,33
2025-08-08 13:05:00,3751.1796000000004,4130.417,summer,day4,33
2025-08-08 13:10:00,4783.0992,4134.012,summer,day4,33
2025-08-08 13:15:00,7185.755999999999,4130.146,summer,day4,33
2025-08-08 13:20:00,5689.8216,4191.3784,summer,day4,33
2025-08-08 13:25:00,5006.1312,4205.871,summer,day4,33
2025-08-08 13:30:00,3681.2316,4186.5977,summer,day4,33
2025-08-08 13:35:00,3398.9496,4169.162,summer,day4,33
2025-08-08 13:40:00,4802.8212,4182.833,summer,day4,33
2025-08-08 13:45:00,3532.0811999999996,4177.6606,summer,day4,33
2025-08-08 13:50:00,5046.8928,4168.4907,summer,day4,33
2025-08-08 13:55:00,3782.6591999999996,4161.171,summer,day4,33
2025-08-08 14:00:00,5003.0352,4160.292,summer,day4,33
2025-08-08 14:05:00,4340.454,4164.6475,summer,day4,33
2025-08-08 14:10:00,4120.7292,4158.9473,summer,day4,33
2025-08-08 14:15:00,3413.1551999999997,4158.6714,summer,day4,33
2025-08-08 14:20:00,3355.8695999999995,4159.463,summer,day4,33
2025-08-08 14:25:00,3638.7228000000005,4166.1577,summer,day4,33
2025-08-08 14:30:00,4723.7112,4165.925,summer,day4,33
2025-08-08 14:35:00,5800.7076,4168.0205,summer,day4,33
2025-08-08 14:40:00,4699.6812,4206.6924,summer,day4,33
2025-08-08 14:45:00,4796.1576000000005,4235.929,summer,day4,33
2025-08-08 14:50:00,4215.8184,4217.539,summer,day4,33
2025-08-08 14:55:00,3505.9067999999997,4202.7583,summer,day4,33
2025-08-08 15:00:00,3366.9396,4215.5903,summer,day4,33
2025-08-08 15:05:00,2607.7943999999998,4211.7764,summer,day4,33
2025-08-08 15:10:00,2683.9067999999997,4195.68,summer,day4,33
2025-08-08 15:15:00,3289.518,4168.0923,summer,day4,33
2025-08-08 15:20:00,3239.2763999999997,4164.3267,summer,day4,33
2025-08-08 15:25:00,3709.536,4160.843,summer,day4,33
2025-08-08 15:30:00,3970.7555999999995,4144.403,summer,day4,33
2025-08-08 15:35:00,3985.5864,4138.7744,summer,day4,33
2025-08-08 15:40:00,4568.6796,4125.6875,summer,day4,33
2025-08-08 15:45:00,3415.3487999999998,4131.999,summer,day4,33
2025-08-08 15:50:00,4920.3684,4119.865,summer,day4,33
2025-08-08 15:55:00,3361.9080000000004,4119.538,summer,day4,33
2025-08-08 16:00:00,3421.9584000000004,4141.727,summer,day4,33
2025-08-08 16:05:00,3696.834,4158.969,summer,day4,33
2025-08-08 16:10:00,4050.3455999999996,4125.7466,summer,day4,33
2025-08-08 16:15:00,4786.476000000001,4084.983,summer,day4,33
2025-08-08 16:20:00,5060.3364,4071.0815,summer,day4,33
2025-08-08 16:25:00,3897.1176,4046.018,summer,day4,33
2025-08-08 16:30:00,4117.412399999999,4037.5789,summer,day4,33
2025-08-08 16:35:00,3502.3224,4013.2383,summer,day4,33
2025-08-08 16:40:00,3515.2404,4012.2217,summer,day4,33
2025-08-08 16:45:00,4857.1788,4010.2893,summer,day4,33
2025-08-08 16:50:00,4484.3351999999995,3982.3774,summer,day4,33
2025-08-08 16:55:00,3655.2156000000004,3970.526,summer,day4,33
2025-08-08 17:00:00,3561.2088000000003,3953.8362,summer,day4,33
2025-08-08 17:05:00,3523.1760000000004,3964.3325,summer,day4,33
2025-08-08 17:10:00,3922.7532,3941.2346,summer,day4,33
2025-08-08 17:15:00,4652.664,3918.805,summer,day4,33
2025-08-08 17:20:00,4405.8264,3860.4102,summer,day4,33
2025-08-08 17:25:00,4178.4924,3862.3042,summer,day4,33
2025-08-08 17:30:00,5473.3824,3834.7134,summer,day4,33
2025-08-08 17:35:00,3859.8455999999996,3801.2627,summer,day4,33
2025-08-08 17:40:00,3788.3196000000003,3785.2837,summer,day4,33
2025-08-08 17:45:00,4298.9592,3769.876,summer,day4,33
2025-08-08 17:50:00,3523.536,3753.0247,summer,day4,33
2025-08-08 17:55:00,3408.1704,3743.2864,summer,day4,33
2025-08-08 18:00:00,3892.5996,3740.007,summer,day4,33
2025-08-08 18:05:00,5197.6044,3750.123,summer,day4,33
2025-08-08 18:10:00,4862.986800000001,3724.2078,summer,day4,33
2025-08-08 18:15:00,3944.046,3691.414,summer,day4,33
2025-08-08 18:20:00,3285.3455999999996,3689.8623,summer,day4,33
2025-08-08 18:25:00,2748.4847999999997,3674.907,summer,day4,33
2025-08-08 18:30:00,2445.9864000000002,3662.656,summer,day4,33
2025-08-08 18:35:00,2176.9584000000004,3653.0647,summer,day4,33
2025-08-08 18:40:00,2878.4148,3676.663,summer,day4,33
2025-08-08 18:45:00,2829.4811999999997,3677.4578,summer,day4,33
2025-08-08 18:50:00,2444.1924,3659.0334,summer,day4,33
2025-08-08 18:55:00,2611.938,3646.6042,summer,day4,33
2025-08-08 19:00:00,3374.5512000000003,3638.0017,summer,day4,33
2025-08-08 19:05:00,2960.0088000000005,3624.3462,summer,day4,33
2025-08-08 19:10:00,4092.1416,3606.381,summer,day4,33
2025-08-08 19:15:00,4772.0532,3591.3813,summer,day4,33
2025-08-08 19:20:00,2430.786,3581.4978,summer,day4,33
2025-08-08 19:25:00,2479.8048,3598.4946,summer,day4,33
2025-08-08 19:30:00,2630.2752,3575.7888,summer,day4,33
2025-08-08 19:35:00,2845.0608,3552.0054,summer,day4,33
2025-08-08 19:40:00,2938.3392,3558.8677,summer,day4,33
2025-08-08 19:45:00,2988.6756,3545.0823,summer,day4,33
2025-08-08 19:50:00,4017.8328,3546.4202,summer,day4,33
2025-08-08 19:55:00,2619.2712,3548.5552,summer,day4,33
2025-08-08 20:00:00,2265.0191999999997,3608.8833,summer,day4,33
2025-08-08 20:05:00,2141.1264,3609.4097,summer,day4,33
2025-08-08 20:10:00,2102.7912,3589.197,summer,day4,33
2025-08-08 20:15:00,2098.248,3560.866,summer,day4,33
2025-08-08 20:20:00,2046.3192,3548.0889,summer,day4,33
2025-08-08 20:25:00,2141.1876,3533.5713,summer,day4,33
2025-08-08 20:30:00,2322.7776,3524.4275,summer,day4,33
2025-08-08 20:35:00,2007.8604,3508.695,summer,day4,33
2025-08-08 20:40:00,2347.452,3518.6504,summer,day4,33
2025-08-08 20:45:00,2397.0984,3543.7456,summer,day4,33
2025-08-08 20:50:00,2293.8131999999996,3522.5107,summer,day4,33
2025-08-08 20:55:00,2290.6295999999998,3505.9724,summer,day4,33
2025-08-08 21:00:00,2288.046,3520.6042,summer,day4,33
2025-08-08 21:05:00,2324.6964,3507.4365,summer,day4,33
2025-08-08 21:10:00,2523.294,3493.9202,summer,day4,33
2025-08-08 21:15:00,2329.0008000000003,3467.5654,summer,day4,33
2025-08-08 21:20:00,2381.2511999999997,3399.6948,summer,day4,33
2025-08-08 21:25:00,2403.864,3355.2058,summer,day4,33
2025-08-08 21:30:00,2394.0804,3332.4253,summer,day4,33
2025-08-08 21:35:00,2208.7619999999997,3287.5796,summer,day4,33
2025-08-08 21:40:00,2059.0595999999996,3272.0293,summer,day4,33
2025-08-08 21:45:00,2403.7248,3268.6362,summer,day4,33
2025-08-08 21:50:00,2643.1368,3252.877,summer,day4,33
2025-08-08 21:55:00,2519.4636,3235.9653,summer,day4,33
2025-08-08 22:00:00,2748.9156000000003,3224.1567,summer,day4,33
2025-08-08 22:05:00,2819.1731999999997,3219.5625,summer,day4,33
2025-08-08 22:10:00,2797.3787999999995,3191.558,summer,day4,33
2025-08-08 22:15:00,2728.8216,3179.8462,summer,day4,33
2025-08-08 22:20:00,2633.6316,3167.1409,summer,day4,33
2025-08-08 22:25:00,2613.8088,3162.4375,summer,day4,33
2025-08-08 22:30:00,2962.7928,3146.6467,summer,day4,33
2025-08-08 22:35:00,2505.8232,3119.191,summer,day4,33
2025-08-08 22:40:00,2656.6367999999998,2984.3699,summer,day4,33
2025-08-08 22:45:00,2846.6796,2973.605,summer,day4,33
2025-08-08 22:50:00,2746.4292,2958.2249,summer,day4,33
2025-08-08 22:55:00,2563.2732,2955.064,summer,day4,33
2025-08-08 23:00:00,2549.2188,2949.782,summer,day4,33
2025-08-08 23:05:00,2521.6368,2946.098,summer,day4,33
2025-08-08 23:10:00,2702.8176,2929.2705,summer,day4,33
2025-08-08 23:15:00,2504.3064,2914.4165,summer,day4,33
2025-08-08 23:20:00,2510.2596000000003,2893.4565,summer,day4,33
2025-08-08 23:25:00,2516.4468,2891.6252,summer,day4,33
2025-08-08 23:30:00,2216.4096,2872.6128,summer,day4,33
2025-08-08 23:35:00,2404.7748,2860.6694,summer,day4,33
2025-08-08 23:40:00,2587.326,2863.871,summer,day4,33
2025-08-08 23:45:00,2509.5348,2843.308,summer,day4,33
2025-08-08 23:50:00,2691.5496000000003,2831.2366,summer,day4,33
2025-08-08 23:55:00,2451.072,2823.2527,summer,day4,33
2025-08-31 00:00:00,2182.0248,2390.0593,summer,day5,37
2025-08-31 00:05:00,2171.3016,2393.7651,summer,day5,37
2025-08-31 00:10:00,2179.698,2405.1626,summer,day5,37
2025-08-31 00:15:00,2367.0263999999997,2410.1514,summer,day5,37
2025-08-31 00:20:00,2488.9332,2408.9976,summer,day5,37
2025-08-31 00:25:00,2413.3188,2410.678,summer,day5,37
2025-08-31 00:30:00,2379.0276,2418.32,summer,day5,37
2025-08-31 00:35:00,2326.3428,2413.9207,summer,day5,37
2025-08-31 00:40:00,2281.1736,2412.4905,summer,day5,37
2025-08-31 00:45:00,2240.9832,2427.1182,summer,day5,37
2025-08-31 00:50:00,2339.43,2410.9165,summer,day5,37
2025-08-31 00:55:00,2428.9248,2413.6245,summer,day5,37
2025-08-31 01:00:00,2334.294,2411.7544,summer,day5,37
2025-08-31 01:05:00,2190.9312,2412.1348,summer,day5,37
2025-08-31 01:10:00,2169.1596,2408.8345,summer,day5,37
2025-08-31 01:15:00,2111.2547999999997,2413.7603,summer,day5,37
2025-08-31 01:20:00,2149.638,2404.784,summer,day5,37
2025-08-31 01:25:00,2269.2131999999997,2407.4,summer,day5,37
2025-08-31 01:30:00,2388.1440000000002,2410.487,summer,day5,37
2025-08-31 01:35:00,2309.5524,2414.793,summer,day5,37
2025-08-31 01:40:00,2106.84,2408.6223,summer,day5,37
2025-08-31 01:45:00,2144.9196,2410.7346,summer,day5,37
2025-08-31 01:50:00,2150.5368000000003,2417.898,summer,day5,37
2025-08-31 01:55:00,2092.8300000000004,2414.1167,summer,day5,37
2025-08-31 02:00:00,2155.7448,2414.7917,summer,day5,37
2025-08-31 02:05:00,2274.1344,2427.0928,summer,day5,37
2025-08-31 02:10:00,2262.8508,2413.1802,summer,day5,37
2025-08-31 02:15:00,2125.1784,2416.921,summer,day5,37
2025-08-31 02:20:00,2130.1404,2419.9436,summer,day5,37
2025-08-31 02:25:00,2179.1448,2421.533,summer,day5,37
2025-08-31 02:30:00,2169.3563999999997,2420.527,summer,day5,37
2025-08-31 02:35:00,2281.506,2428.9595,summer,day5,37
2025-08-31 02:40:00,2460.4584,2440.0234,summer,day5,37
2025-08-31 02:45:00,2300.6772,2445.5527,summer,day5,37
2025-08-31 02:50:00,2135.4096,2453.2473,summer,day5,37
2025-08-31 02:55:00,2109.5292,2458.1028,summer,day5,37
2025-08-31 03:00:00,2105.1396,2454.1147,summer,day5,37
2025-08-31 03:05:00,2159.7383999999997,2463.1216,summer,day5,37
2025-08-31 03:10:00,2250.6012,2471.4844,summer,day5,37
2025-08-31 03:15:00,2335.6188,2466.0264,summer,day5,37
2025-08-31 03:20:00,2230.9847999999997,2465.5425,summer,day5,37
2025-08-31 03:25:00,2123.4684,2482.1143,summer,day5,37
2025-08-31 03:30:00,2129.9424,2472.5908,summer,day5,37
2025-08-31 03:35:00,2201.3148,2480.1047,summer,day5,37
2025-08-31 03:40:00,2191.3212,2482.3914,summer,day5,37
2025-08-31 03:45:00,2239.4388,2482.3218,summer,day5,37
2025-08-31 03:50:00,2352.6924,2479.0862,summer,day5,37
2025-08-31 03:55:00,2211.0936,2485.7446,summer,day5,37
2025-08-31 04:00:00,2164.3068,2475.8506,summer,day5,37
2025-08-31 04:05:00,2287.62,2480.796,summer,day5,37
2025-08-31 04:10:00,2700.0996,2482.498,summer,day5,37
2025-08-31 04:15:00,2477.7419999999997,2477.0427,summer,day5,37
2025-08-31 04:20:00,2596.2275999999997,2470.884,summer,day5,37
2025-08-31 04:25:00,2646.3095999999996,2472.3242,summer,day5,37
2025-08-31 04:30:00,2636.9880000000003,2476.424,summer,day5,37
2025-08-31 04:35:00,2435.2727999999997,2463.1099,summer,day5,37
2025-08-31 04:40:00,2260.7400000000002,2464.6191,summer,day5,37
2025-08-31 04:45:00,2271.9948,2471.6587,summer,day5,37
2025-08-31 04:50:00,2605.2828,2452.7832,summer,day5,37
2025-08-31 04:55:00,2715.6156,2455.5457,summer,day5,37
2025-08-31 05:00:00,2876.3772,2451.5151,summer,day5,37
2025-08-31 05:05:00,2702.5811999999996,2447.1829,summer,day5,37
2025-08-31 05:10:00,2473.926,2436.8984,summer,day5,37
2025-08-31 05:15:00,2450.0244,2440.7246,summer,day5,37
2025-08-31 05:20:00,2296.3368,2364.7107,summer,day5,37
2025-08-31 05:25:00,2158.2192000000005,2361.1584,summer,day5,37
2025-08-31 05:30:00,2101.218,2354.7197,summer,day5,37
2025-08-31 05:35:00,2207.7648,2341.7935,summer,day5,37
2025-08-31 05:40:00,2161.4616,2321.19,summer,day5,37
2025-08-31 05:45:00,2376.87,2300.0923,summer,day5,37
2025-08-31 05:50:00,2385.6744,2290.9475,summer,day5,37
2025-08-31 05:55:00,2232.6072,2271.5337,summer,day5,37
2025-08-31 06:00:00,2064.4416,2261.8467,summer,day5,37
2025-08-31 06:05:00,2381.2632000000003,2248.2664,summer,day5,37
2025-08-31 06:10:00,2458.8036,2233.1575,summer,day5,37
2025-08-31 06:15:00,2302.2167999999997,2219.5703,summer,day5,37
2025-08-31 06:20:00,2281.3416,2221.1494,summer,day5,37
2025-08-31 06:25:00,2290.0896000000002,2228.08,summer,day5,37
2025-08-31 06:30:00,2123.9892,2227.1467,summer,day5,37
2025-08-31 06:35:00,2123.946,2250.499,summer,day5,37
2025-08-31 06:40:00,2096.8224,2280.6018,summer,day5,37
2025-08-31 06:45:00,1990.8756,2293.1077,summer,day5,37
2025-08-31 06:50:00,1907.2992,2321.9814,summer,day5,37
2025-08-31 06:55:00,1924.4784,2318.4148,summer,day5,37
2025-08-31 07:00:00,1899.3,2355.5466,summer,day5,37
2025-08-31 07:05:00,1934.532,2391.2273,summer,day5,37
2025-08-31 07:10:00,2058.1404,2491.7322,summer,day5,37
2025-08-31 07:15:00,2033.2908,2634.7432,summer,day5,37
2025-08-31 07:20:00,1949.8044000000002,2772.516,summer,day5,37
2025-08-31 07:25:00,1825.3044000000002,2856.6938,summer,day5,37
2025-08-31 07:30:00,1910.9268,3001.6028,summer,day5,37
2025-08-31 07:35:00,2020.998,3182.97,summer,day5,37
2025-08-31 07:40:00,2011.0392,3305.815,summer,day5,37
2025-08-31 07:45:00,2001.1487999999997,3334.9717,summer,day5,37
2025-08-31 07:50:00,2134.5996,3326.655,summer,day5,37
2025-08-31 07:55:00,2044.752,3272.0913,summer,day5,37
2025-08-31 08:00:00,1855.0716,3246.9702,summer,day5,37
2025-08-31 08:05:00,1842.3108,3261.8335,summer,day5,37
2025-08-31 08:10:00,1864.1748,3290.2168,summer,day5,37
2025-08-31 08:15:00,1817.7900000000002,3314.9158,summer,day5,37
2025-08-31 08:20:00,1829.7252,3335.903,summer,day5,37
2025-08-31 08:25:00,2058.3815999999997,3368.323,summer,day5,37
2025-08-31 08:30:00,2041.7628,3393.883,summer,day5,37
2025-08-31 08:35:00,1887.4584,3406.576,summer,day5,37
2025-08-31 08:40:00,1857.786,3427.618,summer,day5,37
2025-08-31 08:45:00,1862.8727999999999,3458.5608,summer,day5,37
2025-08-31 08:50:00,1895.7408,3466.3508,summer,day5,37
2025-08-31 08:55:00,1874.7972000000002,3493.7856,summer,day5,37
2025-08-31 09:00:00,2894.6099999999997,3500.2627,summer,day5,37
2025-08-31 09:05:00,4606.0332,3523.1284,summer,day5,37
2025-08-31 09:10:00,4738.5612,3539.4492,summer,day5,37
2025-08-31 09:15:00,4384.8336,3549.8843,summer,day5,37
2025-08-31 09:20:00,2424.528,3570.1392,summer,day5,37
2025-08-31 09:25:00,2227.5624,3564.1248,summer,day5,37
2025-08-31 09:30:00,2263.3368,3584.261,summer,day5,37
2025-08-31 09:35:00,2350.8504000000003,3584.0957,summer,day5,37
2025-08-31 09:40:00,2626.5012,3591.1255,summer,day5,37
2025-08-31 09:45:00,1964.9772,3593.0989,summer,day5,37
2025-08-31 09:50:00,1971.7044,3600.5854,summer,day5,37
2025-08-31 09:55:00,2005.4256,3606.7847,summer,day5,37
2025-08-31 10:00:00,2067.1572,3619.3088,summer,day5,37
2025-08-31 10:05:00,2244.852,3626.2869,summer,day5,37
2025-08-31 10:10:00,3416.1023999999998,3619.2856,summer,day5,37
2025-08-31 10:15:00,3862.4364,3620.7297,summer,day5,37
2025-08-31 10:20:00,3836.4936000000002,3616.302,summer,day5,37
2025-08-31 10:25:00,3223.632,3624.591,summer,day5,37
2025-08-31 10:30:00,2984.226,3629.2646,summer,day5,37
2025-08-31 10:35:00,2255.4672,3639.8523,summer,day5,37
2025-08-31 10:40:00,3035.508,3624.9497,summer,day5,37
2025-08-31 10:45:00,3573.0192,3641.174,summer,day5,37
2025-08-31 10:50:00,3498.6192,3651.4285,summer,day5,37
2025-08-31 10:55:00,2997.8003999999996,3643.0518,summer,day5,37
2025-08-31 11:00:00,2643.792,3657.8506,summer,day5,37
2025-08-31 11:05:00,3442.1771999999996,3658.076,summer,day5,37
2025-08-31 11:10:00,2188.5804,3657.803,summer,day5,37
2025-08-31 11:15:00,2405.3496,3652.0034,summer,day5,37
2025-08-31 11:20:00,2584.6979999999994,3661.5957,summer,day5,37
2025-08-31 11:25:00,2462.0099999999998,3661.6787,summer,day5,37
2025-08-31 11:30:00,2161.662,3654.4866,summer,day5,37
2025-08-31 11:35:00,2140.29,3651.5493,summer,day5,37
2025-08-31 11:40:00,2179.4292,3653.0786,summer,day5,37
2025-08-31 11:45:00,2256.7428,3655.736,summer,day5,37
2025-08-31 11:50:00,2426.5632,3650.17,summer,day5,37
2025-08-31 11:55:00,2053.9788,3642.2012,summer,day5,37
2025-08-31 12:00:00,2084.1984,3617.9136,summer,day5,37
2025-08-31 12:05:00,2074.7232,3628.8958,summer,day5,37
2025-08-31 12:10:00,2848.9848,3624.555,summer,day5,37
2025-08-31 12:15:00,3339.7188,3600.5835,summer,day5,37
2025-08-31 12:20:00,2250.9828,3602.6873,summer,day5,37
2025-08-31 12:25:00,2207.862,3591.4805,summer,day5,37
2025-08-31 12:30:00,2535.6792,3592.4597,summer,day5,37
2025-08-31 12:35:00,2224.3764,3578.7515,summer,day5,37
2025-08-31 12:40:00,2402.472,3586.5825,summer,day5,37
2025-08-31 12:45:00,2056.6992,3580.8076,summer,day5,37
2025-08-31 12:50:00,1929.1284,3559.07,summer,day5,37
2025-08-31 12:55:00,2071.3872,3555.596,summer,day5,37
2025-08-31 13:00:00,2795.3724,3550.1973,summer,day5,37
2025-08-31 13:05:00,3846.1284,3562.484,summer,day5,37
2025-08-31 13:10:00,5238.2124,3549.0632,summer,day5,37
2025-08-31 13:15:00,4509.752399999999,3535.6785,summer,day5,37
2025-08-31 13:20:00,4622.245199999999,3420.5024,summer,day5,37
2025-08-31 13:25:00,4373.318399999999,3402.6611,summer,day5,37
2025-08-31 13:30:00,4350.6972000000005,3410.698,summer,day5,37
2025-08-31 13:35:00,5883.780000000001,3410.0735,summer,day5,37
2025-08-31 13:40:00,4219.455599999999,3386.4358,summer,day5,37
2025-08-31 13:45:00,4279.3428,3377.023,summer,day5,37
2025-08-31 13:50:00,4733.3724,3380.2954,summer,day5,37
2025-08-31 13:55:00,4474.8588,3370.7153,summer,day5,37
2025-08-31 14:00:00,4857.1776,3368.5767,summer,day5,37
2025-08-31 14:05:00,4142.4324,3380.4663,summer,day5,37
2025-08-31 14:10:00,5776.6992,3361.4062,summer,day5,37
2025-08-31 14:15:00,4289.4924,3360.2249,summer,day5,37
2025-08-31 14:20:00,4750.2924,3354.8442,summer,day5,37
2025-08-31 14:25:00,4333.697999999999,3355.4802,summer,day5,37
2025-08-31 14:30:00,4190.0592,3354.4282,summer,day5,37
2025-08-31 14:35:00,5073.8844,3363.3381,summer,day5,37
2025-08-31 14:40:00,4693.2372000000005,3361.201,summer,day5,37
2025-08-31 14:45:00,5723.7504,3367.534,summer,day5,37
2025-08-31 14:50:00,6133.338000000001,3380.1223,summer,day5,37
2025-08-31 14:55:00,4434.3192,3382.2817,summer,day5,37
2025-08-31 15:00:00,4249.2936,3383.7454,summer,day5,37
2025-08-31 15:05:00,4138.8612,3388.4258,summer,day5,37
2025-08-31 15:10:00,5869.584,3399.662,summer,day5,37
2025-08-31 15:15:00,4105.4856,3390.4316,summer,day5,37
2025-08-31 15:20:00,4772.3135999999995,3398.4412,summer,day5,37
2025-08-31 15:25:00,7226.844,3413.6218,summer,day5,37
2025-08-31 15:30:00,4697.1396,3405.8096,summer,day5,37
2025-08-31 15:35:00,4431.940799999999,3412.1135,summer,day5,37
2025-08-31 15:40:00,4453.8396,3410.3313,summer,day5,37
2025-08-31 15:45:00,4339.2372000000005,3427.998,summer,day5,37
2025-08-31 15:50:00,4215.6876,3422.061,summer,day5,37
2025-08-31 15:55:00,4487.0496,3427.125,summer,day5,37
2025-08-31 16:00:00,4655.004,3419.2334,summer,day5,37
2025-08-31 16:05:00,6531.1428,3418.1438,summer,day5,37
2025-08-31 16:10:00,5223.3948,3427.768,summer,day5,37
2025-08-31 16:15:00,5174.808,3423.4993,summer,day5,37
2025-08-31 16:20:00,5001.606,3432.6396,summer,day5,37
2025-08-31 16:25:00,8077.4352,3446.9983,summer,day5,37
2025-08-31 16:30:00,7781.7588000000005,3464.5898,summer,day5,37
2025-08-31 16:35:00,6015.5844,3454.646,summer,day5,37
2025-08-31 16:40:00,5052.6924,3473.241,summer,day5,37
2025-08-31 16:45:00,4952.0976,3488.5144,summer,day5,37
2025-08-31 16:50:00,5160.8196,3478.2344,summer,day5,37
2025-08-31 16:55:00,6077.4324,3486.4043,summer,day5,37
2025-08-31 17:00:00,8012.6352,3485.3186,summer,day5,37
2025-08-31 17:05:00,6954.955199999999,3500.4473,summer,day5,37
2025-08-31 17:10:00,6484.3824,3494.6462,summer,day5,37
2025-08-31 17:15:00,6229.974,3494.2656,summer,day5,37
2025-08-31 17:20:00,6230.1012,3504.7395,summer,day5,37
2025-08-31 17:25:00,6915.224400000001,3503.9688,summer,day5,37
2025-08-31 17:30:00,6302.778,3522.8447,summer,day5,37
2025-08-31 17:35:00,6173.4144,3524.1804,summer,day5,37
2025-08-31 17:40:00,6153.0216,3527.099,summer,day5,37
2025-08-31 17:45:00,6950.794800000001,3530.0396,summer,day5,37
2025-08-31 17:50:00,7280.1576000000005,3541.7449,summer,day5,37
2025-08-31 17:55:00,6939.375599999999,3541.844,summer,day5,37
2025-08-31 18:00:00,6380.1323999999995,3562.6685,summer,day5,37
2025-08-31 18:05:00,6515.6424,3568.3467,summer,day5,37
2025-08-31 18:10:00,4805.9256000000005,3560.3936,summer,day5,37
2025-08-31 18:15:00,4628.286,3565.7852,summer,day5,37
2025-08-31 18:20:00,4889.294400000001,3567.48,summer,day5,37
2025-08-31 18:25:00,4872.770399999999,3574.1787,summer,day5,37
2025-08-31 18:30:00,3872.9748,3574.804,summer,day5,37
2025-08-31 18:35:00,3762.5663999999997,3584.6777,summer,day5,37
2025-08-31 18:40:00,3813.8604,3599.8616,summer,day5,37
2025-08-31 18:45:00,3833.7264000000005,3604.4294,summer,day5,37
2025-08-31 18:50:00,3909.7284,3623.627,summer,day5,37
2025-08-31 18:55:00,3944.4888,3613.7354,summer,day5,37
2025-08-31 19:00:00,5147.4612,3618.9446,summer,day5,37
2025-08-31 19:05:00,4844.462399999999,3620.208,summer,day5,37
2025-08-31 19:10:00,4242.972,3625.2207,summer,day5,37
2025-08-31 19:15:00,3783.0204,3615.9688,summer,day5,37
2025-08-31 19:20:00,3764.4767999999995,3627.0735,summer,day5,37
2025-08-31 19:25:00,3732.8520000000003,3623.9006,summer,day5,37
2025-08-31 19:30:00,3727.3704,3615.3535,summer,day5,37
2025-08-31 19:35:00,3835.8479999999995,3610.4102,summer,day5,37
2025-08-31 19:40:00,4004.9688,3603.938,summer,day5,37
2025-08-31 19:45:00,3859.8516000000004,3604.4397,summer,day5,37
2025-08-31 19:50:00,4215.4056,3586.554,summer,day5,37
2025-08-31 19:55:00,4371.5676,3583.029,summer,day5,37
2025-08-31 20:00:00,4049.5752,3498.8953,summer,day5,37
2025-08-31 20:05:00,4192.674,3499.0068,summer,day5,37
2025-08-31 20:10:00,4126.7604,3483.9683,summer,day5,37
2025-08-31 20:15:00,4924.669199999999,3452.4172,summer,day5,37
2025-08-31 20:20:00,4501.0968,3425.9312,summer,day5,37
2025-08-31 20:25:00,4050.282,3401.4763,summer,day5,37
2025-08-31 20:30:00,3954.6612,3377.5615,summer,day5,37
2025-08-31 20:35:00,5177.9832,3345.8206,summer,day5,37
2025-08-31 20:40:00,6023.2248,3314.0063,summer,day5,37
2025-08-31 20:45:00,4444.468800000001,3304.5337,summer,day5,37
2025-08-31 20:50:00,4218.8928,3261.3816,summer,day5,37
2025-08-31 20:55:00,5574.2136,3224.538,summer,day5,37
2025-08-31 21:00:00,4219.7784,3196.5732,summer,day5,37
2025-08-31 21:05:00,3663.756,3147.12,summer,day5,37
2025-08-31 21:10:00,3199.6356,3101.091,summer,day5,37
2025-08-31 21:15:00,3130.2432,3069.2603,summer,day5,37
2025-08-31 21:20:00,3049.0476,2856.9841,summer,day5,37
2025-08-31 21:25:00,3273.9696,2812.648,summer,day5,37
2025-08-31 21:30:00,3364.7028,2794.8591,summer,day5,37
2025-08-31 21:35:00,3176.8272,2760.001,summer,day5,37
2025-08-31 21:40:00,3206.7576,2707.9097,summer,day5,37
2025-08-31 21:45:00,3216.1848,2659.608,summer,day5,37
2025-08-31 21:50:00,3184.5828,2620.3376,summer,day5,37
2025-08-31 21:55:00,3230.1228,2597.3643,summer,day5,37
2025-08-31 22:00:00,3364.3284,2583.0986,summer,day5,37
2025-08-31 22:05:00,3308.3316,2570.2288,summer,day5,37
2025-08-31 22:10:00,3490.9008000000003,2547.8267,summer,day5,37
2025-08-31 22:15:00,3602.454,2555.9783,summer,day5,37
2025-08-31 22:20:00,3511.1316000000006,2547.2935,summer,day5,37
2025-08-31 22:25:00,3519.972,2534.8591,summer,day5,37
2025-08-31 22:30:00,3696.5627999999997,2516.9973,summer,day5,37
2025-08-31 22:35:00,3609.7224,2521.2874,summer,day5,37
2025-08-31 22:40:00,3199.3379999999997,2545.8223,summer,day5,37
2025-08-31 22:45:00,2989.5996,2548.707,summer,day5,37
2025-08-31 22:50:00,3265.2072,2549.7905,summer,day5,37
2025-08-31 22:55:00,3382.1027999999997,2548.7788,summer,day5,37
2025-08-31 23:00:00,3412.0392,2543.1519,summer,day5,37
2025-08-31 23:05:00,3385.3644,2543.1038,summer,day5,37
2025-08-31 23:10:00,3303.9276,2551.0293,summer,day5,37
2025-08-31 23:15:00,3277.4028,2539.558,summer,day5,37
2025-08-31 23:20:00,3480.042,2543.3499,summer,day5,37
2025-08-31 23:25:00,3273.5628,2550.9912,summer,day5,37
2025-08-31 23:30:00,3248.9136,2541.7756,summer,day5,37
2025-08-31 23:35:00,3623.5368000000003,2552.583,summer,day5,37
2025-08-31 23:40:00,3674.1804,2555.5073,summer,day5,37
2025-08-31 23:45:00,3651.9276,2556.4272,summer,day5,37
2025-08-31 23:50:00,3458.1588,2548.562,summer,day5,37
2025-08-31 23:55:00,3396.2532,2552.3333,summer,day5,37
