timestamp,actual,prediction,season,day
2025-01-31 00:00:00,2419.7136,2455.3494,winter,day1
2025-01-31 00:05:00,2421.2076,2451.0527,winter,day1
2025-01-31 00:10:00,2406.2376,2452.901,winter,day1
2025-01-31 00:15:00,2448.138,2450.0159,winter,day1
2025-01-31 00:20:00,2446.1592,2438.7134,winter,day1
2025-01-31 00:25:00,2429.3184,2455.5059,winter,day1
2025-01-31 00:30:00,2415.4271999999996,2458.1133,winter,day1
2025-01-31 00:35:00,2436.0756,2450.4307,winter,day1
2025-01-31 00:40:00,2442.5879999999997,2451.226,winter,day1
2025-01-31 00:45:00,2489.8392,2464.9102,winter,day1
2025-01-31 00:50:00,2574.8892000000005,2463.8809,winter,day1
2025-01-31 00:55:00,2494.1771999999996,2470.2239,winter,day1
2025-01-31 01:00:00,2460.7032,2471.729,winter,day1
2025-01-31 01:05:00,2478.7308000000003,2480.791,winter,day1
2025-01-31 01:10:00,2655.1824,2472.9543,winter,day1
2025-01-31 01:15:00,2623.8792000000003,2484.6423,winter,day1
2025-01-31 01:20:00,2643.6804,2514.1855,winter,day1
2025-01-31 01:25:00,2677.7496,2534.716,winter,day1
2025-01-31 01:30:00,2612.2164000000002,2568.729,winter,day1
2025-01-31 01:35:00,2576.718,2585.5874,winter,day1
2025-01-31 01:40:00,2567.16,2579.6006,winter,day1
2025-01-31 01:45:00,2857.2072,2613.479,winter,day1
2025-01-31 01:50:00,3233.2403999999997,2651.8572,winter,day1
2025-01-31 01:55:00,2634.7596,2645.7832,winter,day1
2025-01-31 02:00:00,3291.1416,2666.8572,winter,day1
2025-01-31 02:05:00,2764.3464,2694.83,winter,day1
2025-01-31 02:10:00,3136.0596,2696.358,winter,day1
2025-01-31 02:15:00,3107.1648,2720.2915,winter,day1
2025-01-31 02:20:00,2950.0908,2734.71,winter,day1
2025-01-31 02:25:00,3388.2504,2722.6768,winter,day1
2025-01-31 02:30:00,2792.6447999999996,2722.0217,winter,day1
2025-01-31 02:35:00,3416.9544,2715.371,winter,day1
2025-01-31 02:40:00,3290.1672,2767.1392,winter,day1
2025-01-31 02:45:00,3310.4148,2774.9014,winter,day1
2025-01-31 02:50:00,3021.81,2769.4644,winter,day1
2025-01-31 02:55:00,3089.8908,2778.9463,winter,day1
2025-01-31 03:00:00,3474.132,2783.501,winter,day1
2025-01-31 03:05:00,3120.5652,2785.57,winter,day1
2025-01-31 03:10:00,2604.7464,2764.8096,winter,day1
2025-01-31 03:15:00,3252.3288000000002,2729.975,winter,day1
2025-01-31 03:20:00,3162.252,2686.3193,winter,day1
2025-01-31 03:25:00,2431.2168,2624.2563,winter,day1
2025-01-31 03:30:00,2432.5091999999995,2574.1177,winter,day1
2025-01-31 03:35:00,2455.344,2566.3118,winter,day1
2025-01-31 03:40:00,2557.572,2570.7358,winter,day1
2025-01-31 03:45:00,2469.3948,2564.475,winter,day1
2025-01-31 03:50:00,2462.4528,2546.0596,winter,day1
2025-01-31 03:55:00,2547.384,2549.825,winter,day1
2025-01-31 04:00:00,2612.8884,2559.0532,winter,day1
2025-01-31 04:05:00,2651.478,2552.1355,winter,day1
2025-01-31 04:10:00,2652.9564,2550.1455,winter,day1
2025-01-31 04:15:00,2611.4268,2544.8245,winter,day1
2025-01-31 04:20:00,2538.81,2528.1755,winter,day1
2025-01-31 04:25:00,2501.904,2545.2612,winter,day1
2025-01-31 04:30:00,2600.8464,2548.3486,winter,day1
2025-01-31 04:35:00,2704.0416,2538.1826,winter,day1
2025-01-31 04:40:00,2662.4568,2540.0825,winter,day1
2025-01-31 04:45:00,2502.9612,2560.1533,winter,day1
2025-01-31 04:50:00,2486.8968,2552.3574,winter,day1
2025-01-31 04:55:00,2481.2088,2559.52,winter,day1
2025-01-31 05:00:00,2460.0216,2558.7363,winter,day1
2025-01-31 05:05:00,2467.8156,2560.563,winter,day1
2025-01-31 05:10:00,2625.0348,2550.6982,winter,day1
2025-01-31 05:15:00,2701.698,2564.269,winter,day1
2025-01-31 05:20:00,2665.6584,2565.6514,winter,day1
2025-01-31 05:25:00,2646.3732,2559.563,winter,day1
2025-01-31 05:30:00,2630.1696,2556.9126,winter,day1
2025-01-31 05:35:00,2554.8923999999997,2543.233,winter,day1
2025-01-31 05:40:00,2540.9676,2522.6304,winter,day1
2025-01-31 05:45:00,2553.3516,2530.1729,winter,day1
2025-01-31 05:50:00,2523.4356,2533.0386,winter,day1
2025-01-31 05:55:00,2493.5436,2513.88,winter,day1
2025-01-31 06:00:00,2469.4991999999997,2503.524,winter,day1
2025-01-31 06:05:00,2479.0164,2532.0354,winter,day1
2025-01-31 06:10:00,2474.82,2513.354,winter,day1
2025-01-31 06:15:00,2475.942,2526.6318,winter,day1
2025-01-31 06:20:00,2560.44,2533.974,winter,day1
2025-01-31 06:25:00,2689.5407999999998,2543.4475,winter,day1
2025-01-31 06:30:00,2691.576,2541.1528,winter,day1
2025-01-31 06:35:00,2586.3576000000003,2565.1729,winter,day1
2025-01-31 06:40:00,2574.9108,2649.553,winter,day1
2025-01-31 06:45:00,2593.9031999999997,2644.1416,winter,day1
2025-01-31 06:50:00,2597.6484,2636.8682,winter,day1
2025-01-31 06:55:00,2657.052,2633.368,winter,day1
2025-01-31 07:00:00,2503.29,2641.2544,winter,day1
2025-01-31 07:05:00,2399.8536,2754.3857,winter,day1
2025-01-31 07:10:00,2796.7475999999997,2906.3706,winter,day1
2025-01-31 07:15:00,3094.368,3089.6597,winter,day1
2025-01-31 07:20:00,1062.0948,3147.9985,winter,day1
2025-01-31 07:25:00,0.0,3461.6616,winter,day1
2025-01-31 07:30:00,329.8464,3969.737,winter,day1
2025-01-31 07:35:00,4469.830800000001,5541.6987,winter,day1
2025-01-31 07:40:00,3195.8712,6725.1914,winter,day1
2025-01-31 07:45:00,3173.7912,6589.808,winter,day1
2025-01-31 07:50:00,3154.2168,6164.7607,winter,day1
2025-01-31 07:55:00,3164.3784,6122.787,winter,day1
2025-01-31 08:00:00,3110.9256,5811.1235,winter,day1
2025-01-31 08:05:00,3053.4204,5686.233,winter,day1
2025-01-31 08:10:00,2941.5024000000003,5553.581,winter,day1
2025-01-31 08:15:00,2826.8436,5376.4336,winter,day1
2025-01-31 08:20:00,2778.8831999999998,5193.19,winter,day1
2025-01-31 08:25:00,2879.9292,5079.324,winter,day1
2025-01-31 08:30:00,2893.1904,5001.4824,winter,day1
2025-01-31 08:35:00,2838.2712,4947.009,winter,day1
2025-01-31 08:40:00,2864.5692,4911.3853,winter,day1
2025-01-31 08:45:00,3146.5944,4869.9297,winter,day1
2025-01-31 08:50:00,3818.0771999999997,4833.224,winter,day1
2025-01-31 08:55:00,2896.1760000000004,4749.1577,winter,day1
2025-01-31 09:00:00,3146.4948,4706.9263,winter,day1
2025-01-31 09:05:00,3097.1639999999998,4633.413,winter,day1
2025-01-31 09:10:00,2852.1804,4587.727,winter,day1
2025-01-31 09:15:00,2902.47,4550.49,winter,day1
2025-01-31 09:20:00,2858.8464,4420.2876,winter,day1
2025-01-31 09:25:00,2969.58,4461.1875,winter,day1
2025-01-31 09:30:00,3069.2843999999996,4541.8706,winter,day1
2025-01-31 09:35:00,2776.5600000000004,4660.931,winter,day1
2025-01-31 09:40:00,2763.0828,4805.177,winter,day1
2025-01-31 09:45:00,2781.0827999999997,4913.4844,winter,day1
2025-01-31 09:50:00,2815.8372000000004,4947.227,winter,day1
2025-01-31 09:55:00,2843.6519999999996,4993.474,winter,day1
2025-01-31 10:00:00,3068.1444,5046.073,winter,day1
2025-01-31 10:05:00,3093.9936000000002,5060.631,winter,day1
2025-01-31 10:10:00,2814.2316,5074.971,winter,day1
2025-01-31 10:15:00,2781.3828,5060.509,winter,day1
2025-01-31 10:20:00,2811.6984,4961.8477,winter,day1
2025-01-31 10:25:00,2800.0080000000003,4839.368,winter,day1
2025-01-31 10:30:00,2792.0843999999997,4835.665,winter,day1
2025-01-31 10:35:00,2786.0892,4789.366,winter,day1
2025-01-31 10:40:00,3025.9536,4591.6963,winter,day1
2025-01-31 10:45:00,3129.0924,4551.774,winter,day1
2025-01-31 10:50:00,11905.8276,4524.361,winter,day1
2025-01-31 10:55:00,7211.2044,4529.334,winter,day1
2025-01-31 11:00:00,5106.3192,4548.1987,winter,day1
2025-01-31 11:05:00,5155.3848,4532.5015,winter,day1
2025-01-31 11:10:00,4274.8716,4484.692,winter,day1
2025-01-31 11:15:00,2854.3284,4423.619,winter,day1
2025-01-31 11:20:00,2956.7388,4393.09,winter,day1
2025-01-31 11:25:00,3654.8784,4336.789,winter,day1
2025-01-31 11:30:00,2839.4579999999996,4288.2754,winter,day1
2025-01-31 11:35:00,2797.7952,4236.7456,winter,day1
2025-01-31 11:40:00,2320.0860000000002,4227.6284,winter,day1
2025-01-31 11:45:00,3245.9795999999997,4176.5767,winter,day1
2025-01-31 11:50:00,1997.8655999999999,4124.624,winter,day1
2025-01-31 11:55:00,1985.4227999999998,4072.0671,winter,day1
2025-01-31 12:00:00,2112.2736,4097.376,winter,day1
2025-01-31 12:05:00,2531.1336,4075.3376,winter,day1
2025-01-31 12:10:00,2235.1668,4049.1816,winter,day1
2025-01-31 12:15:00,2350.9752,4004.308,winter,day1
2025-01-31 12:20:00,2110.1243999999997,3972.4885,winter,day1
2025-01-31 12:25:00,2110.1736,3963.9497,winter,day1
2025-01-31 12:30:00,2318.832,3950.8105,winter,day1
2025-01-31 12:35:00,2952.972,3938.8228,winter,day1
2025-01-31 12:40:00,2047.9656,3924.1758,winter,day1
2025-01-31 12:45:00,2041.5672,3921.4727,winter,day1
2025-01-31 12:50:00,2436.7619999999997,3924.5786,winter,day1
2025-01-31 12:55:00,2047.6128,3904.3618,winter,day1
2025-01-31 13:00:00,2608.8540000000003,3883.1353,winter,day1
2025-01-31 13:05:00,3095.1996,3861.0017,winter,day1
2025-01-31 13:10:00,2278.9164,3846.3984,winter,day1
2025-01-31 13:15:00,2230.1351999999997,3807.712,winter,day1
2025-01-31 13:20:00,3371.2248,3831.0786,winter,day1
2025-01-31 13:25:00,2222.0628,3802.0884,winter,day1
2025-01-31 13:30:00,3055.6488,3800.4202,winter,day1
2025-01-31 13:35:00,2325.1392,3801.044,winter,day1
2025-01-31 13:40:00,2361.2112,3786.593,winter,day1
2025-01-31 13:45:00,2338.8456,3799.5718,winter,day1
2025-01-31 13:50:00,2381.0556,3799.3057,winter,day1
2025-01-31 13:55:00,2489.7996,3793.166,winter,day1
2025-01-31 14:00:00,2614.1279999999997,3769.4675,winter,day1
2025-01-31 14:05:00,4218.2844,3746.8018,winter,day1
2025-01-31 14:10:00,3829.068,3763.2156,winter,day1
2025-01-31 14:15:00,2993.958,3787.0144,winter,day1
2025-01-31 14:20:00,2935.1256000000003,3780.8765,winter,day1
2025-01-31 14:25:00,3198.9996,3800.2256,winter,day1
2025-01-31 14:30:00,3069.672,3806.9814,winter,day1
2025-01-31 14:35:00,3663.1524000000004,3806.031,winter,day1
2025-01-31 14:40:00,3035.2788,3822.2676,winter,day1
2025-01-31 14:45:00,2981.6124,3832.7256,winter,day1
2025-01-31 14:50:00,3319.7892,3853.5813,winter,day1
2025-01-31 14:55:00,4121.4744,3918.7378,winter,day1
2025-01-31 15:00:00,3289.0932000000003,3990.9653,winter,day1
2025-01-31 15:05:00,3411.0696,4045.7942,winter,day1
2025-01-31 15:10:00,3320.6339999999996,4131.8696,winter,day1
2025-01-31 15:15:00,3538.6992,4217.1323,winter,day1
2025-01-31 15:20:00,3681.6839999999997,4282.957,winter,day1
2025-01-31 15:25:00,3798.6876,4384.018,winter,day1
2025-01-31 15:30:00,6839.639999999999,4558.187,winter,day1
2025-01-31 15:35:00,5204.9928,4811.4834,winter,day1
2025-01-31 15:40:00,4172.244000000001,5091.721,winter,day1
2025-01-31 15:45:00,3777.9048000000003,5307.6714,winter,day1
2025-01-31 15:50:00,3975.4968,5405.4463,winter,day1
2025-01-31 15:55:00,3809.7635999999998,5565.35,winter,day1
2025-01-31 16:00:00,4072.4808000000003,5803.044,winter,day1
2025-01-31 16:05:00,5101.509599999999,5802.7593,winter,day1
2025-01-31 16:10:00,5849.4348,5860.2515,winter,day1
2025-01-31 16:15:00,4265.634,5824.23,winter,day1
2025-01-31 16:20:00,6059.244000000001,5800.215,winter,day1
2025-01-31 16:25:00,6108.861599999999,5807.5806,winter,day1
2025-01-31 16:30:00,3822.9264000000003,5802.048,winter,day1
2025-01-31 16:35:00,4368.2699999999995,5820.1875,winter,day1
2025-01-31 16:40:00,5444.748,5848.891,winter,day1
2025-01-31 16:45:00,5331.2519999999995,5883.692,winter,day1
2025-01-31 16:50:00,4275.2411999999995,5911.257,winter,day1
2025-01-31 16:55:00,4357.412399999999,5922.3525,winter,day1
2025-01-31 17:00:00,4463.323200000001,5914.9526,winter,day1
2025-01-31 17:05:00,4956.6804,5894.266,winter,day1
2025-01-31 17:10:00,7434.4644,5859.8247,winter,day1
2025-01-31 17:15:00,5788.616400000001,5844.457,winter,day1
2025-01-31 17:20:00,4697.286,5801.2046,winter,day1
2025-01-31 17:25:00,4403.4888,5778.218,winter,day1
2025-01-31 17:30:00,4285.9548,5890.636,winter,day1
2025-01-31 17:35:00,5213.6352,5923.3887,winter,day1
2025-01-31 17:40:00,6172.1292,5967.345,winter,day1
2025-01-31 17:45:00,4718.4672,6038.8784,winter,day1
2025-01-31 17:50:00,5186.240400000001,6081.5684,winter,day1
2025-01-31 17:55:00,4587.0491999999995,6037.2036,winter,day1
2025-01-31 18:00:00,5823.6876,6347.9565,winter,day1
2025-01-31 18:05:00,8507.269199999999,8369.524,winter,day1
2025-01-31 18:10:00,11902.4772,10027.918,winter,day1
2025-01-31 18:15:00,11655.633600000001,10046.602,winter,day1
2025-01-31 18:20:00,5160.3396,6205.557,winter,day1
2025-01-31 18:25:00,3717.7248,5506.1963,winter,day1
2025-01-31 18:30:00,5269.1724,5328.3926,winter,day1
2025-01-31 18:35:00,4856.976000000001,5213.5796,winter,day1
2025-01-31 18:40:00,4008.9468,5056.9863,winter,day1
2025-01-31 18:45:00,4800.2136,5009.18,winter,day1
2025-01-31 18:50:00,3721.53,4951.667,winter,day1
2025-01-31 18:55:00,3683.9592,4912.4805,winter,day1
2025-01-31 19:00:00,3895.4376,4907.1416,winter,day1
2025-01-31 19:05:00,3802.4256,4870.0557,winter,day1
2025-01-31 19:10:00,3494.0424,4752.4067,winter,day1
2025-01-31 19:15:00,3520.9271999999996,4660.7236,winter,day1
2025-01-31 19:20:00,3634.2239999999997,4570.3984,winter,day1
2025-01-31 19:25:00,3646.3836,4419.579,winter,day1
2025-01-31 19:30:00,3716.0195999999996,4279.8022,winter,day1
2025-01-31 19:35:00,3563.6051999999995,4186.141,winter,day1
2025-01-31 19:40:00,3467.5968000000003,4140.6333,winter,day1
2025-01-31 19:45:00,3381.3479999999995,4104.753,winter,day1
2025-01-31 19:50:00,3352.4472,4043.3354,winter,day1
2025-01-31 19:55:00,3341.6771999999996,3978.1553,winter,day1
2025-01-31 20:00:00,3418.7784,3755.0415,winter,day1
2025-01-31 20:05:00,3528.0816,3673.172,winter,day1
2025-01-31 20:10:00,3441.972,3611.409,winter,day1
2025-01-31 20:15:00,3466.8540000000003,3530.4553,winter,day1
2025-01-31 20:20:00,3511.7148,3442.734,winter,day1
2025-01-31 20:25:00,3541.2408000000005,3394.7812,winter,day1
2025-01-31 20:30:00,3458.8896,3355.701,winter,day1
2025-01-31 20:35:00,3527.4875999999995,3332.2183,winter,day1
2025-01-31 20:40:00,3652.4676,3296.5063,winter,day1
2025-01-31 20:45:00,3501.528,3256.0256,winter,day1
2025-01-31 20:50:00,3391.0944000000004,3213.038,winter,day1
2025-01-31 20:55:00,3383.6675999999998,3171.464,winter,day1
2025-01-31 21:00:00,3351.6288,3142.0854,winter,day1
2025-01-31 21:05:00,3343.6224,3105.9712,winter,day1
2025-01-31 21:10:00,3418.3812000000007,3076.1748,winter,day1
2025-01-31 21:15:00,3300.8892,3059.3564,winter,day1
2025-01-31 21:20:00,3487.3992,2986.4312,winter,day1
2025-01-31 21:25:00,3316.2119999999995,2972.15,winter,day1
2025-01-31 21:30:00,2800.2096,2954.535,winter,day1
2025-01-31 21:35:00,2635.6800000000003,2958.7642,winter,day1
2025-01-31 21:40:00,2649.3432000000003,2896.8115,winter,day1
2025-01-31 21:45:00,2659.1639999999998,2863.2842,winter,day1
2025-01-31 21:50:00,2892.5184,2825.8184,winter,day1
2025-01-31 21:55:00,2654.2968,2741.8088,winter,day1
2025-01-31 22:00:00,2338.524,2635.3643,winter,day1
2025-01-31 22:05:00,2304.9372,2602.604,winter,day1
2025-01-31 22:10:00,2355.42,2563.0862,winter,day1
2025-01-31 22:15:00,2420.1408,2569.627,winter,day1
2025-01-31 22:20:00,2454.942,2559.173,winter,day1
2025-01-31 22:25:00,2469.5027999999998,2550.9368,winter,day1
2025-01-31 22:30:00,2496.9192,2540.4292,winter,day1
2025-01-31 22:35:00,2502.054,2536.588,winter,day1
2025-01-31 22:40:00,2451.114,2483.0776,winter,day1
2025-01-31 22:45:00,2420.7167999999997,2478.375,winter,day1
2025-01-31 22:50:00,2386.6548,2485.526,winter,day1
2025-01-31 22:55:00,2656.3896,2492.6125,winter,day1
2025-01-31 23:00:00,2482.7052,2467.694,winter,day1
2025-01-31 23:05:00,2367.366,2486.7378,winter,day1
2025-01-31 23:10:00,2323.6728,2497.0134,winter,day1
2025-01-31 23:15:00,2325.3540000000003,2485.7537,winter,day1
2025-01-31 23:20:00,2334.3468000000003,2483.6497,winter,day1
2025-01-31 23:25:00,2387.064,2508.0784,winter,day1
2025-01-31 23:30:00,2426.784,2497.6155,winter,day1
2025-01-31 23:35:00,2455.0416,2505.127,winter,day1
2025-01-31 23:40:00,2426.13,2504.1548,winter,day1
2025-01-31 23:45:00,2358.9696,2504.6008,winter,day1
2025-01-31 23:50:00,2372.2799999999997,2488.8203,winter,day1
2025-01-31 23:55:00,2386.9379999999996,2497.5164,winter,day1
2025-02-15 00:00:00,2488.5384,2609.293,winter,day2
2025-02-15 00:05:00,2497.0703999999996,2624.0696,winter,day2
2025-02-15 00:10:00,2762.6688,2639.6384,winter,day2
2025-02-15 00:15:00,2761.0692,2634.5027,winter,day2
2025-02-15 00:20:00,2593.7484,2610.8076,winter,day2
2025-02-15 00:25:00,2635.5971999999997,2610.1274,winter,day2
2025-02-15 00:30:00,2626.2876,2600.4988,winter,day2
2025-02-15 00:35:00,2579.4564,2582.441,winter,day2
2025-02-15 00:40:00,2572.9091999999996,2566.6968,winter,day2
2025-02-15 00:45:00,2528.3172,2588.7207,winter,day2
2025-02-15 00:50:00,2526.468,2570.3357,winter,day2
2025-02-15 00:55:00,2652.132,2581.52,winter,day2
2025-02-15 01:00:00,2831.778,2593.0073,winter,day2
2025-02-15 01:05:00,2576.6052,2610.3022,winter,day2
2025-02-15 01:10:00,2568.846,2618.099,winter,day2
2025-02-15 01:15:00,2563.6367999999998,2645.2534,winter,day2
2025-02-15 01:20:00,2620.032,2653.45,winter,day2
2025-02-15 01:25:00,2629.7076,2663.5479,winter,day2
2025-02-15 01:30:00,2632.2468,2692.9155,winter,day2
2025-02-15 01:35:00,2596.05,2716.7026,winter,day2
2025-02-15 01:40:00,2657.7996,2720.6294,winter,day2
2025-02-15 01:45:00,2699.7708,2753.8306,winter,day2
2025-02-15 01:50:00,3088.3104,2797.3203,winter,day2
2025-02-15 01:55:00,2952.6648,2840.2058,winter,day2
2025-02-15 02:00:00,3365.6771999999996,2882.0156,winter,day2
2025-02-15 02:05:00,2748.9912,2924.7214,winter,day2
2025-02-15 02:10:00,3425.2812,2980.0361,winter,day2
2025-02-15 02:15:00,3386.4096,3032.3562,winter,day2
2025-02-15 02:20:00,2955.0828,3067.8516,winter,day2
2025-02-15 02:25:00,3455.4984000000004,3121.2861,winter,day2
2025-02-15 02:30:00,3340.5888,3159.2004,winter,day2
2025-02-15 02:35:00,3299.0520000000006,3181.036,winter,day2
2025-02-15 02:40:00,3295.6968,3217.1396,winter,day2
2025-02-15 02:45:00,3496.2048000000004,3264.2646,winter,day2
2025-02-15 02:50:00,3678.81,3303.4326,winter,day2
2025-02-15 02:55:00,3431.8212,3327.7192,winter,day2
2025-02-15 03:00:00,2997.8568,3283.796,winter,day2
2025-02-15 03:05:00,3494.8248,3287.5952,winter,day2
2025-02-15 03:10:00,3501.9,3304.4143,winter,day2
2025-02-15 03:15:00,3167.2776,3302.3928,winter,day2
2025-02-15 03:20:00,3507.2136,3256.448,winter,day2
2025-02-15 03:25:00,3349.2144,3242.389,winter,day2
2025-02-15 03:30:00,3250.1916,3253.6543,winter,day2
2025-02-15 03:35:00,3390.924,3272.7827,winter,day2
2025-02-15 03:40:00,2922.5028,3012.2065,winter,day2
2025-02-15 03:45:00,2559.2904000000003,2718.7368,winter,day2
2025-02-15 03:50:00,2797.6764,2717.8467,winter,day2
2025-02-15 03:55:00,2562.6192,2717.9229,winter,day2
2025-02-15 04:00:00,2540.7732,2683.646,winter,day2
2025-02-15 04:05:00,2542.0536,2678.348,winter,day2
2025-02-15 04:10:00,2665.9128,2675.9006,winter,day2
2025-02-15 04:15:00,2718.2088,2664.521,winter,day2
2025-02-15 04:20:00,2717.5116,2647.5881,winter,day2
2025-02-15 04:25:00,2653.6296,2651.783,winter,day2
2025-02-15 04:30:00,2697.8544,2650.8423,winter,day2
2025-02-15 04:35:00,2711.3399999999997,2639.302,winter,day2
2025-02-15 04:40:00,2700.6528,2638.63,winter,day2
2025-02-15 04:45:00,2799.0384000000004,2664.9956,winter,day2
2025-02-15 04:50:00,2976.3599999999997,2652.6025,winter,day2
2025-02-15 04:55:00,2617.7652000000003,2669.127,winter,day2
2025-02-15 05:00:00,2624.0424,2680.2593,winter,day2
2025-02-15 05:05:00,2733.1187999999997,2695.5635,winter,day2
2025-02-15 05:10:00,2724.3563999999997,2700.8164,winter,day2
2025-02-15 05:15:00,2746.314,2721.2239,winter,day2
2025-02-15 05:20:00,2761.5456,2712.8354,winter,day2
2025-02-15 05:25:00,2770.9211999999998,2713.9856,winter,day2
2025-02-15 05:30:00,2778.6492,2715.518,winter,day2
2025-02-15 05:35:00,2719.5144,2706.559,winter,day2
2025-02-15 05:40:00,2715.99,2683.4827,winter,day2
2025-02-15 05:45:00,2973.078,2679.4893,winter,day2
2025-02-15 05:50:00,2825.2788,2676.8577,winter,day2
2025-02-15 05:55:00,2689.6044,2654.4395,winter,day2
2025-02-15 06:00:00,2615.4156000000003,2643.936,winter,day2
2025-02-15 06:05:00,2624.5080000000003,2658.564,winter,day2
2025-02-15 06:10:00,2611.782,2638.9216,winter,day2
2025-02-15 06:15:00,2592.9468,2645.403,winter,day2
2025-02-15 06:20:00,2628.9048000000003,2648.039,winter,day2
2025-02-15 06:25:00,2613.1932,2649.2202,winter,day2
2025-02-15 06:30:00,2612.5775999999996,2645.0237,winter,day2
2025-02-15 06:35:00,2545.6056,2656.7676,winter,day2
2025-02-15 06:40:00,2487.6396,2721.3735,winter,day2
2025-02-15 06:45:00,2432.4816,2728.0415,winter,day2
2025-02-15 06:50:00,2675.988,2713.1992,winter,day2
2025-02-15 06:55:00,2424.3216,2700.4985,winter,day2
2025-02-15 07:00:00,2442.4272,2716.945,winter,day2
2025-02-15 07:05:00,2382.3648000000003,2792.3135,winter,day2
2025-02-15 07:10:00,2677.4316,2828.8408,winter,day2
2025-02-15 07:15:00,3024.7824,3036.9946,winter,day2
2025-02-15 07:20:00,3020.04,3148.2214,winter,day2
2025-02-15 07:25:00,3081.3347999999996,3269.245,winter,day2
2025-02-15 07:30:00,4056.6732,3467.0718,winter,day2
2025-02-15 07:35:00,11292.3996,4300.8447,winter,day2
2025-02-15 07:40:00,11048.544,7818.4814,winter,day2
2025-02-15 07:45:00,5957.1264,7966.7197,winter,day2
2025-02-15 07:50:00,4076.0915999999997,6452.3887,winter,day2
2025-02-15 07:55:00,3772.0080000000003,5007.686,winter,day2
2025-02-15 08:00:00,3840.4620000000004,5126.4233,winter,day2
2025-02-15 08:05:00,5717.4936,5163.256,winter,day2
2025-02-15 08:10:00,7114.7555999999995,5179.7065,winter,day2
2025-02-15 08:15:00,6988.9128,5085.484,winter,day2
2025-02-15 08:20:00,6578.6772,5049.2314,winter,day2
2025-02-15 08:25:00,4691.0856,5034.586,winter,day2
2025-02-15 08:30:00,4353.1416,5039.1978,winter,day2
2025-02-15 08:35:00,4543.8528,5071.9717,winter,day2
2025-02-15 08:40:00,4814.4108,5112.926,winter,day2
2025-02-15 08:45:00,4399.854,5120.7935,winter,day2
2025-02-15 08:50:00,4330.0428,5117.667,winter,day2
2025-02-15 08:55:00,5953.8024,5125.3687,winter,day2
2025-02-15 09:00:00,5415.3864,5107.464,winter,day2
2025-02-15 09:05:00,5265.3576,5130.624,winter,day2
2025-02-15 09:10:00,4289.6376,5138.3843,winter,day2
2025-02-15 09:15:00,4193.6844,5157.162,winter,day2
2025-02-15 09:20:00,4645.1424,5285.3184,winter,day2
2025-02-15 09:25:00,4191.9552,5291.4995,winter,day2
2025-02-15 09:30:00,4246.309200000001,5358.9644,winter,day2
2025-02-15 09:35:00,4949.8524,5403.1904,winter,day2
2025-02-15 09:40:00,4334.73,5437.063,winter,day2
2025-02-15 09:45:00,4737.3204,5444.1636,winter,day2
2025-02-15 09:50:00,5548.7832,5448.583,winter,day2
2025-02-15 09:55:00,5322.1932,5462.9917,winter,day2
2025-02-15 10:00:00,4632.3588,5509.971,winter,day2
2025-02-15 10:05:00,5411.0076,5528.2476,winter,day2
2025-02-15 10:10:00,6348.6888,5571.212,winter,day2
2025-02-15 10:15:00,5285.1144,5551.918,winter,day2
2025-02-15 10:20:00,4419.2328,5538.0176,winter,day2
2025-02-15 10:25:00,4396.9956,5538.751,winter,day2
2025-02-15 10:30:00,4392.759599999999,5543.373,winter,day2
2025-02-15 10:35:00,6185.994000000001,5545.53,winter,day2
2025-02-15 10:40:00,5201.3652,5412.164,winter,day2
2025-02-15 10:45:00,4983.3252,5437.8315,winter,day2
2025-02-15 10:50:00,6062.6004,5431.6475,winter,day2
2025-02-15 10:55:00,4482.6528,5443.343,winter,day2
2025-02-15 11:00:00,4369.5996,5437.0635,winter,day2
2025-02-15 11:05:00,4604.948399999999,5417.838,winter,day2
2025-02-15 11:10:00,4555.5,5414.5894,winter,day2
2025-02-15 11:15:00,5872.7052,5367.7783,winter,day2
2025-02-15 11:20:00,4895.9856,5342.207,winter,day2
2025-02-15 11:25:00,6677.3724,5324.643,winter,day2
2025-02-15 11:30:00,5196.2928,5309.712,winter,day2
2025-02-15 11:35:00,4449.2304,5265.5938,winter,day2
2025-02-15 11:40:00,4519.8348,5229.394,winter,day2
2025-02-15 11:45:00,4362.051600000001,5187.981,winter,day2
2025-02-15 11:50:00,5688.996,5137.379,winter,day2
2025-02-15 11:55:00,6641.567999999999,5095.631,winter,day2
2025-02-15 12:00:00,4780.4544000000005,5048.1343,winter,day2
2025-02-15 12:05:00,4838.2955999999995,5086.572,winter,day2
2025-02-15 12:10:00,6261.8604,5058.0283,winter,day2
2025-02-15 12:15:00,4966.3068,5019.507,winter,day2
2025-02-15 12:20:00,4915.3116,4994.615,winter,day2
2025-02-15 12:25:00,6678.210000000001,4945.3843,winter,day2
2025-02-15 12:30:00,5226.5712,4905.0776,winter,day2
2025-02-15 12:35:00,4141.104,4869.295,winter,day2
2025-02-15 12:40:00,3603.4008000000003,4847.893,winter,day2
2025-02-15 12:45:00,3644.2043999999996,4834.5137,winter,day2
2025-02-15 12:50:00,2812.5912,4801.1367,winter,day2
2025-02-15 12:55:00,2937.4548000000004,4794.7163,winter,day2
2025-02-15 13:00:00,3804.3947999999996,4787.4463,winter,day2
2025-02-15 13:05:00,2557.9824,4794.6455,winter,day2
2025-02-15 13:10:00,3793.4616,4780.237,winter,day2
2025-02-15 13:15:00,3430.7484000000004,4772.413,winter,day2
2025-02-15 13:20:00,3147.3372,4575.422,winter,day2
2025-02-15 13:25:00,2454.6096000000002,4573.8936,winter,day2
2025-02-15 13:30:00,10347.3852,4583.021,winter,day2
2025-02-15 13:35:00,12404.5884,4565.201,winter,day2
2025-02-15 13:40:00,11947.5432,4545.196,winter,day2
2025-02-15 13:45:00,12035.5848,4510.444,winter,day2
2025-02-15 13:50:00,12659.388,4506.1504,winter,day2
2025-02-15 13:55:00,12770.053199999998,4478.0464,winter,day2
2025-02-15 14:00:00,13642.8648,4475.0376,winter,day2
2025-02-15 14:05:00,5633.1012,4499.0693,winter,day2
2025-02-15 14:10:00,4914.022800000001,4515.671,winter,day2
2025-02-15 14:15:00,4696.9056,4511.3584,winter,day2
2025-02-15 14:20:00,4501.5779999999995,4566.3584,winter,day2
2025-02-15 14:25:00,5893.4148,4584.2886,winter,day2
2025-02-15 14:30:00,7143.294,4592.851,winter,day2
2025-02-15 14:35:00,6570.2508,4614.2485,winter,day2
2025-02-15 14:40:00,6067.0908,4681.533,winter,day2
2025-02-15 14:45:00,7256.6952,4717.4106,winter,day2
2025-02-15 14:50:00,8559.5208,4800.5366,winter,day2
2025-02-15 14:55:00,8953.0584,4852.6187,winter,day2
2025-02-15 15:00:00,6538.944,4906.247,winter,day2
2025-02-15 15:05:00,4598.980799999999,4937.5845,winter,day2
2025-02-15 15:10:00,5760.027599999999,5016.612,winter,day2
2025-02-15 15:15:00,6697.352400000001,5034.829,winter,day2
2025-02-15 15:20:00,5173.7568,5101.2534,winter,day2
2025-02-15 15:25:00,4370.5908,5206.3564,winter,day2
2025-02-15 15:30:00,4713.4812,5239.263,winter,day2
2025-02-15 15:35:00,4968.6468,5323.5376,winter,day2
2025-02-15 15:40:00,7555.3356,5360.987,winter,day2
2025-02-15 15:45:00,7059.3864,5436.2295,winter,day2
2025-02-15 15:50:00,8549.5824,5436.509,winter,day2
2025-02-15 15:55:00,8541.6696,5483.314,winter,day2
2025-02-15 16:00:00,8092.132799999999,5800.0996,winter,day2
2025-02-15 16:05:00,6996.906,5878.9385,winter,day2
2025-02-15 16:10:00,6957.266399999999,5910.944,winter,day2
2025-02-15 16:15:00,6731.3724,5894.191,winter,day2
2025-02-15 16:20:00,7061.8008,5896.3135,winter,day2
2025-02-15 16:25:00,7746.345600000001,5893.487,winter,day2
2025-02-15 16:30:00,7681.7352,5927.1113,winter,day2
2025-02-15 16:35:00,7173.738,5940.161,winter,day2
2025-02-15 16:40:00,6496.0092,5967.936,winter,day2
2025-02-15 16:45:00,5636.995199999999,5973.6064,winter,day2
2025-02-15 16:50:00,5181.9924,6007.455,winter,day2
2025-02-15 16:55:00,5061.844800000001,6002.7646,winter,day2
2025-02-15 17:00:00,5736.4704,6029.9844,winter,day2
2025-02-15 17:05:00,5347.518,6059.2515,winter,day2
2025-02-15 17:10:00,6278.236800000001,6067.253,winter,day2
2025-02-15 17:15:00,7073.215200000001,6106.3013,winter,day2
2025-02-15 17:20:00,6359.3148,6070.3945,winter,day2
2025-02-15 17:25:00,6632.8032,6246.663,winter,day2
2025-02-15 17:30:00,6291.6108,6257.1523,winter,day2
2025-02-15 17:35:00,6996.260399999999,6188.635,winter,day2
2025-02-15 17:40:00,6293.794800000001,6228.5254,winter,day2
2025-02-15 17:45:00,7691.7444000000005,6216.2485,winter,day2
2025-02-15 17:50:00,6314.8584,6311.991,winter,day2
2025-02-15 17:55:00,6229.6524,6320.3623,winter,day2
2025-02-15 18:00:00,6089.13,6773.75,winter,day2
2025-02-15 18:05:00,9879.4008,8467.102,winter,day2
2025-02-15 18:10:00,11469.4416,9313.196,winter,day2
2025-02-15 18:15:00,11986.0548,9070.74,winter,day2
2025-02-15 18:20:00,7759.8924,7027.1777,winter,day2
2025-02-15 18:25:00,7490.6772,6253.707,winter,day2
2025-02-15 18:30:00,7945.158,6241.9834,winter,day2
2025-02-15 18:35:00,9408.1236,6104.0005,winter,day2
2025-02-15 18:40:00,7508.767199999999,6129.995,winter,day2
2025-02-15 18:45:00,6825.6216,6066.1704,winter,day2
2025-02-15 18:50:00,5278.8432,6005.6147,winter,day2
2025-02-15 18:55:00,4547.1072,5924.7964,winter,day2
2025-02-15 19:00:00,4536.4968,5865.146,winter,day2
2025-02-15 19:05:00,4995.2388,5782.8027,winter,day2
2025-02-15 19:10:00,7088.988,5730.8364,winter,day2
2025-02-15 19:15:00,5754.777599999999,5655.412,winter,day2
2025-02-15 19:20:00,5796.762000000001,5564.7593,winter,day2
2025-02-15 19:25:00,4289.941199999999,5483.8,winter,day2
2025-02-15 19:30:00,4289.2919999999995,5393.386,winter,day2
2025-02-15 19:35:00,4805.046,5304.7153,winter,day2
2025-02-15 19:40:00,4305.5568,5196.83,winter,day2
2025-02-15 19:45:00,4204.6836,5085.199,winter,day2
2025-02-15 19:50:00,4491.5136,4954.1865,winter,day2
2025-02-15 19:55:00,4038.1008,4885.5366,winter,day2
2025-02-15 20:00:00,4228.7088,4703.6763,winter,day2
2025-02-15 20:05:00,4548.522,4654.8867,winter,day2
2025-02-15 20:10:00,5616.1008,4589.8247,winter,day2
2025-02-15 20:15:00,5732.5608,4490.682,winter,day2
2025-02-15 20:20:00,3872.2488,4394.625,winter,day2
2025-02-15 20:25:00,3953.9892,4278.048,winter,day2
2025-02-15 20:30:00,3924.7884,4171.107,winter,day2
2025-02-15 20:35:00,4385.402400000001,4075.4468,winter,day2
2025-02-15 20:40:00,4002.9119999999994,3998.9116,winter,day2
2025-02-15 20:45:00,6012.9672,3930.257,winter,day2
2025-02-15 20:50:00,5836.6644,3873.3013,winter,day2
2025-02-15 20:55:00,4751.3016,3800.5193,winter,day2
2025-02-15 21:00:00,4026.8196,3760.7703,winter,day2
2025-02-15 21:05:00,3470.2619999999997,3716.204,winter,day2
2025-02-15 21:10:00,3234.0612,3662.316,winter,day2
2025-02-15 21:15:00,2808.1104,3577.1614,winter,day2
2025-02-15 21:20:00,2842.9559999999997,3365.6997,winter,day2
2025-02-15 21:25:00,2899.9248,3285.708,winter,day2
2025-02-15 21:30:00,2940.126,3249.3625,winter,day2
2025-02-15 21:35:00,3015.5256,3194.6304,winter,day2
2025-02-15 21:40:00,2942.934,3118.1392,winter,day2
2025-02-15 21:45:00,3243.2904,3070.7803,winter,day2
2025-02-15 21:50:00,3078.7044,3014.8164,winter,day2
2025-02-15 21:55:00,2939.5775999999996,2954.0894,winter,day2
2025-02-15 22:00:00,2648.214,2877.4878,winter,day2
2025-02-15 22:05:00,2525.3544,2821.1626,winter,day2
2025-02-15 22:10:00,2470.1268,2764.9932,winter,day2
2025-02-15 22:15:00,2454.642,2749.03,winter,day2
2025-02-15 22:20:00,3749.8032,2723.7505,winter,day2
2025-02-15 22:25:00,3233.868,2705.6074,winter,day2
2025-02-15 22:30:00,2614.3848,2695.7625,winter,day2
2025-02-15 22:35:00,2474.7624,2687.8987,winter,day2
2025-02-15 22:40:00,2493.3743999999997,2647.8372,winter,day2
2025-02-15 22:45:00,2640.4103999999998,2642.9365,winter,day2
2025-02-15 22:50:00,2646.7583999999997,2640.9673,winter,day2
2025-02-15 22:55:00,2626.6344,2640.734,winter,day2
2025-02-15 23:00:00,2640.1115999999997,2618.4526,winter,day2
2025-02-15 23:05:00,2685.4056,2623.6465,winter,day2
2025-02-15 23:10:00,2946.2928,2632.305,winter,day2
2025-02-15 23:15:00,2753.5404000000003,2627.8052,winter,day2
2025-02-15 23:20:00,2502.9816,2613.3472,winter,day2
2025-02-15 23:25:00,2548.0272,2638.624,winter,day2
2025-02-15 23:30:00,2540.3940000000002,2618.601,winter,day2
2025-02-15 23:35:00,2539.1664,2629.0498,winter,day2
2025-02-15 23:40:00,2457.7032,2628.9956,winter,day2
2025-02-15 23:45:00,2438.4072,2627.483,winter,day2
2025-02-15 23:50:00,2441.1,2618.8237,winter,day2
2025-02-15 23:55:00,2596.3404,2626.0796,winter,day2
2025-12-02 00:00:00,2584.6764,2574.2402,winter,day3
2025-12-02 00:05:00,2585.208,2572.4517,winter,day3
2025-12-02 00:10:00,2589.12,2574.6934,winter,day3
2025-12-02 00:15:00,2559.282,2569.2861,winter,day3
2025-12-02 00:20:00,2531.1192,2559.5566,winter,day3
2025-12-02 00:25:00,2496.3887999999997,2568.238,winter,day3
2025-12-02 00:30:00,2486.3280000000004,2570.4814,winter,day3
2025-12-02 00:35:00,2690.9939999999997,2559.688,winter,day3
2025-12-02 00:40:00,2574.9252,2556.0127,winter,day3
2025-12-02 00:45:00,2494.8108,2570.0352,winter,day3
2025-12-02 00:50:00,2455.4892,2561.2534,winter,day3
2025-12-02 00:55:00,2462.4516,2565.239,winter,day3
2025-12-02 01:00:00,2447.6135999999997,2565.767,winter,day3
2025-12-02 01:05:00,2474.5703999999996,2565.3896,winter,day3
2025-12-02 01:10:00,2497.134,2553.0615,winter,day3
2025-12-02 01:15:00,2529.6516,2556.1577,winter,day3
2025-12-02 01:20:00,2571.4692000000005,2555.7334,winter,day3
2025-12-02 01:25:00,2593.9512,2554.1396,winter,day3
2025-12-02 01:30:00,2562.9576,2559.6536,winter,day3
2025-12-02 01:35:00,2498.9148,2560.6858,winter,day3
2025-12-02 01:40:00,2532.2592,2547.998,winter,day3
2025-12-02 01:45:00,2671.7832,2562.4795,winter,day3
2025-12-02 01:50:00,2719.0872,2567.776,winter,day3
2025-12-02 01:55:00,2499.786,2563.5093,winter,day3
2025-12-02 02:00:00,2475.3660000000004,2563.623,winter,day3
2025-12-02 02:05:00,2435.1972,2579.787,winter,day3
2025-12-02 02:10:00,2416.3512,2570.838,winter,day3
2025-12-02 02:15:00,2404.0716,2575.904,winter,day3
2025-12-02 02:20:00,2407.6464,2576.0383,winter,day3
2025-12-02 02:25:00,2513.4552,2576.7446,winter,day3
2025-12-02 02:30:00,2573.7744,2566.287,winter,day3
2025-12-02 02:35:00,2593.4412,2574.237,winter,day3
2025-12-02 02:40:00,2579.1264,2574.459,winter,day3
2025-12-02 02:45:00,2561.5332000000003,2575.7964,winter,day3
2025-12-02 02:50:00,2554.6704,2585.6812,winter,day3
2025-12-02 02:55:00,2680.9188000000004,2587.808,winter,day3
2025-12-02 03:00:00,2821.9284,2579.0159,winter,day3
2025-12-02 03:05:00,2529.4788,2589.203,winter,day3
2025-12-02 03:10:00,2450.1108,2595.7544,winter,day3
2025-12-02 03:15:00,2541.4308,2591.0469,winter,day3
2025-12-02 03:20:00,2563.3116,2590.04,winter,day3
2025-12-02 03:25:00,2546.5824000000002,2603.0454,winter,day3
2025-12-02 03:30:00,2570.7768,2597.8945,winter,day3
2025-12-02 03:35:00,2608.5348,2603.626,winter,day3
2025-12-02 03:40:00,2459.814,2600.189,winter,day3
2025-12-02 03:45:00,2487.6552,2602.477,winter,day3
2025-12-02 03:50:00,2492.58,2595.4302,winter,day3
2025-12-02 03:55:00,2491.2708,2605.3423,winter,day3
2025-12-02 04:00:00,2595.0984,2608.6116,winter,day3
2025-12-02 04:05:00,2754.0708,2602.7358,winter,day3
2025-12-02 04:10:00,2676.1644,2606.5483,winter,day3
2025-12-02 04:15:00,2469.6984,2611.8887,winter,day3
2025-12-02 04:20:00,2466.5412,2594.8384,winter,day3
2025-12-02 04:25:00,2462.928,2609.6301,winter,day3
2025-12-02 04:30:00,2440.3848000000003,2619.478,winter,day3
2025-12-02 04:35:00,2441.0292,2615.4307,winter,day3
2025-12-02 04:40:00,2483.6016,2615.2822,winter,day3
2025-12-02 04:45:00,2476.2864,2636.2012,winter,day3
2025-12-02 04:50:00,2476.3128,2621.7676,winter,day3
2025-12-02 04:55:00,2498.7888,2630.8428,winter,day3
2025-12-02 05:00:00,2523.3660000000004,2631.9507,winter,day3
2025-12-02 05:05:00,2492.9892,2630.5508,winter,day3
2025-12-02 05:10:00,2602.7760000000003,2619.1772,winter,day3
2025-12-02 05:15:00,2801.0388,2625.8105,winter,day3
2025-12-02 05:20:00,2673.4776,2654.2185,winter,day3
2025-12-02 05:25:00,2574.0732,2641.8838,winter,day3
2025-12-02 05:30:00,2596.2648,2630.6582,winter,day3
2025-12-02 05:35:00,2568.6384,2664.5728,winter,day3
2025-12-02 05:40:00,2539.674,2664.649,winter,day3
2025-12-02 05:45:00,2670.9276,2694.206,winter,day3
2025-12-02 05:50:00,2813.7347999999997,2745.5803,winter,day3
2025-12-02 05:55:00,2841.3156,2828.592,winter,day3
2025-12-02 06:00:00,2828.9052,2993.2134,winter,day3
2025-12-02 06:05:00,3314.8008,3223.6006,winter,day3
2025-12-02 06:10:00,3381.696,3369.7017,winter,day3
2025-12-02 06:15:00,3469.9020000000005,3453.4397,winter,day3
2025-12-02 06:20:00,3127.2312,3477.0786,winter,day3
2025-12-02 06:25:00,3247.2599999999998,3433.047,winter,day3
2025-12-02 06:30:00,3546.2699999999995,3453.4885,winter,day3
2025-12-02 06:35:00,3619.1964,3507.2888,winter,day3
2025-12-02 06:40:00,3879.7032,3574.6658,winter,day3
2025-12-02 06:45:00,3268.986,3652.0134,winter,day3
2025-12-02 06:50:00,3886.7904000000003,3723.2795,winter,day3
2025-12-02 06:55:00,3782.0352,3780.7852,winter,day3
2025-12-02 07:00:00,3783.4752,3904.084,winter,day3
2025-12-02 07:05:00,3802.332,3894.0425,winter,day3
2025-12-02 07:10:00,3549.6432,3938.9656,winter,day3
2025-12-02 07:15:00,4389.8184,4001.0256,winter,day3
2025-12-02 07:20:00,3724.4375999999997,4413.177,winter,day3
2025-12-02 07:25:00,3420.7776,4646.2744,winter,day3
2025-12-02 07:30:00,3205.5792,5307.8247,winter,day3
2025-12-02 07:35:00,10705.3956,5947.158,winter,day3
2025-12-02 07:40:00,10067.283599999999,7869.5503,winter,day3
2025-12-02 07:45:00,7560.3408,7284.659,winter,day3
2025-12-02 07:50:00,4807.704,6352.002,winter,day3
2025-12-02 07:55:00,4616.5488,5668.5684,winter,day3
2025-12-02 08:00:00,4571.3387999999995,5381.162,winter,day3
2025-12-02 08:05:00,4221.3384,5344.0444,winter,day3
2025-12-02 08:10:00,4044.636,5308.214,winter,day3
2025-12-02 08:15:00,4346.2464,5323.502,winter,day3
2025-12-02 08:20:00,4628.1012,5280.629,winter,day3
2025-12-02 08:25:00,3938.0112,5257.0615,winter,day3
2025-12-02 08:30:00,4449.6516,5238.4844,winter,day3
2025-12-02 08:35:00,4098.3972,5215.937,winter,day3
2025-12-02 08:40:00,4391.9016,5240.111,winter,day3
2025-12-02 08:45:00,4145.3616,5223.7827,winter,day3
2025-12-02 08:50:00,4601.3772,5211.196,winter,day3
2025-12-02 08:55:00,3736.4676,5174.251,winter,day3
2025-12-02 09:00:00,3649.4195999999997,5176.1113,winter,day3
2025-12-02 09:05:00,3287.7876000000006,5179.815,winter,day3
2025-12-02 09:10:00,3704.5728000000004,5177.778,winter,day3
2025-12-02 09:15:00,3636.1944000000003,5170.1123,winter,day3
2025-12-02 09:20:00,3402.618,5044.244,winter,day3
2025-12-02 09:25:00,3828.1452,5004.293,winter,day3
2025-12-02 09:30:00,4100.364,4997.5244,winter,day3
2025-12-02 09:35:00,5915.7228000000005,4969.542,winter,day3
2025-12-02 09:40:00,5611.8984,4958.9185,winter,day3
2025-12-02 09:45:00,6284.7444000000005,4959.7754,winter,day3
2025-12-02 09:50:00,5128.0464,4962.756,winter,day3
2025-12-02 09:55:00,3856.9595999999997,4991.698,winter,day3
2025-12-02 10:00:00,3329.1684,5047.336,winter,day3
2025-12-02 10:05:00,3522.4547999999995,5103.484,winter,day3
2025-12-02 10:10:00,4173.559200000001,5123.3164,winter,day3
2025-12-02 10:15:00,3471.6612,5114.05,winter,day3
2025-12-02 10:20:00,3522.942,5094.253,winter,day3
2025-12-02 10:25:00,4584.6348,5072.08,winter,day3
2025-12-02 10:30:00,3909.4919999999997,5022.3267,winter,day3
2025-12-02 10:35:00,3484.4916,5008.799,winter,day3
2025-12-02 10:40:00,3428.1732,4955.979,winter,day3
2025-12-02 10:45:00,3359.4804000000004,4952.7153,winter,day3
2025-12-02 10:50:00,3126.1104,4974.907,winter,day3
2025-12-02 10:55:00,3711.8604,4984.859,winter,day3
2025-12-02 11:00:00,5273.270399999999,4956.8867,winter,day3
2025-12-02 11:05:00,4952.9976,4914.515,winter,day3
2025-12-02 11:10:00,5216.586,4878.3037,winter,day3
2025-12-02 11:15:00,3273.0155999999997,4852.705,winter,day3
2025-12-02 11:20:00,3135.8532,4813.758,winter,day3
2025-12-02 11:25:00,3062.5092,4766.632,winter,day3
2025-12-02 11:30:00,3240.69,4715.2373,winter,day3
2025-12-02 11:35:00,3230.982,4687.5527,winter,day3
2025-12-02 11:40:00,3260.3904,4698.2383,winter,day3
2025-12-02 11:45:00,3225.2184,4673.599,winter,day3
2025-12-02 11:50:00,3921.918,4630.5356,winter,day3
2025-12-02 11:55:00,3512.7203999999997,4644.4326,winter,day3
2025-12-02 12:00:00,4808.245199999999,4554.6177,winter,day3
2025-12-02 12:05:00,3658.2396,4519.6143,winter,day3
2025-12-02 12:10:00,2711.4744,4505.9053,winter,day3
2025-12-02 12:15:00,2604.3948,4492.9106,winter,day3
2025-12-02 12:20:00,2801.2212,4477.5806,winter,day3
2025-12-02 12:25:00,2865.6012,4444.1396,winter,day3
2025-12-02 12:30:00,2542.9548000000004,4415.7188,winter,day3
2025-12-02 12:35:00,2481.0984,4435.8403,winter,day3
2025-12-02 12:40:00,2771.0076,4425.602,winter,day3
2025-12-02 12:45:00,2348.0148,4416.403,winter,day3
2025-12-02 12:50:00,2308.3548,4385.3467,winter,day3
2025-12-02 12:55:00,3027.4595999999997,4373.952,winter,day3
2025-12-02 13:00:00,3510.2940000000003,4359.4224,winter,day3
2025-12-02 13:05:00,2609.2752,4332.1743,winter,day3
2025-12-02 13:10:00,2433.036,4293.6006,winter,day3
2025-12-02 13:15:00,2345.9052,4273.4062,winter,day3
2025-12-02 13:20:00,2655.876,4147.4683,winter,day3
2025-12-02 13:25:00,2783.5164,4091.7039,winter,day3
2025-12-02 13:30:00,2350.638,4060.2947,winter,day3
2025-12-02 13:35:00,2416.8804,4018.8076,winter,day3
2025-12-02 13:40:00,2738.5032,4008.5393,winter,day3
2025-12-02 13:45:00,2698.3332,4008.5479,winter,day3
2025-12-02 13:50:00,3171.6468,4037.267,winter,day3
2025-12-02 13:55:00,2537.556,4061.3452,winter,day3
2025-12-02 14:00:00,3734.082,4095.4258,winter,day3
2025-12-02 14:05:00,3048.7907999999998,4140.7505,winter,day3
2025-12-02 14:10:00,2487.3120000000004,4128.9165,winter,day3
2025-12-02 14:15:00,2934.0072,4119.2734,winter,day3
2025-12-02 14:20:00,2624.2871999999998,4116.2544,winter,day3
2025-12-02 14:25:00,2740.02,4077.1228,winter,day3
2025-12-02 14:30:00,4219.794,4055.2822,winter,day3
2025-12-02 14:35:00,2654.328,4071.8193,winter,day3
2025-12-02 14:40:00,2405.3988,4191.4614,winter,day3
2025-12-02 14:45:00,2550.5124,4334.885,winter,day3
2025-12-02 14:50:00,2943.7871999999998,4445.213,winter,day3
2025-12-02 14:55:00,3097.4543999999996,4522.6406,winter,day3
2025-12-02 15:00:00,3536.3184,4615.316,winter,day3
2025-12-02 15:05:00,3761.1816,4644.8984,winter,day3
2025-12-02 15:10:00,5736.9144,4711.53,winter,day3
2025-12-02 15:15:00,3531.6684,4792.5913,winter,day3
2025-12-02 15:20:00,3434.8368,4859.205,winter,day3
2025-12-02 15:25:00,4197.5772,4951.4116,winter,day3
2025-12-02 15:30:00,3837.726,4977.8135,winter,day3
2025-12-02 15:35:00,3723.4392,5048.9463,winter,day3
2025-12-02 15:40:00,4281.906,5116.6343,winter,day3
2025-12-02 15:45:00,4808.8788,5143.3843,winter,day3
2025-12-02 15:50:00,8003.0748,5163.1064,winter,day3
2025-12-02 15:55:00,10921.180799999998,5229.914,winter,day3
2025-12-02 16:00:00,7045.9512,5443.9365,winter,day3
2025-12-02 16:05:00,5442.3348,5486.047,winter,day3
2025-12-02 16:10:00,4902.6432,5524.6323,winter,day3
2025-12-02 16:15:00,5564.142,5571.843,winter,day3
2025-12-02 16:20:00,5172.030000000001,5559.715,winter,day3
2025-12-02 16:25:00,4569.3876,5580.161,winter,day3
2025-12-02 16:30:00,6030.306,5589.2524,winter,day3
2025-12-02 16:35:00,4963.482,5583.0093,winter,day3
2025-12-02 16:40:00,4907.358,5644.091,winter,day3
2025-12-02 16:45:00,4758.9276,5640.701,winter,day3
2025-12-02 16:50:00,5014.9980000000005,5639.6904,winter,day3
2025-12-02 16:55:00,4404.9828,5640.493,winter,day3
2025-12-02 17:00:00,4670.3988,5663.505,winter,day3
2025-12-02 17:05:00,5168.3315999999995,5666.6074,winter,day3
2025-12-02 17:10:00,5390.0964,5674.0815,winter,day3
2025-12-02 17:15:00,6159.0216,5633.812,winter,day3
2025-12-02 17:20:00,4260.8243999999995,5768.785,winter,day3
2025-12-02 17:25:00,5884.4256000000005,5757.48,winter,day3
2025-12-02 17:30:00,4307.7312,5783.773,winter,day3
2025-12-02 17:35:00,4909.2768,5725.119,winter,day3
2025-12-02 17:40:00,4737.6744,5791.647,winter,day3
2025-12-02 17:45:00,4368.9684,5801.3535,winter,day3
2025-12-02 17:50:00,4411.5156,5793.582,winter,day3
2025-12-02 17:55:00,5227.368,6020.8887,winter,day3
2025-12-02 18:00:00,5888.1816,6624.578,winter,day3
2025-12-02 18:05:00,9812.7636,7654.2725,winter,day3
2025-12-02 18:10:00,11284.710000000001,8808.093,winter,day3
2025-12-02 18:15:00,11618.9928,9176.363,winter,day3
2025-12-02 18:20:00,10094.826,8872.527,winter,day3
2025-12-02 18:25:00,10502.1132,8193.604,winter,day3
2025-12-02 18:30:00,12101.6124,8044.4746,winter,day3
2025-12-02 18:35:00,9531.9984,7779.452,winter,day3
2025-12-02 18:40:00,10680.1812,8022.957,winter,day3
2025-12-02 18:45:00,12144.138,7693.3496,winter,day3
2025-12-02 18:50:00,7109.723999999999,7591.8086,winter,day3
2025-12-02 18:55:00,7418.1972000000005,7708.8496,winter,day3
2025-12-02 19:00:00,7708.2648,7669.198,winter,day3
2025-12-02 19:05:00,9314.2776,7504.3105,winter,day3
2025-12-02 19:10:00,9864.9504,7443.832,winter,day3
2025-12-02 19:15:00,8999.8596,6932.8774,winter,day3
2025-12-02 19:20:00,6535.7339999999995,5330.4814,winter,day3
2025-12-02 19:25:00,4100.412,4704.4424,winter,day3
2025-12-02 19:30:00,4550.5188,4415.7007,winter,day3
2025-12-02 19:35:00,4494.7788,4244.8457,winter,day3
2025-12-02 19:40:00,3748.4796,4170.7505,winter,day3
2025-12-02 19:45:00,5512.9872000000005,4142.3013,winter,day3
2025-12-02 19:50:00,3661.0932000000003,4104.853,winter,day3
2025-12-02 19:55:00,3563.4252,4039.237,winter,day3
2025-12-02 20:00:00,3712.278,4003.9326,winter,day3
2025-12-02 20:05:00,3904.3032,3942.986,winter,day3
2025-12-02 20:10:00,4927.479600000001,3908.4353,winter,day3
2025-12-02 20:15:00,3493.1376000000005,3869.2314,winter,day3
2025-12-02 20:20:00,3690.5063999999998,3807.1362,winter,day3
2025-12-02 20:25:00,5000.07,3748.3271,winter,day3
2025-12-02 20:30:00,3994.9392,3704.2961,winter,day3
2025-12-02 20:35:00,3530.514,3669.4197,winter,day3
2025-12-02 20:40:00,4586.4767999999995,3630.8303,winter,day3
2025-12-02 20:45:00,3391.0656000000004,3581.0125,winter,day3
2025-12-02 20:50:00,3483.6696,3504.619,winter,day3
2025-12-02 20:55:00,3330.3588000000004,3449.0103,winter,day3
2025-12-02 21:00:00,3306.4811999999997,3370.207,winter,day3
2025-12-02 21:05:00,3287.6268000000005,3307.2637,winter,day3
2025-12-02 21:10:00,3172.2275999999997,3242.7515,winter,day3
2025-12-02 21:15:00,3150.8544,3151.5576,winter,day3
2025-12-02 21:20:00,3292.8588000000004,2850.7354,winter,day3
2025-12-02 21:25:00,3413.5824000000002,2764.0527,winter,day3
2025-12-02 21:30:00,3162.7932,2677.2266,winter,day3
2025-12-02 21:35:00,2532.1032,2634.868,winter,day3
2025-12-02 21:40:00,2470.866,2584.474,winter,day3
2025-12-02 21:45:00,2432.8896,2579.248,winter,day3
2025-12-02 21:50:00,2435.016,2565.8813,winter,day3
2025-12-02 21:55:00,2388.636,2567.3672,winter,day3
2025-12-02 22:00:00,2384.8104,2578.3853,winter,day3
2025-12-02 22:05:00,2335.4088,2581.5718,winter,day3
2025-12-02 22:10:00,2418.3408,2573.5398,winter,day3
2025-12-02 22:15:00,2474.7095999999997,2574.455,winter,day3
2025-12-02 22:20:00,2393.5464,2562.2444,winter,day3
2025-12-02 22:25:00,2419.8024,2562.3555,winter,day3
2025-12-02 22:30:00,2450.4492,2561.0068,winter,day3
2025-12-02 22:35:00,2568.1416,2542.7173,winter,day3
2025-12-02 22:40:00,2598.1284,2528.9504,winter,day3
2025-12-02 22:45:00,2508.744,2525.2827,winter,day3
2025-12-02 22:50:00,2466.5652,2535.0215,winter,day3
2025-12-02 22:55:00,2458.7472,2545.585,winter,day3
2025-12-02 23:00:00,2433.3815999999997,2526.7092,winter,day3
2025-12-02 23:05:00,2410.7076,2535.5303,winter,day3
2025-12-02 23:10:00,2413.4472,2544.38,winter,day3
2025-12-02 23:15:00,2412.6312000000003,2545.4448,winter,day3
2025-12-02 23:20:00,2454.2844,2539.2737,winter,day3
2025-12-02 23:25:00,2464.9236,2569.7407,winter,day3
2025-12-02 23:30:00,2458.1592,2559.212,winter,day3
2025-12-02 23:35:00,2471.8356,2576.144,winter,day3
2025-12-02 23:40:00,2516.2943999999998,2577.884,winter,day3
2025-12-02 23:45:00,2607.6972,2582.568,winter,day3
2025-12-02 23:50:00,2705.5236,2575.724,winter,day3
2025-12-02 23:55:00,2556.8328,2589.8228,winter,day3
2025-12-16 00:00:00,2537.6531999999997,2475.7104,winter,day4
2025-12-16 00:05:00,2463.0612,2479.4507,winter,day4
2025-12-16 00:10:00,2478.9552,2489.1514,winter,day4
2025-12-16 00:15:00,2475.5952,2492.9258,winter,day4
2025-12-16 00:20:00,2526.93,2489.0388,winter,day4
2025-12-16 00:25:00,2661.3804,2503.2122,winter,day4
2025-12-16 00:30:00,2497.9211999999998,2509.2905,winter,day4
2025-12-16 00:35:00,2512.8108,2507.3538,winter,day4
2025-12-16 00:40:00,2480.7372,2505.6172,winter,day4
2025-12-16 00:45:00,2447.2524,2518.5552,winter,day4
2025-12-16 00:50:00,2428.0188000000003,2511.513,winter,day4
2025-12-16 00:55:00,2469.3876,2513.5222,winter,day4
2025-12-16 01:00:00,2464.098,2507.8418,winter,day4
2025-12-16 01:05:00,2487.9096,2506.2632,winter,day4
2025-12-16 01:10:00,2482.6068,2496.294,winter,day4
2025-12-16 01:15:00,2474.6244,2501.2617,winter,day4
2025-12-16 01:20:00,2426.1996,2492.0361,winter,day4
2025-12-16 01:25:00,2422.1484,2493.0186,winter,day4
2025-12-16 01:30:00,2423.5595999999996,2501.5112,winter,day4
2025-12-16 01:35:00,2611.6068000000005,2504.185,winter,day4
2025-12-16 01:40:00,2671.5756,2495.2039,winter,day4
2025-12-16 01:45:00,2519.8584,2506.614,winter,day4
2025-12-16 01:50:00,2502.0,2509.9473,winter,day4
2025-12-16 01:55:00,2512.4988,2502.3076,winter,day4
2025-12-16 02:00:00,2486.046,2495.09,winter,day4
2025-12-16 02:05:00,2490.7403999999997,2505.475,winter,day4
2025-12-16 02:10:00,2474.5836,2495.1309,winter,day4
2025-12-16 02:15:00,2457.4428,2501.3096,winter,day4
2025-12-16 02:20:00,2506.3812,2501.5396,winter,day4
2025-12-16 02:25:00,2499.4668,2507.6309,winter,day4
2025-12-16 02:30:00,2483.6232,2502.893,winter,day4
2025-12-16 02:35:00,2487.9108,2512.1323,winter,day4
2025-12-16 02:40:00,2523.3455999999996,2497.477,winter,day4
2025-12-16 02:45:00,2520.9156000000003,2499.9478,winter,day4
2025-12-16 02:50:00,2706.6036,2507.1704,winter,day4
2025-12-16 02:55:00,2766.4248,2506.2925,winter,day4
2025-12-16 03:00:00,2290.1076000000003,2491.835,winter,day4
2025-12-16 03:05:00,2421.8496,2504.874,winter,day4
2025-12-16 03:10:00,2512.548,2508.8115,winter,day4
2025-12-16 03:15:00,2539.3104,2502.4192,winter,day4
2025-12-16 03:20:00,2553.546,2500.9966,winter,day4
2025-12-16 03:25:00,2564.2932,2517.3647,winter,day4
2025-12-16 03:30:00,2555.55,2509.9268,winter,day4
2025-12-16 03:35:00,2529.3684000000003,2517.835,winter,day4
2025-12-16 03:40:00,2524.3296,2517.2056,winter,day4
2025-12-16 03:45:00,2553.1776,2522.992,winter,day4
2025-12-16 03:50:00,2598.0492,2516.0918,winter,day4
2025-12-16 03:55:00,2610.4031999999997,2523.313,winter,day4
2025-12-16 04:00:00,2672.9664000000002,2528.787,winter,day4
2025-12-16 04:05:00,2769.1476,2524.9287,winter,day4
2025-12-16 04:10:00,2510.9796,2526.5256,winter,day4
2025-12-16 04:15:00,2513.3496,2526.3972,winter,day4
2025-12-16 04:20:00,2461.6572,2507.9634,winter,day4
2025-12-16 04:25:00,2454.2832000000003,2519.5654,winter,day4
2025-12-16 04:30:00,2431.9415999999997,2526.7197,winter,day4
2025-12-16 04:35:00,2428.5168000000003,2523.5808,winter,day4
2025-12-16 04:40:00,2429.9412,2521.605,winter,day4
2025-12-16 04:45:00,2432.2812,2542.1255,winter,day4
2025-12-16 04:50:00,2449.4688,2533.1858,winter,day4
2025-12-16 04:55:00,2473.9968,2543.5874,winter,day4
2025-12-16 05:00:00,2527.7064,2545.1367,winter,day4
2025-12-16 05:05:00,2551.5227999999997,2545.9062,winter,day4
2025-12-16 05:10:00,2566.3548,2536.9668,winter,day4
2025-12-16 05:15:00,2722.0716,2550.1802,winter,day4
2025-12-16 05:20:00,2673.9900000000002,2552.0984,winter,day4
2025-12-16 05:25:00,2507.898,2541.8916,winter,day4
2025-12-16 05:30:00,2523.1512000000002,2551.9043,winter,day4
2025-12-16 05:35:00,2549.0676,2571.4414,winter,day4
2025-12-16 05:40:00,2525.4012,2574.373,winter,day4
2025-12-16 05:45:00,2511.8568,2602.13,winter,day4
2025-12-16 05:50:00,2513.7456,2639.5713,winter,day4
2025-12-16 05:55:00,2576.892,2687.5947,winter,day4
2025-12-16 06:00:00,3618.0396,2775.645,winter,day4
2025-12-16 06:05:00,3193.9272,2896.359,winter,day4
2025-12-16 06:10:00,3056.322,2957.2285,winter,day4
2025-12-16 06:15:00,3188.802,2999.5386,winter,day4
2025-12-16 06:20:00,3320.8584,3065.6675,winter,day4
2025-12-16 06:25:00,3678.6936,3077.94,winter,day4
2025-12-16 06:30:00,3141.4139999999998,3107.9958,winter,day4
2025-12-16 06:35:00,3588.9756,3149.4185,winter,day4
2025-12-16 06:40:00,3585.9936000000002,3254.4558,winter,day4
2025-12-16 06:45:00,3242.9543999999996,3226.5837,winter,day4
2025-12-16 06:50:00,3911.3903999999993,3208.2173,winter,day4
2025-12-16 06:55:00,3752.6135999999997,3221.933,winter,day4
2025-12-16 07:00:00,3536.4792,3249.0122,winter,day4
2025-12-16 07:05:00,3213.9744,3375.555,winter,day4
2025-12-16 07:10:00,3840.2915999999996,3493.8281,winter,day4
2025-12-16 07:15:00,3452.256,3659.377,winter,day4
2025-12-16 07:20:00,4289.8572,3925.129,winter,day4
2025-12-16 07:25:00,3764.9388,4141.464,winter,day4
2025-12-16 07:30:00,3594.4968,4671.389,winter,day4
2025-12-16 07:35:00,8889.6912,6038.0513,winter,day4
2025-12-16 07:40:00,13350.6684,6407.6885,winter,day4
2025-12-16 07:45:00,8135.238,5905.7773,winter,day4
2025-12-16 07:50:00,7084.504800000001,5467.8423,winter,day4
2025-12-16 07:55:00,7205.719200000001,5237.56,winter,day4
2025-12-16 08:00:00,5879.8068,4979.6343,winter,day4
2025-12-16 08:05:00,4666.3068,4842.3706,winter,day4
2025-12-16 08:10:00,4394.0808,4791.489,winter,day4
2025-12-16 08:15:00,5070.0396,4786.387,winter,day4
2025-12-16 08:20:00,5125.4232,4767.626,winter,day4
2025-12-16 08:25:00,4303.0656,4755.303,winter,day4
2025-12-16 08:30:00,4704.1788,4758.422,winter,day4
2025-12-16 08:35:00,4075.7591999999995,4749.11,winter,day4
2025-12-16 08:40:00,5405.31,4747.408,winter,day4
2025-12-16 08:45:00,4404.897599999999,4749.402,winter,day4
2025-12-16 08:50:00,4950.6528,4736.4595,winter,day4
2025-12-16 08:55:00,6181.3092,4735.8555,winter,day4
2025-12-16 09:00:00,7122.306,4755.0215,winter,day4
2025-12-16 09:05:00,6685.9908,4745.8784,winter,day4
2025-12-16 09:10:00,5233.7771999999995,4720.3994,winter,day4
2025-12-16 09:15:00,4153.1268,4721.751,winter,day4
2025-12-16 09:20:00,4161.3144,4731.4595,winter,day4
2025-12-16 09:25:00,4026.3971999999994,4701.7964,winter,day4
2025-12-16 09:30:00,5052.306,4724.374,winter,day4
2025-12-16 09:35:00,4094.2668,4722.304,winter,day4
2025-12-16 09:40:00,4127.8476,4713.0273,winter,day4
2025-12-16 09:45:00,4505.4204,4736.6855,winter,day4
2025-12-16 09:50:00,4041.7356,4733.512,winter,day4
2025-12-16 09:55:00,4273.462799999999,4716.7275,winter,day4
2025-12-16 10:00:00,4452.0552,4715.979,winter,day4
2025-12-16 10:05:00,4339.7004,4720.453,winter,day4
2025-12-16 10:10:00,4576.8612,4721.7314,winter,day4
2025-12-16 10:15:00,4096.518,4686.6196,winter,day4
2025-12-16 10:20:00,4990.0284,4679.1885,winter,day4
2025-12-16 10:25:00,4283.2356,4674.8237,winter,day4
2025-12-16 10:30:00,4198.0848,4666.879,winter,day4
2025-12-16 10:35:00,4275.766799999999,4638.7563,winter,day4
2025-12-16 10:40:00,4266.4704,4603.3794,winter,day4
2025-12-16 10:45:00,4146.7356,4590.702,winter,day4
2025-12-16 10:50:00,4051.476,4571.642,winter,day4
2025-12-16 10:55:00,4008.6924,4556.8145,winter,day4
2025-12-16 11:00:00,3833.4636,4519.9956,winter,day4
2025-12-16 11:05:00,3885.5519999999997,4501.346,winter,day4
2025-12-16 11:10:00,4982.191199999999,4452.386,winter,day4
2025-12-16 11:15:00,4509.4524,4427.571,winter,day4
2025-12-16 11:20:00,5283.576,4375.5825,winter,day4
2025-12-16 11:25:00,5901.5736,4329.633,winter,day4
2025-12-16 11:30:00,4369.2048,4290.283,winter,day4
2025-12-16 11:35:00,3914.8235999999997,4266.0605,winter,day4
2025-12-16 11:40:00,3608.1084,4270.811,winter,day4
2025-12-16 11:45:00,3877.2612,4264.0327,winter,day4
2025-12-16 11:50:00,4029.2700000000004,4236.8584,winter,day4
2025-12-16 11:55:00,3742.668,4244.491,winter,day4
2025-12-16 12:00:00,6038.3544,4190.3213,winter,day4
2025-12-16 12:05:00,4067.7383999999997,4209.4873,winter,day4
2025-12-16 12:10:00,4482.716399999999,4199.5454,winter,day4
2025-12-16 12:15:00,3729.8424,4156.491,winter,day4
2025-12-16 12:20:00,3680.1672,4146.6934,winter,day4
2025-12-16 12:25:00,3748.7160000000003,4126.3115,winter,day4
2025-12-16 12:30:00,4284.1068,4088.933,winter,day4
2025-12-16 12:35:00,3777.2724000000003,4074.0725,winter,day4
2025-12-16 12:40:00,4806.6084,4062.419,winter,day4
2025-12-16 12:45:00,4121.4264,4032.8018,winter,day4
2025-12-16 12:50:00,3663.7932,4017.779,winter,day4
2025-12-16 12:55:00,3641.1803999999997,4002.295,winter,day4
2025-12-16 13:00:00,4079.0616,3989.4158,winter,day4
2025-12-16 13:05:00,5389.7448,3957.025,winter,day4
2025-12-16 13:10:00,4180.530000000001,3934.966,winter,day4
2025-12-16 13:15:00,3867.5292,3900.3796,winter,day4
2025-12-16 13:20:00,3947.0832,3857.0425,winter,day4
2025-12-16 13:25:00,4291.2084,3838.3982,winter,day4
2025-12-16 13:30:00,3750.8556,3847.8918,winter,day4
2025-12-16 13:35:00,3951.222,3842.0562,winter,day4
2025-12-16 13:40:00,3920.4024,3857.0898,winter,day4
2025-12-16 13:45:00,3324.2484000000004,3878.9841,winter,day4
2025-12-16 13:50:00,3828.1944000000003,3914.297,winter,day4
2025-12-16 13:55:00,3311.3136,3963.928,winter,day4
2025-12-16 14:00:00,3627.4115999999995,4026.0815,winter,day4
2025-12-16 14:05:00,3714.8712,4070.7822,winter,day4
2025-12-16 14:10:00,4166.5199999999995,4118.836,winter,day4
2025-12-16 14:15:00,3917.3808000000004,4153.7676,winter,day4
2025-12-16 14:20:00,5278.9044,4175.371,winter,day4
2025-12-16 14:25:00,3564.9252,4194.0405,winter,day4
2025-12-16 14:30:00,3410.8896,4214.5596,winter,day4
2025-12-16 14:35:00,3794.142,4266.8,winter,day4
2025-12-16 14:40:00,4064.0759999999996,4348.339,winter,day4
2025-12-16 14:45:00,4060.0187999999994,4432.7305,winter,day4
2025-12-16 14:50:00,5638.8264,4506.7627,winter,day4
2025-12-16 14:55:00,4045.8311999999996,4588.6016,winter,day4
2025-12-16 15:00:00,5577.5988,4680.005,winter,day4
2025-12-16 15:05:00,5338.7663999999995,4779.2715,winter,day4
2025-12-16 15:10:00,4601.8332,4855.6484,winter,day4
2025-12-16 15:15:00,4514.3004,4941.253,winter,day4
2025-12-16 15:20:00,4651.674000000001,4995.6504,winter,day4
2025-12-16 15:25:00,4688.780400000001,5072.606,winter,day4
2025-12-16 15:30:00,5018.646,5126.3994,winter,day4
2025-12-16 15:35:00,4649.3124,5199.2104,winter,day4
2025-12-16 15:40:00,5036.8956,5310.059,winter,day4
2025-12-16 15:45:00,6101.222400000001,5410.6846,winter,day4
2025-12-16 15:50:00,5310.1344,5461.4663,winter,day4
2025-12-16 15:55:00,5578.8444,5498.1016,winter,day4
2025-12-16 16:00:00,6418.926,5769.2603,winter,day4
2025-12-16 16:05:00,6934.9872000000005,5835.711,winter,day4
2025-12-16 16:10:00,5723.4084,5903.682,winter,day4
2025-12-16 16:15:00,6220.02,5919.717,winter,day4
2025-12-16 16:20:00,6189.9816,5890.8555,winter,day4
2025-12-16 16:25:00,8523.5976,5902.746,winter,day4
2025-12-16 16:30:00,6921.2136,5893.775,winter,day4
2025-12-16 16:35:00,6369.4176,5901.6006,winter,day4
2025-12-16 16:40:00,5543.4936,5963.8696,winter,day4
2025-12-16 16:45:00,5541.312,5944.9956,winter,day4
2025-12-16 16:50:00,6021.54,5957.823,winter,day4
2025-12-16 16:55:00,5594.2212,5940.5337,winter,day4
2025-12-16 17:00:00,5404.383599999999,5964.3726,winter,day4
2025-12-16 17:05:00,5644.6044,5965.9346,winter,day4
2025-12-16 17:10:00,5346.6396,5948.915,winter,day4
2025-12-16 17:15:00,5382.9756,5892.632,winter,day4
2025-12-16 17:20:00,5437.419599999999,5605.7974,winter,day4
2025-12-16 17:25:00,5168.364,5460.063,winter,day4
2025-12-16 17:30:00,4849.17,5545.522,winter,day4
2025-12-16 17:35:00,4824.846,5399.5576,winter,day4
2025-12-16 17:40:00,4795.218,5442.819,winter,day4
2025-12-16 17:45:00,4838.4264,5478.9795,winter,day4
2025-12-16 17:50:00,5375.1948,5771.4966,winter,day4
2025-12-16 17:55:00,6129.4152,5867.4883,winter,day4
2025-12-16 18:00:00,7022.948399999999,6347.491,winter,day4
2025-12-16 18:05:00,9322.598399999999,8431.8,winter,day4
2025-12-16 18:10:00,12304.332,10228.146,winter,day4
2025-12-16 18:15:00,13883.9892,10487.156,winter,day4
2025-12-16 18:20:00,10606.9176,10009.902,winter,day4
2025-12-16 18:25:00,11033.883600000001,9808.203,winter,day4
2025-12-16 18:30:00,10770.066,9832.5625,winter,day4
2025-12-16 18:35:00,10817.2656,9602.896,winter,day4
2025-12-16 18:40:00,10768.5732,9475.03,winter,day4
2025-12-16 18:45:00,11083.158,8905.007,winter,day4
2025-12-16 18:50:00,10502.316,8490.056,winter,day4
2025-12-16 18:55:00,11726.8764,8796.85,winter,day4
2025-12-16 19:00:00,9362.4708,9088.059,winter,day4
2025-12-16 19:05:00,8939.4012,8854.303,winter,day4
2025-12-16 19:10:00,9068.5296,8552.143,winter,day4
2025-12-16 19:15:00,10369.382399999999,8706.541,winter,day4
2025-12-16 19:20:00,4406.4276,5315.21,winter,day4
2025-12-16 19:25:00,4186.9980000000005,4473.5215,winter,day4
2025-12-16 19:30:00,3759.4103999999998,4478.5015,winter,day4
2025-12-16 19:35:00,3591.4980000000005,4422.049,winter,day4
2025-12-16 19:40:00,3997.8432000000003,4310.431,winter,day4
2025-12-16 19:45:00,4548.5256,4313.003,winter,day4
2025-12-16 19:50:00,3994.7388,4243.6245,winter,day4
2025-12-16 19:55:00,3709.2588000000005,4187.1245,winter,day4
2025-12-16 20:00:00,3851.6184000000003,4038.4158,winter,day4
2025-12-16 20:05:00,3718.47,4021.9548,winter,day4
2025-12-16 20:10:00,3542.9483999999998,3999.1882,winter,day4
2025-12-16 20:15:00,3521.2992,3902.6562,winter,day4
2025-12-16 20:20:00,3372.9900000000002,3825.8777,winter,day4
2025-12-16 20:25:00,3389.2332,3751.142,winter,day4
2025-12-16 20:30:00,3283.4328,3652.7776,winter,day4
2025-12-16 20:35:00,3479.4120000000003,3584.1465,winter,day4
2025-12-16 20:40:00,3745.8095999999996,3522.396,winter,day4
2025-12-16 20:45:00,3636.8256,3428.8193,winter,day4
2025-12-16 20:50:00,3511.9475999999995,3329.1772,winter,day4
2025-12-16 20:55:00,3160.8300000000004,3245.314,winter,day4
2025-12-16 21:00:00,2850.8544,3154.3645,winter,day4
2025-12-16 21:05:00,3042.5196,3062.6804,winter,day4
2025-12-16 21:10:00,2641.8276,2996.561,winter,day4
2025-12-16 21:15:00,2519.262,2921.065,winter,day4
2025-12-16 21:20:00,2553.0744,2609.0967,winter,day4
2025-12-16 21:25:00,2424.522,2547.8252,winter,day4
2025-12-16 21:30:00,2406.6228,2524.433,winter,day4
2025-12-16 21:35:00,2408.4168,2516.6543,winter,day4
2025-12-16 21:40:00,2452.5396,2501.4658,winter,day4
2025-12-16 21:45:00,2527.0487999999996,2504.6934,winter,day4
2025-12-16 21:50:00,2566.5407999999998,2500.1267,winter,day4
2025-12-16 21:55:00,2691.1824,2501.7778,winter,day4
2025-12-16 22:00:00,2636.7324,2506.3254,winter,day4
2025-12-16 22:05:00,2519.8163999999997,2522.3623,winter,day4
2025-12-16 22:10:00,2459.0063999999998,2509.109,winter,day4
2025-12-16 22:15:00,2469.444,2521.3816,winter,day4
2025-12-16 22:20:00,2629.8804,2522.0354,winter,day4
2025-12-16 22:25:00,2411.6412,2520.1787,winter,day4
2025-12-16 22:30:00,2404.7952,2519.1206,winter,day4
2025-12-16 22:35:00,2386.5227999999997,2517.2637,winter,day4
2025-12-16 22:40:00,2356.6524,2493.127,winter,day4
2025-12-16 22:45:00,2410.1699999999996,2490.1724,winter,day4
2025-12-16 22:50:00,2458.6308,2492.314,winter,day4
2025-12-16 22:55:00,2457.5592,2498.7522,winter,day4
2025-12-16 23:00:00,2356.7484,2487.695,winter,day4
2025-12-16 23:05:00,2337.0996,2495.8745,winter,day4
2025-12-16 23:10:00,2441.2511999999997,2504.122,winter,day4
2025-12-16 23:15:00,2482.1556,2498.4602,winter,day4
2025-12-16 23:20:00,2489.8968,2494.87,winter,day4
2025-12-16 23:25:00,2577.7008,2515.2034,winter,day4
2025-12-16 23:30:00,2728.6416,2504.764,winter,day4
2025-12-16 23:35:00,2683.764,2510.6826,winter,day4
2025-12-16 23:40:00,2471.9808000000003,2511.83,winter,day4
2025-12-16 23:45:00,2458.0584,2513.1328,winter,day4
2025-12-16 23:50:00,2508.2268,2505.9607,winter,day4
2025-12-16 23:55:00,2562.8736,2514.3901,winter,day4
2025-12-31 00:00:00,3338.9136,3264.941,winter,day5
2025-12-31 00:05:00,3319.3343999999997,3269.9858,winter,day5
2025-12-31 00:10:00,2794.9272,3305.4023,winter,day5
2025-12-31 00:15:00,3241.1208,3332.2852,winter,day5
2025-12-31 00:20:00,2992.0703999999996,3335.1782,winter,day5
2025-12-31 00:25:00,3351.4127999999996,3363.4731,winter,day5
2025-12-31 00:30:00,3351.6444,3382.5737,winter,day5
2025-12-31 00:35:00,2985.12,3399.1396,winter,day5
2025-12-31 00:40:00,3308.274,3416.7185,winter,day5
2025-12-31 00:45:00,3283.6752,3404.7021,winter,day5
2025-12-31 00:50:00,3266.0256,3424.0457,winter,day5
2025-12-31 00:55:00,3306.7512,3439.83,winter,day5
2025-12-31 01:00:00,2924.0676,3431.4395,winter,day5
2025-12-31 01:05:00,3583.3644,3382.5469,winter,day5
2025-12-31 01:10:00,3572.2008,3360.0962,winter,day5
2025-12-31 01:15:00,3407.7563999999998,3324.13,winter,day5
2025-12-31 01:20:00,3333.2388,3068.839,winter,day5
2025-12-31 01:25:00,3103.6272,3024.36,winter,day5
2025-12-31 01:30:00,3114.5016,2941.2856,winter,day5
2025-12-31 01:35:00,2717.7156,2825.7993,winter,day5
2025-12-31 01:40:00,2677.3104,2755.2322,winter,day5
2025-12-31 01:45:00,2759.4504,2711.3298,winter,day5
2025-12-31 01:50:00,2732.4624,2696.5532,winter,day5
2025-12-31 01:55:00,2525.8248,2671.1147,winter,day5
2025-12-31 02:00:00,2513.3172,2646.481,winter,day5
2025-12-31 02:05:00,2507.8452,2650.6191,winter,day5
2025-12-31 02:10:00,2518.17,2622.8684,winter,day5
2025-12-31 02:15:00,2575.4700000000003,2610.9324,winter,day5
2025-12-31 02:20:00,2600.076,2594.4448,winter,day5
2025-12-31 02:25:00,2733.7608,2594.4878,winter,day5
2025-12-31 02:30:00,2878.1268,2604.7815,winter,day5
2025-12-31 02:35:00,2681.0556,2621.5063,winter,day5
2025-12-31 02:40:00,2654.16,2648.1577,winter,day5
2025-12-31 02:45:00,2642.2284,2645.8657,winter,day5
2025-12-31 02:50:00,2643.522,2661.2485,winter,day5
2025-12-31 02:55:00,2711.7408000000005,2655.16,winter,day5
2025-12-31 03:00:00,2456.0964,2639.4114,winter,day5
2025-12-31 03:05:00,2610.2784,2651.9197,winter,day5
2025-12-31 03:10:00,2780.85,2662.0977,winter,day5
2025-12-31 03:15:00,2629.2455999999997,2664.4526,winter,day5
2025-12-31 03:20:00,2558.4924,2665.7327,winter,day5
2025-12-31 03:25:00,2607.1164,2690.754,winter,day5
2025-12-31 03:30:00,2624.0988,2684.3567,winter,day5
2025-12-31 03:35:00,2653.4604,2693.6038,winter,day5
2025-12-31 03:40:00,2596.5335999999998,2687.4595,winter,day5
2025-12-31 03:45:00,2587.9199999999996,2683.251,winter,day5
2025-12-31 03:50:00,2564.3892,2668.6064,winter,day5
2025-12-31 03:55:00,2620.44,2673.9463,winter,day5
2025-12-31 04:00:00,2676.4896,2664.8242,winter,day5
2025-12-31 04:05:00,2725.3512,2659.0217,winter,day5
2025-12-31 04:10:00,2698.3068,2659.208,winter,day5
2025-12-31 04:15:00,2618.6076000000003,2653.001,winter,day5
2025-12-31 04:20:00,2582.802,2634.3892,winter,day5
2025-12-31 04:25:00,2585.6232,2646.4707,winter,day5
2025-12-31 04:30:00,2729.1276,2655.885,winter,day5
2025-12-31 04:35:00,2707.9440000000004,2643.7073,winter,day5
2025-12-31 04:40:00,2614.2036,2644.1292,winter,day5
2025-12-31 04:45:00,2609.3724,2663.5454,winter,day5
2025-12-31 04:50:00,2532.6348,2652.5615,winter,day5
2025-12-31 04:55:00,2524.2924,2660.6353,winter,day5
2025-12-31 05:00:00,2552.7192,2663.1592,winter,day5
2025-12-31 05:05:00,2590.962,2664.0125,winter,day5
2025-12-31 05:10:00,2662.6608,2657.3281,winter,day5
2025-12-31 05:15:00,2660.9856,2670.8857,winter,day5
2025-12-31 05:20:00,2644.1448,2646.2869,winter,day5
2025-12-31 05:25:00,2650.6716,2640.3918,winter,day5
2025-12-31 05:30:00,2610.084,2646.793,winter,day5
2025-12-31 05:35:00,2720.0328,2656.253,winter,day5
2025-12-31 05:40:00,2779.6992,2640.9536,winter,day5
2025-12-31 05:45:00,2879.2716,2665.3691,winter,day5
2025-12-31 05:50:00,2901.7116,2681.21,winter,day5
2025-12-31 05:55:00,2602.9991999999997,2687.2222,winter,day5
2025-12-31 06:00:00,2562.9984,2688.709,winter,day5
2025-12-31 06:05:00,2562.6924,2717.8347,winter,day5
2025-12-31 06:10:00,2514.3912,2712.5745,winter,day5
2025-12-31 06:15:00,2505.2196,2735.2834,winter,day5
2025-12-31 06:20:00,2627.9424,2750.509,winter,day5
2025-12-31 06:25:00,2631.9516,2761.3462,winter,day5
2025-12-31 06:30:00,2570.6196,2781.6602,winter,day5
2025-12-31 06:35:00,2528.904,2812.4717,winter,day5
2025-12-31 06:40:00,2597.9376,2942.9634,winter,day5
2025-12-31 06:45:00,3277.6716,2965.185,winter,day5
2025-12-31 06:50:00,2724.3419999999996,3092.4556,winter,day5
2025-12-31 06:55:00,3794.3148,3231.3162,winter,day5
2025-12-31 07:00:00,3542.3412,3313.459,winter,day5
2025-12-31 07:05:00,3736.728,3362.5977,winter,day5
2025-12-31 07:10:00,3571.6476000000002,3388.8647,winter,day5
2025-12-31 07:15:00,3651.3527999999997,3527.5476,winter,day5
2025-12-31 07:20:00,3699.6192,3850.4934,winter,day5
2025-12-31 07:25:00,3630.0996,4288.8994,winter,day5
2025-12-31 07:30:00,3662.142,4624.432,winter,day5
2025-12-31 07:35:00,3685.2119999999995,4790.689,winter,day5
2025-12-31 07:40:00,3743.3592,4954.8315,winter,day5
2025-12-31 07:45:00,3919.9871999999996,4845.6587,winter,day5
2025-12-31 07:50:00,4016.8248,4817.06,winter,day5
2025-12-31 07:55:00,3773.514,4851.46,winter,day5
2025-12-31 08:00:00,3514.1724000000004,4879.3037,winter,day5
2025-12-31 08:05:00,3398.4924,4894.2544,winter,day5
2025-12-31 08:10:00,3332.1804,4889.0557,winter,day5
2025-12-31 08:15:00,3295.9188000000004,4901.7725,winter,day5
2025-12-31 08:20:00,3875.2344,4904.586,winter,day5
2025-12-31 08:25:00,4055.7504,4899.957,winter,day5
2025-12-31 08:30:00,4329.8328,4882.3926,winter,day5
2025-12-31 08:35:00,3847.4483999999998,4899.544,winter,day5
2025-12-31 08:40:00,3638.88,4900.9556,winter,day5
2025-12-31 08:45:00,4250.6004,4911.225,winter,day5
2025-12-31 08:50:00,5217.933599999999,4923.976,winter,day5
2025-12-31 08:55:00,5401.4208,4908.907,winter,day5
2025-12-31 09:00:00,5468.3712,4940.2183,winter,day5
2025-12-31 09:05:00,6148.494000000001,4940.7905,winter,day5
2025-12-31 09:10:00,5363.1864000000005,4907.2163,winter,day5
2025-12-31 09:15:00,5088.996,4893.244,winter,day5
2025-12-31 09:20:00,4635.3804,4689.6675,winter,day5
2025-12-31 09:25:00,4231.6344,4675.7954,winter,day5
2025-12-31 09:30:00,4401.9384,4682.221,winter,day5
2025-12-31 09:35:00,4285.6488,4685.321,winter,day5
2025-12-31 09:40:00,4400.7660000000005,4705.7466,winter,day5
2025-12-31 09:45:00,10283.52,4701.8203,winter,day5
2025-12-31 09:50:00,9461.2608,4655.718,winter,day5
2025-12-31 09:55:00,6320.339999999999,4678.304,winter,day5
2025-12-31 10:00:00,5219.9544000000005,4680.99,winter,day5
2025-12-31 10:05:00,6990.068399999999,4695.0264,winter,day5
2025-12-31 10:10:00,7397.634000000001,4690.9116,winter,day5
2025-12-31 10:15:00,6904.8912,4689.778,winter,day5
2025-12-31 10:20:00,7039.7004,4707.9473,winter,day5
2025-12-31 10:25:00,5734.6788,4707.9116,winter,day5
2025-12-31 10:30:00,4595.825999999999,4691.258,winter,day5
2025-12-31 10:35:00,4877.7708,4704.4375,winter,day5
2025-12-31 10:40:00,4928.214,4716.501,winter,day5
2025-12-31 10:45:00,4913.7684,4744.1787,winter,day5
2025-12-31 10:50:00,4863.794400000001,4754.749,winter,day5
2025-12-31 10:55:00,4884.3576,4770.9995,winter,day5
2025-12-31 11:00:00,6113.4084,4781.4165,winter,day5
2025-12-31 11:05:00,6825.190799999999,4764.0127,winter,day5
2025-12-31 11:10:00,4889.0424,4714.8667,winter,day5
2025-12-31 11:15:00,4561.323600000001,4702.6235,winter,day5
2025-12-31 11:20:00,4379.131200000001,4676.2554,winter,day5
2025-12-31 11:25:00,4388.6124,4668.409,winter,day5
2025-12-31 11:30:00,4846.6488,4637.847,winter,day5
2025-12-31 11:35:00,4757.1408,4646.9873,winter,day5
2025-12-31 11:40:00,4462.3944,4638.907,winter,day5
2025-12-31 11:45:00,4755.7464,4635.7026,winter,day5
2025-12-31 11:50:00,4390.89,4589.5103,winter,day5
2025-12-31 11:55:00,4404.8412,4593.153,winter,day5
2025-12-31 12:00:00,5794.1556,4558.5425,winter,day5
2025-12-31 12:05:00,4418.346,4561.1416,winter,day5
2025-12-31 12:10:00,5056.236,4544.9,winter,day5
2025-12-31 12:15:00,5098.2708,4526.025,winter,day5
2025-12-31 12:20:00,4206.414,4511.013,winter,day5
2025-12-31 12:25:00,3740.4792,4470.0005,winter,day5
2025-12-31 12:30:00,4270.369199999999,4420.023,winter,day5
2025-12-31 12:35:00,3738.846,4437.453,winter,day5
2025-12-31 12:40:00,3676.3055999999997,4418.397,winter,day5
2025-12-31 12:45:00,3983.2188,4408.4976,winter,day5
2025-12-31 12:50:00,4142.532,4379.4707,winter,day5
2025-12-31 12:55:00,4682.7924,4399.965,winter,day5
2025-12-31 13:00:00,3651.5472,4381.689,winter,day5
2025-12-31 13:05:00,3380.8475999999996,4360.237,winter,day5
2025-12-31 13:10:00,3235.3272,4304.5405,winter,day5
2025-12-31 13:15:00,3393.5544,4280.2607,winter,day5
2025-12-31 13:20:00,3722.7455999999997,4221.738,winter,day5
2025-12-31 13:25:00,3094.4916,4168.291,winter,day5
2025-12-31 13:30:00,3354.0228,4161.297,winter,day5
2025-12-31 13:35:00,3534.4464,4177.92,winter,day5
2025-12-31 13:40:00,4910.742,4182.0503,winter,day5
2025-12-31 13:45:00,3182.7648,4160.617,winter,day5
2025-12-31 13:50:00,3054.1944,4133.77,winter,day5
2025-12-31 13:55:00,3002.3016000000002,4173.7,winter,day5
2025-12-31 14:00:00,2984.1696,4170.419,winter,day5
2025-12-31 14:05:00,3174.0047999999997,4171.3726,winter,day5
2025-12-31 14:10:00,3060.2676,4170.2935,winter,day5
2025-12-31 14:15:00,3016.8,4196.41,winter,day5
2025-12-31 14:20:00,3024.552,4208.724,winter,day5
2025-12-31 14:25:00,3008.0016,4211.3853,winter,day5
2025-12-31 14:30:00,2977.5504,4205.2896,winter,day5
2025-12-31 14:35:00,2995.1868,4252.429,winter,day5
2025-12-31 14:40:00,3277.6440000000002,4421.001,winter,day5
2025-12-31 14:45:00,3150.348,4456.1646,winter,day5
2025-12-31 14:50:00,3066.4632,4510.4766,winter,day5
2025-12-31 14:55:00,3065.202,4582.229,winter,day5
2025-12-31 15:00:00,3021.1884,4627.2544,winter,day5
2025-12-31 15:05:00,2968.5,4642.297,winter,day5
2025-12-31 15:10:00,2935.4376,4649.1626,winter,day5
2025-12-31 15:15:00,3112.5912,4711.246,winter,day5
2025-12-31 15:20:00,3107.9436,4769.3984,winter,day5
2025-12-31 15:25:00,2957.5236,4824.5156,winter,day5
2025-12-31 15:30:00,2978.1096,4877.2637,winter,day5
2025-12-31 15:35:00,2978.2392,4914.223,winter,day5
2025-12-31 15:40:00,2978.1612,5004.3374,winter,day5
2025-12-31 15:45:00,2993.9676,5046.337,winter,day5
2025-12-31 15:50:00,3241.9056,5069.655,winter,day5
2025-12-31 15:55:00,3256.4268,5120.6973,winter,day5
2025-12-31 16:00:00,3148.1603999999998,5392.164,winter,day5
2025-12-31 16:05:00,3193.7232,5409.5312,winter,day5
2025-12-31 16:10:00,3213.4632,5436.2734,winter,day5
2025-12-31 16:15:00,3326.7936,5442.049,winter,day5
2025-12-31 16:20:00,3319.1495999999997,5447.339,winter,day5
2025-12-31 16:25:00,3282.486,5458.1787,winter,day5
2025-12-31 16:30:00,3423.804,5455.331,winter,day5
2025-12-31 16:35:00,3312.3659999999995,5488.834,winter,day5
2025-12-31 16:40:00,3215.3652,5522.387,winter,day5
2025-12-31 16:45:00,3342.4656000000004,5523.2217,winter,day5
2025-12-31 16:50:00,3411.024,5553.9995,winter,day5
2025-12-31 16:55:00,3581.5235999999995,5537.157,winter,day5
2025-12-31 17:00:00,3520.2288,5584.533,winter,day5
2025-12-31 17:05:00,3353.9616,5575.253,winter,day5
2025-12-31 17:10:00,3362.9724,5533.2754,winter,day5
2025-12-31 17:15:00,3338.9352,5479.7275,winter,day5
2025-12-31 17:20:00,3324.5736000000006,5361.126,winter,day5
2025-12-31 17:25:00,3249.9816,5209.3213,winter,day5
2025-12-31 17:30:00,3212.5800000000004,5162.24,winter,day5
2025-12-31 17:35:00,3211.5263999999997,5081.7197,winter,day5
2025-12-31 17:40:00,3443.358,5169.2593,winter,day5
2025-12-31 17:45:00,3471.1619999999994,5113.0635,winter,day5
2025-12-31 17:50:00,3254.922,5138.049,winter,day5
2025-12-31 17:55:00,3212.4456,5220.679,winter,day5
2025-12-31 18:00:00,3897.6492,5698.082,winter,day5
2025-12-31 18:05:00,6079.2816,8620.407,winter,day5
2025-12-31 18:10:00,8732.07,10421.824,winter,day5
2025-12-31 18:15:00,10121.2344,10599.291,winter,day5
2025-12-31 18:20:00,10166.0112,10183.836,winter,day5
2025-12-31 18:25:00,9286.32,9988.231,winter,day5
2025-12-31 18:30:00,9876.8364,9926.252,winter,day5
2025-12-31 18:35:00,9728.7576,9878.424,winter,day5
2025-12-31 18:40:00,10754.2644,9983.088,winter,day5
2025-12-31 18:45:00,9422.2032,9812.664,winter,day5
2025-12-31 18:50:00,10060.2228,9526.457,winter,day5
2025-12-31 18:55:00,9426.3576,9643.631,winter,day5
2025-12-31 19:00:00,10228.1712,9716.146,winter,day5
2025-12-31 19:05:00,9329.5824,9705.413,winter,day5
2025-12-31 19:10:00,9846.7392,9624.241,winter,day5
2025-12-31 19:15:00,9757.6764,9169.561,winter,day5
2025-12-31 19:20:00,3601.8120000000004,5094.794,winter,day5
2025-12-31 19:25:00,2518.1063999999997,4255.2847,winter,day5
2025-12-31 19:30:00,2554.3332,4096.2056,winter,day5
2025-12-31 19:35:00,2569.9883999999997,3924.6587,winter,day5
2025-12-31 19:40:00,2584.7196,3882.1426,winter,day5
2025-12-31 19:45:00,2544.3527999999997,3934.2683,winter,day5
2025-12-31 19:50:00,2550.6443999999997,3851.918,winter,day5
2025-12-31 19:55:00,2509.4736000000003,3702.054,winter,day5
2025-12-31 20:00:00,2468.7516,3454.6687,winter,day5
2025-12-31 20:05:00,2578.404,3269.185,winter,day5
2025-12-31 20:10:00,2585.016,3097.769,winter,day5
2025-12-31 20:15:00,2491.5156,2982.2134,winter,day5
2025-12-31 20:20:00,2616.33,2862.7935,winter,day5
2025-12-31 20:25:00,2699.3508,2781.3616,winter,day5
2025-12-31 20:30:00,2727.7608,2731.12,winter,day5
2025-12-31 20:35:00,2821.0836000000004,2706.9446,winter,day5
2025-12-31 20:40:00,2587.2383999999997,2710.4028,winter,day5
2025-12-31 20:45:00,2546.3856,2701.1665,winter,day5
2025-12-31 20:50:00,2522.6184000000003,2669.122,winter,day5
2025-12-31 20:55:00,2542.3464,2664.604,winter,day5
2025-12-31 21:00:00,2529.996,2649.9026,winter,day5
2025-12-31 21:05:00,2506.7016,2632.622,winter,day5
2025-12-31 21:10:00,2507.3232,2633.1018,winter,day5
2025-12-31 21:15:00,2447.2799999999997,2614.8164,winter,day5
2025-12-31 21:20:00,2453.8836,2606.9094,winter,day5
2025-12-31 21:25:00,2469.5328,2607.168,winter,day5
2025-12-31 21:30:00,2475.8928,2608.0422,winter,day5
2025-12-31 21:35:00,2655.1764,2607.0098,winter,day5
2025-12-31 21:40:00,2679.09,2592.2026,winter,day5
2025-12-31 21:45:00,2519.6688000000004,2601.2024,winter,day5
2025-12-31 21:50:00,2522.1984,2608.983,winter,day5
2025-12-31 21:55:00,2541.0371999999998,2597.525,winter,day5
2025-12-31 22:00:00,2644.1531999999997,2594.993,winter,day5
2025-12-31 22:05:00,2618.184,2608.6587,winter,day5
2025-12-31 22:10:00,2623.7676,2597.9766,winter,day5
2025-12-31 22:15:00,2541.876,2604.514,winter,day5
2025-12-31 22:20:00,2579.6711999999998,2605.148,winter,day5
2025-12-31 22:25:00,2563.0739999999996,2606.254,winter,day5
2025-12-31 22:30:00,2559.7188,2597.635,winter,day5
2025-12-31 22:35:00,2531.4911999999995,2613.129,winter,day5
2025-12-31 22:40:00,2508.1008,2605.0908,winter,day5
2025-12-31 22:45:00,2500.602,2601.5583,winter,day5
2025-12-31 22:50:00,2753.952,2615.0396,winter,day5
2025-12-31 22:55:00,2793.0588,2626.9648,winter,day5
2025-12-31 23:00:00,2577.3888,2615.2708,winter,day5
2025-12-31 23:05:00,2533.2312,2629.528,winter,day5
2025-12-31 23:10:00,2484.7104,2642.4634,winter,day5
2025-12-31 23:15:00,2511.4008000000003,2654.893,winter,day5
2025-12-31 23:20:00,2530.2252,2649.1846,winter,day5
2025-12-31 23:25:00,2549.9352,2694.9102,winter,day5
2025-12-31 23:30:00,2534.6004000000003,2693.192,winter,day5
2025-12-31 23:35:00,2584.8216,2721.4717,winter,day5
2025-12-31 23:40:00,2595.6192,2751.0967,winter,day5
2025-12-31 23:45:00,2565.9672,2772.0312,winter,day5
2025-12-31 23:50:00,2620.8684000000003,2802.8726,winter,day5
2025-12-31 23:55:00,2719.3668000000002,2851.0137,winter,day5
2025-06-01 00:00:00,2526.7452000000003,2499.1782,summer,day1
2025-06-01 00:05:00,2463.0612,2493.331,summer,day1
2025-06-01 00:10:00,2445.3624,2489.484,summer,day1
2025-06-01 00:15:00,2434.8624,2482.8687,summer,day1
2025-06-01 00:20:00,2444.8836,2472.8723,summer,day1
2025-06-01 00:25:00,2443.6536,2482.9883,summer,day1
2025-06-01 00:30:00,2400.8712,2494.726,summer,day1
2025-06-01 00:35:00,2397.0864,2494.0596,summer,day1
2025-06-01 00:40:00,2408.7204,2502.9946,summer,day1
2025-06-01 00:45:00,2576.5236,2519.9363,summer,day1
2025-06-01 00:50:00,2515.4268,2521.8184,summer,day1
2025-06-01 00:55:00,2153.4936000000002,2525.627,summer,day1
2025-06-01 01:00:00,2206.2684,2530.0513,summer,day1
2025-06-01 01:05:00,2483.8824,2525.435,summer,day1
2025-06-01 01:10:00,2487.558,2511.1138,summer,day1
2025-06-01 01:15:00,2458.3416,2506.4502,summer,day1
2025-06-01 01:20:00,2445.9036,2484.6309,summer,day1
2025-06-01 01:25:00,2436.6744,2486.7905,summer,day1
2025-06-01 01:30:00,2437.7196,2490.587,summer,day1
2025-06-01 01:35:00,2587.3559999999998,2491.9338,summer,day1
2025-06-01 01:40:00,2479.992,2486.0723,summer,day1
2025-06-01 01:45:00,2388.192,2494.631,summer,day1
2025-06-01 01:50:00,2394.2076,2502.961,summer,day1
2025-06-01 01:55:00,2490.8304,2502.8408,summer,day1
2025-06-01 02:00:00,2550.2843999999996,2499.936,summer,day1
2025-06-01 02:05:00,2232.5172,2508.9336,summer,day1
2025-06-01 02:10:00,2317.0955999999996,2501.0957,summer,day1
2025-06-01 02:15:00,2408.6268,2502.3174,summer,day1
2025-06-01 02:20:00,2410.9224,2501.4404,summer,day1
2025-06-01 02:25:00,2668.9451999999997,2500.1025,summer,day1
2025-06-01 02:30:00,2585.2272000000003,2497.023,summer,day1
2025-06-01 02:35:00,2479.1099999999997,2502.8633,summer,day1
2025-06-01 02:40:00,2463.4188,2498.5454,summer,day1
2025-06-01 02:45:00,2463.426,2500.353,summer,day1
2025-06-01 02:50:00,2449.2504,2498.826,summer,day1
2025-06-01 02:55:00,2430.3516,2494.487,summer,day1
2025-06-01 03:00:00,2278.2048,2487.0403,summer,day1
2025-06-01 03:05:00,2049.5772,2490.9844,summer,day1
2025-06-01 03:10:00,2396.1804,2490.2039,summer,day1
2025-06-01 03:15:00,2571.4836,2481.7163,summer,day1
2025-06-01 03:20:00,2472.3228,2479.939,summer,day1
2025-06-01 03:25:00,2364.7223999999997,2489.4424,summer,day1
2025-06-01 03:30:00,2362.8804,2481.9414,summer,day1
2025-06-01 03:35:00,2403.0744,2485.2358,summer,day1
2025-06-01 03:40:00,2472.7284,2486.792,summer,day1
2025-06-01 03:45:00,2457.0335999999998,2487.1511,summer,day1
2025-06-01 03:50:00,2505.8808,2481.7834,summer,day1
2025-06-01 03:55:00,2628.3024,2486.2988,summer,day1
2025-06-01 04:00:00,2548.8804,2495.2134,summer,day1
2025-06-01 04:05:00,2958.8952,2496.6992,summer,day1
2025-06-01 04:10:00,2742.2664,2494.1812,summer,day1
2025-06-01 04:15:00,2707.5528,2489.5322,summer,day1
2025-06-01 04:20:00,2519.6711999999998,2483.6614,summer,day1
2025-06-01 04:25:00,2526.5076,2488.4614,summer,day1
2025-06-01 04:30:00,2333.9604,2486.8923,summer,day1
2025-06-01 04:35:00,2619.3684000000003,2477.395,summer,day1
2025-06-01 04:40:00,2623.7064,2471.3352,summer,day1
2025-06-01 04:45:00,2598.2364000000002,2482.6035,summer,day1
2025-06-01 04:50:00,2679.3684000000003,2464.1086,summer,day1
2025-06-01 04:55:00,2428.9248,2468.502,summer,day1
2025-06-01 05:00:00,2514.702,2469.7095,summer,day1
2025-06-01 05:05:00,2484.4308,2464.99,summer,day1
2025-06-01 05:10:00,2354.9424,2457.8105,summer,day1
2025-06-01 05:15:00,2305.1148000000003,2462.6628,summer,day1
2025-06-01 05:20:00,2247.9636,2453.6885,summer,day1
2025-06-01 05:25:00,2213.5667999999996,2448.2769,summer,day1
2025-06-01 05:30:00,2216.1144,2443.6636,summer,day1
2025-06-01 05:35:00,2200.464,2439.1548,summer,day1
2025-06-01 05:40:00,2392.1304,2424.9824,summer,day1
2025-06-01 05:45:00,2271.996,2429.6895,summer,day1
2025-06-01 05:50:00,1770.0084,2432.33,summer,day1
2025-06-01 05:55:00,2016.8064,2427.849,summer,day1
2025-06-01 06:00:00,2133.8292,2426.4849,summer,day1
2025-06-01 06:05:00,2130.4919999999997,2438.9412,summer,day1
2025-06-01 06:10:00,2230.986,2425.6924,summer,day1
2025-06-01 06:15:00,2238.2808,2447.7295,summer,day1
2025-06-01 06:20:00,2225.3784,2465.9277,summer,day1
2025-06-01 06:25:00,2329.7064,2482.8193,summer,day1
2025-06-01 06:30:00,2475.1596,2505.3723,summer,day1
2025-06-01 06:35:00,2459.2691999999997,2529.2056,summer,day1
2025-06-01 06:40:00,2403.2580000000003,2640.029,summer,day1
2025-06-01 06:45:00,2256.264,2621.5542,summer,day1
2025-06-01 06:50:00,1824.366,2624.5657,summer,day1
2025-06-01 06:55:00,2134.1207999999997,2628.3735,summer,day1
2025-06-01 07:00:00,2114.7612,2622.0503,summer,day1
2025-06-01 07:05:00,2258.0135999999998,2667.1606,summer,day1
2025-06-01 07:10:00,2336.9784,2725.0583,summer,day1
2025-06-01 07:15:00,2308.5888,2837.734,summer,day1
2025-06-01 07:20:00,2138.7804,2936.8018,summer,day1
2025-06-01 07:25:00,2185.3416,3023.008,summer,day1
2025-06-01 07:30:00,2207.0724,3182.8523,summer,day1
2025-06-01 07:35:00,2170.8455999999996,3388.2842,summer,day1
2025-06-01 07:40:00,2332.9175999999998,3557.7515,summer,day1
2025-06-01 07:45:00,2384.088,3645.4158,summer,day1
2025-06-01 07:50:00,2123.6772,3648.7253,summer,day1
2025-06-01 07:55:00,1838.58,3580.375,summer,day1
2025-06-01 08:00:00,2112.7272000000003,3689.3406,summer,day1
2025-06-01 08:05:00,2153.328,3693.5688,summer,day1
2025-06-01 08:10:00,2160.3684000000003,3692.4033,summer,day1
2025-06-01 08:15:00,2475.5544,3746.9036,summer,day1
2025-06-01 08:20:00,2394.636,3778.8247,summer,day1
2025-06-01 08:25:00,2184.186,3811.8247,summer,day1
2025-06-01 08:30:00,2254.5948,3843.0784,summer,day1
2025-06-01 08:35:00,2363.4900000000002,3881.5256,summer,day1
2025-06-01 08:40:00,2342.436,3910.0867,summer,day1
2025-06-01 08:45:00,2388.0108,3940.602,summer,day1
2025-06-01 08:50:00,2300.2776000000003,3951.432,summer,day1
2025-06-01 08:55:00,2314.1412,3989.142,summer,day1
2025-06-01 09:00:00,2255.1216,4024.459,summer,day1
2025-06-01 09:05:00,2313.3948,4023.902,summer,day1
2025-06-01 09:10:00,2415.1488,4048.4878,summer,day1
2025-06-01 09:15:00,2218.5576,4062.686,summer,day1
2025-06-01 09:20:00,2022.6299999999999,4016.1099,summer,day1
2025-06-01 09:25:00,2324.4804,4080.4558,summer,day1
2025-06-01 09:30:00,2429.7347999999997,4103.456,summer,day1
2025-06-01 09:35:00,2425.4712,4116.134,summer,day1
2025-06-01 09:40:00,2634.6984,4151.834,summer,day1
2025-06-01 09:45:00,2589.936,4168.702,summer,day1
2025-06-01 09:50:00,2985.9504,4168.8613,summer,day1
2025-06-01 09:55:00,3118.7580000000003,4210.7295,summer,day1
2025-06-01 10:00:00,3145.3296,4232.975,summer,day1
2025-06-01 10:05:00,3000.0155999999997,4240.6313,summer,day1
2025-06-01 10:10:00,3243.4548000000004,4247.082,summer,day1
2025-06-01 10:15:00,3048.8723999999997,4260.9907,summer,day1
2025-06-01 10:20:00,3718.5312,4278.8276,summer,day1
2025-06-01 10:25:00,5525.8536,4254.151,summer,day1
2025-06-01 10:30:00,5728.9068,4271.471,summer,day1
2025-06-01 10:35:00,4920.803999999999,4264.8384,summer,day1
2025-06-01 10:40:00,4729.0068,4217.472,summer,day1
2025-06-01 10:45:00,3853.2576,4238.484,summer,day1
2025-06-01 10:50:00,2675.8728,4227.851,summer,day1
2025-06-01 10:55:00,2582.5896,4199.532,summer,day1
2025-06-01 11:00:00,2453.0532,4200.8916,summer,day1
2025-06-01 11:05:00,2372.7012,4172.686,summer,day1
2025-06-01 11:10:00,2824.2048,4143.488,summer,day1
2025-06-01 11:15:00,2350.6644,4141.2397,summer,day1
2025-06-01 11:20:00,2357.4336,4137.45,summer,day1
2025-06-01 11:25:00,2379.8388,4123.66,summer,day1
2025-06-01 11:30:00,2499.0504,4109.615,summer,day1
2025-06-01 11:35:00,2567.2272000000003,4099.0767,summer,day1
2025-06-01 11:40:00,2478.8772,4097.5527,summer,day1
2025-06-01 11:45:00,2295.3540000000003,4060.1482,summer,day1
2025-06-01 11:50:00,3115.3415999999997,4043.7173,summer,day1
2025-06-01 11:55:00,3889.0332000000003,4036.063,summer,day1
2025-06-01 12:00:00,3719.8884,3989.8408,summer,day1
2025-06-01 12:05:00,3485.3304000000003,3991.9785,summer,day1
2025-06-01 12:10:00,2500.02,3969.4749,summer,day1
2025-06-01 12:15:00,2617.29,3931.5195,summer,day1
2025-06-01 12:20:00,2718.5292,3937.4556,summer,day1
2025-06-01 12:25:00,2607.4476,3926.5032,summer,day1
2025-06-01 12:30:00,2617.8552,3909.4526,summer,day1
2025-06-01 12:35:00,2815.4244,3899.8408,summer,day1
2025-06-01 12:40:00,4412.1384,3887.6008,summer,day1
2025-06-01 12:45:00,2853.0396,3874.3086,summer,day1
2025-06-01 12:50:00,2855.496,3847.8535,summer,day1
2025-06-01 12:55:00,2674.8887999999997,3837.3506,summer,day1
2025-06-01 13:00:00,2721.9348,3815.1206,summer,day1
2025-06-01 13:05:00,2948.1132,3803.9338,summer,day1
2025-06-01 13:10:00,2809.6452,3780.1516,summer,day1
2025-06-01 13:15:00,2726.0027999999998,3739.5562,summer,day1
2025-06-01 13:20:00,2850.1968,3726.4526,summer,day1
2025-06-01 13:25:00,3645.504,3719.391,summer,day1
2025-06-01 13:30:00,2543.5356,3695.4219,summer,day1
2025-06-01 13:35:00,2949.6636000000003,3672.7852,summer,day1
2025-06-01 13:40:00,2862.3936000000003,3651.3108,summer,day1
2025-06-01 13:45:00,3786.2771999999995,3623.37,summer,day1
2025-06-01 13:50:00,3468.108,3592.4795,summer,day1
2025-06-01 13:55:00,2655.426,3591.9658,summer,day1
2025-06-01 14:00:00,2680.296,3545.4126,summer,day1
2025-06-01 14:05:00,2841.2519999999995,3523.009,summer,day1
2025-06-01 14:10:00,2700.8604,3501.3389,summer,day1
2025-06-01 14:15:00,2827.1531999999997,3490.2527,summer,day1
2025-06-01 14:20:00,2387.9148,3478.1064,summer,day1
2025-06-01 14:25:00,2899.1928,3456.0234,summer,day1
2025-06-01 14:30:00,2663.7648,3461.213,summer,day1
2025-06-01 14:35:00,2387.2248,3465.485,summer,day1
2025-06-01 14:40:00,4273.9836000000005,3462.2085,summer,day1
2025-06-01 14:45:00,2890.9271999999996,3457.7607,summer,day1
2025-06-01 14:50:00,2668.7364000000002,3437.7622,summer,day1
2025-06-01 14:55:00,3903.7128,3433.0012,summer,day1
2025-06-01 15:00:00,2540.7792,3427.3145,summer,day1
2025-06-01 15:05:00,2755.254,3436.67,summer,day1
2025-06-01 15:10:00,2635.0212,3442.3247,summer,day1
2025-06-01 15:15:00,2438.8092,3462.584,summer,day1
2025-06-01 15:20:00,2891.064,3446.646,summer,day1
2025-06-01 15:25:00,3213.5328,3479.4407,summer,day1
2025-06-01 15:30:00,3069.1188,3473.7073,summer,day1
2025-06-01 15:35:00,2916.8148,3486.2869,summer,day1
2025-06-01 15:40:00,2681.3484,3507.6301,summer,day1
2025-06-01 15:45:00,2591.9196,3509.594,summer,day1
2025-06-01 15:50:00,2534.0412,3530.2888,summer,day1
2025-06-01 15:55:00,2495.9292,3545.8152,summer,day1
2025-06-01 16:00:00,2491.0932000000003,3526.9229,summer,day1
2025-06-01 16:05:00,2664.2856,3525.143,summer,day1
2025-06-01 16:10:00,2811.6516,3522.8806,summer,day1
2025-06-01 16:15:00,3117.8592,3545.5952,summer,day1
2025-06-01 16:20:00,4169.6952,3555.5176,summer,day1
2025-06-01 16:25:00,2414.3124,3574.1523,summer,day1
2025-06-01 16:30:00,2393.514,3599.9697,summer,day1
2025-06-01 16:35:00,2857.5096000000003,3627.763,summer,day1
2025-06-01 16:40:00,4026.078,3614.8533,summer,day1
2025-06-01 16:45:00,2541.4656000000004,3641.992,summer,day1
2025-06-01 16:50:00,2174.7504,3637.4958,summer,day1
2025-06-01 16:55:00,2387.6387999999997,3654.477,summer,day1
2025-06-01 17:00:00,2397.7716,3668.301,summer,day1
2025-06-01 17:05:00,2432.6843999999996,3677.7012,summer,day1
2025-06-01 17:10:00,2457.018,3681.0886,summer,day1
2025-06-01 17:15:00,2702.7419999999997,3669.0725,summer,day1
2025-06-01 17:20:00,4379.1444,3692.675,summer,day1
2025-06-01 17:25:00,3323.6051999999995,3709.0781,summer,day1
2025-06-01 17:30:00,2690.2488,3705.2222,summer,day1
2025-06-01 17:35:00,2122.3416,3743.0034,summer,day1
2025-06-01 17:40:00,2711.0268,3745.4673,summer,day1
2025-06-01 17:45:00,2545.4892,3758.4553,summer,day1
2025-06-01 17:50:00,2521.1124,3766.157,summer,day1
2025-06-01 17:55:00,2543.04,3780.5193,summer,day1
2025-06-01 18:00:00,2570.8884000000003,3764.265,summer,day1
2025-06-01 18:05:00,2498.3952,3774.092,summer,day1
2025-06-01 18:10:00,2600.8848,3755.74,summer,day1
2025-06-01 18:15:00,2658.8952,3758.0667,summer,day1
2025-06-01 18:20:00,2163.9036,3745.5676,summer,day1
2025-06-01 18:25:00,2102.6904,3752.818,summer,day1
2025-06-01 18:30:00,2507.7168,3738.0774,summer,day1
2025-06-01 18:35:00,3421.4592000000002,3720.5813,summer,day1
2025-06-01 18:40:00,2807.2884,3678.1216,summer,day1
2025-06-01 18:45:00,2499.4464,3676.542,summer,day1
2025-06-01 18:50:00,2503.9452,3635.247,summer,day1
2025-06-01 18:55:00,2464.7424,3617.4836,summer,day1
2025-06-01 19:00:00,2600.79,3576.6782,summer,day1
2025-06-01 19:05:00,3695.5464,3537.9326,summer,day1
2025-06-01 19:10:00,2330.4816,3492.9849,summer,day1
2025-06-01 19:15:00,4419.794400000001,3477.707,summer,day1
2025-06-01 19:20:00,3815.7084000000004,3447.9348,summer,day1
2025-06-01 19:25:00,2421.7824,3438.782,summer,day1
2025-06-01 19:30:00,2543.9724,3400.323,summer,day1
2025-06-01 19:35:00,2655.9828,3367.8928,summer,day1
2025-06-01 19:40:00,2640.4056,3352.652,summer,day1
2025-06-01 19:45:00,2566.278,3315.6133,summer,day1
2025-06-01 19:50:00,3982.7364000000002,3295.4465,summer,day1
2025-06-01 19:55:00,2547.8172,3275.755,summer,day1
2025-06-01 20:00:00,2575.1304,3129.1675,summer,day1
2025-06-01 20:05:00,2425.5816,3118.0757,summer,day1
2025-06-01 20:10:00,2405.0676,3087.198,summer,day1
2025-06-01 20:15:00,2391.6888,3053.3906,summer,day1
2025-06-01 20:20:00,2529.078,3032.9368,summer,day1
2025-06-01 20:25:00,2718.7656,3029.792,summer,day1
2025-06-01 20:30:00,2516.5908,3016.154,summer,day1
2025-06-01 20:35:00,2565.996,3012.8667,summer,day1
2025-06-01 20:40:00,2844.4092,3004.8608,summer,day1
2025-06-01 20:45:00,2795.7275999999997,2988.1626,summer,day1
2025-06-01 20:50:00,3136.416,2982.4453,summer,day1
2025-06-01 20:55:00,2801.3436,2986.2097,summer,day1
2025-06-01 21:00:00,3487.9380000000006,2972.0857,summer,day1
2025-06-01 21:05:00,5444.5428,2963.2046,summer,day1
2025-06-01 21:10:00,2689.6331999999998,2948.606,summer,day1
2025-06-01 21:15:00,2623.1232,2928.0254,summer,day1
2025-06-01 21:20:00,2600.0004,2841.6133,summer,day1
2025-06-01 21:25:00,2670.3216,2822.648,summer,day1
2025-06-01 21:30:00,2692.434,2806.251,summer,day1
2025-06-01 21:35:00,2714.4372,2780.786,summer,day1
2025-06-01 21:40:00,2700.2760000000003,2747.4426,summer,day1
2025-06-01 21:45:00,3052.0656,2729.4639,summer,day1
2025-06-01 21:50:00,3078.2484,2690.9946,summer,day1
2025-06-01 21:55:00,3035.1684,2646.482,summer,day1
2025-06-01 22:00:00,2783.4648,2596.8572,summer,day1
2025-06-01 22:05:00,2785.8815999999997,2575.8955,summer,day1
2025-06-01 22:10:00,4259.868,2540.316,summer,day1
2025-06-01 22:15:00,2610.0072,2543.974,summer,day1
2025-06-01 22:20:00,2425.2203999999997,2543.5713,summer,day1
2025-06-01 22:25:00,2425.6223999999997,2540.0256,summer,day1
2025-06-01 22:30:00,2810.292,2530.2717,summer,day1
2025-06-01 22:35:00,2570.988,2542.0308,summer,day1
2025-06-01 22:40:00,2472.0468,2518.4155,summer,day1
2025-06-01 22:45:00,2311.9932,2523.1787,summer,day1
2025-06-01 22:50:00,2304.8507999999997,2519.6958,summer,day1
2025-06-01 22:55:00,2339.7288,2514.447,summer,day1
2025-06-01 23:00:00,2386.2048,2509.524,summer,day1
2025-06-01 23:05:00,2396.2596000000003,2511.8572,summer,day1
2025-06-01 23:10:00,2407.5312,2511.5845,summer,day1
2025-06-01 23:15:00,2741.9652,2496.7488,summer,day1
2025-06-01 23:20:00,2382.4175999999998,2492.2334,summer,day1
2025-06-01 23:25:00,3181.968,2509.4854,summer,day1
2025-06-01 23:30:00,3738.246,2494.757,summer,day1
2025-06-01 23:35:00,2528.7792,2502.0874,summer,day1
2025-06-01 23:40:00,2630.2608,2509.67,summer,day1
2025-06-01 23:45:00,2449.3128,2511.2263,summer,day1
2025-06-01 23:50:00,2401.1412,2500.9875,summer,day1
2025-06-01 23:55:00,2395.2372,2510.1162,summer,day1
2025-06-24 00:00:00,2356.5696,2483.5786,summer,day2
2025-06-24 00:05:00,2411.358,2489.6865,summer,day2
2025-06-24 00:10:00,2821.9272,2493.4446,summer,day2
2025-06-24 00:15:00,2831.8404,2483.8076,summer,day2
2025-06-24 00:20:00,2597.4588,2478.8203,summer,day2
2025-06-24 00:25:00,2563.5384000000004,2470.4387,summer,day2
2025-06-24 00:30:00,3407.8908,2474.897,summer,day2
2025-06-24 00:35:00,2765.4792,2459.7627,summer,day2
2025-06-24 00:40:00,2452.8432000000003,2458.6094,summer,day2
2025-06-24 00:45:00,2434.3848000000003,2474.255,summer,day2
2025-06-24 00:50:00,2451.7644,2460.6313,summer,day2
2025-06-24 00:55:00,2130.21,2470.5608,summer,day2
2025-06-24 01:00:00,2233.194,2471.7432,summer,day2
2025-06-24 01:05:00,3605.7839999999997,2469.1497,summer,day2
2025-06-24 01:10:00,2808.7475999999997,2467.6636,summer,day2
2025-06-24 01:15:00,2943.5292,2479.128,summer,day2
2025-06-24 01:20:00,2578.9368,2488.836,summer,day2
2025-06-24 01:25:00,2534.5584,2493.9292,summer,day2
2025-06-24 01:30:00,2113.9812,2490.913,summer,day2
2025-06-24 01:35:00,2514.7836,2483.683,summer,day2
2025-06-24 01:40:00,2447.6808,2481.9424,summer,day2
2025-06-24 01:45:00,2441.1288,2488.6348,summer,day2
2025-06-24 01:50:00,2577.3671999999997,2495.4639,summer,day2
2025-06-24 01:55:00,2676.3347999999996,2483.7173,summer,day2
2025-06-24 02:00:00,2500.8156000000004,2483.6997,summer,day2
2025-06-24 02:05:00,2388.3792000000003,2503.3271,summer,day2
2025-06-24 02:10:00,2485.8072,2488.9155,summer,day2
2025-06-24 02:15:00,2500.4004,2494.9248,summer,day2
2025-06-24 02:20:00,2470.71,2500.889,summer,day2
2025-06-24 02:25:00,3962.8644,2498.1428,summer,day2
2025-06-24 02:30:00,2498.4768,2485.9885,summer,day2
2025-06-24 02:35:00,2558.0376,2488.918,summer,day2
2025-06-24 02:40:00,2158.6176,2511.4702,summer,day2
2025-06-24 02:45:00,2369.4336,2517.835,summer,day2
2025-06-24 02:50:00,2774.3916,2523.8296,summer,day2
2025-06-24 02:55:00,2358.1403999999998,2527.3672,summer,day2
2025-06-24 03:00:00,2350.6272,2521.7153,summer,day2
2025-06-24 03:05:00,2805.0072,2526.4543,summer,day2
2025-06-24 03:10:00,2867.67,2523.564,summer,day2
2025-06-24 03:15:00,2564.4936000000002,2511.5535,summer,day2
2025-06-24 03:20:00,2998.6512,2506.8525,summer,day2
2025-06-24 03:25:00,2742.8676,2519.7412,summer,day2
2025-06-24 03:30:00,2620.1232,2506.5396,summer,day2
2025-06-24 03:35:00,2824.1856,2519.4504,summer,day2
2025-06-24 03:40:00,2424.4332000000004,2524.8975,summer,day2
2025-06-24 03:45:00,3818.7059999999997,2527.213,summer,day2
2025-06-24 03:50:00,1940.8883999999998,2520.4697,summer,day2
2025-06-24 03:55:00,2519.2560000000003,2521.33,summer,day2
2025-06-24 04:00:00,2640.1248,2519.4287,summer,day2
2025-06-24 04:05:00,2472.1752,2514.7046,summer,day2
2025-06-24 04:10:00,2479.2708,2500.6902,summer,day2
2025-06-24 04:15:00,2458.1256000000003,2483.4766,summer,day2
2025-06-24 04:20:00,2945.9124,2445.0928,summer,day2
2025-06-24 04:25:00,1830.9707999999998,2415.0884,summer,day2
2025-06-24 04:30:00,2352.888,2396.7231,summer,day2
2025-06-24 04:35:00,2333.8559999999998,2363.9136,summer,day2
2025-06-24 04:40:00,2529.5676,2353.6182,summer,day2
2025-06-24 04:45:00,2345.9615999999996,2363.289,summer,day2
2025-06-24 04:50:00,2276.46,2341.1875,summer,day2
2025-06-24 04:55:00,2291.118,2353.6646,summer,day2
2025-06-24 05:00:00,3367.95,2361.0344,summer,day2
2025-06-24 05:05:00,2908.398,2361.1428,summer,day2
2025-06-24 05:10:00,2540.8356,2354.5989,summer,day2
2025-06-24 05:15:00,2495.7576,2373.559,summer,day2
2025-06-24 05:20:00,2464.8887999999997,2358.2104,summer,day2
2025-06-24 05:25:00,2481.648,2362.2468,summer,day2
2025-06-24 05:30:00,2339.3903999999998,2365.4238,summer,day2
2025-06-24 05:35:00,1834.0224000000003,2367.3408,summer,day2
2025-06-24 05:40:00,2187.312,2362.8667,summer,day2
2025-06-24 05:45:00,2216.6675999999998,2368.9692,summer,day2
2025-06-24 05:50:00,2267.7648,2384.578,summer,day2
2025-06-24 05:55:00,2734.9883999999997,2378.0977,summer,day2
2025-06-24 06:00:00,2195.4792,2391.585,summer,day2
2025-06-24 06:05:00,2311.0451999999996,2416.1409,summer,day2
2025-06-24 06:10:00,2231.256,2407.0557,summer,day2
2025-06-24 06:15:00,2256.5316,2425.1345,summer,day2
2025-06-24 06:20:00,3915.5832,2437.7637,summer,day2
2025-06-24 06:25:00,2262.4116000000004,2440.8467,summer,day2
2025-06-24 06:30:00,2237.8740000000003,2442.3276,summer,day2
2025-06-24 06:35:00,2517.7056000000002,2449.255,summer,day2
2025-06-24 06:40:00,2973.66,2553.1528,summer,day2
2025-06-24 06:45:00,2641.7376,2567.0337,summer,day2
2025-06-24 06:50:00,2818.2924,2563.2056,summer,day2
2025-06-24 06:55:00,3222.3311999999996,2581.4893,summer,day2
2025-06-24 07:00:00,3169.374,2577.6606,summer,day2
2025-06-24 07:05:00,2716.782,2583.7134,summer,day2
2025-06-24 07:10:00,2466.1644,2615.6575,summer,day2
2025-06-24 07:15:00,2439.5088,2737.3906,summer,day2
2025-06-24 07:20:00,2492.7756,2831.872,summer,day2
2025-06-24 07:25:00,2633.3292,2940.4175,summer,day2
2025-06-24 07:30:00,3860.7888,3190.2512,summer,day2
2025-06-24 07:35:00,12758.3508,3900.4688,summer,day2
2025-06-24 07:40:00,13033.7784,6301.589,summer,day2
2025-06-24 07:45:00,10706.01,6174.6064,summer,day2
2025-06-24 07:50:00,4031.3784,4630.772,summer,day2
2025-06-24 07:55:00,4538.0664,4056.946,summer,day2
2025-06-24 08:00:00,5770.6068,4208.657,summer,day2
2025-06-24 08:05:00,6086.1528,4166.1895,summer,day2
2025-06-24 08:10:00,4450.2888,4173.272,summer,day2
2025-06-24 08:15:00,4173.3096,4170.5527,summer,day2
2025-06-24 08:20:00,5067.804,4182.1177,summer,day2
2025-06-24 08:25:00,4492.3512,4187.2046,summer,day2
2025-06-24 08:30:00,4050.0384,4196.562,summer,day2
2025-06-24 08:35:00,5833.9800000000005,4225.217,summer,day2
2025-06-24 08:40:00,4507.8888,4268.32,summer,day2
2025-06-24 08:45:00,4903.134,4284.4917,summer,day2
2025-06-24 08:50:00,5765.508,4290.6064,summer,day2
2025-06-24 08:55:00,6054.8496,4305.1694,summer,day2
2025-06-24 09:00:00,6162.2616,4314.5977,summer,day2
2025-06-24 09:05:00,4468.8624,4297.8687,summer,day2
2025-06-24 09:10:00,4301.638800000001,4312.8613,summer,day2
2025-06-24 09:15:00,5098.83,4362.3945,summer,day2
2025-06-24 09:20:00,5291.5632,4306.947,summer,day2
2025-06-24 09:25:00,4459.9259999999995,4303.5713,summer,day2
2025-06-24 09:30:00,4992.5064,4304.9116,summer,day2
2025-06-24 09:35:00,4522.630800000001,4299.3496,summer,day2
2025-06-24 09:40:00,4221.2748,4298.398,summer,day2
2025-06-24 09:45:00,3979.6692000000003,4282.316,summer,day2
2025-06-24 09:50:00,4549.5923999999995,4279.1763,summer,day2
2025-06-24 09:55:00,4840.4256000000005,4300.701,summer,day2
2025-06-24 10:00:00,5219.3796,4323.2056,summer,day2
2025-06-24 10:05:00,5934.624,4334.4927,summer,day2
2025-06-24 10:10:00,4991.5212,4320.458,summer,day2
2025-06-24 10:15:00,6135.784799999999,4341.8535,summer,day2
2025-06-24 10:20:00,7249.9547999999995,4337.591,summer,day2
2025-06-24 10:25:00,6449.8332,4311.8545,summer,day2
2025-06-24 10:30:00,5611.7064,4289.6323,summer,day2
2025-06-24 10:35:00,5147.0172,4298.041,summer,day2
2025-06-24 10:40:00,6022.651199999999,4324.968,summer,day2
2025-06-24 10:45:00,2209.1148000000003,4314.838,summer,day2
2025-06-24 10:50:00,0.0,4318.347,summer,day2
2025-06-24 10:55:00,0.0,4314.0015,summer,day2
2025-06-24 11:00:00,0.0,4319.0386,summer,day2
2025-06-24 11:05:00,0.0,4294.215,summer,day2
2025-06-24 11:10:00,0.0,4282.4487,summer,day2
2025-06-24 11:15:00,0.0,4284.6514,summer,day2
2025-06-24 11:20:00,0.0,4295.8823,summer,day2
2025-06-24 11:25:00,10374.148799999999,4290.622,summer,day2
2025-06-24 11:30:00,8077.9836,4262.8726,summer,day2
2025-06-24 11:35:00,8140.6032000000005,4276.5186,summer,day2
2025-06-24 11:40:00,5274.2544,4262.945,summer,day2
2025-06-24 11:45:00,4511.8464,4239.279,summer,day2
2025-06-24 11:50:00,4432.8192,4200.1006,summer,day2
2025-06-24 11:55:00,4059.4175999999998,4194.367,summer,day2
2025-06-24 12:00:00,4351.0296,4247.837,summer,day2
2025-06-24 12:05:00,4626.9876,4229.437,summer,day2
2025-06-24 12:10:00,4543.6848,4225.2666,summer,day2
2025-06-24 12:15:00,4715.955599999999,4203.4497,summer,day2
2025-06-24 12:20:00,5139.732,4209.5215,summer,day2
2025-06-24 12:25:00,4729.7076,4175.511,summer,day2
2025-06-24 12:30:00,4742.9388,4134.3975,summer,day2
2025-06-24 12:35:00,4532.0748,4115.312,summer,day2
2025-06-24 12:40:00,4787.046,4115.094,summer,day2
2025-06-24 12:45:00,6061.9944000000005,4108.373,summer,day2
2025-06-24 12:50:00,4309.6464,4072.113,summer,day2
2025-06-24 12:55:00,4927.7688,4081.442,summer,day2
2025-06-24 13:00:00,4759.4136,4064.7356,summer,day2
2025-06-24 13:05:00,4881.195600000001,4056.5803,summer,day2
2025-06-24 13:10:00,5205.7608,4036.3057,summer,day2
2025-06-24 13:15:00,4842.1584,4053.6094,summer,day2
2025-06-24 13:20:00,4565.3916,4120.457,summer,day2
2025-06-24 13:25:00,4868.202,4121.589,summer,day2
2025-06-24 13:30:00,5420.0676,4123.5806,summer,day2
2025-06-24 13:35:00,4323.3936,4094.7432,summer,day2
2025-06-24 13:40:00,5516.91,4076.4358,summer,day2
2025-06-24 13:45:00,3799.548,4036.5767,summer,day2
2025-06-24 13:50:00,4270.5972,4012.5117,summer,day2
2025-06-24 13:55:00,4795.6308,4004.9783,summer,day2
2025-06-24 14:00:00,6366.4368,4001.9077,summer,day2
2025-06-24 14:05:00,4284.882,3995.9763,summer,day2
2025-06-24 14:10:00,3199.1567999999997,3957.9136,summer,day2
2025-06-24 14:15:00,3085.3104,3973.9275,summer,day2
2025-06-24 14:20:00,3536.8404,3959.6582,summer,day2
2025-06-24 14:25:00,3320.964,3948.2148,summer,day2
2025-06-24 14:30:00,3471.9648,3923.3533,summer,day2
2025-06-24 14:35:00,3321.666,3932.9392,summer,day2
2025-06-24 14:40:00,3339.8076,3980.9438,summer,day2
2025-06-24 14:45:00,3742.1616000000004,3970.5693,summer,day2
2025-06-24 14:50:00,3813.8124,3954.3384,summer,day2
2025-06-24 14:55:00,3377.4335999999994,3957.497,summer,day2
2025-06-24 15:00:00,3785.9628,3956.7778,summer,day2
2025-06-24 15:05:00,3971.3556,3932.606,summer,day2
2025-06-24 15:10:00,3921.0804,3925.2664,summer,day2
2025-06-24 15:15:00,3370.3032,3936.8843,summer,day2
2025-06-24 15:20:00,4189.9344,3946.4636,summer,day2
2025-06-24 15:25:00,2810.4336,3946.342,summer,day2
2025-06-24 15:30:00,3074.682,3915.2227,summer,day2
2025-06-24 15:35:00,2481.8448,3935.6306,summer,day2
2025-06-24 15:40:00,3805.3296,3935.57,summer,day2
2025-06-24 15:45:00,3129.2508000000003,3938.0771,summer,day2
2025-06-24 15:50:00,2580.4908,3909.0903,summer,day2
2025-06-24 15:55:00,2946.5568,3922.4714,summer,day2
2025-06-24 16:00:00,3111.4716,3943.3171,summer,day2
2025-06-24 16:05:00,3135.0924,3928.5342,summer,day2
2025-06-24 16:10:00,2783.4528,3922.6145,summer,day2
2025-06-24 16:15:00,3239.4624,3924.498,summer,day2
2025-06-24 16:20:00,3294.3407999999995,3930.6147,summer,day2
2025-06-24 16:25:00,4283.1324,3917.5073,summer,day2
2025-06-24 16:30:00,2500.4712,3899.9846,summer,day2
2025-06-24 16:35:00,3620.7479999999996,3897.9036,summer,day2
2025-06-24 16:40:00,3150.3084,3906.0237,summer,day2
2025-06-24 16:45:00,2960.8824,3904.243,summer,day2
2025-06-24 16:50:00,2897.2116,3878.5115,summer,day2
2025-06-24 16:55:00,2918.454,3880.682,summer,day2
2025-06-24 17:00:00,4798.6584,3882.0833,summer,day2
2025-06-24 17:05:00,2999.7792,3872.2837,summer,day2
2025-06-24 17:10:00,2923.0044,3853.1484,summer,day2
2025-06-24 17:15:00,2641.3896,3862.6526,summer,day2
2025-06-24 17:20:00,2671.7760000000003,3853.8076,summer,day2
2025-06-24 17:25:00,2650.9716,3837.702,summer,day2
2025-06-24 17:30:00,2825.0496,3831.0037,summer,day2
2025-06-24 17:35:00,2896.6572,3826.9854,summer,day2
2025-06-24 17:40:00,3510.9528,3821.8188,summer,day2
2025-06-24 17:45:00,4574.4612,3799.992,summer,day2
2025-06-24 17:50:00,2827.3464,3782.7266,summer,day2
2025-06-24 17:55:00,3183.7536,3786.8755,summer,day2
2025-06-24 18:00:00,6137.4144,3790.573,summer,day2
2025-06-24 18:05:00,13028.5596,3788.111,summer,day2
2025-06-24 18:10:00,12003.9588,3755.3801,summer,day2
2025-06-24 18:15:00,4283.983200000001,3743.8538,summer,day2
2025-06-24 18:20:00,3900.2591999999995,3749.022,summer,day2
2025-06-24 18:25:00,3571.0476000000003,3724.0813,summer,day2
2025-06-24 18:30:00,4422.8664,3694.4624,summer,day2
2025-06-24 18:35:00,4603.4748,3689.5278,summer,day2
2025-06-24 18:40:00,3922.4208,3599.5786,summer,day2
2025-06-24 18:45:00,5402.8668,3565.667,summer,day2
2025-06-24 18:50:00,4105.824,3540.0723,summer,day2
2025-06-24 18:55:00,6040.26,3516.5356,summer,day2
2025-06-24 19:00:00,6760.8516,3499.095,summer,day2
2025-06-24 19:05:00,4314.4788,3456.932,summer,day2
2025-06-24 19:10:00,3982.2588000000005,3432.0361,summer,day2
2025-06-24 19:15:00,5452.4472000000005,3408.6667,summer,day2
2025-06-24 19:20:00,3731.5775999999996,3392.0728,summer,day2
2025-06-24 19:25:00,2943.654,3375.905,summer,day2
2025-06-24 19:30:00,3148.674,3331.7651,summer,day2
2025-06-24 19:35:00,2842.8444,3317.9707,summer,day2
2025-06-24 19:40:00,4424.7624,3307.1123,summer,day2
2025-06-24 19:45:00,2855.5667999999996,3288.843,summer,day2
2025-06-24 19:50:00,2756.3256,3257.0435,summer,day2
2025-06-24 19:55:00,2818.3848000000003,3229.6262,summer,day2
2025-06-24 20:00:00,3068.9736000000003,3138.9607,summer,day2
2025-06-24 20:05:00,4017.7236,3107.9746,summer,day2
2025-06-24 20:10:00,3180.042,3093.9287,summer,day2
2025-06-24 20:15:00,2247.564,3061.7568,summer,day2
2025-06-24 20:20:00,2287.1531999999997,3011.0325,summer,day2
2025-06-24 20:25:00,2420.6387999999997,2985.1367,summer,day2
2025-06-24 20:30:00,4464.534,2945.3254,summer,day2
2025-06-24 20:35:00,3274.3548,2922.2688,summer,day2
2025-06-24 20:40:00,1980.7788,2898.0583,summer,day2
2025-06-24 20:45:00,2157.738,2868.9429,summer,day2
2025-06-24 20:50:00,2306.8032,2862.6863,summer,day2
2025-06-24 20:55:00,2534.0748,2868.3203,summer,day2
2025-06-24 21:00:00,2524.3692,2869.1313,summer,day2
2025-06-24 21:05:00,2142.9612,2864.8174,summer,day2
2025-06-24 21:10:00,2104.218,2869.6216,summer,day2
2025-06-24 21:15:00,3007.1592,2868.8953,summer,day2
2025-06-24 21:20:00,2693.538,2914.167,summer,day2
2025-06-24 21:25:00,2847.2256,2938.974,summer,day2
2025-06-24 21:30:00,2899.1220000000003,2967.4578,summer,day2
2025-06-24 21:35:00,2790.2484,2962.809,summer,day2
2025-06-24 21:40:00,2656.9428,2910.9832,summer,day2
2025-06-24 21:45:00,2621.6328000000003,2862.6733,summer,day2
2025-06-24 21:50:00,2624.322,2822.662,summer,day2
2025-06-24 21:55:00,2582.082,2763.957,summer,day2
2025-06-24 22:00:00,2492.7912,2695.5059,summer,day2
2025-06-24 22:05:00,2343.1403999999998,2663.8193,summer,day2
2025-06-24 22:10:00,2291.2308000000003,2655.3909,summer,day2
2025-06-24 22:15:00,2364.4236,2669.0684,summer,day2
2025-06-24 22:20:00,2391.6059999999998,2680.072,summer,day2
2025-06-24 22:25:00,2501.1684,2646.542,summer,day2
2025-06-24 22:30:00,2982.7956,2621.7637,summer,day2
2025-06-24 22:35:00,2872.9128,2600.8657,summer,day2
2025-06-24 22:40:00,2819.4684,2593.4727,summer,day2
2025-06-24 22:45:00,2847.5784,2589.6003,summer,day2
2025-06-24 22:50:00,2850.1812,2589.5195,summer,day2
2025-06-24 22:55:00,2677.2192,2603.3677,summer,day2
2025-06-24 23:00:00,2564.2596,2595.143,summer,day2
2025-06-24 23:05:00,2354.1588,2590.2397,summer,day2
2025-06-24 23:10:00,2379.594,2592.2515,summer,day2
2025-06-24 23:15:00,2559.54,2600.8237,summer,day2
2025-06-24 23:20:00,2436.492,2603.9492,summer,day2
2025-06-24 23:25:00,2404.9175999999998,2609.9854,summer,day2
2025-06-24 23:30:00,2388.7176,2595.1777,summer,day2
2025-06-24 23:35:00,2431.6716,2596.0654,summer,day2
2025-06-24 23:40:00,2481.1356,2602.295,summer,day2
2025-06-24 23:45:00,2668.3704,2595.1006,summer,day2
2025-06-24 23:50:00,2523.8172000000004,2601.4045,summer,day2
2025-06-24 23:55:00,2377.2336,2609.6418,summer,day2
2025-07-17 00:00:00,5246.0484,5468.683,summer,day3
2025-07-17 00:05:00,5356.5491999999995,5271.844,summer,day3
2025-07-17 00:10:00,5203.0692,5169.7017,summer,day3
2025-07-17 00:15:00,5114.8428,5045.1333,summer,day3
2025-07-17 00:20:00,5111.4,4949.841,summer,day3
2025-07-17 00:25:00,4177.302000000001,4812.674,summer,day3
2025-07-17 00:30:00,3789.2208,4728.206,summer,day3
2025-07-17 00:35:00,3766.1652000000004,4620.305,summer,day3
2025-07-17 00:40:00,3981.3,4545.9033,summer,day3
2025-07-17 00:45:00,3932.2392,4462.5264,summer,day3
2025-07-17 00:50:00,4200.8148,4356.3257,summer,day3
2025-07-17 00:55:00,3925.5864,4272.4233,summer,day3
2025-07-17 01:00:00,4000.392,4214.126,summer,day3
2025-07-17 01:05:00,3869.9772000000003,4146.437,summer,day3
2025-07-17 01:10:00,3786.9983999999995,4107.096,summer,day3
2025-07-17 01:15:00,3910.2767999999996,4071.2952,summer,day3
2025-07-17 01:20:00,3882.3659999999995,4086.0764,summer,day3
2025-07-17 01:25:00,3814.8792000000003,4031.2542,summer,day3
2025-07-17 01:30:00,3929.1024000000007,4012.6948,summer,day3
2025-07-17 01:35:00,3919.0188000000003,3985.0837,summer,day3
2025-07-17 01:40:00,4097.3076,3963.5515,summer,day3
2025-07-17 01:45:00,4060.0032,3940.4211,summer,day3
2025-07-17 01:50:00,4196.1264,3934.9937,summer,day3
2025-07-17 01:55:00,4211.3124,3916.1208,summer,day3
2025-07-17 02:00:00,3966.1452,3894.567,summer,day3
2025-07-17 02:05:00,3856.932,3850.427,summer,day3
2025-07-17 02:10:00,3851.5968000000003,3849.2424,summer,day3
2025-07-17 02:15:00,2869.5348,3827.2146,summer,day3
2025-07-17 02:20:00,2371.6428,3813.7559,summer,day3
2025-07-17 02:25:00,2450.4708,3790.684,summer,day3
2025-07-17 02:30:00,2315.2763999999997,3781.9136,summer,day3
2025-07-17 02:35:00,2376.9648,3784.7544,summer,day3
2025-07-17 02:40:00,2425.7136,3705.5867,summer,day3
2025-07-17 02:45:00,2429.9352,3695.0361,summer,day3
2025-07-17 02:50:00,2390.3856,3694.4055,summer,day3
2025-07-17 02:55:00,2386.8552,3674.235,summer,day3
2025-07-17 03:00:00,2431.0488,3671.43,summer,day3
2025-07-17 03:05:00,2698.674,3649.788,summer,day3
2025-07-17 03:10:00,2730.6624,3645.7812,summer,day3
2025-07-17 03:15:00,2747.6892,3637.622,summer,day3
2025-07-17 03:20:00,2523.4991999999997,3645.9028,summer,day3
2025-07-17 03:25:00,2460.6456,3618.1243,summer,day3
2025-07-17 03:30:00,2440.014,3618.4104,summer,day3
2025-07-17 03:35:00,2432.5992,3616.0645,summer,day3
2025-07-17 03:40:00,2599.3776,3609.0981,summer,day3
2025-07-17 03:45:00,2705.4552,3593.9758,summer,day3
2025-07-17 03:50:00,2623.6236,3588.235,summer,day3
2025-07-17 03:55:00,2478.0384000000004,3590.9905,summer,day3
2025-07-17 04:00:00,2335.9368000000004,3626.421,summer,day3
2025-07-17 04:05:00,2251.9632,3592.94,summer,day3
2025-07-17 04:10:00,2529.6984,3589.057,summer,day3
2025-07-17 04:15:00,2788.8228,3564.5193,summer,day3
2025-07-17 04:20:00,2851.6332,3554.0266,summer,day3
2025-07-17 04:25:00,2461.8024,3536.0845,summer,day3
2025-07-17 04:30:00,2586.2183999999997,3532.109,summer,day3
2025-07-17 04:35:00,2548.9356,3507.041,summer,day3
2025-07-17 04:40:00,2482.7676,3509.379,summer,day3
2025-07-17 04:45:00,2635.4016,3472.0493,summer,day3
2025-07-17 04:50:00,2669.6448,3454.5305,summer,day3
2025-07-17 04:55:00,2490.3444,3422.3643,summer,day3
2025-07-17 05:00:00,2453.6315999999997,3418.0522,summer,day3
2025-07-17 05:05:00,2496.9624,3385.8506,summer,day3
2025-07-17 05:10:00,2487.0912,3391.593,summer,day3
2025-07-17 05:15:00,2354.1288,3408.6746,summer,day3
2025-07-17 05:20:00,2367.9612,3349.298,summer,day3
2025-07-17 05:25:00,2027.0747999999999,3321.622,summer,day3
2025-07-17 05:30:00,2033.0387999999998,3327.2488,summer,day3
2025-07-17 05:35:00,2132.3436,3320.0376,summer,day3
2025-07-17 05:40:00,2186.538,3315.3665,summer,day3
2025-07-17 05:45:00,2277.5208,3322.4226,summer,day3
2025-07-17 05:50:00,2383.4532,3336.729,summer,day3
2025-07-17 05:55:00,2263.3512,3324.102,summer,day3
2025-07-17 06:00:00,2142.2964,3289.3853,summer,day3
2025-07-17 06:05:00,2132.5476,3271.4192,summer,day3
2025-07-17 06:10:00,2150.2956,3250.3293,summer,day3
2025-07-17 06:15:00,2239.2588,3249.858,summer,day3
2025-07-17 06:20:00,2391.6612,3270.708,summer,day3
2025-07-17 06:25:00,2539.6872000000003,3274.7944,summer,day3
2025-07-17 06:30:00,2463.282,3313.5342,summer,day3
2025-07-17 06:35:00,2265.4955999999997,3384.3965,summer,day3
2025-07-17 06:40:00,2153.3052,3213.6382,summer,day3
2025-07-17 06:45:00,2090.0616,3252.7417,summer,day3
2025-07-17 06:50:00,2232.0252,3296.1802,summer,day3
2025-07-17 06:55:00,2288.1564,3323.1858,summer,day3
2025-07-17 07:00:00,2431.6992,3348.6565,summer,day3
2025-07-17 07:05:00,2459.5032,3410.428,summer,day3
2025-07-17 07:10:00,2412.8052,3479.5112,summer,day3
2025-07-17 07:15:00,2845.1148000000003,3512.1624,summer,day3
2025-07-17 07:20:00,3148.1328000000003,3568.8223,summer,day3
2025-07-17 07:25:00,3165.2424,3639.6987,summer,day3
2025-07-17 07:30:00,3216.468,3708.3696,summer,day3
2025-07-17 07:35:00,3406.0248,3818.3975,summer,day3
2025-07-17 07:40:00,3412.6344,3934.2327,summer,day3
2025-07-17 07:45:00,3796.7232000000004,4037.5828,summer,day3
2025-07-17 07:50:00,12464.6484,4153.488,summer,day3
2025-07-17 07:55:00,11088.114,4213.2363,summer,day3
2025-07-17 08:00:00,6102.2028,4145.0537,summer,day3
2025-07-17 08:05:00,6575.924400000001,4134.013,summer,day3
2025-07-17 08:10:00,6474.072,4200.24,summer,day3
2025-07-17 08:15:00,7917.368400000001,4240.337,summer,day3
2025-07-17 08:20:00,5783.8344,4261.6753,summer,day3
2025-07-17 08:25:00,4748.4828,4290.0815,summer,day3
2025-07-17 08:30:00,4604.4228,4343.7285,summer,day3
2025-07-17 08:35:00,4767.498,4345.924,summer,day3
2025-07-17 08:40:00,4559.272800000001,4399.9746,summer,day3
2025-07-17 08:45:00,4849.681200000001,4389.9204,summer,day3
2025-07-17 08:50:00,5948.52,4400.7603,summer,day3
2025-07-17 08:55:00,6792.8063999999995,4413.8574,summer,day3
2025-07-17 09:00:00,6504.967200000001,4425.591,summer,day3
2025-07-17 09:05:00,5775.3168000000005,4449.1577,summer,day3
2025-07-17 09:10:00,4880.7108,4469.866,summer,day3
2025-07-17 09:15:00,5552.7036,4492.1045,summer,day3
2025-07-17 09:20:00,6530.7624000000005,4631.2295,summer,day3
2025-07-17 09:25:00,5388.566400000001,4647.2397,summer,day3
2025-07-17 09:30:00,5798.6232,4692.407,summer,day3
2025-07-17 09:35:00,5717.1276,4717.6533,summer,day3
2025-07-17 09:40:00,5498.9712,4746.2744,summer,day3
2025-07-17 09:45:00,4674.5160000000005,4747.5903,summer,day3
2025-07-17 09:50:00,5567.778,4737.6113,summer,day3
2025-07-17 09:55:00,5435.2248,4735.038,summer,day3
2025-07-17 10:00:00,4890.4344,4742.3315,summer,day3
2025-07-17 10:05:00,4255.0512,4695.157,summer,day3
2025-07-17 10:10:00,4441.3284,4676.5776,summer,day3
2025-07-17 10:15:00,4890.2976,4668.1104,summer,day3
2025-07-17 10:20:00,4805.6196,4657.0176,summer,day3
2025-07-17 10:25:00,6851.9232,4657.7393,summer,day3
2025-07-17 10:30:00,5099.004,4667.7354,summer,day3
2025-07-17 10:35:00,4659.8508,4665.387,summer,day3
2025-07-17 10:40:00,6122.6844,4777.007,summer,day3
2025-07-17 10:45:00,4203.4800000000005,4807.345,summer,day3
2025-07-17 10:50:00,4802.1576000000005,4825.8438,summer,day3
2025-07-17 10:55:00,4432.9236,4801.577,summer,day3
2025-07-17 11:00:00,4953.2532,4824.7715,summer,day3
2025-07-17 11:05:00,5866.8576,4810.0728,summer,day3
2025-07-17 11:10:00,5520.3012,4791.6904,summer,day3
2025-07-17 11:15:00,5037.6252,4813.6323,summer,day3
2025-07-17 11:20:00,4809.15,4830.523,summer,day3
2025-07-17 11:25:00,5365.188,4806.8784,summer,day3
2025-07-17 11:30:00,4426.3884,4814.9707,summer,day3
2025-07-17 11:35:00,4918.7592,4818.1357,summer,day3
2025-07-17 11:40:00,5263.7256,4833.4175,summer,day3
2025-07-17 11:45:00,4268.602800000001,4823.79,summer,day3
2025-07-17 11:50:00,4858.2036,4826.8984,summer,day3
2025-07-17 11:55:00,5438.0904,4836.6855,summer,day3
2025-07-17 12:00:00,4499.245199999999,4694.2637,summer,day3
2025-07-17 12:05:00,4930.468800000001,4727.589,summer,day3
2025-07-17 12:10:00,4484.1,4741.8145,summer,day3
2025-07-17 12:15:00,5279.354399999999,4710.68,summer,day3
2025-07-17 12:20:00,5635.4208,4729.329,summer,day3
2025-07-17 12:25:00,7468.26,4713.5024,summer,day3
2025-07-17 12:30:00,5192.6436,4694.8945,summer,day3
2025-07-17 12:35:00,4543.9488,4696.63,summer,day3
2025-07-17 12:40:00,6092.5008,4712.57,summer,day3
2025-07-17 12:45:00,7782.559200000001,4680.369,summer,day3
2025-07-17 12:50:00,6412.6092,4658.508,summer,day3
2025-07-17 12:55:00,6379.0584,4636.4844,summer,day3
2025-07-17 13:00:00,4599.3876,4638.444,summer,day3
2025-07-17 13:05:00,4737.0216,4630.721,summer,day3
2025-07-17 13:10:00,6574.3068,4631.979,summer,day3
2025-07-17 13:15:00,5047.7232,4640.749,summer,day3
2025-07-17 13:20:00,6563.8068,4676.8877,summer,day3
2025-07-17 13:25:00,7114.498799999999,4718.241,summer,day3
2025-07-17 13:30:00,5494.794,4732.1704,summer,day3
2025-07-17 13:35:00,4849.7352,4705.5654,summer,day3
2025-07-17 13:40:00,5346.7044000000005,4725.2925,summer,day3
2025-07-17 13:45:00,4955.202,4704.466,summer,day3
2025-07-17 13:50:00,5024.3364,4669.856,summer,day3
2025-07-17 13:55:00,4966.8852,4652.5615,summer,day3
2025-07-17 14:00:00,4621.818,4636.375,summer,day3
2025-07-17 14:05:00,5243.9112000000005,4594.3037,summer,day3
2025-07-17 14:10:00,6409.0632,4562.685,summer,day3
2025-07-17 14:15:00,4819.956,4546.3804,summer,day3
2025-07-17 14:20:00,4747.390799999999,4536.419,summer,day3
2025-07-17 14:25:00,6238.9308,4535.471,summer,day3
2025-07-17 14:30:00,5582.022,4527.2026,summer,day3
2025-07-17 14:35:00,4787.9088,4525.3906,summer,day3
2025-07-17 14:40:00,4944.138,4576.746,summer,day3
2025-07-17 14:45:00,5074.722,4614.509,summer,day3
2025-07-17 14:50:00,5499.2352,4601.3574,summer,day3
2025-07-17 14:55:00,4968.6384,4542.224,summer,day3
2025-07-17 15:00:00,5770.7616,4560.396,summer,day3
2025-07-17 15:05:00,5905.2468,4541.081,summer,day3
2025-07-17 15:10:00,5332.9752,4544.09,summer,day3
2025-07-17 15:15:00,4588.5576,4538.7715,summer,day3
2025-07-17 15:20:00,4382.6664,4579.044,summer,day3
2025-07-17 15:25:00,4640.8212,4560.708,summer,day3
2025-07-17 15:30:00,4833.7644,4545.667,summer,day3
2025-07-17 15:35:00,4735.32,4543.6265,summer,day3
2025-07-17 15:40:00,5593.9956,4532.9614,summer,day3
2025-07-17 15:45:00,6699.9204,4562.3184,summer,day3
2025-07-17 15:50:00,5349.530400000001,4559.117,summer,day3
2025-07-17 15:55:00,4272.5472,4537.8857,summer,day3
2025-07-17 16:00:00,5156.5692,4528.458,summer,day3
2025-07-17 16:05:00,3829.3248,4536.2715,summer,day3
2025-07-17 16:10:00,3904.7964,4540.558,summer,day3
2025-07-17 16:15:00,3894.5555999999997,4504.936,summer,day3
2025-07-17 16:20:00,3870.8376000000003,4528.86,summer,day3
2025-07-17 16:25:00,4002.0528,4503.993,summer,day3
2025-07-17 16:30:00,3569.1551999999997,4505.051,summer,day3
2025-07-17 16:35:00,3827.4168,4489.493,summer,day3
2025-07-17 16:40:00,4213.9656,4533.6367,summer,day3
2025-07-17 16:45:00,3695.3868,4502.467,summer,day3
2025-07-17 16:50:00,3703.0847999999996,4473.033,summer,day3
2025-07-17 16:55:00,5570.166,4455.0225,summer,day3
2025-07-17 17:00:00,4633.2624,4440.918,summer,day3
2025-07-17 17:05:00,6476.478,4452.523,summer,day3
2025-07-17 17:10:00,5138.442,4446.8125,summer,day3
2025-07-17 17:15:00,5058.0504,4448.8545,summer,day3
2025-07-17 17:20:00,5018.3351999999995,4502.3657,summer,day3
2025-07-17 17:25:00,4594.0596000000005,4516.7466,summer,day3
2025-07-17 17:30:00,3719.3544,4514.258,summer,day3
2025-07-17 17:35:00,3734.5440000000003,4491.9707,summer,day3
2025-07-17 17:40:00,3975.9672,4516.2705,summer,day3
2025-07-17 17:45:00,4450.2204,4484.5947,summer,day3
2025-07-17 17:50:00,4235.4132,4465.453,summer,day3
2025-07-17 17:55:00,3930.0624,4448.648,summer,day3
2025-07-17 18:00:00,5268.5292,4455.227,summer,day3
2025-07-17 18:05:00,5162.6532,4428.177,summer,day3
2025-07-17 18:10:00,4423.0344,4396.2544,summer,day3
2025-07-17 18:15:00,5258.8056,4385.516,summer,day3
2025-07-17 18:20:00,4014.7344,4366.007,summer,day3
2025-07-17 18:25:00,3932.4660000000003,4365.7896,summer,day3
2025-07-17 18:30:00,3727.0728000000004,4351.574,summer,day3
2025-07-17 18:35:00,3610.1976000000004,4359.438,summer,day3
2025-07-17 18:40:00,3780.9444000000003,4397.4497,summer,day3
2025-07-17 18:45:00,3828.2172000000005,4423.6855,summer,day3
2025-07-17 18:50:00,3959.0099999999998,4400.3955,summer,day3
2025-07-17 18:55:00,4518.9228,4364.127,summer,day3
2025-07-17 19:00:00,3927.3635999999997,4373.6196,summer,day3
2025-07-17 19:05:00,3844.9199999999996,4341.8677,summer,day3
2025-07-17 19:10:00,4531.116,4334.802,summer,day3
2025-07-17 19:15:00,6519.4812,4308.099,summer,day3
2025-07-17 19:20:00,5548.7663999999995,4348.5483,summer,day3
2025-07-17 19:25:00,4800.1116,4343.0337,summer,day3
2025-07-17 19:30:00,3718.7748,4328.4146,summer,day3
2025-07-17 19:35:00,4131.6144,4330.3506,summer,day3
2025-07-17 19:40:00,3456.3072,4313.916,summer,day3
2025-07-17 19:45:00,3640.9728000000005,4329.2236,summer,day3
2025-07-17 19:50:00,3621.3959999999997,4315.1763,summer,day3
2025-07-17 19:55:00,3452.7012000000004,4304.8477,summer,day3
2025-07-17 20:00:00,3340.0343999999996,4180.873,summer,day3
2025-07-17 20:05:00,3938.4468,4161.2964,summer,day3
2025-07-17 20:10:00,5138.5524,4164.5796,summer,day3
2025-07-17 20:15:00,4519.9536,4120.6313,summer,day3
2025-07-17 20:20:00,3926.7612,4125.5454,summer,day3
2025-07-17 20:25:00,3740.0208,4104.167,summer,day3
2025-07-17 20:30:00,4663.9524,4099.6606,summer,day3
2025-07-17 20:35:00,4187.022,4046.4927,summer,day3
2025-07-17 20:40:00,3741.7536,4077.1548,summer,day3
2025-07-17 20:45:00,4081.4483999999998,4056.6082,summer,day3
2025-07-17 20:50:00,4111.0248,4021.5796,summer,day3
2025-07-17 20:55:00,4040.1852,3999.807,summer,day3
2025-07-17 21:00:00,4022.5296000000003,3986.4817,summer,day3
2025-07-17 21:05:00,5074.1916,3990.4995,summer,day3
2025-07-17 21:10:00,5019.6864000000005,3975.7178,summer,day3
2025-07-17 21:15:00,5235.1056,3972.1777,summer,day3
2025-07-17 21:20:00,5198.7276,4135.6313,summer,day3
2025-07-17 21:25:00,5041.8972,4115.91,summer,day3
2025-07-17 21:30:00,4947.7572,4124.349,summer,day3
2025-07-17 21:35:00,4845.9983999999995,4102.452,summer,day3
2025-07-17 21:40:00,4915.1556,4077.0037,summer,day3
2025-07-17 21:45:00,4995.6108,4048.5288,summer,day3
2025-07-17 21:50:00,5145.023999999999,4006.0784,summer,day3
2025-07-17 21:55:00,4821.938400000001,3770.1926,summer,day3
2025-07-17 22:00:00,5224.206,3488.37,summer,day3
2025-07-17 22:05:00,5409.0491999999995,3378.1963,summer,day3
2025-07-17 22:10:00,7144.282800000001,3369.2874,summer,day3
2025-07-17 22:15:00,7163.3364,3336.2659,summer,day3
2025-07-17 22:20:00,5021.166,3321.7202,summer,day3
2025-07-17 22:25:00,5094.3084,3292.6868,summer,day3
2025-07-17 22:30:00,5358.468,3280.0264,summer,day3
2025-07-17 22:35:00,5151.765600000001,3264.7458,summer,day3
2025-07-17 22:40:00,5313.6588,3362.8003,summer,day3
2025-07-17 22:45:00,5620.0271999999995,3331.9387,summer,day3
2025-07-17 22:50:00,5626.4496,3348.5532,summer,day3
2025-07-17 22:55:00,5536.8804,3319.8992,summer,day3
2025-07-17 23:00:00,5400.3396,3284.9238,summer,day3
2025-07-17 23:05:00,5470.469999999999,3289.5833,summer,day3
2025-07-17 23:10:00,5739.8243999999995,3288.7734,summer,day3
2025-07-17 23:15:00,5787.3996,3282.1304,summer,day3
2025-07-17 23:20:00,5927.4816,3282.5654,summer,day3
2025-07-17 23:25:00,5834.090399999999,3267.4163,summer,day3
2025-07-17 23:30:00,5615.3124,3259.9873,summer,day3
2025-07-17 23:35:00,5421.51,3269.9473,summer,day3
2025-07-17 23:40:00,5291.3436,3266.7876,summer,day3
2025-07-17 23:45:00,6521.7792,3287.1257,summer,day3
2025-07-17 23:50:00,5161.5504,3277.0173,summer,day3
2025-07-17 23:55:00,4628.9604,3229.4233,summer,day3
2025-08-08 00:00:00,2905.4832,3882.0898,summer,day4
2025-08-08 00:05:00,2841.84,3701.9998,summer,day4
2025-08-08 00:10:00,3052.6944,3551.5283,summer,day4
2025-08-08 00:15:00,3142.6728,3436.7405,summer,day4
2025-08-08 00:20:00,2870.1984,3364.2078,summer,day4
2025-08-08 00:25:00,2817.8292,3298.9463,summer,day4
2025-08-08 00:30:00,2915.0568,3262.0564,summer,day4
2025-08-08 00:35:00,2962.2383999999997,3212.478,summer,day4
2025-08-08 00:40:00,2623.6164,3181.9397,summer,day4
2025-08-08 00:45:00,2690.5608,3138.0342,summer,day4
2025-08-08 00:50:00,2906.832,3119.848,summer,day4
2025-08-08 00:55:00,2565.0204,3114.589,summer,day4
2025-08-08 01:00:00,2503.4616,3097.3809,summer,day4
2025-08-08 01:05:00,2474.418,3094.9866,summer,day4
2025-08-08 01:10:00,2648.3604,3076.9011,summer,day4
2025-08-08 01:15:00,2786.8572,3030.0188,summer,day4
2025-08-08 01:20:00,2711.532,2951.7976,summer,day4
2025-08-08 01:25:00,2803.4472,2916.3115,summer,day4
2025-08-08 01:30:00,2854.1808,2890.7446,summer,day4
2025-08-08 01:35:00,2967.666,2872.7268,summer,day4
2025-08-08 01:40:00,2924.532,2863.3184,summer,day4
2025-08-08 01:45:00,2853.4332,2846.456,summer,day4
2025-08-08 01:50:00,2575.8959999999997,2846.6152,summer,day4
2025-08-08 01:55:00,2489.8164,2850.427,summer,day4
2025-08-08 02:00:00,2426.1984,2847.626,summer,day4
2025-08-08 02:05:00,2760.0792,2840.7551,summer,day4
2025-08-08 02:10:00,3409.6788,2829.2078,summer,day4
2025-08-08 02:15:00,3478.7292,2810.5247,summer,day4
2025-08-08 02:20:00,3429.4031999999997,2809.14,summer,day4
2025-08-08 02:25:00,3368.4684,2794.2888,summer,day4
2025-08-08 02:30:00,3050.1252,2792.002,summer,day4
2025-08-08 02:35:00,2940.1956,2787.442,summer,day4
2025-08-08 02:40:00,3120.0227999999997,2731.4104,summer,day4
2025-08-08 02:45:00,4267.158,2721.632,summer,day4
2025-08-08 02:50:00,4474.515600000001,2720.2808,summer,day4
2025-08-08 02:55:00,3739.8084000000003,2708.8584,summer,day4
2025-08-08 03:00:00,5022.6144,2724.857,summer,day4
2025-08-08 03:05:00,4454.8908,2714.8638,summer,day4
2025-08-08 03:10:00,2717.2367999999997,2708.7788,summer,day4
2025-08-08 03:15:00,3616.4352,2704.8218,summer,day4
2025-08-08 03:20:00,5155.7544,2707.8252,summer,day4
2025-08-08 03:25:00,3559.5,2718.1099,summer,day4
2025-08-08 03:30:00,2605.1423999999997,2700.2915,summer,day4
2025-08-08 03:35:00,2508.5832,2691.7778,summer,day4
2025-08-08 03:40:00,2695.8588000000004,2697.5042,summer,day4
2025-08-08 03:45:00,2457.4272,2690.3162,summer,day4
2025-08-08 03:50:00,2337.6576,2688.5996,summer,day4
2025-08-08 03:55:00,2346.7884,2692.9863,summer,day4
2025-08-08 04:00:00,2334.5664,2673.9329,summer,day4
2025-08-08 04:05:00,2381.9700000000003,2671.7776,summer,day4
2025-08-08 04:10:00,2430.6504,2665.0813,summer,day4
2025-08-08 04:15:00,2522.2812,2650.454,summer,day4
2025-08-08 04:20:00,2233.764,2645.4626,summer,day4
2025-08-08 04:25:00,2555.6351999999997,2634.1826,summer,day4
2025-08-08 04:30:00,2582.2488000000003,2638.9114,summer,day4
2025-08-08 04:35:00,3999.4116000000004,2625.1045,summer,day4
2025-08-08 04:40:00,2532.3635999999997,2629.079,summer,day4
2025-08-08 04:45:00,2868.2604,2635.6453,summer,day4
2025-08-08 04:50:00,3039.5508,2613.9607,summer,day4
2025-08-08 04:55:00,2912.1144,2616.0962,summer,day4
2025-08-08 05:00:00,2723.4708,2619.0117,summer,day4
2025-08-08 05:05:00,2702.4924,2613.8022,summer,day4
2025-08-08 05:10:00,2537.0099999999998,2595.3777,summer,day4
2025-08-08 05:15:00,2216.7768,2579.6982,summer,day4
2025-08-08 05:20:00,2429.4576,2446.18,summer,day4
2025-08-08 05:25:00,2355.9864000000002,2413.3057,summer,day4
2025-08-08 05:30:00,2164.7628,2377.1802,summer,day4
2025-08-08 05:35:00,2109.3347999999996,2351.6836,summer,day4
2025-08-08 05:40:00,2062.8455999999996,2338.09,summer,day4
2025-08-08 05:45:00,2216.46,2327.333,summer,day4
2025-08-08 05:50:00,2434.5024,2324.9172,summer,day4
2025-08-08 05:55:00,2256.9624,2333.6777,summer,day4
2025-08-08 06:00:00,2086.1076000000003,2351.04,summer,day4
2025-08-08 06:05:00,2038.9080000000001,2357.15,summer,day4
2025-08-08 06:10:00,2045.8739999999998,2342.745,summer,day4
2025-08-08 06:15:00,2038.7652000000003,2361.313,summer,day4
2025-08-08 06:20:00,2295.6876,2376.0227,summer,day4
2025-08-08 06:25:00,2334.8376,2403.1309,summer,day4
2025-08-08 06:30:00,2314.3343999999997,2410.0073,summer,day4
2025-08-08 06:35:00,2259.6408,2446.0376,summer,day4
2025-08-08 06:40:00,2163.0119999999997,2611.2244,summer,day4
2025-08-08 06:45:00,2305.9932,2664.5981,summer,day4
2025-08-08 06:50:00,2580.3732,2707.5842,summer,day4
2025-08-08 06:55:00,2479.3308,2742.0674,summer,day4
2025-08-08 07:00:00,2469.1236,2761.3442,summer,day4
2025-08-08 07:05:00,2567.5296,2805.5933,summer,day4
2025-08-08 07:10:00,2516.7912,2837.043,summer,day4
2025-08-08 07:15:00,2933.8487999999998,2889.0566,summer,day4
2025-08-08 07:20:00,4157.588400000001,2952.3342,summer,day4
2025-08-08 07:25:00,3769.9464,3028.877,summer,day4
2025-08-08 07:30:00,3520.6008,3102.6282,summer,day4
2025-08-08 07:35:00,3993.84,3172.496,summer,day4
2025-08-08 07:40:00,3469.446,3258.7585,summer,day4
2025-08-08 07:45:00,3332.5608,3324.7625,summer,day4
2025-08-08 07:50:00,4370.982,3377.6228,summer,day4
2025-08-08 07:55:00,5928.4632,3459.6992,summer,day4
2025-08-08 08:00:00,6051.9216,3482.6208,summer,day4
2025-08-08 08:05:00,7442.5740000000005,3524.9824,summer,day4
2025-08-08 08:10:00,6914.742,3551.3398,summer,day4
2025-08-08 08:15:00,4370.236800000001,3590.942,summer,day4
2025-08-08 08:20:00,3859.41,3610.1177,summer,day4
2025-08-08 08:25:00,3873.5616,3645.5708,summer,day4
2025-08-08 08:30:00,3982.8959999999997,3668.315,summer,day4
2025-08-08 08:35:00,4137.0887999999995,3708.8438,summer,day4
2025-08-08 08:40:00,4582.818,3752.179,summer,day4
2025-08-08 08:45:00,4052.8572,3793.7922,summer,day4
2025-08-08 08:50:00,3729.6876,3811.7502,summer,day4
2025-08-08 08:55:00,3790.8612000000003,3847.061,summer,day4
2025-08-08 09:00:00,3798.4464,3854.8083,summer,day4
2025-08-08 09:05:00,5274.7428,3886.1199,summer,day4
2025-08-08 09:10:00,4159.0452000000005,3918.391,summer,day4
2025-08-08 09:15:00,4181.5740000000005,3937.6567,summer,day4
2025-08-08 09:20:00,5541.3996,3999.717,summer,day4
2025-08-08 09:25:00,4343.9496,4019.2937,summer,day4
2025-08-08 09:30:00,5387.140799999999,4032.6274,summer,day4
2025-08-08 09:35:00,4316.7192,4021.6624,summer,day4
2025-08-08 09:40:00,4500.069600000001,4031.4045,summer,day4
2025-08-08 09:45:00,4473.2916,4047.6748,summer,day4
2025-08-08 09:50:00,6840.2064,4042.1147,summer,day4
2025-08-08 09:55:00,5347.7736,4047.3445,summer,day4
2025-08-08 10:00:00,4514.2572,4060.2725,summer,day4
2025-08-08 10:05:00,5084.0124,4065.5386,summer,day4
2025-08-08 10:10:00,5008.0896,4068.3748,summer,day4
2025-08-08 10:15:00,4081.65,4067.9607,summer,day4
2025-08-08 10:20:00,4155.3396,4062.267,summer,day4
2025-08-08 10:25:00,4868.2476,4070.8774,summer,day4
2025-08-08 10:30:00,5180.252399999999,4075.615,summer,day4
2025-08-08 10:35:00,4211.556,4073.7402,summer,day4
2025-08-08 10:40:00,4728.6048,4131.1143,summer,day4
2025-08-08 10:45:00,4576.3128,4155.9146,summer,day4
2025-08-08 10:50:00,4665.6708,4143.2524,summer,day4
2025-08-08 10:55:00,3503.478,4127.0254,summer,day4
2025-08-08 11:00:00,3574.1040000000003,4137.6323,summer,day4
2025-08-08 11:05:00,3782.2296,4143.9336,summer,day4
2025-08-08 11:10:00,5051.9436000000005,4136.025,summer,day4
2025-08-08 11:15:00,4720.2924,4123.509,summer,day4
2025-08-08 11:20:00,5171.43,4124.7153,summer,day4
2025-08-08 11:25:00,5189.8332,4122.8877,summer,day4
2025-08-08 11:30:00,6781.4364000000005,4112.717,summer,day4
2025-08-08 11:35:00,5262.777599999999,4109.9253,summer,day4
2025-08-08 11:40:00,5481.5484,4113.926,summer,day4
2025-08-08 11:45:00,4569.4092,4126.3423,summer,day4
2025-08-08 11:50:00,2638.8288000000002,4119.9404,summer,day4
2025-08-08 11:55:00,2600.8296,4116.5117,summer,day4
2025-08-08 12:00:00,2749.0620000000004,4186.783,summer,day4
2025-08-08 12:05:00,3770.9472,4199.8916,summer,day4
2025-08-08 12:10:00,4299.8112,4180.24,summer,day4
2025-08-08 12:15:00,4665.4152,4158.077,summer,day4
2025-08-08 12:20:00,2908.5612,4168.217,summer,day4
2025-08-08 12:25:00,2706.7356,4155.119,summer,day4
2025-08-08 12:30:00,2959.0415999999996,4153.2266,summer,day4
2025-08-08 12:35:00,2706.6168000000002,4138.2163,summer,day4
2025-08-08 12:40:00,2692.866,4146.546,summer,day4
2025-08-08 12:45:00,2798.7972,4153.301,summer,day4
2025-08-08 12:50:00,2721.0768,4148.6206,summer,day4
2025-08-08 12:55:00,3447.0324,4152.2803,summer,day4
2025-08-08 13:00:00,3030.2988,4151.54,summer,day4
2025-08-08 13:05:00,3751.1796000000004,4163.0107,summer,day4
2025-08-08 13:10:00,4783.0992,4164.8105,summer,day4
2025-08-08 13:15:00,7185.755999999999,4161.1826,summer,day4
2025-08-08 13:20:00,5689.8216,4241.6733,summer,day4
2025-08-08 13:25:00,5006.1312,4253.5537,summer,day4
2025-08-08 13:30:00,3681.2316,4232.931,summer,day4
2025-08-08 13:35:00,3398.9496,4213.1143,summer,day4
2025-08-08 13:40:00,4802.8212,4224.5024,summer,day4
2025-08-08 13:45:00,3532.0811999999996,4217.25,summer,day4
2025-08-08 13:50:00,5046.8928,4210.1353,summer,day4
2025-08-08 13:55:00,3782.6591999999996,4200.3765,summer,day4
2025-08-08 14:00:00,5003.0352,4198.142,summer,day4
2025-08-08 14:05:00,4340.454,4200.783,summer,day4
2025-08-08 14:10:00,4120.7292,4196.228,summer,day4
2025-08-08 14:15:00,3413.1551999999997,4192.3438,summer,day4
2025-08-08 14:20:00,3355.8695999999995,4198.305,summer,day4
2025-08-08 14:25:00,3638.7228000000005,4205.3916,summer,day4
2025-08-08 14:30:00,4723.7112,4204.126,summer,day4
2025-08-08 14:35:00,5800.7076,4206.2104,summer,day4
2025-08-08 14:40:00,4699.6812,4252.9707,summer,day4
2025-08-08 14:45:00,4796.1576000000005,4276.9956,summer,day4
2025-08-08 14:50:00,4215.8184,4259.3374,summer,day4
2025-08-08 14:55:00,3505.9067999999997,4244.1587,summer,day4
2025-08-08 15:00:00,3366.9396,4258.0938,summer,day4
2025-08-08 15:05:00,2607.7943999999998,4248.746,summer,day4
2025-08-08 15:10:00,2683.9067999999997,4236.485,summer,day4
2025-08-08 15:15:00,3289.518,4211.671,summer,day4
2025-08-08 15:20:00,3239.2763999999997,4210.575,summer,day4
2025-08-08 15:25:00,3709.536,4206.1978,summer,day4
2025-08-08 15:30:00,3970.7555999999995,4191.518,summer,day4
2025-08-08 15:35:00,3985.5864,4181.073,summer,day4
2025-08-08 15:40:00,4568.6796,4175.6704,summer,day4
2025-08-08 15:45:00,3415.3487999999998,4181.0537,summer,day4
2025-08-08 15:50:00,4920.3684,4165.8193,summer,day4
2025-08-08 15:55:00,3361.9080000000004,4164.885,summer,day4
2025-08-08 16:00:00,3421.9584000000004,4196.44,summer,day4
2025-08-08 16:05:00,3696.834,4209.3105,summer,day4
2025-08-08 16:10:00,4050.3455999999996,4177.415,summer,day4
2025-08-08 16:15:00,4786.476000000001,4140.509,summer,day4
2025-08-08 16:20:00,5060.3364,4131.1147,summer,day4
2025-08-08 16:25:00,3897.1176,4108.4224,summer,day4
2025-08-08 16:30:00,4117.412399999999,4100.5874,summer,day4
2025-08-08 16:35:00,3502.3224,4075.9534,summer,day4
2025-08-08 16:40:00,3515.2404,4076.0137,summer,day4
2025-08-08 16:45:00,4857.1788,4073.3835,summer,day4
2025-08-08 16:50:00,4484.3351999999995,4048.9902,summer,day4
2025-08-08 16:55:00,3655.2156000000004,4037.0515,summer,day4
2025-08-08 17:00:00,3561.2088000000003,4013.691,summer,day4
2025-08-08 17:05:00,3523.1760000000004,4025.1404,summer,day4
2025-08-08 17:10:00,3922.7532,4001.248,summer,day4
2025-08-08 17:15:00,4652.664,3982.3918,summer,day4
2025-08-08 17:20:00,4405.8264,3922.8252,summer,day4
2025-08-08 17:25:00,4178.4924,3926.8232,summer,day4
2025-08-08 17:30:00,5473.3824,3902.0337,summer,day4
2025-08-08 17:35:00,3859.8455999999996,3860.3984,summer,day4
2025-08-08 17:40:00,3788.3196000000003,3851.162,summer,day4
2025-08-08 17:45:00,4298.9592,3837.6753,summer,day4
2025-08-08 17:50:00,3523.536,3817.7483,summer,day4
2025-08-08 17:55:00,3408.1704,3802.3447,summer,day4
2025-08-08 18:00:00,3892.5996,3803.541,summer,day4
2025-08-08 18:05:00,5197.6044,3811.127,summer,day4
2025-08-08 18:10:00,4862.986800000001,3780.5703,summer,day4
2025-08-08 18:15:00,3944.046,3754.9365,summer,day4
2025-08-08 18:20:00,3285.3455999999996,3751.8674,summer,day4
2025-08-08 18:25:00,2748.4847999999997,3745.0222,summer,day4
2025-08-08 18:30:00,2445.9864000000002,3729.9402,summer,day4
2025-08-08 18:35:00,2176.9584000000004,3717.5085,summer,day4
2025-08-08 18:40:00,2878.4148,3725.5125,summer,day4
2025-08-08 18:45:00,2829.4811999999997,3724.429,summer,day4
2025-08-08 18:50:00,2444.1924,3703.1235,summer,day4
2025-08-08 18:55:00,2611.938,3691.4402,summer,day4
2025-08-08 19:00:00,3374.5512000000003,3678.3137,summer,day4
2025-08-08 19:05:00,2960.0088000000005,3662.4497,summer,day4
2025-08-08 19:10:00,4092.1416,3641.3906,summer,day4
2025-08-08 19:15:00,4772.0532,3626.162,summer,day4
2025-08-08 19:20:00,2430.786,3617.1787,summer,day4
2025-08-08 19:25:00,2479.8048,3629.8447,summer,day4
2025-08-08 19:30:00,2630.2752,3610.4116,summer,day4
2025-08-08 19:35:00,2845.0608,3585.0913,summer,day4
2025-08-08 19:40:00,2938.3392,3589.2874,summer,day4
2025-08-08 19:45:00,2988.6756,3577.9836,summer,day4
2025-08-08 19:50:00,4017.8328,3576.107,summer,day4
2025-08-08 19:55:00,2619.2712,3575.5894,summer,day4
2025-08-08 20:00:00,2265.0191999999997,3626.1833,summer,day4
2025-08-08 20:05:00,2141.1264,3617.0566,summer,day4
2025-08-08 20:10:00,2102.7912,3591.436,summer,day4
2025-08-08 20:15:00,2098.248,3565.458,summer,day4
2025-08-08 20:20:00,2046.3192,3552.6108,summer,day4
2025-08-08 20:25:00,2141.1876,3538.1355,summer,day4
2025-08-08 20:30:00,2322.7776,3523.5366,summer,day4
2025-08-08 20:35:00,2007.8604,3506.9067,summer,day4
2025-08-08 20:40:00,2347.452,3514.3591,summer,day4
2025-08-08 20:45:00,2397.0984,3537.9587,summer,day4
2025-08-08 20:50:00,2293.8131999999996,3513.1719,summer,day4
2025-08-08 20:55:00,2290.6295999999998,3493.5938,summer,day4
2025-08-08 21:00:00,2288.046,3505.4617,summer,day4
2025-08-08 21:05:00,2324.6964,3489.4448,summer,day4
2025-08-08 21:10:00,2523.294,3475.362,summer,day4
2025-08-08 21:15:00,2329.0008000000003,3450.9988,summer,day4
2025-08-08 21:20:00,2381.2511999999997,3395.8289,summer,day4
2025-08-08 21:25:00,2403.864,3348.9646,summer,day4
2025-08-08 21:30:00,2394.0804,3323.7996,summer,day4
2025-08-08 21:35:00,2208.7619999999997,3278.9993,summer,day4
2025-08-08 21:40:00,2059.0595999999996,3264.1516,summer,day4
2025-08-08 21:45:00,2403.7248,3259.1768,summer,day4
2025-08-08 21:50:00,2643.1368,3241.9,summer,day4
2025-08-08 21:55:00,2519.4636,3224.7324,summer,day4
2025-08-08 22:00:00,2748.9156000000003,3210.8623,summer,day4
2025-08-08 22:05:00,2819.1731999999997,3205.4146,summer,day4
2025-08-08 22:10:00,2797.3787999999995,3177.1577,summer,day4
2025-08-08 22:15:00,2728.8216,3166.786,summer,day4
2025-08-08 22:20:00,2633.6316,3155.8362,summer,day4
2025-08-08 22:25:00,2613.8088,3150.4062,summer,day4
2025-08-08 22:30:00,2962.7928,3135.9485,summer,day4
2025-08-08 22:35:00,2505.8232,3105.7275,summer,day4
2025-08-08 22:40:00,2656.6367999999998,2972.124,summer,day4
2025-08-08 22:45:00,2846.6796,2956.7437,summer,day4
2025-08-08 22:50:00,2746.4292,2939.7073,summer,day4
2025-08-08 22:55:00,2563.2732,2934.3145,summer,day4
2025-08-08 23:00:00,2549.2188,2930.796,summer,day4
2025-08-08 23:05:00,2521.6368,2925.6392,summer,day4
2025-08-08 23:10:00,2702.8176,2910.1938,summer,day4
2025-08-08 23:15:00,2504.3064,2898.4907,summer,day4
2025-08-08 23:20:00,2510.2596000000003,2881.6316,summer,day4
2025-08-08 23:25:00,2516.4468,2879.7756,summer,day4
2025-08-08 23:30:00,2216.4096,2863.3364,summer,day4
2025-08-08 23:35:00,2404.7748,2852.3384,summer,day4
2025-08-08 23:40:00,2587.326,2856.3398,summer,day4
2025-08-08 23:45:00,2509.5348,2837.5732,summer,day4
2025-08-08 23:50:00,2691.5496000000003,2825.5627,summer,day4
2025-08-08 23:55:00,2451.072,2816.5583,summer,day4
2025-08-31 00:00:00,2182.0248,2394.3857,summer,day5
2025-08-31 00:05:00,2171.3016,2398.6602,summer,day5
2025-08-31 00:10:00,2179.698,2409.4219,summer,day5
2025-08-31 00:15:00,2367.0263999999997,2413.185,summer,day5
2025-08-31 00:20:00,2488.9332,2411.88,summer,day5
2025-08-31 00:25:00,2413.3188,2414.8276,summer,day5
2025-08-31 00:30:00,2379.0276,2421.946,summer,day5
2025-08-31 00:35:00,2326.3428,2416.0186,summer,day5
2025-08-31 00:40:00,2281.1736,2414.6477,summer,day5
2025-08-31 00:45:00,2240.9832,2429.372,summer,day5
2025-08-31 00:50:00,2339.43,2413.5742,summer,day5
2025-08-31 00:55:00,2428.9248,2414.5547,summer,day5
2025-08-31 01:00:00,2334.294,2412.0005,summer,day5
2025-08-31 01:05:00,2190.9312,2412.1687,summer,day5
2025-08-31 01:10:00,2169.1596,2408.7112,summer,day5
2025-08-31 01:15:00,2111.2547999999997,2413.2957,summer,day5
2025-08-31 01:20:00,2149.638,2404.5771,summer,day5
2025-08-31 01:25:00,2269.2131999999997,2407.5962,summer,day5
2025-08-31 01:30:00,2388.1440000000002,2410.093,summer,day5
2025-08-31 01:35:00,2309.5524,2413.045,summer,day5
2025-08-31 01:40:00,2106.84,2406.4854,summer,day5
2025-08-31 01:45:00,2144.9196,2409.9915,summer,day5
2025-08-31 01:50:00,2150.5368000000003,2416.5732,summer,day5
2025-08-31 01:55:00,2092.8300000000004,2411.4512,summer,day5
2025-08-31 02:00:00,2155.7448,2412.9385,summer,day5
2025-08-31 02:05:00,2274.1344,2425.4556,summer,day5
2025-08-31 02:10:00,2262.8508,2412.584,summer,day5
2025-08-31 02:15:00,2125.1784,2415.3127,summer,day5
2025-08-31 02:20:00,2130.1404,2418.525,summer,day5
2025-08-31 02:25:00,2179.1448,2420.1252,summer,day5
2025-08-31 02:30:00,2169.3563999999997,2420.1333,summer,day5
2025-08-31 02:35:00,2281.506,2427.7375,summer,day5
2025-08-31 02:40:00,2460.4584,2437.2725,summer,day5
2025-08-31 02:45:00,2300.6772,2442.6619,summer,day5
2025-08-31 02:50:00,2135.4096,2449.4343,summer,day5
2025-08-31 02:55:00,2109.5292,2452.8643,summer,day5
2025-08-31 03:00:00,2105.1396,2449.138,summer,day5
2025-08-31 03:05:00,2159.7383999999997,2457.8135,summer,day5
2025-08-31 03:10:00,2250.6012,2465.5872,summer,day5
2025-08-31 03:15:00,2335.6188,2460.2847,summer,day5
2025-08-31 03:20:00,2230.9847999999997,2458.8687,summer,day5
2025-08-31 03:25:00,2123.4684,2475.6003,summer,day5
2025-08-31 03:30:00,2129.9424,2466.9585,summer,day5
2025-08-31 03:35:00,2201.3148,2473.2388,summer,day5
2025-08-31 03:40:00,2191.3212,2475.5837,summer,day5
2025-08-31 03:45:00,2239.4388,2475.3188,summer,day5
2025-08-31 03:50:00,2352.6924,2472.5122,summer,day5
2025-08-31 03:55:00,2211.0936,2478.2637,summer,day5
2025-08-31 04:00:00,2164.3068,2471.207,summer,day5
2025-08-31 04:05:00,2287.62,2476.251,summer,day5
2025-08-31 04:10:00,2700.0996,2477.9229,summer,day5
2025-08-31 04:15:00,2477.7419999999997,2472.7578,summer,day5
2025-08-31 04:20:00,2596.2275999999997,2467.8843,summer,day5
2025-08-31 04:25:00,2646.3095999999996,2469.5706,summer,day5
2025-08-31 04:30:00,2636.9880000000003,2473.6348,summer,day5
2025-08-31 04:35:00,2435.2727999999997,2460.1682,summer,day5
2025-08-31 04:40:00,2260.7400000000002,2461.8657,summer,day5
2025-08-31 04:45:00,2271.9948,2470.9028,summer,day5
2025-08-31 04:50:00,2605.2828,2454.5645,summer,day5
2025-08-31 04:55:00,2715.6156,2456.1626,summer,day5
2025-08-31 05:00:00,2876.3772,2452.1772,summer,day5
2025-08-31 05:05:00,2702.5811999999996,2447.939,summer,day5
2025-08-31 05:10:00,2473.926,2436.89,summer,day5
2025-08-31 05:15:00,2450.0244,2442.0632,summer,day5
2025-08-31 05:20:00,2296.3368,2368.833,summer,day5
2025-08-31 05:25:00,2158.2192000000005,2363.779,summer,day5
2025-08-31 05:30:00,2101.218,2356.4875,summer,day5
2025-08-31 05:35:00,2207.7648,2342.8303,summer,day5
2025-08-31 05:40:00,2161.4616,2319.5398,summer,day5
2025-08-31 05:45:00,2376.87,2294.9775,summer,day5
2025-08-31 05:50:00,2385.6744,2286.489,summer,day5
2025-08-31 05:55:00,2232.6072,2267.515,summer,day5
2025-08-31 06:00:00,2064.4416,2256.2349,summer,day5
2025-08-31 06:05:00,2381.2632000000003,2243.475,summer,day5
2025-08-31 06:10:00,2458.8036,2224.563,summer,day5
2025-08-31 06:15:00,2302.2167999999997,2218.4382,summer,day5
2025-08-31 06:20:00,2281.3416,2218.889,summer,day5
2025-08-31 06:25:00,2290.0896000000002,2223.439,summer,day5
2025-08-31 06:30:00,2123.9892,2223.203,summer,day5
2025-08-31 06:35:00,2123.946,2245.244,summer,day5
2025-08-31 06:40:00,2096.8224,2270.8545,summer,day5
2025-08-31 06:45:00,1990.8756,2283.8997,summer,day5
2025-08-31 06:50:00,1907.2992,2316.1877,summer,day5
2025-08-31 06:55:00,1924.4784,2317.9067,summer,day5
2025-08-31 07:00:00,1899.3,2347.1274,summer,day5
2025-08-31 07:05:00,1934.532,2386.4053,summer,day5
2025-08-31 07:10:00,2058.1404,2485.023,summer,day5
2025-08-31 07:15:00,2033.2908,2630.9888,summer,day5
2025-08-31 07:20:00,1949.8044000000002,2763.8352,summer,day5
2025-08-31 07:25:00,1825.3044000000002,2849.4197,summer,day5
2025-08-31 07:30:00,1910.9268,2979.521,summer,day5
2025-08-31 07:35:00,2020.998,3136.986,summer,day5
2025-08-31 07:40:00,2011.0392,3245.0156,summer,day5
2025-08-31 07:45:00,2001.1487999999997,3275.8342,summer,day5
2025-08-31 07:50:00,2134.5996,3270.6265,summer,day5
2025-08-31 07:55:00,2044.752,3238.1943,summer,day5
2025-08-31 08:00:00,1855.0716,3220.68,summer,day5
2025-08-31 08:05:00,1842.3108,3238.0051,summer,day5
2025-08-31 08:10:00,1864.1748,3264.8496,summer,day5
2025-08-31 08:15:00,1817.7900000000002,3290.3154,summer,day5
2025-08-31 08:20:00,1829.7252,3310.274,summer,day5
2025-08-31 08:25:00,2058.3815999999997,3340.8276,summer,day5
2025-08-31 08:30:00,2041.7628,3365.546,summer,day5
2025-08-31 08:35:00,1887.4584,3378.1,summer,day5
2025-08-31 08:40:00,1857.786,3397.8513,summer,day5
2025-08-31 08:45:00,1862.8727999999999,3430.3296,summer,day5
2025-08-31 08:50:00,1895.7408,3437.1106,summer,day5
2025-08-31 08:55:00,1874.7972000000002,3462.5493,summer,day5
2025-08-31 09:00:00,2894.6099999999997,3465.9312,summer,day5
2025-08-31 09:05:00,4606.0332,3490.2698,summer,day5
2025-08-31 09:10:00,4738.5612,3505.8447,summer,day5
2025-08-31 09:15:00,4384.8336,3519.0835,summer,day5
2025-08-31 09:20:00,2424.528,3537.8257,summer,day5
2025-08-31 09:25:00,2227.5624,3533.071,summer,day5
2025-08-31 09:30:00,2263.3368,3553.8445,summer,day5
2025-08-31 09:35:00,2350.8504000000003,3554.9363,summer,day5
2025-08-31 09:40:00,2626.5012,3559.7793,summer,day5
2025-08-31 09:45:00,1964.9772,3564.2358,summer,day5
2025-08-31 09:50:00,1971.7044,3574.7705,summer,day5
2025-08-31 09:55:00,2005.4256,3577.0452,summer,day5
2025-08-31 10:00:00,2067.1572,3591.323,summer,day5
2025-08-31 10:05:00,2244.852,3601.2134,summer,day5
2025-08-31 10:10:00,3416.1023999999998,3597.171,summer,day5
2025-08-31 10:15:00,3862.4364,3596.1868,summer,day5
2025-08-31 10:20:00,3836.4936000000002,3592.1433,summer,day5
2025-08-31 10:25:00,3223.632,3600.0518,summer,day5
2025-08-31 10:30:00,2984.226,3603.9016,summer,day5
2025-08-31 10:35:00,2255.4672,3617.1343,summer,day5
2025-08-31 10:40:00,3035.508,3599.6824,summer,day5
2025-08-31 10:45:00,3573.0192,3614.684,summer,day5
2025-08-31 10:50:00,3498.6192,3624.918,summer,day5
2025-08-31 10:55:00,2997.8003999999996,3617.143,summer,day5
2025-08-31 11:00:00,2643.792,3629.2405,summer,day5
2025-08-31 11:05:00,3442.1771999999996,3631.0652,summer,day5
2025-08-31 11:10:00,2188.5804,3631.6277,summer,day5
2025-08-31 11:15:00,2405.3496,3621.748,summer,day5
2025-08-31 11:20:00,2584.6979999999994,3631.2036,summer,day5
2025-08-31 11:25:00,2462.0099999999998,3635.7124,summer,day5
2025-08-31 11:30:00,2161.662,3630.6748,summer,day5
2025-08-31 11:35:00,2140.29,3625.9873,summer,day5
2025-08-31 11:40:00,2179.4292,3628.2456,summer,day5
2025-08-31 11:45:00,2256.7428,3628.7861,summer,day5
2025-08-31 11:50:00,2426.5632,3622.333,summer,day5
2025-08-31 11:55:00,2053.9788,3615.7659,summer,day5
2025-08-31 12:00:00,2084.1984,3592.8977,summer,day5
2025-08-31 12:05:00,2074.7232,3602.6719,summer,day5
2025-08-31 12:10:00,2848.9848,3596.7664,summer,day5
2025-08-31 12:15:00,3339.7188,3574.7876,summer,day5
2025-08-31 12:20:00,2250.9828,3574.8896,summer,day5
2025-08-31 12:25:00,2207.862,3565.5806,summer,day5
2025-08-31 12:30:00,2535.6792,3568.06,summer,day5
2025-08-31 12:35:00,2224.3764,3551.5679,summer,day5
2025-08-31 12:40:00,2402.472,3557.8347,summer,day5
2025-08-31 12:45:00,2056.6992,3556.277,summer,day5
2025-08-31 12:50:00,1929.1284,3535.3281,summer,day5
2025-08-31 12:55:00,2071.3872,3530.996,summer,day5
2025-08-31 13:00:00,2795.3724,3526.338,summer,day5
2025-08-31 13:05:00,3846.1284,3536.5347,summer,day5
2025-08-31 13:10:00,5238.2124,3522.192,summer,day5
2025-08-31 13:15:00,4509.752399999999,3510.3325,summer,day5
2025-08-31 13:20:00,4622.245199999999,3416.7603,summer,day5
2025-08-31 13:25:00,4373.318399999999,3399.808,summer,day5
2025-08-31 13:30:00,4350.6972000000005,3405.5557,summer,day5
2025-08-31 13:35:00,5883.780000000001,3405.8425,summer,day5
2025-08-31 13:40:00,4219.455599999999,3383.4263,summer,day5
2025-08-31 13:45:00,4279.3428,3372.027,summer,day5
2025-08-31 13:50:00,4733.3724,3374.8904,summer,day5
2025-08-31 13:55:00,4474.8588,3366.1929,summer,day5
2025-08-31 14:00:00,4857.1776,3364.5771,summer,day5
2025-08-31 14:05:00,4142.4324,3381.8184,summer,day5
2025-08-31 14:10:00,5776.6992,3361.6057,summer,day5
2025-08-31 14:15:00,4289.4924,3358.722,summer,day5
2025-08-31 14:20:00,4750.2924,3352.8918,summer,day5
2025-08-31 14:25:00,4333.697999999999,3354.2625,summer,day5
2025-08-31 14:30:00,4190.0592,3352.165,summer,day5
2025-08-31 14:35:00,5073.8844,3362.3547,summer,day5
2025-08-31 14:40:00,4693.2372000000005,3360.2905,summer,day5
2025-08-31 14:45:00,5723.7504,3366.6868,summer,day5
2025-08-31 14:50:00,6133.338000000001,3376.7397,summer,day5
2025-08-31 14:55:00,4434.3192,3379.181,summer,day5
2025-08-31 15:00:00,4249.2936,3379.2395,summer,day5
2025-08-31 15:05:00,4138.8612,3382.8977,summer,day5
2025-08-31 15:10:00,5869.584,3393.0945,summer,day5
2025-08-31 15:15:00,4105.4856,3385.7166,summer,day5
2025-08-31 15:20:00,4772.3135999999995,3394.4402,summer,day5
2025-08-31 15:25:00,7226.844,3413.0938,summer,day5
2025-08-31 15:30:00,4697.1396,3402.0562,summer,day5
2025-08-31 15:35:00,4431.940799999999,3407.2756,summer,day5
2025-08-31 15:40:00,4453.8396,3405.1545,summer,day5
2025-08-31 15:45:00,4339.2372000000005,3422.0525,summer,day5
2025-08-31 15:50:00,4215.6876,3414.854,summer,day5
2025-08-31 15:55:00,4487.0496,3418.589,summer,day5
2025-08-31 16:00:00,4655.004,3419.8606,summer,day5
2025-08-31 16:05:00,6531.1428,3421.3206,summer,day5
2025-08-31 16:10:00,5223.3948,3430.2703,summer,day5
2025-08-31 16:15:00,5174.808,3425.7852,summer,day5
2025-08-31 16:20:00,5001.606,3433.738,summer,day5
2025-08-31 16:25:00,8077.4352,3448.3994,summer,day5
2025-08-31 16:30:00,7781.7588000000005,3463.5767,summer,day5
2025-08-31 16:35:00,6015.5844,3454.4287,summer,day5
2025-08-31 16:40:00,5052.6924,3473.5266,summer,day5
2025-08-31 16:45:00,4952.0976,3488.1216,summer,day5
2025-08-31 16:50:00,5160.8196,3477.5085,summer,day5
2025-08-31 16:55:00,6077.4324,3483.9912,summer,day5
2025-08-31 17:00:00,8012.6352,3484.171,summer,day5
2025-08-31 17:05:00,6954.955199999999,3496.3271,summer,day5
2025-08-31 17:10:00,6484.3824,3490.749,summer,day5
2025-08-31 17:15:00,6229.974,3491.237,summer,day5
2025-08-31 17:20:00,6230.1012,3498.8342,summer,day5
2025-08-31 17:25:00,6915.224400000001,3500.59,summer,day5
2025-08-31 17:30:00,6302.778,3518.0588,summer,day5
2025-08-31 17:35:00,6173.4144,3516.0688,summer,day5
2025-08-31 17:40:00,6153.0216,3519.1501,summer,day5
2025-08-31 17:45:00,6950.794800000001,3523.5745,summer,day5
2025-08-31 17:50:00,7280.1576000000005,3533.7378,summer,day5
2025-08-31 17:55:00,6939.375599999999,3531.003,summer,day5
2025-08-31 18:00:00,6380.1323999999995,3552.641,summer,day5
2025-08-31 18:05:00,6515.6424,3559.943,summer,day5
2025-08-31 18:10:00,4805.9256000000005,3553.343,summer,day5
2025-08-31 18:15:00,4628.286,3557.6707,summer,day5
2025-08-31 18:20:00,4889.294400000001,3563.408,summer,day5
2025-08-31 18:25:00,4872.770399999999,3566.9915,summer,day5
2025-08-31 18:30:00,3872.9748,3567.2583,summer,day5
2025-08-31 18:35:00,3762.5663999999997,3579.6091,summer,day5
2025-08-31 18:40:00,3813.8604,3593.4116,summer,day5
2025-08-31 18:45:00,3833.7264000000005,3599.019,summer,day5
2025-08-31 18:50:00,3909.7284,3618.0762,summer,day5
2025-08-31 18:55:00,3944.4888,3608.6228,summer,day5
2025-08-31 19:00:00,5147.4612,3613.4922,summer,day5
2025-08-31 19:05:00,4844.462399999999,3616.188,summer,day5
2025-08-31 19:10:00,4242.972,3620.2544,summer,day5
2025-08-31 19:15:00,3783.0204,3611.393,summer,day5
2025-08-31 19:20:00,3764.4767999999995,3621.0957,summer,day5
2025-08-31 19:25:00,3732.8520000000003,3620.611,summer,day5
2025-08-31 19:30:00,3727.3704,3613.7961,summer,day5
2025-08-31 19:35:00,3835.8479999999995,3607.7773,summer,day5
2025-08-31 19:40:00,4004.9688,3604.5088,summer,day5
2025-08-31 19:45:00,3859.8516000000004,3601.9294,summer,day5
2025-08-31 19:50:00,4215.4056,3583.9534,summer,day5
2025-08-31 19:55:00,4371.5676,3580.2827,summer,day5
2025-08-31 20:00:00,4049.5752,3501.7546,summer,day5
2025-08-31 20:05:00,4192.674,3503.0032,summer,day5
2025-08-31 20:10:00,4126.7604,3486.49,summer,day5
2025-08-31 20:15:00,4924.669199999999,3458.175,summer,day5
2025-08-31 20:20:00,4501.0968,3433.0854,summer,day5
2025-08-31 20:25:00,4050.282,3409.6426,summer,day5
2025-08-31 20:30:00,3954.6612,3384.8706,summer,day5
2025-08-31 20:35:00,5177.9832,3353.4604,summer,day5
2025-08-31 20:40:00,6023.2248,3324.5874,summer,day5
2025-08-31 20:45:00,4444.468800000001,3319.4272,summer,day5
2025-08-31 20:50:00,4218.8928,3274.5251,summer,day5
2025-08-31 20:55:00,5574.2136,3237.1262,summer,day5
2025-08-31 21:00:00,4219.7784,3206.9263,summer,day5
2025-08-31 21:05:00,3663.756,3157.2273,summer,day5
2025-08-31 21:10:00,3199.6356,3114.6965,summer,day5
2025-08-31 21:15:00,3130.2432,3079.1165,summer,day5
2025-08-31 21:20:00,3049.0476,2869.4858,summer,day5
2025-08-31 21:25:00,3273.9696,2823.719,summer,day5
2025-08-31 21:30:00,3364.7028,2808.2183,summer,day5
2025-08-31 21:35:00,3176.8272,2770.752,summer,day5
2025-08-31 21:40:00,3206.7576,2715.7222,summer,day5
2025-08-31 21:45:00,3216.1848,2669.8975,summer,day5
2025-08-31 21:50:00,3184.5828,2629.5186,summer,day5
2025-08-31 21:55:00,3230.1228,2608.7705,summer,day5
2025-08-31 22:00:00,3364.3284,2595.601,summer,day5
2025-08-31 22:05:00,3308.3316,2580.6665,summer,day5
2025-08-31 22:10:00,3490.9008000000003,2559.5366,summer,day5
2025-08-31 22:15:00,3602.454,2564.0037,summer,day5
2025-08-31 22:20:00,3511.1316000000006,2553.3755,summer,day5
2025-08-31 22:25:00,3519.972,2540.0881,summer,day5
2025-08-31 22:30:00,3696.5627999999997,2522.1003,summer,day5
2025-08-31 22:35:00,3609.7224,2524.329,summer,day5
2025-08-31 22:40:00,3199.3379999999997,2546.9617,summer,day5
2025-08-31 22:45:00,2989.5996,2550.045,summer,day5
2025-08-31 22:50:00,3265.2072,2550.213,summer,day5
2025-08-31 22:55:00,3382.1027999999997,2549.6956,summer,day5
2025-08-31 23:00:00,3412.0392,2543.5935,summer,day5
2025-08-31 23:05:00,3385.3644,2543.2507,summer,day5
2025-08-31 23:10:00,3303.9276,2550.6753,summer,day5
2025-08-31 23:15:00,3277.4028,2539.6697,summer,day5
2025-08-31 23:20:00,3480.042,2541.1243,summer,day5
2025-08-31 23:25:00,3273.5628,2550.2175,summer,day5
2025-08-31 23:30:00,3248.9136,2541.94,summer,day5
2025-08-31 23:35:00,3623.5368000000003,2551.3403,summer,day5
2025-08-31 23:40:00,3674.1804,2554.8113,summer,day5
2025-08-31 23:45:00,3651.9276,2555.1965,summer,day5
2025-08-31 23:50:00,3458.1588,2548.56,summer,day5
2025-08-31 23:55:00,3396.2532,2551.5137,summer,day5
